PeriodeDate,PortefeuilleID,Rendement_pct,Benchmark_pct,Alpha_pct,Volatilite_pct,RatioSharpe,MaxDrawdown_pct,ValeurPortefeuille_EUR,FluxNets_EUR,RendementCumule_pct
2022-01-31,PF00070,8.4,5.02,3.38,8.95,0.9385,-8.85,237683.88,83381.48,68.1532
2022-01-31,PF00017,7.46,8.77,-1.31,5.83,1.2796,-12.03,1326763.6,73673.22,53.0034
2022-01-31,PF00126,-7.1,3.26,-10.36,16.73,-0.4244,-8.5,980006.39,74582.81,35.8458
2022-01-31,PF00053,-3.64,-3.01,-0.63,4.0,-0.91,-14.73,458060.04,78718.82,13.689
2022-01-31,PF00072,4.29,1.61,2.68,11.75,0.3651,-2.44,748163.97,-1832.05,-2.6732
2022-01-31,PF00135,3.77,6.15,-2.38,8.75,0.4309,-12.88,1827385.79,-45827.48,-11.9552
2022-01-31,PF00101,4.67,-3.74,8.41,8.56,0.5456,-0.93,967708.37,-36690.31,7.6212
2022-01-31,PF00009,11.75,-1.06,12.81,2.44,4.8156,-9.09,1378117.37,76853.72,44.8584
2022-01-31,PF00116,-6.8,1.55,-8.35,10.19,-0.6673,-1.7,1142166.8,45284.8,9.3815
2022-01-31,PF00023,5.83,-1.55,7.38,16.07,0.3628,-14.17,1826606.92,-31942.76,31.6063
2022-01-31,PF00117,8.39,3.24,5.15,4.31,1.9466,-8.64,1784709.92,65099.32,68.1311
2022-01-31,PF00125,8.24,-2.35,10.59,15.36,0.5365,-0.36,768651.94,-12216.01,30.6822
2022-01-31,PF00081,0.31,0.56,-0.25,14.93,0.0208,-14.53,338134.71,61178.04,38.2617
2022-01-31,PF00075,7.11,8.56,-1.45,10.32,0.689,-11.65,1185055.52,92974.4,14.6636
2022-01-31,PF00094,-0.5,-1.68,1.18,10.02,-0.0499,-14.11,1202169.55,53409.82,29.1586
2022-01-31,PF00005,1.51,3.75,-2.24,17.87,0.0845,-4.1,1535958.28,-31414.94,39.9818
2022-01-31,PF00139,-4.26,3.38,-7.64,11.06,-0.3852,-9.36,1840451.83,90468.09,29.1995
2022-01-31,PF00093,1.35,-4.32,5.67,17.2,0.0785,-3.67,864135.9,-20592.83,61.1742
2022-01-31,PF00102,-1.95,-1.24,-0.71,14.66,-0.133,-5.81,184802.28,33031.75,79.1319
2022-01-31,PF00129,3.59,-1.14,4.73,16.74,0.2145,-11.12,1990307.22,65131.95,69.5517
2022-01-31,PF00110,-2.83,-5.09,2.26,7.38,-0.3835,-5.98,340193.92,2068.43,11.4427
2022-01-31,PF00007,-4.58,8.1,-12.68,12.49,-0.3667,-3.77,1263201.75,-47231.6,17.2047
2022-01-31,PF00076,-7.29,-5.14,-2.15,19.81,-0.368,-8.14,1030682.71,83935.25,69.0347
2022-01-31,PF00100,2.55,5.34,-2.79,11.02,0.2314,-8.57,1599051.66,89258.52,57.4484
2022-01-31,PF00063,-4.04,-3.94,-0.1,10.63,-0.3801,-7.37,1236777.05,58967.31,47.6608
2022-01-31,PF00064,5.7,9.94,-4.24,3.87,1.4729,-0.88,1940511.8,95382.95,35.8538
2022-01-31,PF00120,2.76,-0.31,3.07,17.26,0.1599,-12.14,1196077.54,40847.01,30.5852
2022-01-31,PF00090,-6.04,5.28,-11.32,1.45,-4.1655,-11.85,1576932.28,67256.97,65.5857
2022-01-31,PF00140,8.69,-1.7,10.39,2.27,3.8282,-10.62,1571623.47,54246.48,-13.6806
2022-01-31,PF00074,-3.88,2.21,-6.09,16.56,-0.2343,-3.68,364984.28,41533.39,40.9523
2022-01-31,PF00131,5.58,5.56,0.02,1.77,3.1525,-8.05,538181.71,42136.27,61.0289
2022-01-31,PF00127,-5.69,6.1,-11.79,1.26,-4.5159,-6.62,824880.89,72768.59,67.5371
2022-01-31,PF00092,6.48,2.73,3.75,11.46,0.5654,-1.86,1929232.58,40443.93,-9.1699
2022-01-31,PF00008,-5.65,2.14,-7.79,6.69,-0.8445,-7.75,539674.99,32764.77,9.6339
2022-01-31,PF00012,-7.35,6.54,-13.89,2.71,-2.7122,-2.76,574100.62,86161.24,71.5588
2022-01-31,PF00104,7.37,-2.77,10.14,18.75,0.3931,-5.81,855287.93,37525.41,-13.9345
2022-01-31,PF00138,9.47,-5.37,14.84,6.96,1.3606,-14.75,862603.6,-29845.64,29.1648
2022-01-31,PF00025,11.73,2.84,8.89,12.12,0.9678,-8.85,1759004.3,-41074.03,24.4488
2022-01-31,PF00146,0.44,0.49,-0.05,12.62,0.0349,-11.19,1249379.89,83573.49,71.08
2022-01-31,PF00132,5.56,-0.07,5.63,9.93,0.5599,-9.43,1295299.68,42704.3,21.6701
2022-01-31,PF00089,-4.69,6.92,-11.61,14.07,-0.3333,-4.37,1211483.31,34097.76,57.1745
2022-01-31,PF00069,-1.86,1.19,-3.05,12.95,-0.1436,-6.66,1348868.62,86959.79,-15.8236
2022-01-31,PF00047,-3.51,-5.18,1.67,19.17,-0.1831,-8.34,792906.98,-44935.35,62.6549
2022-01-31,PF00121,9.36,-0.76,10.12,4.96,1.8871,-1.91,567533.88,15846.87,60.813
2022-01-31,PF00057,-7.87,0.72,-8.59,13.35,-0.5895,-0.79,1893952.04,-20984.53,-12.5613
2022-01-31,PF00087,1.36,0.9,0.46,16.85,0.0807,-2.19,306560.75,54364.63,-14.1824
2022-01-31,PF00150,5.46,5.39,0.07,12.84,0.4252,-1.12,1672274.72,36601.43,15.4971
2022-01-31,PF00059,-5.92,-5.51,-0.41,4.15,-1.4265,-2.37,454969.61,75680.83,-12.2222
2022-01-31,PF00010,-4.0,-1.38,-2.62,3.17,-1.2618,-14.68,684752.01,-29822.06,26.2518
2022-01-31,PF00137,-4.66,7.13,-11.79,17.9,-0.2603,-5.29,1594187.86,18514.13,57.9523
2022-01-31,PF00142,0.67,7.7,-7.03,7.05,0.095,-4.33,1560802.46,85616.82,-8.762
2022-01-31,PF00032,-4.75,1.94,-6.69,18.15,-0.2617,-6.58,1600264.56,48554.08,9.0092
2022-01-31,PF00080,-2.04,7.93,-9.97,3.71,-0.5499,-1.21,24290.83,68467.12,13.1872
2022-01-31,PF00024,-0.39,8.99,-9.38,13.57,-0.0287,-11.83,349964.23,36409.92,20.9911
2022-01-31,PF00143,-5.89,-2.0,-3.89,15.11,-0.3898,-3.01,294124.17,29997.43,46.2632
2022-01-31,PF00016,10.88,6.96,3.92,18.91,0.5754,-1.65,1566561.48,-23499.77,78.687
2022-01-31,PF00148,2.28,1.14,1.14,14.14,0.1612,-5.59,1055478.5,-43958.94,49.6001
2022-01-31,PF00122,-3.87,7.66,-11.53,18.98,-0.2039,-3.23,1594673.9,25534.16,42.7463
2022-01-31,PF00042,2.99,-5.31,8.3,7.56,0.3955,-13.6,941050.71,78897.35,64.554
2022-01-31,PF00144,11.88,-3.15,15.03,2.83,4.1979,-8.42,805007.13,-7449.52,-8.9417
2022-01-31,PF00038,0.05,-0.65,0.7,16.34,0.0031,-6.77,126734.07,67543.23,32.2417
2022-01-31,PF00050,-6.51,4.95,-11.46,16.29,-0.3996,-8.59,1747318.03,44382.6,66.2149
2022-01-31,PF00049,6.88,-4.99,11.87,3.75,1.8347,-13.41,282077.49,30912.94,68.7765
2022-01-31,PF00128,-1.84,6.76,-8.6,15.58,-0.1181,-11.45,927095.69,-3284.34,66.3315
2022-01-31,PF00130,-2.3,3.13,-5.43,14.2,-0.162,-11.59,1296669.53,35556.6,30.5975
2022-01-31,PF00014,6.06,-3.33,9.39,19.6,0.3092,-6.56,441485.23,49122.26,53.2955
2022-01-31,PF00034,6.13,2.99,3.14,2.74,2.2372,-7.95,541947.82,71070.17,-9.3977
2022-01-31,PF00061,7.75,-0.93,8.68,9.94,0.7797,-6.49,755301.91,79371.03,-13.9101
2022-01-31,PF00091,-2.68,6.78,-9.46,7.52,-0.3564,-6.96,1136419.5,10651.79,-8.9584
2022-01-31,PF00103,5.46,7.28,-1.82,14.85,0.3677,-7.71,1344440.11,50345.58,61.1215
2022-01-31,PF00073,-5.82,7.01,-12.83,11.87,-0.4903,-11.02,597155.11,2094.06,-12.0884
2022-01-31,PF00026,8.3,6.34,1.96,8.89,0.9336,-7.49,1664304.41,-4116.73,47.756
2022-01-31,PF00066,10.39,-0.07,10.46,16.27,0.6386,-2.86,1409050.05,4353.91,2.0055
2022-01-31,PF00082,-0.6,2.2,-2.8,9.87,-0.0608,-6.26,638374.34,-49540.03,61.9632
2022-01-31,PF00018,11.75,-1.51,13.26,2.88,4.0799,-7.21,1288904.18,-36886.02,10.5467
2022-01-31,PF00051,7.75,3.79,3.96,4.22,1.8365,-5.74,1373250.9,-20729.46,20.9238
2022-01-31,PF00035,-4.64,1.21,-5.85,7.97,-0.5822,-0.78,1111855.86,2943.51,59.4519
2022-01-31,PF00068,6.32,3.48,2.84,9.63,0.6563,-8.53,608466.79,61545.23,61.2025
2022-01-31,PF00119,8.55,4.57,3.98,1.91,4.4764,-11.26,1573194.01,41311.4,45.1899
2022-01-31,PF00029,10.83,3.52,7.31,8.19,1.3223,-8.15,1081832.68,-26312.81,19.6563
2022-01-31,PF00099,-6.41,2.11,-8.52,17.72,-0.3617,-10.09,59287.07,-43787.61,-7.2239
2022-01-31,PF00048,3.39,-1.1,4.49,17.38,0.1951,-3.03,239120.15,87106.04,62.6858
2022-01-31,PF00149,6.36,6.23,0.13,1.33,4.782,-3.25,400041.19,61311.63,59.6541
2022-01-31,PF00046,-3.11,0.22,-3.33,5.6,-0.5554,-6.03,1109022.81,27231.56,39.2001
2022-01-31,PF00036,0.52,2.49,-1.97,10.17,0.0511,-0.5,558904.77,26820.04,66.9265
2022-01-31,PF00133,5.69,8.44,-2.75,19.93,0.2855,-2.82,373916.91,84329.39,-11.8125
2022-01-31,PF00004,-7.71,-2.92,-4.79,18.33,-0.4206,-5.14,807468.61,86657.05,21.9498
2022-01-31,PF00141,-6.9,6.14,-13.04,8.85,-0.7797,-1.61,613220.78,59975.04,5.7269
2022-01-31,PF00109,7.03,4.59,2.44,8.23,0.8542,-5.75,611954.63,47252.51,51.5603
2022-01-31,PF00019,-7.72,1.09,-8.81,12.69,-0.6084,-5.44,1903068.71,-18684.92,66.3966
2022-01-31,PF00022,-3.41,0.56,-3.97,17.88,-0.1907,-5.6,1732182.08,-35915.16,75.7293
2022-01-31,PF00015,1.22,-5.47,6.69,1.38,0.8841,-2.54,561250.92,14201.93,55.9953
2022-01-31,PF00002,11.57,6.85,4.72,5.35,2.1626,-6.35,1163098.17,-28868.8,10.8651
2022-01-31,PF00020,11.94,9.2,2.74,14.83,0.8051,-3.93,1236058.51,98327.73,37.139
2022-01-31,PF00096,5.93,8.64,-2.71,7.43,0.7981,-7.59,1287645.72,-1089.84,-13.8123
2022-01-31,PF00124,10.99,9.32,1.67,3.08,3.5682,-11.35,1027545.01,57393.02,70.5645
2022-01-31,PF00083,0.87,-0.28,1.15,15.52,0.0561,-8.8,1352068.17,76090.21,75.8068
2022-01-31,PF00108,-4.83,-0.64,-4.19,12.6,-0.3833,-14.63,1823098.3,93090.84,71.9349
2022-01-31,PF00147,6.15,9.44,-3.29,10.19,0.6035,-4.39,577582.36,25548.13,72.648
2022-01-31,PF00095,10.83,-4.02,14.85,18.99,0.5703,-8.32,1679425.38,30590.14,36.7879
2022-02-28,PF00052,10.0,-1.19,11.19,17.87,0.5596,-1.34,852567.86,62345.98,18.068
2022-02-28,PF00060,9.92,-4.62,14.54,7.8,1.2718,-10.67,1926791.53,96882.09,11.6669
2022-02-28,PF00009,7.35,-3.78,11.13,19.27,0.3814,-0.31,1539344.29,11733.11,74.4196
2022-02-28,PF00062,7.76,3.12,4.64,18.08,0.4292,-8.83,860189.21,67921.15,61.5812
2022-02-28,PF00061,-6.98,1.48,-8.46,4.32,-1.6157,-2.91,247089.08,73263.99,-18.8201
2022-02-28,PF00124,-5.71,-2.1,-3.61,12.21,-0.4676,-4.36,853828.85,50562.02,9.0041
2022-02-28,PF00092,3.31,8.0,-4.69,10.14,0.3264,-11.84,477499.88,-35757.63,3.8384
2022-02-28,PF00131,9.51,-4.84,14.35,7.77,1.2239,-3.72,1726692.88,-41861.18,33.8658
2022-02-28,PF00027,-7.75,5.0,-12.75,9.97,-0.7773,-10.41,1837329.8,25599.14,55.0238
2022-02-28,PF00056,11.84,0.03,11.81,13.99,0.8463,-4.42,586418.85,-15340.78,-4.7894
2022-02-28,PF00001,-5.61,-2.85,-2.76,1.84,-3.0489,-3.16,1590572.5,-30742.54,37.0074
2022-02-28,PF00026,4.78,4.39,0.39,6.16,0.776,-11.3,907366.99,-15036.16,-0.1652
2022-02-28,PF00035,3.2,9.43,-6.23,5.79,0.5527,-12.6,939072.53,-38981.99,59.642
2022-02-28,PF00023,3.92,8.56,-4.64,14.52,0.27,-10.3,1284553.55,69137.24,28.0271
2022-02-28,PF00118,8.46,8.63,-0.17,7.12,1.1882,-0.91,1963196.85,7009.25,47.2232
2022-02-28,PF00006,0.67,1.16,-0.49,19.84,0.0338,-8.85,974988.64,-27946.61,0.9275
2022-02-28,PF00073,6.62,0.48,6.14,16.56,0.3998,-6.57,532328.8,-952.96,39.2791
2022-02-28,PF00134,-1.18,4.98,-6.16,16.89,-0.0699,-6.06,1673976.63,-46272.12,64.2284
2022-02-28,PF00083,-3.36,0.76,-4.12,12.1,-0.2777,-5.46,816102.78,15119.81,72.9841
2022-02-28,PF00119,11.41,8.42,2.99,2.34,4.8761,-2.45,1218167.31,44734.26,61.9035
2022-02-28,PF00018,-6.19,-5.35,-0.84,7.4,-0.8365,-12.34,1112367.86,-13478.86,51.6538
2022-02-28,PF00017,10.4,-3.13,13.53,7.31,1.4227,-4.17,756925.93,34123.99,69.3395
2022-02-28,PF00053,-1.63,-4.79,3.16,17.06,-0.0955,-13.84,120686.19,73794.77,14.5868
2022-02-28,PF00033,-1.73,-4.5,2.77,10.79,-0.1603,-1.01,350088.59,12289.32,41.4782
2022-02-28,PF00015,-4.06,6.21,-10.27,10.71,-0.3791,-11.56,556188.94,81286.93,72.5014
2022-02-28,PF00008,-0.27,-5.24,4.97,3.86,-0.0699,-14.5,1827596.52,32024.6,-5.8403
2022-02-28,PF00024,-1.66,0.08,-1.74,13.88,-0.1196,-4.78,161867.89,-21085.44,30.568
2022-02-28,PF00111,-0.52,-0.33,-0.19,8.62,-0.0603,-10.72,85223.39,-5208.39,31.4654
2022-02-28,PF00077,10.32,8.14,2.18,11.04,0.9348,-3.0,1194541.15,-37881.34,26.6859
2022-02-28,PF00004,-7.88,6.28,-14.16,17.91,-0.44,-8.71,1854827.98,-11874.33,50.3627
2022-02-28,PF00141,6.74,9.76,-3.02,19.06,0.3536,-8.59,1838077.08,16165.71,-17.2749
2022-02-28,PF00016,-6.39,-2.56,-3.83,6.96,-0.9181,-12.79,26641.59,13176.02,16.1033
2022-02-28,PF00116,-0.12,-4.32,4.2,8.69,-0.0138,-5.32,373059.55,52633.16,13.1973
2022-02-28,PF00050,2.96,-0.3,3.26,11.33,0.2613,-12.35,211102.06,-24237.6,31.2037
2022-02-28,PF00133,11.11,2.47,8.64,4.95,2.2444,-10.18,510253.16,-34688.9,4.4829
2022-02-28,PF00013,-6.11,8.7,-14.81,11.94,-0.5117,-12.32,1768700.85,19182.44,3.2496
2022-02-28,PF00107,-4.14,-3.62,-0.52,18.07,-0.2291,-2.96,715139.32,-36328.59,74.0847
2022-02-28,PF00091,-2.74,-2.42,-0.32,11.3,-0.2425,-10.63,450899.44,-44978.61,-16.3433
2022-02-28,PF00070,-1.52,-5.28,3.76,9.52,-0.1597,-10.59,1587165.95,15434.75,-11.2213
2022-02-28,PF00098,-5.82,-2.48,-3.34,11.72,-0.4966,-13.99,1913906.11,95516.77,77.8392
2022-02-28,PF00043,8.5,5.11,3.39,9.99,0.8509,-7.37,951339.07,-37177.22,25.2119
2022-02-28,PF00028,4.19,3.62,0.57,10.29,0.4072,-3.17,180997.29,73840.26,50.3383
2022-02-28,PF00054,2.77,-2.78,5.55,5.55,0.4991,-11.83,852628.23,1829.71,45.6257
2022-02-28,PF00010,10.45,6.77,3.68,15.65,0.6677,-13.96,718067.36,-30351.24,-6.1127
2022-02-28,PF00125,5.96,-3.54,9.5,3.45,1.7275,-2.4,1244619.8,-35104.4,28.9918
2022-02-28,PF00108,11.02,-5.56,16.58,2.66,4.1429,-12.42,101289.19,1655.72,52.5698
2022-02-28,PF00064,9.06,5.06,4.0,9.6,0.9437,-5.25,549010.86,32115.72,39.6437
2022-02-28,PF00121,-3.06,5.27,-8.33,3.19,-0.9592,-6.55,1148255.45,32605.83,16.2484
2022-02-28,PF00149,-7.33,-3.79,-3.54,7.16,-1.0237,-9.05,515605.98,61254.55,18.6292
2022-02-28,PF00051,4.65,0.34,4.31,18.14,0.2563,-1.33,1756908.96,-48379.67,31.0776
2022-02-28,PF00076,4.21,9.16,-4.95,16.26,0.2589,-13.96,1004012.81,-23213.18,73.365
2022-02-28,PF00049,-7.94,6.36,-14.3,14.36,-0.5529,-1.42,831878.41,-27126.74,33.6732
2022-02-28,PF00147,-4.47,6.29,-10.76,7.24,-0.6174,-9.82,1022931.9,-2027.32,-0.9439
2022-02-28,PF00140,-5.41,-0.94,-4.47,6.05,-0.8942,-4.62,316135.22,-40850.04,6.4855
2022-02-28,PF00145,2.47,-1.27,3.74,19.59,0.1261,-4.32,321425.18,66119.63,6.7731
2022-02-28,PF00042,8.3,-1.08,9.38,19.95,0.416,-7.51,1752400.29,20247.26,24.7936
2022-02-28,PF00113,7.36,6.77,0.59,18.15,0.4055,-2.2,1896637.15,73882.3,-11.2031
2022-02-28,PF00068,4.86,-5.46,10.32,19.91,0.2441,-3.39,1549186.13,46664.51,66.4242
2022-02-28,PF00080,5.28,-2.45,7.73,17.37,0.304,-14.46,557196.91,29320.93,14.3338
2022-02-28,PF00143,11.54,1.33,10.21,4.27,2.7026,-14.32,1845679.9,99128.63,45.8841
2022-02-28,PF00129,-1.32,9.58,-10.9,18.99,-0.0695,-10.24,738595.39,46066.79,76.7482
2022-02-28,PF00146,-3.26,-2.96,-0.3,8.14,-0.4005,-14.27,1983074.38,68709.63,26.7825
2022-02-28,PF00014,6.61,7.99,-1.38,14.33,0.4613,-4.08,1264097.66,94367.49,53.5563
2022-02-28,PF00089,11.56,-2.24,13.8,6.52,1.773,-14.6,1330028.12,62723.72,55.8835
2022-02-28,PF00123,-1.01,8.18,-9.19,14.16,-0.0713,-13.57,282176.51,-48424.69,57.8638
2022-02-28,PF00032,2.22,7.99,-5.77,19.54,0.1136,-11.72,1427763.49,79792.81,12.9229
2022-02-28,PF00021,-6.7,6.32,-13.02,13.12,-0.5107,-10.8,1303843.93,72987.73,15.3257
2022-02-28,PF00101,6.49,-0.08,6.57,16.93,0.3833,-12.79,1769198.59,87026.16,23.5282
2022-02-28,PF00069,5.6,7.62,-2.02,19.27,0.2906,-0.12,387426.66,63653.32,79.2882
2022-02-28,PF00095,3.02,1.13,1.89,4.24,0.7123,-13.89,400897.85,-22223.45,29.4614
2022-02-28,PF00104,-4.27,6.52,-10.79,6.72,-0.6354,-6.79,28627.7,-46275.6,7.34
2022-02-28,PF00082,-3.66,-1.38,-2.28,8.47,-0.4321,-1.05,1642606.31,24999.07,52.5199
2022-02-28,PF00114,8.02,7.5,0.52,10.5,0.7638,-7.6,973419.79,-8593.09,4.2317
2022-02-28,PF00106,-2.75,1.17,-3.92,13.98,-0.1967,-11.02,1841024.21,68911.4,6.3422
2022-02-28,PF00045,-3.21,7.18,-10.39,19.9,-0.1613,-1.35,300020.42,32889.74,-4.9568
2022-02-28,PF00090,5.57,3.14,2.43,6.84,0.8143,-6.64,1122170.32,62067.5,76.0831
2022-02-28,PF00065,-1.01,0.19,-1.2,8.0,-0.1263,-6.73,872922.3,82004.67,43.1367
2022-02-28,PF00038,10.79,4.86,5.93,11.98,0.9007,-0.68,1930777.31,90434.96,-19.6908
2022-02-28,PF00148,8.01,4.89,3.12,16.52,0.4849,-13.6,849583.16,-17034.34,56.7627
2022-02-28,PF00128,4.96,0.31,4.65,5.05,0.9822,-13.38,375836.11,77674.72,54.4461
2022-02-28,PF00055,8.05,-1.57,9.62,15.49,0.5197,-9.2,581939.41,-1666.31,66.097
2022-02-28,PF00030,9.65,0.13,9.52,13.62,0.7085,-9.99,1399062.23,-48311.97,46.4262
2022-02-28,PF00078,1.88,4.35,-2.47,6.31,0.2979,-4.0,168221.91,85476.27,53.0259
2022-02-28,PF00074,3.63,-4.21,7.84,15.31,0.2371,-8.09,459222.99,55993.12,63.6191
2022-02-28,PF00046,8.49,6.89,1.6,15.59,0.5446,-10.36,1253293.49,-38788.0,35.676
2022-02-28,PF00048,5.77,-3.35,9.12,7.09,0.8138,-10.84,1277885.66,-16566.61,73.4414
2022-02-28,PF00075,-0.64,8.04,-8.68,7.68,-0.0833,-5.72,173855.99,26836.68,10.7136
2022-02-28,PF00110,3.93,-0.54,4.47,1.22,3.2213,-12.89,1463894.78,-609.6,54.0282
2022-02-28,PF00084,6.78,4.6,2.18,11.68,0.5805,-8.42,758194.09,-37198.8,18.0026
2022-02-28,PF00142,-1.69,-5.91,4.22,18.08,-0.0935,-7.17,234820.42,39328.75,64.5796
2022-02-28,PF00079,0.82,3.68,-2.86,3.23,0.2539,-9.43,564614.18,63266.04,-17.0116
2022-02-28,PF00025,-1.96,2.07,-4.03,19.55,-0.1003,-0.94,1928606.31,-43420.15,46.3846
2022-02-28,PF00066,9.3,-3.52,12.82,16.56,0.5616,-4.07,296711.1,-11756.03,-18.4422
2022-02-28,PF00085,7.91,6.44,1.47,5.51,1.4356,-13.03,1686960.5,-9643.57,40.2064
2022-02-28,PF00138,11.56,-1.27,12.83,7.1,1.6282,-12.54,1581686.96,5592.13,-12.2594
2022-02-28,PF00029,0.12,7.36,-7.24,6.67,0.018,-5.76,1481847.08,-29048.33,40.1269
2022-02-28,PF00040,8.07,5.62,2.45,18.74,0.4306,-2.39,1406395.12,-44822.37,0.6597
2022-02-28,PF00063,-6.1,-5.08,-1.02,3.65,-1.6712,-8.79,468470.92,79293.9,17.0199
2022-02-28,PF00097,4.0,6.24,-2.24,10.11,0.3956,-3.92,1949335.0,90987.79,10.5978
2022-02-28,PF00086,4.56,8.53,-3.97,10.67,0.4274,-0.79,920300.57,94409.76,17.0993
2022-03-31,PF00083,-6.24,9.28,-15.52,10.69,-0.5837,-1.06,1817630.63,53256.65,9.1931
2022-03-31,PF00121,5.1,-6.0,11.1,13.21,0.3861,-10.3,1247373.24,92502.35,-16.88
2022-03-31,PF00094,-5.9,2.67,-8.57,7.18,-0.8217,-12.55,179236.86,-29045.07,57.7012
2022-03-31,PF00149,-5.28,-5.36,0.08,14.61,-0.3614,-0.85,267228.72,34603.8,56.7438
2022-03-31,PF00093,3.61,8.22,-4.61,18.65,0.1936,-11.23,372832.52,-33543.16,66.5627
2022-03-31,PF00051,10.07,6.46,3.61,16.06,0.627,-14.83,1036034.6,92568.74,77.9673
2022-03-31,PF00042,8.67,-3.66,12.33,18.5,0.4686,-14.42,27170.58,60527.66,16.4443
2022-03-31,PF00022,9.84,9.27,0.57,3.13,3.1438,-5.04,1112517.31,46498.48,67.857
2022-03-31,PF00137,-3.76,5.96,-9.72,10.36,-0.3629,-0.74,574745.47,-5151.05,30.5648
2022-03-31,PF00136,3.82,1.26,2.56,3.94,0.9695,-4.51,1337740.86,37009.96,-12.9374
2022-03-31,PF00028,0.11,6.44,-6.33,14.89,0.0074,-8.84,1336516.4,8383.79,19.2978
2022-03-31,PF00066,4.55,-3.05,7.6,9.18,0.4956,-5.0,1474900.32,26937.03,-6.4351
2022-03-31,PF00011,11.3,2.05,9.25,13.19,0.8567,-3.38,770467.04,54703.38,-5.0555
2022-03-31,PF00089,-0.59,4.21,-4.8,10.62,-0.0556,-10.22,793910.29,83205.53,73.6374
2022-03-31,PF00072,0.52,-0.51,1.03,15.88,0.0327,-10.55,1025174.89,-6006.41,-2.7007
2022-03-31,PF00129,-7.39,-0.46,-6.93,6.05,-1.2215,-13.31,1973909.23,-20444.11,-0.0692
2022-03-31,PF00065,9.53,-3.16,12.69,13.72,0.6946,-3.46,940140.12,48420.1,59.9535
2022-03-31,PF00106,-7.35,-2.96,-4.39,9.56,-0.7688,-1.1,670839.75,-8196.82,-3.1018
2022-03-31,PF00092,10.91,8.54,2.37,2.77,3.9386,-1.03,354910.46,-16431.88,79.3985
2022-03-31,PF00045,11.17,5.83,5.34,11.04,1.0118,-5.54,68334.64,62030.98,40.9556
2022-03-31,PF00021,-7.69,-1.83,-5.86,3.85,-1.9974,-1.0,1706280.47,15436.1,47.8521
2022-03-31,PF00050,-3.11,4.39,-7.5,8.9,-0.3494,-12.09,1254138.23,28239.09,-6.7662
2022-03-31,PF00146,2.76,4.94,-2.18,3.78,0.7302,-0.17,1738230.78,-48927.38,49.6457
2022-03-31,PF00067,-6.09,-3.61,-2.48,3.09,-1.9709,-3.87,345091.23,22396.93,40.4857
2022-03-31,PF00007,2.25,-0.1,2.35,11.82,0.1904,-8.93,1266426.39,-38418.3,-11.218
2022-03-31,PF00047,10.47,7.98,2.49,11.47,0.9128,-14.75,343096.08,-33126.93,-14.529
2022-03-31,PF00070,11.47,9.42,2.05,5.03,2.2803,-14.68,499469.26,6659.23,60.1646
2022-03-31,PF00116,-5.54,1.99,-7.53,16.3,-0.3399,-12.52,174394.68,34821.52,60.4418
2022-03-31,PF00026,4.53,3.93,0.6,16.13,0.2808,-7.3,384340.14,-49840.0,-18.0335
2022-03-31,PF00126,1.18,-3.87,5.05,13.85,0.0852,-13.04,1619986.83,37752.52,73.1835
2022-03-31,PF00057,3.68,-5.1,8.78,9.17,0.4013,-14.98,1027282.47,-20454.12,43.4921
2022-03-31,PF00135,8.59,-4.55,13.14,8.11,1.0592,-12.13,1186622.18,73870.21,78.2828
2022-03-31,PF00105,-6.2,4.38,-10.58,3.23,-1.9195,-2.45,1536959.73,-28577.25,7.1587
2022-03-31,PF00124,11.9,3.69,8.21,5.38,2.2119,-13.76,695171.84,72196.93,-1.0519
2022-03-31,PF00018,11.69,7.69,4.0,3.17,3.6877,-6.12,767715.68,41189.42,14.9299
2022-03-31,PF00087,-0.79,-1.14,0.35,12.29,-0.0643,-13.87,1860738.93,32514.64,74.8947
2022-03-31,PF00133,3.09,8.58,-5.49,10.38,0.2977,-11.46,256518.67,55953.56,-1.6076
2022-03-31,PF00001,-3.55,8.42,-11.97,6.05,-0.5868,-5.29,1399283.16,17623.23,37.3858
2022-03-31,PF00041,11.2,-5.14,16.34,6.08,1.8421,-4.3,1389569.48,95147.56,7.9151
2022-03-31,PF00033,5.45,3.84,1.61,16.26,0.3352,-8.57,1468282.77,55795.04,27.4649
2022-03-31,PF00123,9.68,6.1,3.58,17.25,0.5612,-11.11,644743.64,-17140.75,-11.6988
2022-03-31,PF00052,4.72,9.25,-4.53,10.37,0.4552,-1.43,1966350.05,-35257.66,62.7495
2022-03-31,PF00004,9.09,6.31,2.78,9.7,0.9371,-7.28,1313584.09,72998.54,52.6202
2022-03-31,PF00019,2.8,1.26,1.54,19.09,0.1467,-3.49,687114.49,-42871.54,42.599
2022-03-31,PF00097,-6.43,-3.26,-3.17,4.97,-1.2938,-1.94,1031089.25,62079.15,3.0602
2022-03-31,PF00036,0.43,-0.91,1.34,12.74,0.0338,-7.64,1104391.03,-18438.11,-5.2941
2022-03-31,PF00118,-3.69,-0.75,-2.94,1.1,-3.3545,-13.94,679852.17,2279.75,-4.3861
2022-03-31,PF00017,10.06,6.64,3.42,17.47,0.5758,-2.38,1876493.65,757.39,50.7304
2022-03-31,PF00091,5.24,-4.73,9.97,1.67,3.1377,-4.54,1093405.46,97155.32,-15.7994
2022-03-31,PF00016,1.68,6.53,-4.85,10.17,0.1652,-13.12,1021145.81,-34807.9,53.304
2022-03-31,PF00012,3.58,2.93,0.65,10.59,0.3381,-14.88,1038876.99,33790.71,-15.143
2022-03-31,PF00062,10.34,-2.47,12.81,11.4,0.907,-5.54,209527.31,61639.07,2.1279
2022-03-31,PF00132,9.86,-2.3,12.16,1.42,6.9437,-9.07,390447.87,23980.63,36.3354
2022-03-31,PF00030,0.01,-4.85,4.86,4.2,0.0024,-6.27,13535.19,-30154.1,52.4827
2022-03-31,PF00134,-6.79,1.52,-8.31,5.73,-1.185,-10.7,591346.85,72187.35,40.5596
2022-03-31,PF00037,4.14,4.22,-0.08,3.15,1.3143,-12.65,167826.7,64440.38,24.2664
2022-03-31,PF00079,6.63,4.2,2.43,14.86,0.4462,-7.43,1634233.05,-9410.14,65.7174
2022-03-31,PF00119,-7.96,1.9,-9.86,11.93,-0.6672,-13.78,1213046.19,-12120.79,-2.94
2022-03-31,PF00020,-1.39,5.08,-6.47,13.55,-0.1026,-14.1,976439.65,-18435.48,46.7458
2022-03-31,PF00058,11.69,6.64,5.05,17.21,0.6793,-6.34,1138045.95,29441.55,-16.5963
2022-03-31,PF00034,-1.54,-5.25,3.71,6.65,-0.2316,-1.44,446262.01,-35243.03,69.8575
2022-03-31,PF00032,4.53,0.87,3.66,1.53,2.9608,-9.82,219233.9,52898.62,-14.2809
2022-03-31,PF00053,-1.73,9.12,-10.85,4.75,-0.3642,-3.59,1920841.16,52344.18,-3.2283
2022-03-31,PF00141,-3.08,-0.08,-3.0,5.0,-0.616,-3.49,702178.32,29866.99,40.7162
2022-03-31,PF00040,-5.49,2.8,-8.29,8.29,-0.6622,-2.62,375222.96,35116.7,6.891
2022-03-31,PF00117,2.32,7.7,-5.38,8.57,0.2707,-7.39,596032.06,10794.35,45.4467
2022-03-31,PF00125,2.66,-1.93,4.59,9.36,0.2842,-11.66,1240663.85,32721.62,36.7955
2022-03-31,PF00005,4.97,-4.66,9.63,9.09,0.5468,-0.44,1909211.3,89927.21,-5.7878
2022-03-31,PF00120,-4.39,-3.93,-0.46,10.79,-0.4069,-13.81,1653312.33,75227.95,-18.0362
2022-03-31,PF00003,-5.59,2.51,-8.1,16.65,-0.3357,-0.61,298425.87,64046.59,69.4697
2022-03-31,PF00009,-5.76,-1.53,-4.23,18.6,-0.3097,-0.34,426643.26,-45095.82,74.6127
2022-03-31,PF00031,7.57,-5.09,12.66,7.75,0.9768,-3.95,1687746.62,-8705.93,62.3446
2022-03-31,PF00039,9.32,-3.66,12.98,9.41,0.9904,-4.33,910286.88,43036.0,72.0972
2022-03-31,PF00110,-5.5,2.19,-7.69,6.21,-0.8857,-1.08,25969.38,94735.34,-5.8639
2022-03-31,PF00023,2.64,-3.94,6.58,4.21,0.6271,-14.61,1214650.23,-10099.08,-16.1132
2022-03-31,PF00114,2.16,8.52,-6.36,3.4,0.6353,-0.22,941558.62,53704.2,27.3836
2022-03-31,PF00144,-2.08,0.57,-2.65,14.72,-0.1413,-4.33,1941536.33,-19642.78,15.674
2022-03-31,PF00112,8.5,-4.64,13.14,4.29,1.9814,-8.02,174789.1,81537.56,48.8338
2022-03-31,PF00108,-7.73,-0.68,-7.05,2.92,-2.6473,-1.19,1548861.34,61985.19,26.834
2022-03-31,PF00104,10.28,-3.57,13.85,2.31,4.4502,-13.14,1526904.39,64324.88,38.8366
2022-03-31,PF00086,10.6,-1.54,12.14,16.74,0.6332,-13.69,1756374.75,9399.35,34.7565
2022-03-31,PF00115,4.51,7.44,-2.93,4.55,0.9912,-7.91,1322239.62,78432.78,52.7728
2022-03-31,PF00048,9.03,9.64,-0.61,10.47,0.8625,-7.91,539027.52,44326.12,59.85
2022-03-31,PF00064,-2.5,4.83,-7.33,17.78,-0.1406,-1.31,1706275.32,-37942.68,11.8039
2022-03-31,PF00015,7.16,-2.92,10.08,8.94,0.8009,-4.81,979012.49,99817.15,60.8853
2022-03-31,PF00147,-5.91,5.48,-11.39,8.76,-0.6747,-11.21,215634.36,79280.12,-5.4212
2022-03-31,PF00056,6.72,-3.12,9.84,3.89,1.7275,-6.53,842434.4,-16588.32,9.6763
2022-03-31,PF00080,1.96,7.89,-5.93,13.26,0.1478,-7.81,1128300.64,99669.74,64.6443
2022-03-31,PF00081,11.47,0.8,10.67,19.8,0.5793,-8.08,1464546.64,60618.69,-17.6741
2022-03-31,PF00111,11.27,8.82,2.45,7.28,1.5481,-4.06,741473.85,98591.7,17.3395
2022-03-31,PF00082,4.29,-4.08,8.37,5.96,0.7198,-12.72,1872926.8,-15359.0,-6.2476
2022-03-31,PF00074,2.94,-5.04,7.98,9.32,0.3155,-7.46,1986013.05,99066.2,4.8745
2022-03-31,PF00099,-1.49,-2.32,0.83,6.27,-0.2376,-12.31,247389.4,85207.32,-4.4112
2022-03-31,PF00010,3.14,8.77,-5.63,10.37,0.3028,-6.21,1803798.08,-17222.21,12.7821
2022-03-31,PF00113,10.4,4.16,6.24,19.75,0.5266,-14.22,1157829.59,56201.27,4.2963
2022-03-31,PF00008,7.54,-1.5,9.04,7.78,0.9692,-9.4,1018583.05,40950.06,10.2237
2022-03-31,PF00059,-3.23,5.79,-9.02,1.83,-1.765,-1.75,208158.39,-11578.99,-18.6006
2022-03-31,PF00096,-2.35,-4.82,2.47,9.62,-0.2443,-14.65,226023.75,-38844.95,55.9208
2022-03-31,PF00069,8.36,3.36,5.0,11.76,0.7109,-4.03,117608.0,-12531.6,72.965
2022-03-31,PF00103,-0.3,8.78,-9.08,9.19,-0.0326,-14.79,1633957.67,33339.0,66.7252
2022-04-30,PF00059,2.46,-2.29,4.75,14.09,0.1746,-1.48,13794.39,97748.83,41.3322
2022-04-30,PF00114,2.35,-0.89,3.24,17.16,0.1369,-11.44,955761.17,-42918.79,20.5682
2022-04-30,PF00073,7.96,3.36,4.6,3.84,2.0729,-7.41,1631348.32,59441.9,14.1549
2022-04-30,PF00005,-5.26,1.49,-6.75,17.48,-0.3009,-6.83,948025.22,89700.99,-1.9164
2022-04-30,PF00098,-2.68,1.0,-3.68,12.32,-0.2175,-7.55,1422264.96,71765.52,29.17
2022-04-30,PF00129,-1.26,-0.62,-0.64,3.48,-0.3621,-0.88,189794.13,73476.17,63.4285
2022-04-30,PF00084,9.6,0.65,8.95,6.07,1.5815,-5.92,1398637.19,35320.41,72.2294
2022-04-30,PF00112,9.09,0.05,9.04,18.48,0.4919,-3.32,1388833.63,-5914.21,78.2078
2022-04-30,PF00065,8.32,9.2,-0.88,1.81,4.5967,-4.55,1734743.85,4765.78,57.8551
2022-04-30,PF00106,11.47,7.0,4.47,6.14,1.8681,-5.88,558328.51,44810.35,50.4248
2022-04-30,PF00094,7.25,5.37,1.88,3.14,2.3089,-14.84,23562.05,42318.46,33.4236
2022-04-30,PF00036,1.28,4.31,-3.03,8.14,0.1572,-4.75,708667.08,42619.21,10.7435
2022-04-30,PF00018,-6.06,1.9,-7.96,12.25,-0.4947,-1.95,1651759.7,7359.68,76.8494
2022-04-30,PF00085,-0.52,9.33,-9.85,17.3,-0.0301,-5.84,151656.53,29492.85,56.6355
2022-04-30,PF00124,6.34,-2.95,9.29,6.09,1.0411,-3.93,1414855.85,66233.98,-1.464
2022-04-30,PF00038,7.79,-0.73,8.52,6.32,1.2326,-0.22,100921.67,2603.81,9.4606
2022-04-30,PF00074,4.55,1.91,2.64,10.41,0.4371,-14.1,1897370.32,29957.94,28.5465
2022-04-30,PF00137,6.62,0.64,5.98,1.57,4.2166,-8.2,1524237.69,37578.64,67.0801
2022-04-30,PF00146,-0.8,7.37,-8.17,18.04,-0.0443,-7.86,1125594.93,77591.58,16.2513
2022-04-30,PF00101,5.73,-4.32,10.05,17.71,0.3235,-5.57,341012.76,96382.22,-15.0837
2022-04-30,PF00144,2.41,2.88,-0.47,13.73,0.1755,-4.02,1511987.58,16266.98,56.136
2022-04-30,PF00072,9.66,-5.4,15.06,6.91,1.398,-2.85,102154.06,28905.07,-16.6323
2022-04-30,PF00109,11.68,3.16,8.52,13.26,0.8808,-5.03,969219.66,-21374.86,-18.2616
2022-04-30,PF00037,-4.99,5.14,-10.13,7.89,-0.6324,-7.01,1178502.03,83335.19,67.9188
2022-04-30,PF00028,-5.14,-5.83,0.69,1.88,-2.734,-0.56,1559931.71,39122.8,46.5462
2022-04-30,PF00077,5.4,0.23,5.17,12.35,0.4372,-3.84,1629945.85,23350.54,7.8902
2022-04-30,PF00117,8.39,-0.48,8.87,14.58,0.5754,-12.2,430759.41,79006.56,-19.1482
2022-04-30,PF00066,11.86,5.19,6.67,5.76,2.059,-3.35,892392.34,37727.29,22.6951
2022-04-30,PF00136,5.75,-2.5,8.25,18.67,0.308,-2.03,268440.4,55365.47,16.0786
2022-04-30,PF00148,9.39,-4.74,14.13,16.22,0.5789,-5.61,1884218.21,28559.5,61.4516
2022-04-30,PF00075,2.87,5.38,-2.51,11.64,0.2466,-12.92,540715.23,69976.35,53.2128
2022-04-30,PF00061,8.18,8.78,-0.6,12.2,0.6705,-13.74,375222.25,83325.67,28.375
2022-04-30,PF00088,-2.04,-2.74,0.7,1.64,-1.2439,-12.04,685570.84,53968.05,8.5339
2022-04-30,PF00125,-7.91,4.53,-12.44,18.64,-0.4244,-12.13,1017642.45,89602.18,4.6888
2022-04-30,PF00126,6.96,7.82,-0.86,8.98,0.7751,-10.56,1722982.34,-44156.01,10.9598
2022-04-30,PF00001,1.46,6.7,-5.24,12.01,0.1216,-9.01,457536.87,53672.27,48.0614
2022-04-30,PF00095,8.8,-5.26,14.06,12.33,0.7137,-7.79,111438.56,-31438.27,-18.1046
2022-04-30,PF00057,2.06,8.07,-6.01,13.52,0.1524,-7.37,1066831.46,-26061.22,49.397
2022-04-30,PF00115,6.48,-1.03,7.51,1.59,4.0755,-8.75,681708.1,81300.67,70.3172
2022-04-30,PF00143,-6.53,-4.72,-1.81,3.37,-1.9377,-13.19,1023625.77,-28551.99,73.4958
2022-04-30,PF00139,11.29,-4.08,15.37,3.76,3.0027,-9.37,149832.76,-31145.86,62.7727
2022-04-30,PF00051,7.47,2.71,4.76,16.82,0.4441,-14.68,1530385.62,40005.94,40.7927
2022-04-30,PF00053,11.19,8.81,2.38,10.92,1.0247,-4.63,952783.87,43133.97,-16.9442
2022-04-30,PF00054,-3.93,0.6,-4.53,1.55,-2.5355,-8.12,903150.27,8957.6,6.6678
2022-04-30,PF00008,11.31,-5.04,16.35,4.33,2.612,-9.18,703130.59,70883.58,-2.4346
2022-04-30,PF00093,-7.9,-1.65,-6.25,10.69,-0.739,-10.73,1285192.43,-38003.75,52.9395
2022-04-30,PF00099,-6.88,2.42,-9.3,3.83,-1.7963,-11.74,1008594.97,64603.7,-0.6701
2022-04-30,PF00089,1.39,-3.99,5.38,2.97,0.468,-7.33,1267648.18,46828.36,35.4879
2022-04-30,PF00047,5.87,8.24,-2.37,14.36,0.4088,-10.3,489370.96,95577.12,42.1185
2022-04-30,PF00118,1.58,9.02,-7.44,14.02,0.1127,-11.12,1417614.21,10783.11,63.7988
2022-04-30,PF00021,2.77,2.77,0.0,2.02,1.3713,-10.78,151007.97,95198.95,39.5986
2022-04-30,PF00138,8.54,-0.72,9.26,19.33,0.4418,-2.26,1177239.26,46735.79,3.7455
2022-04-30,PF00090,-6.72,8.07,-14.79,5.86,-1.1468,-5.33,558047.94,98000.94,42.8571
2022-04-30,PF00108,9.06,9.41,-0.35,11.61,0.7804,-3.52,1770189.32,-37626.78,20.9525
2022-04-30,PF00149,3.1,1.81,1.29,15.57,0.1991,-10.86,1745677.22,-38268.0,-10.2547
2022-04-30,PF00014,-5.58,5.3,-10.88,12.09,-0.4615,-10.29,1223693.82,65340.59,33.5301
2022-04-30,PF00104,8.94,-4.27,13.21,3.57,2.5042,-10.68,792173.54,48548.64,75.2077
2022-04-30,PF00039,3.11,1.2,1.91,11.23,0.2769,-6.94,1251986.27,24919.39,59.412
2022-04-30,PF00063,1.85,-5.65,7.5,11.67,0.1585,-11.44,341323.13,99629.56,-1.9798
2022-04-30,PF00015,-5.09,4.16,-9.25,19.38,-0.2626,-12.93,1724183.84,2551.3,-4.9803
2022-04-30,PF00026,-2.62,7.21,-9.83,6.79,-0.3859,-13.17,1423049.67,95779.57,36.6226
2022-04-30,PF00003,-5.5,7.81,-13.31,7.29,-0.7545,-0.05,883923.33,39994.95,31.4893
2022-04-30,PF00043,-7.15,-1.1,-6.05,12.29,-0.5818,-8.18,1000201.86,-30431.05,1.7028
2022-04-30,PF00100,-7.75,1.67,-9.42,18.14,-0.4272,-2.54,1160669.93,94331.04,25.3873
2022-04-30,PF00111,8.65,1.24,7.41,16.84,0.5137,-7.06,535828.43,-8317.07,27.389
2022-04-30,PF00128,6.41,9.84,-3.43,8.73,0.7342,-8.01,1911874.58,51567.54,-8.1403
2022-04-30,PF00035,-2.35,5.25,-7.6,13.81,-0.1702,-4.31,1885670.34,42578.21,58.9103
2022-04-30,PF00004,-4.27,5.7,-9.97,12.12,-0.3523,-3.77,1560661.78,30061.68,62.3743
2022-04-30,PF00121,-7.18,-0.36,-6.82,18.39,-0.3904,-8.58,238977.21,74678.43,45.8347
2022-04-30,PF00009,-3.8,2.52,-6.32,7.2,-0.5278,-7.24,1332058.98,68996.51,-16.4601
2022-04-30,PF00080,4.62,8.17,-3.55,17.11,0.27,-6.02,1553705.99,-10517.96,47.5226
2022-04-30,PF00011,4.39,9.65,-5.26,7.85,0.5592,-1.72,989458.39,-30845.01,20.89
2022-04-30,PF00058,-0.07,-5.06,4.99,8.9,-0.0079,-4.73,1501817.14,16398.74,-7.0289
2022-04-30,PF00002,10.65,1.63,9.02,12.02,0.886,-13.59,546177.31,-26020.51,45.0199
2022-04-30,PF00133,2.32,9.58,-7.26,16.68,0.1391,-1.57,195828.45,52658.85,22.8671
2022-04-30,PF00056,-2.22,0.21,-2.43,18.01,-0.1233,-0.21,89251.55,-33733.34,0.4168
2022-04-30,PF00082,9.74,1.92,7.82,4.25,2.2918,-9.14,284005.79,-27966.64,25.6784
2022-04-30,PF00030,-6.91,-1.27,-5.64,5.42,-1.2749,-3.53,1613711.26,52860.73,69.6593
2022-04-30,PF00041,5.88,-3.75,9.63,16.73,0.3515,-1.46,748204.02,51421.72,31.1808
2022-04-30,PF00135,-6.77,5.47,-12.24,9.73,-0.6958,-5.65,1391107.66,6207.0,38.5152
2022-04-30,PF00123,4.06,1.63,2.43,7.58,0.5356,-3.62,1076310.34,13143.55,9.7275
2022-04-30,PF00096,1.28,2.74,-1.46,19.4,0.066,-10.16,745036.98,-36271.85,33.4118
2022-04-30,PF00103,3.29,4.46,-1.17,5.38,0.6115,-2.66,567848.23,-19551.98,14.6297
2022-04-30,PF00087,-3.85,8.07,-11.92,15.07,-0.2555,-12.46,593191.31,80409.75,-12.2908
2022-04-30,PF00012,6.3,-5.07,11.37,14.7,0.4286,-9.8,1436429.61,60434.1,54.5191
2022-04-30,PF00016,-2.38,-3.26,0.88,19.05,-0.1249,-11.3,559123.15,-13114.34,10.6092
2022-04-30,PF00034,0.28,8.56,-8.28,10.66,0.0263,-3.99,1209763.21,-18146.36,11.7528
2022-04-30,PF00102,4.3,0.6,3.7,14.62,0.2941,-9.64,1512769.82,95311.82,2.6002
2022-04-30,PF00122,0.08,-4.04,4.12,10.36,0.0077,-6.36,1249023.68,71195.84,6.083
2022-04-30,PF00113,1.57,7.57,-6.0,8.51,0.1845,-5.61,1332478.52,20116.08,-19.6062
2022-04-30,PF00071,0.98,9.62,-8.64,6.05,0.162,-13.55,15064.85,-21463.01,16.7844
2022-04-30,PF00006,2.24,0.09,2.15,4.69,0.4776,-14.53,168003.94,65372.3,51.8706
2022-04-30,PF00067,1.53,3.01,-1.48,19.73,0.0775,-12.74,1806152.49,15318.06,49.9712
2022-04-30,PF00078,-5.81,9.05,-14.86,5.13,-1.1326,-12.96,418163.79,40646.07,-10.3815
2022-04-30,PF00076,9.45,-5.62,15.07,18.5,0.5108,-12.61,1950532.04,-39376.79,15.3557
2022-04-30,PF00130,-3.67,9.2,-12.87,5.14,-0.714,-8.52,89610.36,31476.86,72.1806
2022-04-30,PF00007,-4.19,0.73,-4.92,10.46,-0.4006,-2.58,968729.33,-5229.39,-15.2572
2022-04-30,PF00132,6.81,-5.23,12.04,4.39,1.5513,-5.65,1834084.79,52379.08,62.4529
2022-04-30,PF00032,-6.45,4.3,-10.75,19.81,-0.3256,-0.32,917442.22,91008.36,66.5309
2022-04-30,PF00013,2.75,-1.9,4.65,12.4,0.2218,-13.01,1269550.78,17100.32,42.8568
2022-05-31,PF00139,-1.62,7.77,-9.39,16.08,-0.1007,-4.45,1535054.35,59913.07,-1.8166
2022-05-31,PF00078,9.36,8.61,0.75,18.87,0.496,-14.78,943750.27,65643.85,-13.2356
2022-05-31,PF00130,6.75,3.79,2.96,18.09,0.3731,-13.59,228342.97,-33063.37,33.5039
2022-05-31,PF00121,5.88,9.41,-3.53,16.03,0.3668,-5.91,1437102.62,-40807.55,44.7146
2022-05-31,PF00068,2.03,1.87,0.16,6.31,0.3217,-9.5,1224009.43,83598.22,18.4458
2022-05-31,PF00029,6.18,2.78,3.4,19.55,0.3161,-3.8,1683542.41,37531.18,68.536
2022-05-31,PF00096,5.44,2.76,2.68,10.96,0.4964,-12.29,1524464.33,-2367.36,13.2379
2022-05-31,PF00037,7.83,8.62,-0.79,12.9,0.607,-8.53,481157.12,-43351.53,74.7342
2022-05-31,PF00004,8.64,-2.68,11.32,12.29,0.703,-6.19,653934.83,88244.52,64.3321
2022-05-31,PF00054,-6.55,7.92,-14.47,14.65,-0.4471,-12.35,1943840.12,73600.42,29.4338
2022-05-31,PF00025,4.85,8.07,-3.22,6.89,0.7039,-12.86,1430728.23,-28202.27,6.0718
2022-05-31,PF00077,-6.19,-5.01,-1.18,6.19,-1.0,-13.03,1321906.33,-36219.67,44.6331
2022-05-31,PF00119,-6.24,5.96,-12.2,7.58,-0.8232,-11.68,1165701.15,28460.23,-15.877
2022-05-31,PF00144,7.48,-0.43,7.91,12.9,0.5798,-0.58,1290863.55,-6834.6,0.4194
2022-05-31,PF00080,-4.54,7.75,-12.29,16.23,-0.2797,-12.18,1334285.46,24937.63,10.9196
2022-05-31,PF00133,9.84,-3.62,13.46,12.49,0.7878,-13.66,1398244.36,-3410.83,56.3355
2022-05-31,PF00134,3.22,-5.16,8.38,11.72,0.2747,-10.94,820516.64,-19758.47,26.1007
2022-05-31,PF00007,-6.45,4.61,-11.06,9.21,-0.7003,-3.56,1996504.32,56798.17,53.8215
2022-05-31,PF00098,4.11,5.76,-1.65,4.09,1.0049,-10.93,872203.97,28277.96,16.679
2022-05-31,PF00022,-0.45,1.06,-1.51,8.94,-0.0503,-5.92,912426.05,-2285.64,47.016
2022-05-31,PF00147,8.3,-2.12,10.42,1.61,5.1553,-13.38,1355603.99,-39617.85,2.7791
2022-05-31,PF00149,-7.23,-5.36,-1.87,15.11,-0.4785,-6.72,1178876.19,39881.64,-8.7578
2022-05-31,PF00126,9.11,-1.94,11.05,5.86,1.5546,-11.7,1515514.45,46051.35,75.874
2022-05-31,PF00032,-2.98,4.61,-7.59,2.29,-1.3013,-9.94,780406.79,-21010.96,16.1312
2022-05-31,PF00066,-1.83,0.15,-1.98,4.74,-0.3861,-14.76,398440.98,26299.32,13.6329
2022-05-31,PF00031,-1.73,0.7,-2.43,16.84,-0.1027,-2.01,153906.31,-36026.13,-2.7705
2022-05-31,PF00095,4.13,4.37,-0.24,14.55,0.2838,-14.93,1499247.23,-39231.26,27.8851
2022-05-31,PF00051,11.18,-1.11,12.29,3.13,3.5719,-0.6,1736691.16,76143.31,15.3153
2022-05-31,PF00101,-4.97,2.9,-7.87,13.8,-0.3601,-12.03,1111788.3,16666.24,14.9515
2022-05-31,PF00055,4.33,9.89,-5.56,7.73,0.5602,-12.29,941979.43,16078.25,77.1038
2022-05-31,PF00136,5.32,2.85,2.47,19.65,0.2707,-12.48,1280325.31,80336.79,54.3988
2022-05-31,PF00143,1.06,-2.74,3.8,14.42,0.0735,-12.77,638930.84,14789.73,32.6513
2022-05-31,PF00063,1.03,7.81,-6.78,2.16,0.4769,-10.28,1609375.5,66449.58,15.6497
2022-05-31,PF00015,11.25,-4.98,16.23,2.32,4.8491,-0.8,1087860.66,58228.08,23.9687
2022-05-31,PF00128,-3.62,6.82,-10.44,18.01,-0.201,-9.91,383058.62,-4066.51,-10.0258
2022-05-31,PF00104,-5.31,3.87,-9.18,10.92,-0.4863,-6.02,1049223.24,-17033.17,63.6008
2022-05-31,PF00027,-5.26,-1.9,-3.36,10.71,-0.4911,-12.05,593308.16,60763.78,-5.7519
2022-05-31,PF00138,5.62,8.51,-2.89,3.29,1.7082,-0.29,1905305.41,-14229.4,-4.2889
2022-05-31,PF00036,-1.23,4.71,-5.94,18.75,-0.0656,-2.98,943892.7,-27141.25,60.4871
2022-05-31,PF00079,-2.3,2.75,-5.05,19.88,-0.1157,-10.96,522917.81,-40962.59,13.92
2022-05-31,PF00111,-4.04,7.3,-11.34,17.53,-0.2305,-5.51,1082323.71,-41618.03,13.7668
2022-05-31,PF00146,7.93,2.46,5.47,1.86,4.2634,-7.98,367757.97,-635.5,-4.6566
2022-05-31,PF00046,3.49,7.57,-4.08,6.82,0.5117,-11.55,1901546.29,55307.25,31.8988
2022-05-31,PF00049,-4.76,-2.81,-1.95,16.88,-0.282,-3.1,289302.01,-36832.66,0.6231
2022-05-31,PF00038,5.32,2.29,3.03,17.5,0.304,-3.37,439538.87,-27188.37,-15.1284
2022-05-31,PF00060,2.11,5.4,-3.29,19.69,0.1072,-3.69,756461.98,9358.07,8.6631
2022-05-31,PF00020,11.89,-5.13,17.02,10.78,1.103,-8.13,887947.61,47678.64,74.7388
2022-05-31,PF00108,-3.53,6.69,-10.22,11.53,-0.3062,-10.46,1272579.61,-40785.26,-14.5639
2022-05-31,PF00047,8.43,-3.32,11.75,5.97,1.4121,-5.71,28317.71,77409.13,-14.7031
2022-05-31,PF00127,6.98,-2.34,9.32,13.62,0.5125,-3.09,1237364.97,98507.26,51.945
2022-05-31,PF00094,-0.62,-0.11,-0.51,8.25,-0.0752,-11.62,701322.39,58570.69,58.5208
2022-05-31,PF00148,4.84,-2.23,7.07,19.02,0.2545,-0.77,1116139.42,30346.44,25.0846
2022-05-31,PF00041,-5.43,9.56,-14.99,1.07,-5.0748,-11.94,385457.78,6501.44,57.9822
2022-05-31,PF00088,0.46,-0.48,0.94,11.72,0.0392,-6.11,64647.39,7430.4,43.9092
2022-05-31,PF00092,-7.71,-2.47,-5.24,2.93,-2.6314,-8.14,668017.83,81928.72,-10.102
2022-05-31,PF00097,-1.59,-0.71,-0.88,17.48,-0.091,-8.49,1922035.57,-23368.75,74.9465
2022-05-31,PF00048,0.16,-3.89,4.05,3.99,0.0401,-3.1,1906401.76,29167.77,21.7997
2022-05-31,PF00132,6.7,1.6,5.1,4.67,1.4347,-11.57,178800.8,-33642.08,39.9684
2022-05-31,PF00123,6.01,5.27,0.74,15.42,0.3898,-0.61,1788359.77,99427.25,-1.9032
2022-05-31,PF00001,8.96,9.91,-0.95,16.14,0.5551,-13.93,420477.88,27873.11,73.5539
2022-05-31,PF00044,2.38,2.22,0.16,10.99,0.2166,-2.57,1003853.36,20528.12,-12.6353
2022-05-31,PF00076,-7.4,3.3,-10.7,1.85,-4.0,-6.22,1903043.98,47936.14,55.6279
2022-05-31,PF00023,-7.79,8.81,-16.6,12.92,-0.6029,-0.09,734717.6,22217.28,-11.357
2022-05-31,PF00140,4.08,0.88,3.2,17.68,0.2308,-6.69,1129952.52,54337.49,70.1674
2022-05-31,PF00026,11.89,-4.89,16.78,11.33,1.0494,-12.74,63161.71,-36226.79,70.3129
2022-05-31,PF00067,-3.29,9.13,-12.42,9.21,-0.3572,-3.08,1898940.03,-43908.19,34.2295
2022-05-31,PF00075,10.66,-2.32,12.98,10.3,1.035,-6.07,1554357.32,17548.28,48.4681
2022-05-31,PF00018,4.79,3.87,0.92,15.13,0.3166,-13.94,699879.47,28081.43,41.6328
2022-05-31,PF00093,-4.2,-0.81,-3.39,6.41,-0.6552,-7.24,1030263.57,28159.96,34.0779
2022-05-31,PF00014,1.42,-2.35,3.77,4.52,0.3142,-7.86,1755629.13,-15488.98,33.7463
2022-05-31,PF00141,1.36,7.9,-6.54,19.23,0.0707,-12.15,1511976.81,63769.37,-5.3014
2022-05-31,PF00084,-3.69,9.68,-13.37,12.66,-0.2915,-1.11,226824.36,35850.68,22.137
2022-05-31,PF00016,7.61,7.76,-0.15,10.53,0.7227,-4.28,381005.44,-33080.25,66.1495
2022-05-31,PF00030,-3.24,-0.17,-3.07,9.14,-0.3545,-7.49,909747.68,-23757.62,17.7151
2022-05-31,PF00142,4.14,1.45,2.69,4.19,0.9881,-6.57,313250.92,65524.25,31.3444
2022-05-31,PF00120,-0.06,4.96,-5.02,13.29,-0.0045,-4.91,1166059.27,-47088.0,-12.5551
2022-05-31,PF00070,6.83,8.36,-1.53,5.28,1.2936,-7.13,37651.36,-23079.21,75.8083
2022-05-31,PF00145,3.27,8.34,-5.07,13.01,0.2513,-10.65,1499528.79,-20117.16,-3.031
2022-05-31,PF00081,0.92,7.28,-6.36,16.09,0.0572,-9.89,1156001.96,55334.53,59.4789
2022-05-31,PF00024,6.98,-5.25,12.23,4.82,1.4481,-3.0,326528.09,-39159.48,-4.8476
2022-05-31,PF00083,-3.84,3.72,-7.56,13.8,-0.2783,-2.26,93986.59,54785.88,59.4739
2022-05-31,PF00109,2.63,7.05,-4.42,19.59,0.1343,-3.75,191962.67,7760.16,37.1114
2022-05-31,PF00090,-0.68,7.08,-7.76,19.57,-0.0347,-11.5,1210049.7,74144.14,-6.1259
2022-05-31,PF00005,-7.15,9.72,-16.87,4.6,-1.5543,-3.46,1311006.04,-19303.16,74.523
2022-05-31,PF00125,-5.01,2.68,-7.69,11.93,-0.4199,-4.48,198280.43,49252.0,-3.6626
2022-05-31,PF00033,-2.21,-3.99,1.78,18.62,-0.1187,-0.53,685119.05,56506.35,8.5177
2022-05-31,PF00011,2.98,0.55,2.43,13.67,0.218,-3.09,1536329.34,63134.67,16.0685
2022-05-31,PF00013,3.86,5.42,-1.56,5.07,0.7613,-12.08,1704015.82,-8032.93,4.5134
2022-05-31,PF00058,4.75,1.65,3.1,5.67,0.8377,-7.97,964716.65,12846.46,43.5832
2022-05-31,PF00131,-4.9,-2.75,-2.15,3.93,-1.2468,-6.24,1199362.74,6887.22,7.7831
2022-05-31,PF00040,-3.19,-5.03,1.84,9.05,-0.3525,-3.08,315850.52,94225.36,25.4859
2022-05-31,PF00003,-7.82,6.19,-14.01,10.0,-0.782,-8.69,706515.2,91947.6,35.8416
2022-05-31,PF00122,-4.0,6.35,-10.35,18.79,-0.2129,-11.24,223732.64,70932.2,10.7559
2022-05-31,PF00100,-7.12,7.36,-14.48,9.39,-0.7583,-12.56,829497.13,31595.16,73.3617
2022-05-31,PF00059,5.74,-4.21,9.95,8.95,0.6413,-12.82,1312781.94,61482.69,28.5713
2022-05-31,PF00086,11.9,9.88,2.02,7.0,1.7,-13.91,926017.86,71621.34,29.0786
2022-05-31,PF00150,11.57,9.17,2.4,3.52,3.2869,-13.24,1402610.38,-36692.22,13.9497
2022-05-31,PF00006,2.06,1.73,0.33,9.45,0.218,-13.99,794021.14,82173.23,27.6971
2022-05-31,PF00124,5.3,7.74,-2.44,9.63,0.5504,-2.46,1766906.56,7432.45,46.3914
2022-05-31,PF00053,7.63,3.81,3.82,1.81,4.2155,-3.83,1715368.64,42395.98,52.4069
2022-06-30,PF00090,9.84,9.91,-0.07,6.74,1.4599,-14.56,1516160.53,57572.97,13.6576
2022-06-30,PF00022,11.77,4.98,6.79,16.26,0.7239,-3.35,847409.14,57152.66,58.4762
2022-06-30,PF00087,1.37,1.84,-0.47,11.64,0.1177,-6.76,1153045.74,-19224.59,63.1687
2022-06-30,PF00074,0.71,1.29,-0.58,8.94,0.0794,-8.14,356245.45,44378.79,-17.6306
2022-06-30,PF00016,-3.46,7.7,-11.16,3.13,-1.1054,-11.46,100085.35,-42531.35,75.1242
2022-06-30,PF00064,7.93,7.82,0.11,7.01,1.1312,-13.83,1522546.42,-29685.34,71.7134
2022-06-30,PF00039,8.96,-1.07,10.03,19.74,0.4539,-14.6,73125.19,20182.22,67.7312
2022-06-30,PF00142,-1.94,-3.42,1.48,3.86,-0.5026,-10.45,116143.5,10007.47,38.6562
2022-06-30,PF00144,10.89,4.53,6.36,1.37,7.9489,-5.31,132975.02,-28615.1,0.1751
2022-06-30,PF00112,-6.83,0.38,-7.21,11.8,-0.5788,-12.41,1010221.52,8913.89,37.9374
2022-06-30,PF00143,-1.39,-0.61,-0.78,8.27,-0.1681,-2.62,298508.93,-49792.62,65.4764
2022-06-30,PF00075,2.65,8.92,-6.27,9.5,0.2789,-9.44,1206176.36,55418.53,76.4486
2022-06-30,PF00117,8.46,6.88,1.58,19.05,0.4441,-14.94,93865.59,79446.05,8.0212
2022-06-30,PF00086,1.15,5.72,-4.57,6.68,0.1722,-3.5,96918.54,-36926.06,17.2743
2022-06-30,PF00062,-2.36,8.51,-10.87,10.64,-0.2218,-1.61,1018081.29,81248.32,-13.1106
2022-06-30,PF00105,-4.3,5.94,-10.24,15.34,-0.2803,-5.1,381307.28,20085.27,12.7067
2022-06-30,PF00106,7.0,8.49,-1.49,13.24,0.5287,-10.85,865304.24,34942.3,-16.2846
2022-06-30,PF00104,11.94,-0.4,12.34,9.41,1.2689,-12.16,224448.11,-23960.97,13.9794
2022-06-30,PF00003,-1.42,-3.79,2.37,9.84,-0.1443,-5.61,1045536.08,11672.76,26.8174
2022-06-30,PF00042,4.89,7.94,-3.05,4.3,1.1372,-0.37,1695989.69,55774.38,36.0479
2022-06-30,PF00079,3.04,5.19,-2.15,11.08,0.2744,-3.27,1098904.62,92144.0,62.7323
2022-06-30,PF00135,1.2,1.96,-0.76,12.07,0.0994,-7.63,1814446.6,1453.04,73.4074
2022-06-30,PF00026,3.87,5.72,-1.85,9.81,0.3945,-5.39,1083004.18,-15487.82,41.9704
2022-06-30,PF00089,1.95,5.44,-3.49,12.21,0.1597,-2.81,1129241.36,69392.9,-1.1856
2022-06-30,PF00037,-5.82,-1.41,-4.41,1.88,-3.0957,-5.15,1632624.03,80993.2,79.374
2022-06-30,PF00133,9.15,6.96,2.19,13.75,0.6655,-5.21,498592.54,12398.18,39.6729
2022-06-30,PF00047,-1.52,-5.69,4.17,3.21,-0.4735,-7.25,462096.49,13568.73,-7.4363
2022-06-30,PF00041,-6.55,7.36,-13.91,17.6,-0.3722,-11.15,1378209.73,-31664.78,63.2979
2022-06-30,PF00035,-3.15,-1.1,-2.05,13.96,-0.2256,-13.82,29221.02,50167.22,63.6946
2022-06-30,PF00048,-1.61,3.06,-4.67,8.49,-0.1896,-8.32,1568002.19,12486.62,3.6801
2022-06-30,PF00110,2.85,-4.64,7.49,6.38,0.4467,-10.19,1429175.34,76962.77,72.1008
2022-06-30,PF00010,10.93,7.91,3.02,11.47,0.9529,-4.64,1513298.1,95336.21,6.9179
2022-06-30,PF00111,-3.26,6.62,-9.88,2.66,-1.2256,-14.22,1415813.51,79737.57,42.566
2022-06-30,PF00015,-7.07,9.55,-16.62,5.03,-1.4056,-0.96,172971.57,52475.58,25.0777
2022-06-30,PF00125,-7.25,3.9,-11.15,6.56,-1.1052,-3.15,733399.31,-8191.4,3.1948
2022-06-30,PF00094,2.82,8.4,-5.58,2.62,1.0763,-1.69,747702.54,96460.86,10.9728
2022-06-30,PF00063,-3.33,-1.21,-2.12,19.93,-0.1671,-2.35,1441976.06,-834.12,38.8216
2022-06-30,PF00099,-4.96,-1.58,-3.38,2.95,-1.6814,-7.24,1936397.98,53643.95,39.998
2022-06-30,PF00044,10.64,9.3,1.34,18.28,0.5821,-3.01,846274.08,84547.18,8.6198
2022-06-30,PF00123,9.62,-5.79,15.41,10.64,0.9041,-4.38,1816149.07,-29440.94,62.8138
2022-06-30,PF00100,2.88,-3.35,6.23,10.77,0.2674,-10.6,1589514.72,-21567.24,2.412
2022-06-30,PF00139,9.48,9.08,0.4,12.85,0.7377,-5.35,633541.58,43576.0,44.4818
2022-06-30,PF00121,-6.32,9.26,-15.58,6.24,-1.0128,-1.6,73694.56,28322.48,74.3421
2022-06-30,PF00066,9.49,6.03,3.46,2.0,4.745,-3.6,19347.34,21087.35,8.471
2022-06-30,PF00028,5.95,7.29,-1.34,11.89,0.5004,-13.94,1943717.1,-44728.56,46.3818
2022-06-30,PF00147,-5.84,6.07,-11.91,17.17,-0.3401,-4.7,1488490.47,-28041.7,32.2162
2022-06-30,PF00137,9.41,-5.25,14.66,7.62,1.2349,-3.92,568759.12,81183.93,50.7703
2022-06-30,PF00068,5.12,4.43,0.69,15.0,0.3413,-6.27,1314097.42,92190.81,47.7019
2022-06-30,PF00020,-7.81,5.92,-13.73,12.67,-0.6164,-3.83,1619302.31,-44306.2,9.9018
2022-06-30,PF00012,-5.18,-4.49,-0.69,17.2,-0.3012,-1.04,664061.64,-40026.72,-3.8875
2022-06-30,PF00045,3.93,4.17,-0.24,11.99,0.3278,-4.59,1831507.81,4476.22,5.0702
2022-06-30,PF00057,5.43,1.05,4.38,11.27,0.4818,-9.54,1812056.56,38829.66,64.4506
2022-06-30,PF00132,-2.56,-3.96,1.4,8.08,-0.3168,-1.31,1398565.44,-31847.26,-6.7269
2022-06-30,PF00076,3.01,0.51,2.5,15.95,0.1887,-4.5,647665.71,37304.86,-18.6271
2022-06-30,PF00124,-7.23,3.86,-11.09,5.02,-1.4402,-9.49,1892938.18,-4538.74,-11.5998
2022-06-30,PF00082,-3.73,-1.56,-2.17,3.28,-1.1372,-13.4,468089.77,8259.33,-10.3118
2022-06-30,PF00054,5.88,5.55,0.33,6.84,0.8596,-14.5,856435.41,94326.29,-7.6577
2022-06-30,PF00040,-4.27,4.37,-8.64,11.02,-0.3875,-8.13,1200042.41,-34609.44,22.5993
2022-06-30,PF00049,-4.71,8.89,-13.6,16.75,-0.2812,-14.86,1380217.88,-14569.72,61.4329
2022-06-30,PF00018,-1.54,0.76,-2.3,19.59,-0.0786,-8.11,1855542.11,6110.77,-4.144
2022-06-30,PF00078,3.73,-5.47,9.2,16.56,0.2252,-12.96,1199219.62,-39951.01,40.0102
2022-06-30,PF00046,0.6,8.33,-7.73,11.1,0.0541,-12.87,468441.51,18661.3,75.1162
2022-06-30,PF00052,8.85,-5.89,14.74,4.67,1.8951,-10.56,1550870.55,-42914.83,64.8573
2022-06-30,PF00113,-7.06,1.17,-8.23,6.45,-1.0946,-14.82,1722901.71,34081.03,17.556
2022-06-30,PF00024,-0.48,-2.92,2.44,8.78,-0.0547,-2.11,514474.89,-20807.71,74.4411
2022-06-30,PF00134,11.33,7.49,3.84,18.74,0.6046,-9.81,1017417.51,70110.65,23.1753
2022-06-30,PF00001,2.12,1.7,0.42,5.3,0.4,-0.48,970483.22,16513.84,65.7405
2022-06-30,PF00065,-2.37,-3.08,0.71,7.3,-0.3247,-5.97,989417.83,27621.1,22.6895
2022-06-30,PF00131,7.74,-3.9,11.64,2.12,3.6509,-2.43,674839.65,6749.82,-5.9979
2022-06-30,PF00095,-5.37,0.22,-5.59,10.93,-0.4913,-0.05,1912261.03,-21474.15,1.1014
2022-06-30,PF00036,-6.36,9.89,-16.25,16.56,-0.3841,-3.01,1973292.57,12707.84,71.2077
2022-06-30,PF00038,5.03,9.09,-4.06,14.44,0.3483,-3.29,1802094.68,-29317.81,29.5146
2022-06-30,PF00029,11.42,8.32,3.1,15.59,0.7325,-2.99,1530693.7,-23929.47,50.8197
2022-06-30,PF00053,-3.15,-4.33,1.18,4.63,-0.6803,-0.19,1606429.53,86097.45,67.5936
2022-06-30,PF00140,4.22,6.7,-2.48,3.61,1.169,-14.07,1263612.24,57305.32,66.1457
2022-06-30,PF00080,-4.05,-4.32,0.27,17.84,-0.227,-10.51,760938.32,-5739.67,18.9626
2022-06-30,PF00150,-1.82,0.88,-2.7,2.99,-0.6087,-5.95,916049.3,-34449.64,73.2525
2022-06-30,PF00136,-3.47,4.57,-8.04,17.72,-0.1958,-9.42,1322429.97,83386.57,-8.402
2022-06-30,PF00093,10.57,-3.3,13.87,15.66,0.675,-10.26,1158357.19,18577.21,-5.4416
2022-06-30,PF00073,-4.13,-4.99,0.86,5.31,-0.7778,-4.28,411259.41,-35173.53,75.1764
2022-06-30,PF00002,-2.21,-0.92,-1.29,18.19,-0.1215,-7.01,1814085.93,24190.93,44.6975
2022-06-30,PF00083,-6.13,-3.0,-3.13,8.08,-0.7587,-7.8,458004.48,-47852.32,0.4315
2022-06-30,PF00061,-2.87,9.46,-12.33,8.24,-0.3483,-10.45,1544973.38,-24935.72,-14.937
2022-06-30,PF00055,1.64,3.66,-2.02,17.16,0.0956,-13.85,562975.0,21524.05,16.3963
2022-06-30,PF00027,11.42,7.27,4.15,8.68,1.3157,-9.5,117678.64,75669.28,29.7968
2022-06-30,PF00122,-7.42,5.62,-13.04,17.3,-0.4289,-3.3,827656.45,-24437.42,5.8306
2022-06-30,PF00013,-3.47,2.64,-6.11,13.49,-0.2572,-10.91,1901546.04,-492.6,-11.346
2022-06-30,PF00085,3.66,6.12,-2.46,14.1,0.2596,-5.98,1660518.39,38016.2,-6.7897
2022-06-30,PF00130,-6.85,0.51,-7.36,19.89,-0.3444,-13.41,163168.69,-22575.47,67.3942
2022-06-30,PF00032,10.26,6.73,3.53,17.82,0.5758,-13.38,1093388.28,8384.23,76.3513
2022-06-30,PF00008,-7.7,3.0,-10.7,1.95,-3.9487,-4.89,1757495.72,15230.03,-11.5622
2022-06-30,PF00108,-6.07,-4.17,-1.9,3.45,-1.7594,-6.29,1585408.1,18665.79,5.4625
2022-06-30,PF00116,4.74,7.57,-2.83,5.5,0.8618,-13.47,765775.62,-29949.14,55.4026
2022-06-30,PF00129,-4.2,7.03,-11.23,9.12,-0.4605,-13.26,1154358.85,8915.46,0.571
2022-06-30,PF00120,7.18,-5.39,12.57,1.74,4.1264,-8.51,1311620.62,95727.24,44.6637
2022-06-30,PF00067,-4.96,-2.33,-2.63,15.99,-0.3102,-14.9,1603538.99,7906.45,10.2733
2022-06-30,PF00128,2.62,2.86,-0.24,18.94,0.1383,-9.62,1167634.51,49494.61,73.0688
2022-06-30,PF00059,-6.25,0.99,-7.24,16.97,-0.3683,-6.72,1185207.49,-37882.83,52.8744
2022-06-30,PF00056,3.4,5.09,-1.69,11.52,0.2951,-5.65,1880593.02,-31025.14,-2.862
2022-06-30,PF00119,-7.46,5.9,-13.36,1.24,-6.0161,-4.43,1373676.25,-17334.6,77.0258
2022-07-31,PF00052,1.42,8.15,-6.73,10.54,0.1347,-10.68,1416807.09,2702.46,6.7062
2022-07-31,PF00098,5.26,4.19,1.07,3.34,1.5749,-2.56,1913940.98,47399.39,36.9336
2022-07-31,PF00087,8.69,-3.65,12.34,13.22,0.6573,-1.41,388469.81,48969.4,38.148
2022-07-31,PF00106,4.54,2.65,1.89,2.13,2.1315,-1.63,824347.2,-5776.62,61.8507
2022-07-31,PF00121,4.11,-2.01,6.12,7.78,0.5283,-9.35,1597678.21,41988.5,31.1255
2022-07-31,PF00096,-2.86,1.9,-4.76,18.61,-0.1537,-1.62,1403130.65,42466.75,53.9304
2022-07-31,PF00104,8.2,7.93,0.27,16.47,0.4979,-7.5,1673903.63,-239.63,25.5974
2022-07-31,PF00099,9.88,-5.21,15.09,8.62,1.1462,-8.86,645381.3,-10168.53,36.2271
2022-07-31,PF00091,-0.79,-2.43,1.64,5.68,-0.1391,-8.59,1706657.05,72642.53,24.9429
2022-07-31,PF00066,-7.51,7.42,-14.93,2.01,-3.7363,-5.11,113439.56,5662.62,17.5164
2022-07-31,PF00047,8.46,0.98,7.48,4.79,1.7662,-12.19,1589726.24,11987.24,57.2473
2022-07-31,PF00009,1.84,-4.85,6.69,14.66,0.1255,-12.95,1034818.14,66718.72,6.9393
2022-07-31,PF00084,-5.81,-3.97,-1.84,5.38,-1.0799,-11.53,46702.78,-24556.61,35.1877
2022-07-31,PF00040,0.66,-5.63,6.29,11.56,0.0571,-7.53,639266.62,74096.47,62.036
2022-07-31,PF00042,2.63,1.81,0.82,18.84,0.1396,-6.09,548242.87,71013.77,21.1118
2022-07-31,PF00116,-3.16,-1.67,-1.49,10.53,-0.3001,-9.45,468390.02,20695.81,58.1257
2022-07-31,PF00082,0.52,9.03,-8.51,19.4,0.0268,-1.6,688911.01,23524.22,12.9866
2022-07-31,PF00002,3.95,0.08,3.87,7.77,0.5084,-7.05,1023978.79,64720.14,78.6568
2022-07-31,PF00078,9.85,5.32,4.53,12.05,0.8174,-2.81,1893383.91,9041.06,22.8612
2022-07-31,PF00074,1.99,7.72,-5.73,7.09,0.2807,-4.93,406832.51,-47213.14,54.8344
2022-07-31,PF00108,9.79,-0.16,9.95,3.62,2.7044,-3.04,1845812.5,18819.01,44.8103
2022-07-31,PF00083,-0.34,7.53,-7.87,1.93,-0.1762,-14.49,1607205.29,84764.26,61.1607
2022-07-31,PF00149,-4.6,-2.68,-1.92,15.25,-0.3016,-13.58,935602.6,64787.31,55.3862
2022-07-31,PF00058,11.74,9.63,2.11,19.41,0.6048,-10.31,687734.71,42787.61,-6.0869
2022-07-31,PF00005,-0.53,-3.91,3.38,6.01,-0.0882,-5.56,371009.19,53559.8,-7.9412
2022-07-31,PF00015,4.24,9.72,-5.48,8.61,0.4925,-11.84,1635055.06,43706.96,67.5007
2022-07-31,PF00090,1.16,3.25,-2.09,5.88,0.1973,-8.17,1993122.23,-6997.27,39.3864
2022-07-31,PF00054,5.33,8.8,-3.47,17.91,0.2976,-1.92,86764.92,-34587.05,55.9094
2022-07-31,PF00100,1.65,-2.22,3.87,12.0,0.1375,-5.08,1869064.94,-23786.17,40.7754
2022-07-31,PF00019,-5.97,0.87,-6.84,15.41,-0.3874,-4.3,1949843.95,-37563.77,-17.0336
2022-07-31,PF00086,-0.07,7.48,-7.55,15.42,-0.0045,-10.85,1207330.53,88049.23,51.0062
2022-07-31,PF00132,-6.9,2.9,-9.8,12.2,-0.5656,-1.58,1921821.68,31536.79,51.2519
2022-07-31,PF00109,2.49,6.78,-4.29,13.77,0.1808,-7.92,1033095.14,84857.65,37.5512
2022-07-31,PF00135,4.76,-5.51,10.27,1.48,3.2162,-9.82,350957.57,77370.18,24.182
2022-07-31,PF00130,4.32,3.51,0.81,18.51,0.2334,-3.94,1479430.52,18791.12,18.8326
2022-07-31,PF00080,-3.07,8.98,-12.05,1.73,-1.7746,-7.45,1931613.22,77140.87,-10.2372
2022-07-31,PF00114,6.11,-2.78,8.89,7.68,0.7956,-2.06,1687576.82,27123.39,16.7323
2022-07-31,PF00071,-5.6,1.09,-6.69,14.38,-0.3894,-14.96,1784086.8,55449.74,47.0783
2022-07-31,PF00065,5.96,-2.74,8.7,15.41,0.3868,-4.84,897646.44,50842.22,34.56
2022-07-31,PF00142,9.18,5.76,3.42,3.08,2.9805,-0.04,779726.7,38914.03,48.19
2022-07-31,PF00103,5.69,-5.65,11.34,9.25,0.6151,-10.54,820387.73,968.82,53.1012
2022-07-31,PF00092,3.48,1.2,2.28,15.28,0.2277,-11.27,618914.75,7939.06,45.0348
2022-07-31,PF00143,5.86,2.19,3.67,2.85,2.0561,-7.63,178308.99,78641.73,44.4894
2022-07-31,PF00046,-6.79,1.77,-8.56,9.25,-0.7341,-13.36,257209.76,42309.76,9.5158
2022-07-31,PF00070,-2.6,-4.75,2.15,11.71,-0.222,-12.01,1065344.21,27333.5,33.4332
2022-07-31,PF00039,11.28,0.61,10.67,5.71,1.9755,-12.58,786748.71,31995.61,-10.9555
2022-07-31,PF00079,0.22,-0.38,0.6,7.66,0.0287,-1.97,455750.73,-25480.06,43.3181
2022-07-31,PF00120,1.38,-4.73,6.11,16.85,0.0819,-13.08,1744090.44,30376.21,15.8153
2022-07-31,PF00010,10.49,-1.54,12.03,4.64,2.2608,-8.91,197944.95,90717.95,39.362
2022-07-31,PF00150,11.44,5.37,6.07,14.2,0.8056,-4.83,431505.81,97666.52,50.1728
2022-07-31,PF00107,-1.19,4.87,-6.06,16.19,-0.0735,-9.92,1040270.77,99513.96,-0.6296
2022-07-31,PF00067,-7.91,9.1,-17.01,18.24,-0.4337,-7.25,174838.78,24627.99,78.3654
2022-07-31,PF00105,8.07,6.56,1.51,17.14,0.4708,-4.47,1218341.18,26607.86,-5.6637
2022-07-31,PF00076,-2.73,2.44,-5.17,5.0,-0.546,-11.48,1896376.74,76609.11,42.8901
2022-07-31,PF00139,1.41,-1.25,2.66,8.51,0.1657,-7.67,261106.76,38998.95,34.8694
2022-07-31,PF00036,-5.95,-2.57,-3.38,18.35,-0.3243,-5.61,1187605.17,41827.03,33.1176
2022-07-31,PF00038,1.63,3.87,-2.24,10.41,0.1566,-12.34,556111.82,73951.18,-7.4932
2022-07-31,PF00125,5.87,9.39,-3.52,16.25,0.3612,-8.49,938861.64,470.73,0.2724
2022-07-31,PF00049,6.51,6.73,-0.22,8.89,0.7323,-0.04,210090.22,49599.44,48.7516
2022-07-31,PF00068,2.23,3.02,-0.79,18.74,0.119,-12.14,1647141.07,60780.7,74.9829
2022-07-31,PF00118,7.63,4.17,3.46,13.64,0.5594,-7.02,290061.37,24625.08,37.5902
2022-07-31,PF00003,8.85,-0.39,9.24,4.99,1.7735,-0.37,1928345.01,65204.41,24.9743
2022-07-31,PF00045,-5.4,7.69,-13.09,10.76,-0.5019,-13.41,1328816.07,-6186.6,66.7088
2022-07-31,PF00024,8.76,6.56,2.2,16.54,0.5296,-2.61,538377.01,-15415.25,36.7191
2022-07-31,PF00122,6.08,1.54,4.54,3.24,1.8765,-9.54,253141.81,56922.28,-1.1018
2022-07-31,PF00057,10.22,0.52,9.7,12.38,0.8255,-1.17,1442112.72,23565.05,31.1782
2022-07-31,PF00029,9.88,1.09,8.79,1.95,5.0667,-13.93,567496.37,23511.16,-8.056
2022-07-31,PF00129,-6.8,7.96,-14.76,2.75,-2.4727,-0.58,1024367.81,47162.5,1.5113
2022-07-31,PF00095,-6.33,-3.49,-2.84,19.42,-0.326,-1.43,941124.02,-11935.27,5.5021
2022-07-31,PF00119,-4.54,7.13,-11.67,13.09,-0.3468,-8.58,1210846.25,88677.44,48.5128
2022-07-31,PF00073,5.1,-1.14,6.24,10.66,0.4784,-11.97,876873.0,-17155.34,31.1274
2022-07-31,PF00141,6.77,-4.58,11.35,1.7,3.9824,-0.17,847973.75,-34604.59,43.3006
2022-07-31,PF00044,5.87,2.51,3.36,11.53,0.5091,-11.24,1941206.24,-16377.19,36.1903
2022-07-31,PF00133,7.22,0.85,6.37,14.45,0.4997,-2.52,1671360.58,3428.55,11.1358
2022-07-31,PF00028,8.75,-3.58,12.33,5.65,1.5487,-6.05,524400.62,74261.7,45.0709
2022-07-31,PF00006,0.3,-4.5,4.8,11.7,0.0256,-1.45,1670050.59,-35491.69,31.5112
2022-07-31,PF00117,7.18,9.49,-2.31,18.46,0.3889,-12.56,1240307.64,25763.28,43.9453
2022-07-31,PF00027,4.38,-1.02,5.4,19.05,0.2299,-6.04,1178893.28,20422.74,-9.2333
2022-07-31,PF00112,-1.15,8.32,-9.47,7.53,-0.1527,-11.44,1705914.93,89096.03,13.7543
2022-07-31,PF00146,-0.52,2.15,-2.67,13.99,-0.0372,-7.29,1299061.59,26550.87,69.2304
2022-07-31,PF00034,10.15,4.52,5.63,2.13,4.7653,-2.48,1007189.2,-12473.96,58.541
2022-07-31,PF00035,8.02,8.45,-0.43,12.75,0.629,-3.82,1197072.82,19817.09,-11.3782
2022-07-31,PF00008,-3.96,4.61,-8.57,3.93,-1.0076,-0.11,1994086.61,12120.89,77.9351
2022-07-31,PF00077,3.06,3.4,-0.34,5.57,0.5494,-3.22,1009814.19,-14493.04,79.1601
2022-07-31,PF00145,3.52,-1.32,4.84,12.92,0.2724,-4.97,1785718.26,-49676.23,75.1523
2022-07-31,PF00041,7.61,1.38,6.23,9.96,0.7641,-2.53,431609.72,70838.47,53.3617
2022-07-31,PF00033,11.47,5.38,6.09,9.84,1.1657,-4.15,682072.12,71316.03,1.2303
2022-07-31,PF00011,8.85,-1.73,10.58,5.77,1.5338,-12.92,812929.27,49134.48,-8.4285
2022-07-31,PF00063,9.79,-4.71,14.5,2.54,3.8543,-12.52,64310.23,-42764.73,52.8062
2022-07-31,PF00075,6.88,-4.68,11.56,9.45,0.728,-8.75,1830322.45,89174.61,19.2496
2022-07-31,PF00134,-7.98,-3.86,-4.12,7.36,-1.0842,-14.8,1945847.25,67409.12,-0.3982
2022-07-31,PF00101,6.68,6.79,-0.11,2.98,2.2416,-4.41,275627.58,2184.24,-1.9153
2022-07-31,PF00020,9.71,8.68,1.03,3.46,2.8064,-6.2,1005176.13,67513.65,13.526
2022-07-31,PF00013,-5.34,4.42,-9.76,5.67,-0.9418,-7.04,1089454.58,563.97,47.5105
2022-07-31,PF00088,7.64,4.38,3.26,10.22,0.7476,-2.79,960705.21,8103.32,0.0609
2022-07-31,PF00123,-6.91,9.01,-15.92,16.86,-0.4098,-9.69,1043660.21,28457.97,75.0315
2022-07-31,PF00062,-7.97,-5.12,-2.85,1.37,-5.8175,-5.03,1867798.82,-19635.59,76.9626
2022-07-31,PF00014,6.21,7.88,-1.67,2.8,2.2179,-9.91,919182.81,3865.71,49.7539
2022-07-31,PF00081,6.79,5.65,1.14,5.04,1.3472,-11.98,971438.32,57926.87,38.0012
2022-07-31,PF00001,0.38,-5.25,5.63,3.61,0.1053,-7.19,1375352.43,10579.67,49.5411
2022-08-31,PF00026,-2.82,5.41,-8.23,11.03,-0.2557,-3.92,1649281.73,-14809.15,62.9329
2022-08-31,PF00090,6.93,4.65,2.28,2.48,2.7944,-9.72,1313761.17,-24348.66,54.3966
2022-08-31,PF00035,-4.86,4.08,-8.94,14.36,-0.3384,-1.06,338952.62,5325.84,62.6375
2022-08-31,PF00115,-3.6,-1.47,-2.13,16.23,-0.2218,-4.38,435275.54,-36344.35,-12.5089
2022-08-31,PF00009,7.22,1.7,5.52,2.28,3.1667,-2.25,994796.74,-27801.47,70.4183
2022-08-31,PF00025,9.93,0.11,9.82,16.45,0.6036,-0.15,1429553.82,38637.33,-18.3348
2022-08-31,PF00039,5.61,-4.31,9.92,17.2,0.3262,-5.43,921634.56,15185.49,3.4557
2022-08-31,PF00124,9.93,-0.02,9.95,9.1,1.0912,-13.35,442426.03,80509.72,-15.3986
2022-08-31,PF00071,0.71,9.55,-8.84,18.76,0.0378,-0.18,1990793.66,-27007.92,-9.6102
2022-08-31,PF00001,-5.45,-5.54,0.09,9.28,-0.5873,-11.47,1483071.28,17787.72,3.37
2022-08-31,PF00030,-0.56,9.27,-9.83,10.89,-0.0514,-10.69,496742.31,-26917.49,49.5628
2022-08-31,PF00038,-2.06,9.47,-11.53,6.14,-0.3355,-13.12,848731.27,-45813.93,39.0068
2022-08-31,PF00109,2.12,-2.48,4.6,16.89,0.1255,-12.53,311613.52,-16992.12,28.0071
2022-08-31,PF00120,1.92,-2.3,4.22,15.11,0.1271,-3.74,1286859.34,79899.56,3.7351
2022-08-31,PF00107,-1.67,6.75,-8.42,8.5,-0.1965,-13.7,1288918.79,1487.28,45.4622
2022-08-31,PF00069,-1.16,8.87,-10.03,7.07,-0.1641,-7.52,1098857.28,7223.95,30.6414
2022-08-31,PF00148,-0.44,6.12,-6.56,12.3,-0.0358,-9.16,1896500.43,59245.37,68.5306
2022-08-31,PF00135,-7.48,-0.07,-7.41,18.9,-0.3958,-8.71,1075407.97,58785.86,2.614
2022-08-31,PF00082,2.68,-1.69,4.37,15.63,0.1715,-0.32,1329445.47,-39210.08,26.7083
2022-08-31,PF00077,10.71,2.57,8.14,1.1,9.7364,-4.58,1215057.56,92191.63,21.5245
2022-08-31,PF00126,0.37,-2.51,2.88,9.1,0.0407,-12.29,393438.83,32595.05,-4.6016
2022-08-31,PF00106,7.54,-0.05,7.59,19.12,0.3944,-13.7,1187302.21,83706.67,-0.6879
2022-08-31,PF00127,5.33,-0.47,5.8,18.6,0.2866,-5.1,918601.55,18238.07,-14.5285
2022-08-31,PF00011,-5.0,-2.74,-2.26,7.91,-0.6321,-1.5,1755666.66,88349.05,42.0035
2022-08-31,PF00075,-7.19,-1.99,-5.2,6.28,-1.1449,-5.44,1651895.71,-31056.6,78.5248
2022-08-31,PF00020,-1.92,7.89,-9.81,9.09,-0.2112,-4.29,1001721.0,36450.46,7.5438
2022-08-31,PF00104,7.91,3.93,3.98,15.85,0.4991,-6.76,1133276.3,-43446.04,6.5605
2022-08-31,PF00108,2.14,6.84,-4.7,15.05,0.1422,-13.32,283325.98,64041.81,-13.3846
2022-08-31,PF00018,-5.87,7.25,-13.12,6.67,-0.8801,-1.47,73280.83,13502.4,65.0652
2022-08-31,PF00129,0.76,3.37,-2.61,5.72,0.1329,-5.12,1738403.93,-7883.88,20.7728
2022-08-31,PF00144,-7.26,7.65,-14.91,17.66,-0.4111,-6.59,627536.82,49983.58,59.4743
2022-08-31,PF00059,-5.36,-3.74,-1.62,12.66,-0.4234,-7.56,1601285.09,65897.99,42.6289
2022-08-31,PF00070,10.36,3.26,7.1,12.74,0.8132,-8.31,1147064.28,52001.44,51.6449
2022-08-31,PF00099,8.32,7.19,1.13,14.82,0.5614,-3.72,1355399.08,31052.54,66.6682
2022-08-31,PF00116,7.78,9.7,-1.92,15.17,0.5129,-7.32,1579744.07,2029.33,2.4455
2022-08-31,PF00125,1.59,4.89,-3.3,10.0,0.159,-9.65,1326497.63,-42458.83,66.4143
2022-08-31,PF00022,-3.8,1.44,-5.24,18.27,-0.208,-13.87,1355439.29,98351.84,18.1987
2022-08-31,PF00016,-1.85,5.12,-6.97,9.12,-0.2029,-4.77,1417911.76,-48831.93,67.0347
2022-08-31,PF00094,9.03,-1.72,10.75,12.31,0.7335,-7.79,1862951.83,-12271.37,12.7277
2022-08-31,PF00086,-6.9,4.1,-11.0,7.78,-0.8869,-6.63,686410.22,2289.96,13.4345
2022-08-31,PF00031,8.84,-3.82,12.66,4.33,2.0416,-13.96,1144647.79,-8761.53,77.4044
2022-08-31,PF00088,11.85,-5.79,17.64,16.75,0.7075,-5.29,522016.22,57549.37,52.105
2022-08-31,PF00122,-6.51,-4.78,-1.73,1.28,-5.0859,-12.83,1954387.73,65437.0,29.9768
2022-08-31,PF00045,-5.21,7.46,-12.67,19.14,-0.2722,-6.41,724669.56,1019.78,8.8353
2022-08-31,PF00118,3.54,1.51,2.03,9.19,0.3852,-11.04,544796.12,28022.4,72.8746
2022-08-31,PF00067,-2.89,5.79,-8.68,7.9,-0.3658,-7.58,439732.68,33358.18,19.3589
2022-08-31,PF00100,5.65,9.86,-4.21,8.83,0.6399,-6.19,557309.61,7473.32,72.5352
2022-08-31,PF00004,-0.76,1.44,-2.2,5.11,-0.1487,-12.99,575567.92,51185.21,79.6519
2022-08-31,PF00064,-5.06,2.73,-7.79,3.94,-1.2843,-8.87,1110724.45,14767.14,62.092
2022-08-31,PF00052,6.35,7.74,-1.39,10.16,0.625,-8.89,1005413.99,-26897.95,27.2384
2022-08-31,PF00013,9.87,9.36,0.51,3.91,2.5243,-0.44,1828594.7,-8001.45,28.0031
2022-08-31,PF00138,-3.09,-0.08,-3.01,13.1,-0.2359,-0.7,1068833.9,2473.25,77.3302
2022-08-31,PF00017,11.95,8.04,3.91,15.62,0.765,-6.17,1356797.86,44988.72,67.4602
2022-08-31,PF00076,1.82,4.06,-2.24,12.92,0.1409,-7.75,1091765.74,-30383.88,35.0693
2022-08-31,PF00095,0.13,-0.88,1.01,17.19,0.0076,-12.78,232948.96,99120.17,65.8891
2022-08-31,PF00098,3.54,8.85,-5.31,5.27,0.6717,-9.61,1919593.9,70383.08,-1.2006
2022-08-31,PF00062,10.17,-1.74,11.91,4.26,2.3873,-9.12,1206953.88,41682.37,1.7903
2022-08-31,PF00141,9.12,2.19,6.93,17.59,0.5185,-4.73,589131.21,41581.78,48.4108
2022-08-31,PF00055,4.07,9.38,-5.31,12.91,0.3153,-13.25,348077.85,-25556.65,12.237
2022-08-31,PF00111,-2.26,1.26,-3.52,5.62,-0.4021,-5.56,1976120.68,40776.4,51.2598
2022-08-31,PF00048,11.99,7.82,4.17,12.16,0.986,-12.22,1390744.45,42493.75,40.1974
2022-08-31,PF00029,6.35,2.85,3.5,11.89,0.5341,-0.58,1013582.03,81936.69,25.4701
2022-08-31,PF00083,7.62,3.91,3.71,7.8,0.9769,-5.35,1934316.36,9414.66,1.5651
2022-08-31,PF00050,3.46,5.84,-2.38,3.04,1.1382,-13.35,788592.2,28079.28,-1.2657
2022-08-31,PF00051,9.51,7.27,2.24,2.14,4.4439,-14.8,1202645.47,20054.74,33.8343
2022-08-31,PF00014,-5.33,5.01,-10.34,19.25,-0.2769,-6.3,616186.25,7142.14,29.135
2022-08-31,PF00019,-7.57,1.8,-9.37,1.54,-4.9156,-2.13,1756953.77,10536.96,-12.8484
2022-08-31,PF00128,-5.32,4.79,-10.11,5.8,-0.9172,-13.37,171304.58,10058.7,0.4803
2022-08-31,PF00015,9.75,4.08,5.67,14.11,0.691,-4.3,688126.28,9353.52,63.6551
2022-08-31,PF00123,-6.39,-1.09,-5.3,8.7,-0.7345,-4.6,1970077.56,18187.65,26.2093
2022-08-31,PF00028,10.37,3.14,7.23,12.09,0.8577,-5.66,233665.02,41596.65,57.3033
2022-08-31,PF00060,6.05,5.07,0.98,19.87,0.3045,-12.06,1258430.46,78275.44,66.9865
2022-08-31,PF00131,-4.17,-0.61,-3.56,9.7,-0.4299,-3.89,966165.69,-35618.99,-15.4268
2022-08-31,PF00147,-2.6,-0.27,-2.33,19.69,-0.132,-8.18,1484936.99,-29430.64,67.1855
2022-08-31,PF00065,-2.71,2.39,-5.1,17.53,-0.1546,-3.11,484216.63,-49660.13,52.7914
2022-08-31,PF00012,-7.72,1.83,-9.55,18.67,-0.4135,-11.86,1391400.54,66034.78,47.881
2022-08-31,PF00034,-5.71,8.49,-14.2,18.36,-0.311,-0.56,218649.7,-19383.5,58.2831
2022-08-31,PF00105,-2.81,9.64,-12.45,17.53,-0.1603,-4.41,566659.25,90190.66,-19.695
2022-08-31,PF00007,9.03,3.65,5.38,13.52,0.6679,-12.65,491192.93,64370.7,40.7612
2022-08-31,PF00078,-1.58,-5.18,3.6,4.14,-0.3816,-4.34,1312842.83,5750.95,64.6686
2022-08-31,PF00114,-4.66,4.85,-9.51,12.46,-0.374,-4.69,1186176.97,94238.94,10.7884
2022-08-31,PF00066,-0.39,-3.47,3.08,12.8,-0.0305,-7.19,1957437.94,-21892.16,8.0835
2022-08-31,PF00150,3.15,-2.83,5.98,2.89,1.09,-2.97,1997220.59,56678.27,76.6312
2022-08-31,PF00044,-2.24,0.82,-3.06,3.27,-0.685,-9.77,1850061.37,12692.52,70.2004
2022-08-31,PF00133,3.39,-2.53,5.92,13.0,0.2608,-3.37,901455.53,87771.05,33.4778
2022-08-31,PF00079,7.23,8.43,-1.2,11.64,0.6211,-1.68,1391469.56,-29395.53,-8.1222
2022-08-31,PF00074,3.13,0.3,2.83,9.63,0.325,-3.15,1774191.29,-33176.24,74.08
2022-08-31,PF00140,-1.48,-5.6,4.12,18.26,-0.0811,-7.45,179967.55,13541.62,72.2584
2022-08-31,PF00142,7.08,2.63,4.45,11.41,0.6205,-14.78,1277663.53,38697.51,23.5479
2022-08-31,PF00049,-3.23,3.46,-6.69,4.42,-0.7308,-5.47,1097592.9,41842.2,-10.8028
2022-08-31,PF00081,2.55,-3.25,5.8,14.48,0.1761,-7.02,1398640.86,65266.54,-10.7066
2022-08-31,PF00008,2.11,5.39,-3.28,14.71,0.1434,-4.18,1329190.21,286.39,0.3706
2022-08-31,PF00042,-7.28,4.17,-11.45,18.37,-0.3963,-8.93,679194.18,1242.97,29.6333
2022-08-31,PF00146,-6.05,8.89,-14.94,14.41,-0.4198,-13.01,1056198.57,45649.93,-11.4986
2022-08-31,PF00054,4.33,-5.78,10.11,8.68,0.4988,-8.8,1935095.81,56704.3,-6.9812
2022-08-31,PF00084,2.86,7.82,-4.96,1.09,2.6239,-1.02,1889953.84,-18919.35,27.672
2022-08-31,PF00002,1.85,4.02,-2.17,6.02,0.3073,-0.47,1891379.11,71078.39,70.0651
2022-08-31,PF00097,8.63,3.44,5.19,4.17,2.0695,-12.71,513649.11,87546.04,59.0339
2022-08-31,PF00113,3.02,4.72,-1.7,19.33,0.1562,-1.21,1303887.23,-26005.67,-18.8568
2022-08-31,PF00134,5.7,-0.49,6.19,11.73,0.4859,-12.47,988418.97,66556.9,14.8807
2022-09-30,PF00031,6.96,8.0,-1.04,3.12,2.2308,-7.79,1733343.97,24445.55,-8.475
2022-09-30,PF00060,-6.23,-4.43,-1.8,5.82,-1.0704,-9.15,1062262.75,74062.42,54.3014
2022-09-30,PF00002,2.75,9.26,-6.51,3.12,0.8814,-3.22,344749.57,-29060.77,19.1375
2022-09-30,PF00062,5.21,1.37,3.84,15.97,0.3262,-2.37,354165.17,-12526.34,54.903
2022-09-30,PF00125,-4.43,0.9,-5.33,5.52,-0.8025,-0.01,89587.81,94045.82,36.7794
2022-09-30,PF00059,8.38,2.82,5.56,18.83,0.445,-2.95,1511112.33,52465.98,-11.0798
2022-09-30,PF00039,0.06,9.5,-9.44,15.06,0.004,-9.35,1746498.87,65637.96,-8.4483
2022-09-30,PF00121,-2.19,-1.58,-0.61,4.35,-0.5034,-0.52,292148.04,76118.76,-12.9146
2022-09-30,PF00043,5.8,-3.0,8.8,4.33,1.3395,-10.43,1776574.49,67777.68,79.2818
2022-09-30,PF00023,11.41,1.99,9.42,4.41,2.5873,-6.71,1909295.32,67875.89,15.0387
2022-09-30,PF00077,5.82,7.82,-2.0,7.32,0.7951,-7.68,1313378.72,36996.5,-6.6807
2022-09-30,PF00016,-7.79,-3.09,-4.7,10.51,-0.7412,-10.4,618668.07,16360.7,72.4867
2022-09-30,PF00047,-0.96,-1.17,0.21,18.01,-0.0533,-2.92,1709916.07,6596.11,33.4819
2022-09-30,PF00144,-7.46,5.23,-12.69,4.62,-1.6147,-10.3,484337.77,34627.78,63.0177
2022-09-30,PF00112,7.87,4.96,2.91,13.34,0.59,-2.02,1441245.84,11834.01,40.0522
2022-09-30,PF00130,-6.02,7.53,-13.55,13.48,-0.4466,-0.8,1778189.44,-21999.79,73.8089
2022-09-30,PF00009,-1.34,-0.81,-0.53,15.49,-0.0865,-7.63,1584563.11,82956.46,16.3975
2022-09-30,PF00150,-7.01,2.38,-9.39,15.38,-0.4558,-8.08,1282481.84,-27886.69,-0.4539
2022-09-30,PF00074,-4.18,3.26,-7.44,11.69,-0.3576,-2.47,235218.96,58535.64,-2.1048
2022-09-30,PF00102,-7.79,7.51,-15.3,12.76,-0.6105,-12.95,916836.83,24545.38,33.5023
2022-09-30,PF00064,-5.62,-0.72,-4.9,9.73,-0.5776,-0.53,1390867.36,-18349.47,31.3534
2022-09-30,PF00083,9.95,0.72,9.23,7.31,1.3611,-9.63,1481748.72,-47269.98,54.7165
2022-09-30,PF00085,-0.55,-2.75,2.2,4.69,-0.1173,-11.34,802976.33,-40983.04,55.7127
2022-09-30,PF00100,1.68,-0.91,2.59,15.21,0.1105,-4.12,677537.12,67848.31,73.3781
2022-09-30,PF00003,-2.57,-1.28,-1.29,5.84,-0.4401,-5.73,967019.95,-39913.54,45.9957
2022-09-30,PF00114,7.75,1.71,6.04,2.18,3.555,-8.21,1154517.04,85385.22,63.8395
2022-09-30,PF00051,-7.24,9.77,-17.01,13.59,-0.5327,-7.21,735347.65,18747.02,34.802
2022-09-30,PF00084,-0.72,0.88,-1.6,15.11,-0.0477,-0.33,1924783.82,32059.2,52.7549
2022-09-30,PF00113,11.81,4.68,7.13,7.17,1.6471,-11.37,1822533.04,-44755.72,67.7501
2022-09-30,PF00055,-3.64,8.11,-11.75,18.68,-0.1949,-1.78,1427805.35,39604.67,18.3013
2022-09-30,PF00120,8.52,-5.54,14.06,6.56,1.2988,-4.61,267944.41,-7149.14,14.7907
2022-09-30,PF00143,8.46,9.95,-1.49,10.16,0.8327,-13.73,1883524.71,35433.73,75.0081
2022-09-30,PF00081,-1.64,2.03,-3.67,5.49,-0.2987,-1.35,665097.22,82641.5,30.224
2022-09-30,PF00109,0.22,-4.33,4.55,13.72,0.016,-9.38,1103726.06,-21876.08,46.5221
2022-09-30,PF00082,-3.99,6.84,-10.83,14.13,-0.2824,-10.12,1040918.43,22450.29,21.5487
2022-09-30,PF00041,9.34,5.44,3.9,17.29,0.5402,-10.37,442286.92,94521.34,-4.2814
2022-09-30,PF00037,11.18,6.9,4.28,14.4,0.7764,-11.63,1384456.01,-6611.3,19.6489
2022-09-30,PF00006,1.55,8.52,-6.97,3.36,0.4613,-5.56,1480193.0,-16282.82,-7.4188
2022-09-30,PF00104,8.26,-0.11,8.37,2.54,3.252,-13.81,165600.45,22616.92,62.2803
2022-09-30,PF00103,6.97,5.02,1.95,19.73,0.3533,-8.01,620732.39,7023.84,38.0144
2022-09-30,PF00147,4.03,7.94,-3.91,6.88,0.5858,-9.32,360614.12,-39652.0,69.2891
2022-09-30,PF00076,-6.04,8.47,-14.51,2.42,-2.4959,-11.15,501683.15,61520.31,35.902
2022-09-30,PF00015,3.13,5.55,-2.42,15.74,0.1989,-8.24,1691120.54,84717.71,56.6779
2022-09-30,PF00133,-6.79,4.49,-11.28,5.44,-1.2482,-10.45,1589015.12,90573.03,73.1582
2022-09-30,PF00099,7.89,1.25,6.64,12.66,0.6232,-12.28,814024.49,23608.12,43.2266
2022-09-30,PF00128,8.57,0.79,7.78,5.22,1.6418,-6.31,860686.89,-31676.71,24.1119
2022-09-30,PF00149,0.99,-5.42,6.41,2.93,0.3379,-8.14,540420.93,-19634.87,51.4895
2022-09-30,PF00004,-3.13,-3.57,0.44,2.76,-1.1341,-7.89,624828.11,-26899.21,78.8328
2022-09-30,PF00142,-3.12,0.45,-3.57,6.09,-0.5123,-14.58,709623.39,54166.74,-14.0888
2022-09-30,PF00061,3.01,2.21,0.8,19.36,0.1555,-12.61,257519.92,-42486.71,-13.9668
2022-09-30,PF00118,-4.36,8.26,-12.62,11.54,-0.3778,-12.52,1392892.53,76594.89,8.5701
2022-09-30,PF00108,4.51,1.0,3.51,18.92,0.2384,-9.68,1654287.52,-774.5,4.6187
2022-09-30,PF00139,-0.05,4.55,-4.6,7.38,-0.0068,-1.71,652386.0,66936.82,57.8172
2022-09-30,PF00030,8.75,4.94,3.81,16.52,0.5297,-6.8,1768432.16,83257.02,13.9303
2022-09-30,PF00022,8.42,2.35,6.07,5.48,1.5365,-6.87,135461.4,-16665.25,39.3364
2022-09-30,PF00057,11.99,-5.44,17.43,13.54,0.8855,-1.14,1408802.76,82616.66,77.8922
2022-09-30,PF00123,11.49,3.35,8.14,6.91,1.6628,-1.27,658677.64,84113.62,65.8372
2022-09-30,PF00087,1.55,-4.6,6.15,15.07,0.1029,-1.61,1418496.05,30435.02,-2.6343
2022-09-30,PF00096,9.37,-3.52,12.89,10.17,0.9213,-11.79,166029.02,28854.32,6.5219
2022-09-30,PF00097,9.82,-2.51,12.33,7.16,1.3715,-14.71,523707.41,-33355.43,64.0059
2022-09-30,PF00115,11.4,6.81,4.59,15.95,0.7147,-6.84,472280.82,52547.34,68.2243
2022-09-30,PF00119,-4.04,2.78,-6.82,12.24,-0.3301,-0.34,1238572.3,-13916.17,26.5436
2022-09-30,PF00053,10.27,1.79,8.48,7.07,1.4526,-0.84,893617.44,-47344.56,3.2639
2022-09-30,PF00092,-0.53,4.19,-4.72,8.25,-0.0642,-4.92,1724792.34,30974.11,18.6733
2022-09-30,PF00127,4.64,-3.42,8.06,7.51,0.6178,-7.89,1213950.03,15833.92,17.6673
2022-09-30,PF00042,-1.14,6.25,-7.39,8.9,-0.1281,-13.02,1835454.73,24961.16,-3.7516
2022-09-30,PF00145,-2.42,3.7,-6.12,2.73,-0.8864,-12.94,607491.83,91470.46,75.8605
2022-09-30,PF00072,-3.46,7.25,-10.71,15.6,-0.2218,-12.43,1548167.08,-44175.69,-14.448
2022-09-30,PF00028,-4.72,4.95,-9.67,12.37,-0.3816,-1.36,1268409.84,48761.24,14.4851
2022-09-30,PF00024,2.76,1.99,0.77,1.71,1.614,-4.09,1684648.79,-39658.66,32.3732
2022-09-30,PF00134,-1.19,-0.96,-0.23,14.46,-0.0823,-4.35,303987.7,18976.58,49.9121
2022-09-30,PF00049,-0.77,-3.71,2.94,7.37,-0.1045,-6.14,848357.71,97289.29,-0.8513
2022-09-30,PF00068,4.26,8.27,-4.01,9.79,0.4351,-14.14,1660730.82,23611.33,30.6731
2022-09-30,PF00146,-3.89,3.18,-7.07,13.7,-0.2839,-3.55,1705559.84,-27440.22,31.1631
2022-09-30,PF00140,-5.92,-4.24,-1.68,15.98,-0.3705,-2.82,475013.83,88918.65,31.2136
2022-09-30,PF00045,4.97,-0.21,5.18,3.7,1.3432,-8.77,686574.65,-29303.65,72.2787
2022-09-30,PF00124,-3.05,-1.7,-1.35,5.81,-0.525,-4.44,1078572.07,-45507.28,69.35
2022-09-30,PF00105,1.0,6.51,-5.51,4.35,0.2299,-8.14,1719252.67,22372.98,65.6116
2022-09-30,PF00073,6.77,-3.76,10.53,9.27,0.7303,-11.12,1149617.66,-33287.59,-1.9542
2022-09-30,PF00020,3.22,6.27,-3.05,16.67,0.1932,-10.11,1162221.5,30147.38,50.4569
2022-09-30,PF00007,-5.31,4.2,-9.51,18.15,-0.2926,-0.07,1878354.94,26522.83,25.04
2022-09-30,PF00013,7.45,-1.92,9.37,7.23,1.0304,-9.79,406034.18,34616.11,35.1528
2022-09-30,PF00026,1.53,8.68,-7.15,15.89,0.0963,-9.37,1220700.17,68344.55,70.6307
2022-09-30,PF00078,10.51,5.86,4.65,2.4,4.3792,-9.01,1804759.76,55411.36,67.6915
2022-09-30,PF00093,-2.7,6.52,-9.22,18.54,-0.1456,-13.22,1036326.19,62179.54,29.883
2022-09-30,PF00001,-4.66,1.08,-5.74,5.92,-0.7872,-2.44,1253449.74,61602.91,-10.7103
2022-09-30,PF00138,6.41,1.73,4.68,2.52,2.5437,-2.99,366031.73,88599.68,22.9752
2022-09-30,PF00032,8.21,4.33,3.88,18.17,0.4518,-14.78,1617652.33,-33300.55,57.9385
2022-09-30,PF00050,4.59,-0.26,4.85,5.29,0.8677,-14.85,723592.23,-21834.96,-11.7682
2022-09-30,PF00052,-6.0,-1.9,-4.1,4.99,-1.2024,-7.7,1636416.78,78702.36,8.9959
2022-09-30,PF00048,8.94,7.28,1.66,8.21,1.0889,-1.01,607283.29,-40812.18,40.388
2022-09-30,PF00014,-0.01,0.27,-0.28,6.42,-0.0016,-0.61,130427.97,-44568.93,-0.346
2022-09-30,PF00091,11.59,9.71,1.88,6.83,1.6969,-4.19,334129.01,-46097.34,47.235
2022-09-30,PF00070,3.77,-5.4,9.17,19.57,0.1926,-13.65,951801.12,71915.67,10.6369
2022-09-30,PF00075,-0.39,-4.57,4.18,5.28,-0.0739,-12.02,651576.52,63218.94,9.5791
2022-09-30,PF00088,0.62,-0.54,1.16,19.5,0.0318,-6.33,424721.37,75987.05,32.0133
2022-09-30,PF00117,-6.21,-2.76,-3.45,18.52,-0.3353,-12.9,1536242.33,10124.54,49.022
2022-09-30,PF00018,0.79,8.39,-7.6,4.53,0.1744,-4.86,1641008.4,17291.23,-7.1523
2022-09-30,PF00126,9.8,-2.76,12.56,19.95,0.4912,-4.5,1362406.6,73230.54,52.4158
2022-09-30,PF00012,11.47,1.96,9.51,9.57,1.1985,-13.5,1942122.15,39682.14,73.3785
2022-10-31,PF00034,-6.77,0.77,-7.54,14.34,-0.4721,-13.69,1076039.36,-30294.63,75.4806
2022-10-31,PF00003,2.56,-5.08,7.64,8.38,0.3055,-7.58,1409136.92,35458.18,9.2144
2022-10-31,PF00144,10.31,1.16,9.15,17.95,0.5744,-12.35,446627.15,10240.08,62.0663
2022-10-31,PF00101,10.25,-5.97,16.22,9.08,1.1289,-3.85,406658.45,98162.58,-2.5314
2022-10-31,PF00094,3.04,-2.19,5.23,8.37,0.3632,-3.78,1876440.63,68574.98,73.1646
2022-10-31,PF00130,-5.01,-1.45,-3.56,8.33,-0.6014,-3.53,427492.67,27682.59,3.1498
2022-10-31,PF00042,-2.29,0.95,-3.24,9.05,-0.253,-13.39,580400.02,43500.44,16.113
2022-10-31,PF00146,2.51,1.07,1.44,9.76,0.2572,-7.15,1943737.72,39152.05,43.0548
2022-10-31,PF00017,-1.94,-2.69,0.75,2.68,-0.7239,-12.51,558838.5,51184.6,18.0579
2022-10-31,PF00121,3.03,-5.67,8.7,12.73,0.238,-4.79,797894.52,-22862.41,-7.7146
2022-10-31,PF00073,10.25,-4.84,15.09,11.24,0.9119,-13.42,118378.68,85406.21,11.4429
2022-10-31,PF00027,1.87,2.57,-0.7,7.09,0.2638,-8.41,1428585.28,66488.82,3.829
2022-10-31,PF00069,-7.9,6.89,-14.79,4.47,-1.7673,-14.81,958406.76,60257.37,-4.6768
2022-10-31,PF00095,-3.98,2.77,-6.75,3.5,-1.1371,-8.2,219075.49,12395.15,18.7697
2022-10-31,PF00143,1.77,1.51,0.26,6.67,0.2654,-7.1,1107584.12,-3906.51,35.1137
2022-10-31,PF00044,8.96,1.56,7.4,14.09,0.6359,-5.34,1018953.89,46652.18,50.6271
2022-10-31,PF00092,7.51,-2.86,10.37,2.23,3.3677,-12.66,540639.45,5161.47,69.7796
2022-10-31,PF00049,9.16,8.84,0.32,1.65,5.5515,-2.78,553723.19,-35740.42,-7.2756
2022-10-31,PF00077,-1.84,3.05,-4.89,1.42,-1.2958,-9.5,1326357.92,65077.41,-11.2567
2022-10-31,PF00107,0.51,9.12,-8.61,2.53,0.2016,-10.99,1177415.32,87817.14,49.9756
2022-10-31,PF00149,-5.69,-2.5,-3.19,13.97,-0.4073,-0.96,973502.77,82153.65,70.0166
2022-10-31,PF00086,10.42,-3.42,13.84,2.17,4.8018,-8.61,1675363.48,94694.94,23.889
2022-10-31,PF00026,10.31,-1.08,11.39,17.57,0.5868,-4.65,1256844.96,-40763.11,-0.7876
2022-10-31,PF00013,-6.13,2.18,-8.31,15.58,-0.3935,-2.97,1376661.45,61982.68,-7.7838
2022-10-31,PF00113,10.56,5.73,4.83,17.2,0.614,-0.05,371194.55,26831.97,66.9009
2022-10-31,PF00076,6.33,0.83,5.5,17.06,0.371,-12.22,1769858.63,86222.28,75.8186
2022-10-31,PF00041,11.35,9.65,1.7,13.72,0.8273,-0.59,105918.52,92221.97,26.0754
2022-10-31,PF00018,3.06,-1.73,4.79,16.64,0.1839,-5.35,1187301.55,-40330.9,57.6256
2022-10-31,PF00029,-2.66,2.91,-5.57,10.92,-0.2436,-6.49,112708.87,60826.52,3.5897
2022-10-31,PF00093,0.41,2.22,-1.81,17.45,0.0235,-8.78,1198304.69,-33515.26,31.6201
2022-10-31,PF00053,5.94,5.05,0.89,11.33,0.5243,-4.41,941400.2,6936.22,-6.2235
2022-10-31,PF00014,-4.64,-1.84,-2.8,17.84,-0.2601,-8.2,166896.25,60568.65,37.5552
2022-10-31,PF00031,-5.42,6.61,-12.03,7.61,-0.7122,-11.99,790852.71,15992.84,25.244
2022-10-31,PF00063,-3.62,7.99,-11.61,7.14,-0.507,-10.73,957292.58,-179.24,75.7891
2022-10-31,PF00097,2.33,-3.81,6.14,7.23,0.3223,-1.16,323103.58,50611.39,28.438
2022-10-31,PF00057,10.4,8.09,2.31,11.69,0.8896,-9.99,633406.21,14627.98,47.0951
2022-10-31,PF00124,12.0,-5.35,17.35,2.21,5.4299,-6.65,1095464.95,3645.76,9.3498
2022-10-31,PF00118,4.51,2.26,2.25,1.69,2.6686,-9.46,881221.75,13655.18,-12.6064
2022-10-31,PF00039,0.33,8.06,-7.73,7.02,0.047,-7.62,628409.72,-25658.37,-1.9766
2022-10-31,PF00024,10.7,9.89,0.81,8.43,1.2693,-1.4,1954633.5,29510.61,76.4433
2022-10-31,PF00033,7.37,-4.05,11.42,18.17,0.4056,-14.23,1644019.96,99730.53,52.8373
2022-10-31,PF00046,-7.0,0.41,-7.41,2.45,-2.8571,-11.75,1210503.01,-30563.67,31.8856
2022-10-31,PF00131,5.5,6.69,-1.19,13.72,0.4009,-3.55,437425.66,31512.24,28.9492
2022-10-31,PF00079,-4.93,4.02,-8.95,15.37,-0.3208,-3.21,1579545.93,-5242.12,4.1781
2022-10-31,PF00099,-2.86,8.01,-10.87,1.69,-1.6923,-3.3,1155218.26,-35091.29,59.0829
2022-10-31,PF00011,-7.05,8.23,-15.28,19.11,-0.3689,-5.37,167801.42,97410.5,75.6505
2022-10-31,PF00019,11.53,4.91,6.62,13.2,0.8735,-12.76,568745.53,72358.66,59.5968
2022-10-31,PF00109,-6.63,1.18,-7.81,4.47,-1.4832,-13.06,1729455.98,93231.29,67.8938
2022-10-31,PF00102,-2.94,2.56,-5.5,3.15,-0.9333,-14.2,12119.88,-31059.28,55.1888
2022-10-31,PF00032,7.02,6.71,0.31,13.7,0.5124,-10.97,90913.19,25853.87,6.4396
2022-10-31,PF00134,-4.41,4.77,-9.18,19.0,-0.2321,-11.29,1847987.66,-2900.85,-1.2409
2022-10-31,PF00133,10.64,2.21,8.43,7.09,1.5007,-4.78,1910393.91,49602.54,69.0376
2022-10-31,PF00138,9.87,2.63,7.24,9.5,1.0389,-4.6,1167774.43,15366.02,-4.095
2022-10-31,PF00045,-3.3,7.44,-10.74,9.11,-0.3622,-10.49,1146523.44,18489.57,67.7837
2022-10-31,PF00071,4.6,9.12,-4.52,6.33,0.7267,-13.66,1766059.47,16519.78,15.0166
2022-10-31,PF00055,10.35,5.99,4.36,17.59,0.5884,-6.04,1597454.69,13656.77,28.2624
2022-10-31,PF00088,-0.76,0.6,-1.36,19.24,-0.0395,-2.14,1505751.43,-28746.78,71.3571
2022-10-31,PF00035,-3.44,-0.63,-2.81,14.98,-0.2296,-14.09,1613144.64,38831.6,-5.0583
2022-10-31,PF00128,1.69,-0.09,1.78,10.07,0.1678,-2.29,1570463.36,87971.07,26.913
2022-10-31,PF00025,5.27,-5.42,10.69,15.77,0.3342,-11.06,1816482.94,-11099.09,16.0831
2022-10-31,PF00015,-1.68,-5.45,3.77,2.52,-0.6667,-10.91,1110275.96,67085.97,0.5239
2022-10-31,PF00016,-2.5,1.14,-3.64,12.53,-0.1995,-11.64,1071834.13,95491.66,46.5904
2022-10-31,PF00141,0.82,-1.48,2.3,2.66,0.3083,-14.16,864514.3,68684.88,-0.2878
2022-10-31,PF00048,-0.27,7.6,-7.87,9.08,-0.0297,-14.75,789611.87,14339.27,69.617
2022-10-31,PF00078,6.72,1.28,5.44,12.71,0.5287,-3.74,260675.64,27512.25,4.1914
2022-10-31,PF00028,-6.98,-3.26,-3.72,15.82,-0.4412,-1.42,450740.41,43084.31,64.3044
2022-10-31,PF00074,-7.63,-1.75,-5.88,2.2,-3.4682,-2.7,1304267.05,53663.39,-19.263
2022-10-31,PF00104,-7.0,7.73,-14.73,3.72,-1.8817,-1.99,512833.89,78987.77,45.7996
2022-10-31,PF00008,9.15,0.97,8.18,18.75,0.488,-4.29,50723.57,81276.54,79.8938
2022-10-31,PF00081,0.1,-5.28,5.38,8.15,0.0123,-9.25,937074.01,33182.02,55.4057
2022-10-31,PF00064,0.5,-2.78,3.28,1.21,0.4132,-11.94,216730.11,77894.05,55.8019
2022-10-31,PF00062,-0.66,5.02,-5.68,10.58,-0.0624,-8.08,780765.14,16064.17,15.1967
2022-10-31,PF00082,-3.18,-4.24,1.06,13.79,-0.2306,-5.46,297381.63,23320.83,16.161
2022-10-31,PF00068,-1.28,3.24,-4.52,19.88,-0.0644,-7.12,1236510.15,-17405.43,34.956
2022-10-31,PF00100,7.92,5.15,2.77,17.58,0.4505,-0.16,1750956.25,-32913.85,0.469
2022-10-31,PF00047,-0.85,-1.65,0.8,6.45,-0.1318,-10.13,1765830.81,50967.08,20.2106
2022-10-31,PF00036,11.86,-3.05,14.91,18.95,0.6259,-0.05,1422822.9,-41586.14,61.356
2022-10-31,PF00001,9.25,-4.85,14.1,15.4,0.6006,-2.35,1014989.3,39584.6,27.708
2022-10-31,PF00056,5.51,6.09,-0.58,11.14,0.4946,-0.81,1535781.6,14797.74,16.3958
2022-10-31,PF00147,7.43,-5.97,13.4,4.81,1.5447,-0.27,719741.49,91121.04,74.61
2022-10-31,PF00148,4.27,3.84,0.43,3.53,1.2096,-7.47,114142.37,87416.14,66.283
2022-10-31,PF00127,0.66,-4.63,5.29,1.78,0.3708,-3.74,1149819.6,58522.32,20.4182
2022-10-31,PF00106,-4.05,-4.76,0.71,8.69,-0.4661,-3.04,700004.9,-16252.55,25.2611
2022-10-31,PF00004,7.98,-0.92,8.9,2.74,2.9124,-1.52,1043479.06,-48324.44,-10.4836
2022-10-31,PF00066,3.94,2.01,1.93,13.94,0.2826,-12.01,258208.81,-22953.14,9.9434
2022-10-31,PF00040,-2.45,-4.04,1.59,16.52,-0.1483,-5.73,484815.12,29918.47,-4.7977
2022-10-31,PF00012,11.99,1.39,10.6,7.62,1.5735,-0.05,1404156.13,-2189.95,13.7404
2022-10-31,PF00114,4.66,9.63,-4.97,17.51,0.2661,-10.74,1527037.99,97142.48,41.7112
2022-10-31,PF00120,0.8,-4.51,5.31,12.83,0.0624,-0.77,824930.5,92059.52,60.9326
2022-10-31,PF00142,-7.38,-4.12,-3.26,5.16,-1.4302,-8.65,798639.32,86143.95,43.4252
2022-10-31,PF00111,4.91,9.51,-4.6,14.77,0.3324,-4.57,476190.74,-4072.16,42.3937
2022-10-31,PF00116,7.6,-3.67,11.27,10.32,0.7364,-4.86,297116.97,51282.28,78.7581
2022-10-31,PF00061,-7.84,-3.47,-4.37,1.32,-5.9394,-2.53,1000699.49,7328.33,41.1052
2022-10-31,PF00084,-5.56,7.15,-12.71,6.65,-0.8361,-11.9,952752.77,-46366.38,-14.9908
2022-10-31,PF00098,3.81,0.4,3.41,12.76,0.2986,-0.71,1602094.31,79179.38,2.6281
2022-10-31,PF00067,-7.06,-4.4,-2.66,13.26,-0.5324,-10.78,1710953.27,-42084.36,3.204
2022-10-31,PF00087,-5.74,1.46,-7.2,8.49,-0.6761,-11.96,108242.45,41898.38,20.5989
2022-10-31,PF00072,10.74,-4.81,15.55,12.72,0.8443,-0.19,158581.08,34234.31,15.5579
2022-10-31,PF00136,9.82,2.31,7.51,8.96,1.096,-0.09,936617.42,8678.57,-12.24
2022-10-31,PF00085,10.99,3.21,7.78,7.52,1.4614,-12.67,1295217.84,-20103.54,22.8403
2022-11-30,PF00027,7.28,3.55,3.73,1.74,4.1839,-6.7,1309167.98,93824.81,-11.0294
2022-11-30,PF00003,4.29,-3.5,7.79,19.4,0.2211,-9.82,1853904.99,-27182.12,60.2044
2022-11-30,PF00049,2.39,-5.24,7.63,15.65,0.1527,-5.11,811128.07,8057.38,-17.6864
2022-11-30,PF00105,7.16,-3.92,11.08,18.11,0.3954,-4.79,400534.73,27627.32,28.4594
2022-11-30,PF00020,0.21,5.6,-5.39,7.58,0.0277,-3.68,25998.35,-13357.96,1.5189
2022-11-30,PF00100,4.2,8.48,-4.28,18.46,0.2275,-4.8,175882.77,96732.91,23.0167
2022-11-30,PF00086,3.57,1.52,2.05,16.58,0.2153,-10.53,848715.34,-9522.81,48.7722
2022-11-30,PF00069,6.19,1.9,4.29,4.46,1.3879,-14.3,939207.85,26866.3,71.5311
2022-11-30,PF00058,-4.25,9.22,-13.47,14.23,-0.2987,-3.93,1137431.03,-43119.39,57.8181
2022-11-30,PF00131,10.07,2.56,7.51,19.29,0.522,-7.33,1342825.06,36692.78,2.5532
2022-11-30,PF00076,1.16,1.15,0.01,18.4,0.063,-5.64,60719.18,83534.09,58.1204
2022-11-30,PF00065,-1.21,-4.85,3.64,14.52,-0.0833,-6.96,1430053.42,23022.46,65.5473
2022-11-30,PF00031,4.01,7.47,-3.46,9.15,0.4383,-14.09,756230.78,87024.35,-6.0391
2022-11-30,PF00034,-6.57,2.21,-8.78,13.32,-0.4932,-5.83,1613979.07,2512.66,-18.2424
2022-11-30,PF00112,1.41,2.64,-1.23,5.32,0.265,-6.42,1649276.72,48261.87,46.0263
2022-11-30,PF00142,11.69,6.06,5.63,12.52,0.9337,-1.02,212064.55,-38044.15,41.2878
2022-11-30,PF00042,6.28,8.48,-2.2,17.97,0.3495,-11.79,1940372.1,75825.12,-3.075
2022-11-30,PF00108,7.38,-3.53,10.91,11.07,0.6667,-7.82,1819563.06,-44708.88,12.0831
2022-11-30,PF00047,4.26,-2.45,6.71,15.12,0.2817,-1.29,900806.14,16289.3,76.4913
2022-11-30,PF00060,-5.8,2.51,-8.31,11.46,-0.5061,-11.33,749169.29,1076.92,67.541
2022-11-30,PF00123,-5.99,-5.85,-0.14,2.86,-2.0944,-0.92,1215145.2,8480.24,-4.3814
2022-11-30,PF00107,10.48,6.83,3.65,4.89,2.1431,-12.36,1067618.84,-32013.01,16.1643
2022-11-30,PF00053,-2.82,-3.89,1.07,5.77,-0.4887,-12.79,557391.44,88153.95,-4.0556
2022-11-30,PF00035,4.4,2.37,2.03,15.74,0.2795,-0.4,857021.15,-389.0,3.3784
2022-11-30,PF00134,-1.89,-0.24,-1.65,19.29,-0.098,-8.26,1925199.1,64206.1,71.5678
2022-11-30,PF00125,7.21,-4.29,11.5,9.82,0.7342,-10.0,897191.62,30482.06,64.5245
2022-11-30,PF00073,10.21,8.55,1.66,8.05,1.2683,-11.48,286342.08,64829.27,69.9994
2022-11-30,PF00050,-5.95,3.76,-9.71,3.33,-1.7868,-13.52,1393238.22,-9571.19,60.5652
2022-11-30,PF00106,11.09,2.5,8.59,9.37,1.1836,-5.15,977644.3,28678.43,11.1493
2022-11-30,PF00021,8.66,1.81,6.85,6.0,1.4433,-2.33,28678.63,6991.65,79.2537
2022-11-30,PF00133,-3.67,7.49,-11.16,8.21,-0.447,-5.53,1681916.79,98232.04,-17.5007
2022-11-30,PF00056,-4.94,-3.08,-1.86,17.61,-0.2805,-13.36,1763061.53,-47697.47,78.8054
2022-11-30,PF00150,7.39,8.18,-0.79,6.61,1.118,-5.29,1026054.15,46907.67,43.5563
2022-11-30,PF00115,-2.06,0.55,-2.61,7.82,-0.2634,-2.99,1938842.25,68694.99,66.1468
2022-11-30,PF00048,1.68,2.39,-0.71,18.82,0.0893,-10.77,1629154.17,65221.8,52.9919
2022-11-30,PF00110,1.14,1.67,-0.53,7.54,0.1512,-6.59,919450.65,46678.73,11.9379
2022-11-30,PF00081,-0.28,6.29,-6.57,8.34,-0.0336,-2.98,1662689.25,-4499.29,64.0849
2022-11-30,PF00091,1.99,3.01,-1.02,9.49,0.2097,-12.01,1540575.37,-37609.95,24.0107
2022-11-30,PF00088,-1.1,1.18,-2.28,17.66,-0.0623,-11.26,1894028.88,56998.78,63.0271
2022-11-30,PF00118,-4.0,7.29,-11.29,16.9,-0.2367,-10.94,1720201.06,77159.53,47.1372
2022-11-30,PF00043,9.47,-2.6,12.07,5.82,1.6271,-2.48,442364.95,36795.06,36.7932
2022-11-30,PF00102,8.86,-4.65,13.51,13.56,0.6534,-7.1,1542117.64,85652.82,46.062
2022-11-30,PF00017,1.31,3.65,-2.34,15.08,0.0869,-11.52,889384.23,5624.58,6.1352
2022-11-30,PF00090,-1.33,5.58,-6.91,15.83,-0.084,-5.41,616798.39,70718.76,-7.7107
2022-11-30,PF00144,9.04,1.92,7.12,17.98,0.5028,-14.54,1350248.56,46964.63,53.1881
2022-11-30,PF00022,-6.03,9.88,-15.91,12.4,-0.4863,-3.59,1707659.81,-39218.26,34.9459
2022-11-30,PF00059,1.66,6.22,-4.56,2.39,0.6946,-4.12,646279.82,-37005.2,6.6735
2022-11-30,PF00129,7.78,1.15,6.63,7.2,1.0806,-1.8,1148938.01,59100.55,73.2134
2022-11-30,PF00104,4.25,6.11,-1.86,8.2,0.5183,-2.07,1489291.18,57505.67,-17.839
2022-11-30,PF00137,3.33,5.15,-1.82,19.78,0.1684,-7.68,530763.07,93552.64,15.5079
2022-11-30,PF00068,6.73,5.37,1.36,17.74,0.3794,-12.49,1005523.63,96469.34,9.7978
2022-11-30,PF00005,6.64,5.66,0.98,11.65,0.57,-13.21,1865872.82,35846.9,72.344
2022-11-30,PF00063,7.08,-0.66,7.74,18.14,0.3903,-14.81,986363.94,-31547.69,23.2646
2022-11-30,PF00055,1.5,-5.93,7.43,7.81,0.1921,-0.27,778871.52,6776.04,2.5512
2022-11-30,PF00051,4.78,-1.72,6.5,18.92,0.2526,-13.67,1619810.95,50610.03,-11.6687
2022-11-30,PF00128,-2.52,4.67,-7.19,9.78,-0.2577,-11.93,1405245.63,-11121.76,-7.176
2022-11-30,PF00006,11.63,8.35,3.28,17.83,0.6523,-3.73,544736.11,27949.62,73.7315
2022-11-30,PF00124,-7.64,8.02,-15.66,13.91,-0.5492,-9.02,1109553.8,53785.95,27.345
2022-11-30,PF00095,9.64,1.62,8.02,11.67,0.826,-9.29,212938.1,36272.15,73.874
2022-11-30,PF00041,4.9,8.85,-3.95,15.73,0.3115,-0.03,731813.44,52054.55,61.6013
2022-11-30,PF00040,5.72,-5.83,11.55,18.94,0.302,-3.6,664593.95,-36400.27,25.7265
2022-11-30,PF00046,9.29,7.7,1.59,9.38,0.9904,-8.13,1834291.23,-39963.14,60.2212
2022-11-30,PF00114,7.22,4.28,2.94,4.39,1.6446,-4.87,14189.86,-49317.82,61.0184
2022-11-30,PF00074,7.92,3.14,4.78,11.56,0.6851,-13.77,362727.54,39593.05,-1.0364
2022-11-30,PF00147,-4.62,0.75,-5.37,16.52,-0.2797,-10.31,1407924.94,-15242.46,58.229
2022-11-30,PF00082,8.93,2.04,6.89,18.22,0.4901,-1.39,1849956.24,-47770.87,54.3328
2022-11-30,PF00136,-5.33,-3.75,-1.58,13.04,-0.4087,-11.02,519155.73,11856.04,59.9774
2022-11-30,PF00113,7.67,-1.02,8.69,14.96,0.5127,-3.4,1319445.12,7235.02,45.5819
2022-11-30,PF00127,-2.64,3.1,-5.74,10.62,-0.2486,-3.63,68451.89,-8807.92,1.5454
2022-11-30,PF00037,3.75,-4.12,7.87,6.61,0.5673,-9.69,1393768.36,-30571.63,77.6389
2022-11-30,PF00087,3.65,-1.75,5.4,15.06,0.2424,-7.74,1836472.59,38762.64,-10.2794
2022-11-30,PF00044,10.01,6.15,3.86,9.36,1.0694,-2.81,482421.26,8607.63,71.2416
2022-11-30,PF00009,-4.12,2.28,-6.4,3.41,-1.2082,-8.47,1461406.7,56233.94,52.3337
2022-11-30,PF00135,-5.41,7.17,-12.58,18.45,-0.2932,-1.24,563209.39,95574.22,18.0952
2022-11-30,PF00119,0.11,1.6,-1.49,19.11,0.0058,-0.94,1370025.84,32957.58,-18.8041
2022-11-30,PF00039,0.72,-5.87,6.59,8.24,0.0874,-13.13,1373629.38,-509.1,-1.4213
2022-11-30,PF00122,4.0,-3.64,7.64,5.24,0.7634,-6.62,1465533.16,-13040.42,-5.1949
2022-11-30,PF00075,9.09,5.66,3.43,19.62,0.4633,-2.44,1895872.15,59732.62,-0.6151
2022-11-30,PF00138,0.76,7.83,-7.07,11.52,0.066,-6.12,1577214.5,49788.13,30.3427
2022-11-30,PF00024,6.19,-2.65,8.84,18.29,0.3384,-6.58,244101.4,53329.92,17.7639
2022-11-30,PF00062,8.39,2.82,5.57,2.96,2.8345,-2.26,341905.44,-40356.41,8.509
2022-11-30,PF00072,-0.78,-2.88,2.1,13.78,-0.0566,-6.25,59046.86,-27098.43,1.375
2022-11-30,PF00033,-5.84,-1.54,-4.3,16.99,-0.3437,-4.96,695144.65,85666.38,75.3418
2022-11-30,PF00061,3.85,6.32,-2.47,14.98,0.257,-8.27,1037817.64,68154.25,2.0432
2022-11-30,PF00054,-2.16,7.48,-9.64,17.22,-0.1254,-8.86,843306.02,-41545.09,65.9809
2022-11-30,PF00010,8.49,4.49,4.0,19.13,0.4438,-11.31,356570.74,29518.39,2.9578
2022-11-30,PF00001,0.26,2.58,-2.32,11.42,0.0228,-9.13,1387384.16,3606.78,44.0578
2022-11-30,PF00140,-6.04,1.1,-7.14,8.84,-0.6833,-10.68,1936182.14,-24670.0,49.3261
2022-11-30,PF00004,10.45,8.01,2.44,7.39,1.4141,-4.65,132712.45,-10406.97,67.8721
2022-11-30,PF00117,4.24,2.7,1.54,8.03,0.528,-9.78,109524.21,90486.54,78.6555
2022-11-30,PF00109,4.45,7.87,-3.42,8.77,0.5074,-9.52,1060919.93,92220.78,28.6529
2022-11-30,PF00121,-5.58,0.01,-5.59,11.57,-0.4823,-6.47,1126024.48,79892.64,46.1878
2022-11-30,PF00103,3.15,-4.77,7.92,11.72,0.2688,-0.88,1092945.4,-49521.41,24.9632
2022-11-30,PF00120,-5.86,4.12,-9.98,13.5,-0.4341,-12.69,240152.23,2377.46,62.3089
2022-11-30,PF00066,-1.58,2.76,-4.34,11.46,-0.1379,-12.65,1833465.6,-15758.69,27.3029
2022-11-30,PF00085,-5.88,9.62,-15.5,13.51,-0.4352,-4.17,1321166.85,9253.44,-12.0332
2022-11-30,PF00098,1.85,0.92,0.93,18.26,0.1013,-9.19,201366.97,28105.95,15.9544
2022-11-30,PF00139,1.52,6.94,-5.42,6.24,0.2436,-13.14,1709858.76,-47588.36,67.3246
2022-11-30,PF00143,1.63,-4.9,6.53,7.95,0.205,-2.05,1736878.43,3926.53,71.4326
2022-11-30,PF00149,-2.32,7.28,-9.6,7.07,-0.3281,-1.6,1897362.16,98303.23,11.7949
2022-12-31,PF00046,3.85,0.43,3.42,7.76,0.4961,-12.79,1079471.49,-23241.05,24.8763
2022-12-31,PF00098,0.67,6.65,-5.98,3.55,0.1887,-13.91,69557.16,50582.85,-10.6058
2022-12-31,PF00112,2.88,2.48,0.4,11.75,0.2451,-10.89,1409249.69,71657.65,25.0306
2022-12-31,PF00148,3.22,-3.4,6.62,10.62,0.3032,-2.4,57744.7,-33645.91,44.04
2022-12-31,PF00102,-3.23,0.29,-3.52,4.25,-0.76,-6.4,824394.39,84659.39,22.2507
2022-12-31,PF00066,5.4,0.85,4.55,18.72,0.2885,-2.64,17435.39,66419.91,64.3952
2022-12-31,PF00018,5.31,9.08,-3.77,19.21,0.2764,-2.36,706337.19,64575.07,67.9762
2022-12-31,PF00084,-6.75,-4.13,-2.62,18.1,-0.3729,-9.38,763080.38,25222.31,61.32
2022-12-31,PF00092,-4.49,-1.07,-3.42,19.73,-0.2276,-8.22,1036007.87,-36482.34,45.9845
2022-12-31,PF00118,-1.67,-4.49,2.82,2.23,-0.7489,-14.71,1393255.45,-22023.33,18.8512
2022-12-31,PF00004,-1.58,5.76,-7.34,7.88,-0.2005,-9.62,1817552.95,13490.19,-16.4209
2022-12-31,PF00144,3.0,-3.27,6.27,11.83,0.2536,-11.03,1439640.57,73907.41,48.6915
2022-12-31,PF00014,4.69,5.47,-0.78,11.08,0.4233,-11.82,33245.09,76216.92,67.8499
2022-12-31,PF00141,11.57,1.44,10.13,14.46,0.8001,-2.66,915332.0,59817.69,65.3796
2022-12-31,PF00072,9.51,0.44,9.07,6.45,1.4744,-14.05,367033.56,73525.92,44.37
2022-12-31,PF00089,-0.72,8.01,-8.73,1.95,-0.3692,-0.91,1943517.04,38529.54,-5.9429
2022-12-31,PF00020,-6.25,0.71,-6.96,15.18,-0.4117,-0.54,1074887.65,79388.98,25.5257
2022-12-31,PF00119,5.02,-3.02,8.04,13.74,0.3654,-5.71,758209.7,9834.87,64.3115
2022-12-31,PF00069,-6.59,-5.91,-0.68,17.46,-0.3774,-13.92,1018429.8,56189.83,7.155
2022-12-31,PF00054,4.37,-3.36,7.73,13.55,0.3225,-5.57,1703628.8,92349.66,30.9051
2022-12-31,PF00134,5.89,7.68,-1.79,19.03,0.3095,-7.0,1727587.4,793.59,0.7574
2022-12-31,PF00008,1.87,9.31,-7.44,14.37,0.1301,-10.2,139223.4,80478.24,78.9254
2022-12-31,PF00065,-4.95,-1.29,-3.66,7.29,-0.679,-1.18,770836.87,54736.08,64.8749
2022-12-31,PF00091,1.77,1.49,0.28,11.28,0.1569,-7.95,1182838.15,96231.54,68.0261
2022-12-31,PF00006,-3.75,5.63,-9.38,18.72,-0.2003,-7.11,1122629.24,36739.04,67.1196
2022-12-31,PF00101,-7.62,-4.42,-3.2,7.97,-0.9561,-5.33,1468124.23,8156.21,60.6715
2022-12-31,PF00002,5.54,-1.72,7.26,12.15,0.456,-6.43,358312.9,-43709.75,39.9618
2022-12-31,PF00076,10.19,3.52,6.67,9.1,1.1198,-10.15,661705.91,-24752.02,17.5837
2022-12-31,PF00043,-4.56,5.41,-9.97,19.0,-0.24,-8.27,1402381.77,77044.82,-12.6249
2022-12-31,PF00052,-1.66,9.51,-11.17,14.21,-0.1168,-6.97,1144673.18,24493.24,-15.4081
2022-12-31,PF00100,8.93,1.64,7.29,17.52,0.5097,-12.99,256428.63,25637.16,72.9983
2022-12-31,PF00027,4.09,-2.69,6.78,19.04,0.2148,-13.88,1862320.39,-3716.28,72.6673
2022-12-31,PF00087,9.45,5.12,4.33,15.12,0.625,-5.91,940963.02,8570.28,45.9041
2022-12-31,PF00103,-3.2,-3.75,0.55,15.04,-0.2128,-12.27,107632.6,84470.66,57.7509
2022-12-31,PF00111,8.58,3.99,4.59,7.68,1.1172,-12.76,1302148.48,29189.8,2.9192
2022-12-31,PF00081,6.83,-5.44,12.27,11.66,0.5858,-3.28,12563.84,1311.79,3.5198
2022-12-31,PF00073,-0.66,-2.01,1.35,6.85,-0.0964,-6.71,577354.0,89757.86,47.0152
2022-12-31,PF00039,-5.07,-1.17,-3.9,19.42,-0.2611,-7.75,999204.68,69464.03,-2.3475
2022-12-31,PF00104,2.26,0.57,1.69,19.4,0.1165,-9.53,1477237.54,-47854.8,15.8981
2022-12-31,PF00034,-5.33,-1.52,-3.81,18.01,-0.2959,-10.51,597193.17,47874.24,10.1888
2022-12-31,PF00142,-2.49,-1.76,-0.73,7.84,-0.3176,-12.63,463320.68,-6758.29,-15.8046
2022-12-31,PF00122,-0.94,9.56,-10.5,15.89,-0.0592,-11.3,1305822.95,68407.25,17.4327
2022-12-31,PF00029,11.65,6.63,5.02,11.18,1.042,-12.22,1280090.89,45931.74,12.0324
2022-12-31,PF00130,4.98,-1.19,6.17,7.51,0.6631,-1.59,1338319.33,30756.03,63.579
2022-12-31,PF00143,4.91,-0.67,5.58,4.53,1.0839,-10.56,706061.42,54411.25,55.3988
2022-12-31,PF00021,-1.32,7.68,-9.0,10.37,-0.1273,-14.64,354057.31,85509.96,8.3342
2022-12-31,PF00147,-6.99,9.96,-16.95,3.04,-2.2993,-3.58,396033.49,63852.88,11.7576
2022-12-31,PF00012,11.93,2.42,9.51,1.09,10.945,-11.64,959423.89,92787.32,-9.4849
2022-12-31,PF00064,8.0,2.34,5.66,9.33,0.8574,-10.33,163292.18,2642.75,52.0992
2022-12-31,PF00085,-0.68,2.92,-3.6,15.42,-0.0441,-6.65,1838792.79,91182.18,74.2352
2022-12-31,PF00067,11.83,1.61,10.22,11.15,1.061,-2.89,1137908.67,6343.49,56.9064
2022-12-31,PF00116,-1.33,-3.74,2.41,14.11,-0.0943,-11.39,1137862.74,-3591.1,54.8829
2022-12-31,PF00117,10.84,4.2,6.64,14.05,0.7715,-4.66,191681.45,-26234.36,64.8791
2022-12-31,PF00044,5.36,6.22,-0.86,8.12,0.6601,-6.55,1185987.11,-3436.7,14.3593
2022-12-31,PF00149,-0.28,6.31,-6.59,19.01,-0.0147,-10.6,1799547.17,-37282.66,-9.5352
2022-12-31,PF00106,10.07,9.21,0.86,5.7,1.7667,-10.23,1859142.98,-33662.65,27.3886
2022-12-31,PF00121,0.84,8.58,-7.74,16.59,0.0506,-7.56,1748151.84,-23543.8,42.8987
2022-12-31,PF00053,-4.58,-3.2,-1.38,7.31,-0.6265,-3.32,618211.25,-13664.8,41.1392
2022-12-31,PF00013,-3.31,4.27,-7.58,19.72,-0.1678,-8.34,1083459.57,73856.16,26.5638
2022-12-31,PF00063,-7.93,4.26,-12.19,13.44,-0.59,-6.83,1734941.29,6955.49,-7.3356
2022-12-31,PF00047,6.54,3.61,2.93,3.68,1.7772,-8.39,210522.26,33474.46,13.7791
2022-12-31,PF00114,10.85,8.13,2.72,3.84,2.8255,-2.13,116876.21,2965.26,45.5352
2022-12-31,PF00056,7.71,5.13,2.58,4.07,1.8943,-8.93,877113.4,21944.37,-16.2808
2022-12-31,PF00025,8.29,8.46,-0.17,8.61,0.9628,-3.0,343748.37,37991.99,16.5154
2022-12-31,PF00011,7.8,2.59,5.21,16.29,0.4788,-6.06,136333.74,-33993.88,-5.9513
2022-12-31,PF00125,-6.45,1.2,-7.65,16.4,-0.3933,-1.91,862173.59,-9432.82,68.0206
2022-12-31,PF00133,7.48,-4.58,12.06,14.06,0.532,-11.88,515252.78,13502.02,-18.3798
2022-12-31,PF00093,2.42,3.09,-0.67,3.32,0.7289,-2.27,994617.44,28336.63,27.8395
2022-12-31,PF00036,2.61,-2.3,4.91,16.37,0.1594,-2.92,457192.58,-10289.93,40.6627
2022-12-31,PF00026,-5.87,7.63,-13.5,1.82,-3.2253,-4.42,1497107.42,51872.08,57.9643
2022-12-31,PF00075,-5.74,7.58,-13.32,2.52,-2.2778,-10.31,76233.0,90474.81,27.1123
2022-12-31,PF00051,-2.51,7.98,-10.49,17.4,-0.1443,-5.65,1053307.42,4718.06,74.1136
2022-12-31,PF00024,-3.35,-5.49,2.14,2.94,-1.1395,-4.5,1361512.71,66279.03,47.413
2022-12-31,PF00138,9.51,2.23,7.28,17.59,0.5406,-13.84,1627817.89,15463.52,68.2987
2022-12-31,PF00146,-4.78,7.07,-11.85,12.32,-0.388,-13.31,1513477.75,-5108.63,5.1827
2022-12-31,PF00049,11.47,-2.16,13.63,8.86,1.2946,-3.11,56094.08,55435.96,75.2069
2022-12-31,PF00099,8.46,3.93,4.53,4.93,1.716,-0.37,1106445.45,-48632.41,60.3147
2022-12-31,PF00007,-6.76,4.42,-11.18,8.68,-0.7788,-1.2,872726.65,84046.15,44.1327
2022-12-31,PF00137,8.84,-0.14,8.98,17.73,0.4986,-11.22,1914866.06,495.76,31.7569
2022-12-31,PF00030,8.07,-4.6,12.67,1.98,4.0758,-14.46,315215.58,95858.09,16.2641
2022-12-31,PF00019,-1.69,-0.24,-1.45,17.97,-0.094,-1.73,1954092.37,79370.69,28.4584
2022-12-31,PF00060,-4.79,-0.81,-3.98,5.81,-0.8244,-9.68,1665236.78,-7626.4,-19.37
2022-12-31,PF00017,11.67,-2.92,14.59,19.74,0.5912,-3.99,580618.75,41285.99,39.2753
2022-12-31,PF00057,9.79,-3.51,13.3,6.18,1.5841,-3.01,1333720.48,60362.75,-2.843
2022-12-31,PF00048,-5.92,6.76,-12.68,10.04,-0.5896,-10.24,715431.01,63745.79,64.2852
2022-12-31,PF00009,-7.88,2.07,-9.95,11.51,-0.6846,-5.78,911397.97,-17997.89,40.6021
2022-12-31,PF00037,-4.94,0.25,-5.19,1.64,-3.0122,-7.27,198364.78,-8042.36,37.2763
2022-12-31,PF00090,5.07,2.55,2.52,16.07,0.3155,-14.44,546996.37,67132.6,78.4479
2022-12-31,PF00127,8.07,3.55,4.52,16.33,0.4942,-2.51,861315.72,-36063.78,33.3737
2022-12-31,PF00010,2.49,4.22,-1.73,12.89,0.1932,-1.33,1195974.39,29366.18,78.7342
2022-12-31,PF00135,4.93,-2.95,7.88,7.61,0.6478,-6.17,1930754.58,-47047.79,36.9261
2022-12-31,PF00055,2.12,8.5,-6.38,7.32,0.2896,-4.88,674242.24,3164.88,-10.513
2022-12-31,PF00068,5.25,3.25,2.0,13.93,0.3769,-12.67,745126.05,183.32,14.0651
2022-12-31,PF00022,2.23,8.43,-6.2,3.2,0.6969,-0.3,1083845.29,27177.98,36.8611
2022-12-31,PF00070,7.46,2.44,5.02,18.24,0.409,-3.78,521126.35,58862.51,-9.0791
2022-12-31,PF00108,7.35,-5.26,12.61,9.83,0.7477,-4.98,1335862.78,-24443.08,-0.2415
2022-12-31,PF00074,-0.13,-3.45,3.32,11.64,-0.0112,-1.58,1926284.49,57303.22,-18.2424
2022-12-31,PF00005,7.45,-2.76,10.21,5.72,1.3024,-8.4,1948456.06,74127.57,18.3108
2022-12-31,PF00028,3.11,5.58,-2.47,10.66,0.2917,-6.97,1868443.03,65468.06,33.6033
2022-12-31,PF00131,-0.62,6.37,-6.99,14.09,-0.044,-10.05,844715.45,-5516.87,33.0403
2023-01-31,PF00036,-4.96,-3.23,-1.73,9.0,-0.5511,-12.04,1769203.51,-22885.46,-14.1826
2023-01-31,PF00016,3.05,1.48,1.57,5.04,0.6052,-11.52,1205739.31,-31555.65,24.238
2023-01-31,PF00034,7.25,7.36,-0.11,9.76,0.7428,-10.42,1047032.86,78376.22,35.0408
2023-01-31,PF00098,5.0,7.56,-2.56,11.57,0.4322,-7.88,549570.86,-18367.54,58.5725
2023-01-31,PF00056,0.3,1.18,-0.88,12.26,0.0245,-0.74,122923.52,-21825.35,22.6102
2023-01-31,PF00147,-7.58,5.83,-13.41,6.4,-1.1844,-12.15,482740.52,31338.09,53.7951
2023-01-31,PF00087,9.46,5.86,3.6,12.74,0.7425,-7.99,106550.93,66285.82,52.7812
2023-01-31,PF00133,-6.06,5.9,-11.96,19.04,-0.3183,-6.39,1105927.9,80881.45,30.0485
2023-01-31,PF00011,1.5,-1.74,3.24,3.42,0.4386,-6.99,666129.51,-12508.48,1.3018
2023-01-31,PF00004,9.37,2.07,7.3,15.17,0.6177,-4.52,100568.72,50548.96,-9.1689
2023-01-31,PF00141,6.45,9.12,-2.67,15.1,0.4272,-0.89,566638.25,7648.09,18.6819
2023-01-31,PF00065,7.85,4.61,3.24,5.68,1.382,-4.1,1928483.3,23297.58,22.8182
2023-01-31,PF00024,-3.22,-4.85,1.63,3.16,-1.019,-3.38,1575020.22,-24477.18,75.7322
2023-01-31,PF00105,-5.6,-2.04,-3.56,16.89,-0.3316,-4.55,84703.92,30507.01,10.0358
2023-01-31,PF00092,8.18,-0.47,8.65,10.94,0.7477,-4.1,1110344.33,13901.48,31.9091
2023-01-31,PF00080,10.82,-1.43,12.25,9.65,1.1212,-4.36,1533143.66,51851.05,25.2281
2023-01-31,PF00017,-1.1,-5.3,4.2,7.09,-0.1551,-9.83,1030604.86,43125.42,-15.811
2023-01-31,PF00107,-1.24,-2.88,1.64,7.06,-0.1756,-7.57,1222264.4,21985.8,11.1704
2023-01-31,PF00089,2.93,4.68,-1.75,11.34,0.2584,-2.76,1205790.91,83654.13,10.5943
2023-01-31,PF00030,-4.42,-5.36,0.94,6.76,-0.6538,-3.24,1329430.7,41849.42,-2.8646
2023-01-31,PF00022,-3.59,9.09,-12.68,15.7,-0.2287,-4.39,269010.76,86443.67,-16.9675
2023-01-31,PF00111,11.2,9.65,1.55,19.53,0.5735,-2.13,971073.14,30776.1,30.5047
2023-01-31,PF00051,3.78,7.38,-3.6,18.17,0.208,-7.14,1400265.49,86420.79,19.0149
2023-01-31,PF00135,9.76,1.9,7.86,14.01,0.6966,-11.18,1153226.43,82624.01,38.5635
2023-01-31,PF00096,3.14,5.17,-2.03,1.29,2.4341,-9.54,1298926.71,33474.74,12.6269
2023-01-31,PF00127,-7.94,-4.87,-3.07,2.94,-2.7007,-0.1,549861.95,50993.53,16.0177
2023-01-31,PF00026,-4.31,-1.55,-2.76,6.98,-0.6175,-13.91,1233138.7,27716.15,-6.4634
2023-01-31,PF00014,4.21,4.1,0.11,7.96,0.5289,-9.63,1838041.55,-7763.83,19.1693
2023-01-31,PF00073,8.31,3.73,4.58,16.9,0.4917,-0.5,1523948.31,-34684.15,58.8887
2023-01-31,PF00060,0.89,1.62,-0.73,16.87,0.0528,-8.7,1825585.43,-44343.89,24.4336
2023-01-31,PF00032,-7.38,9.36,-16.74,14.38,-0.5132,-12.71,1571571.38,73124.0,65.4123
2023-01-31,PF00126,-0.59,7.27,-7.86,18.02,-0.0327,-12.69,1068550.37,27133.77,45.3565
2023-01-31,PF00029,1.72,-3.74,5.46,7.41,0.2321,-7.03,749592.64,45738.81,32.7652
2023-01-31,PF00007,2.98,-1.35,4.33,12.71,0.2345,-8.19,1504095.67,1056.02,40.8138
2023-01-31,PF00112,-2.19,5.14,-7.33,8.32,-0.2632,-6.31,354851.13,18394.5,73.2609
2023-01-31,PF00085,1.04,3.64,-2.6,10.32,0.1008,-1.21,664567.72,90729.52,70.6536
2023-01-31,PF00136,-7.35,4.83,-12.18,8.26,-0.8898,-5.46,1000165.51,46922.5,63.6898
2023-01-31,PF00115,-1.89,-0.1,-1.79,17.13,-0.1103,-5.05,1668259.61,22238.49,74.3042
2023-01-31,PF00139,-3.61,-2.76,-0.85,14.82,-0.2436,-7.35,453587.0,72057.28,61.4047
2023-01-31,PF00052,-6.48,-0.68,-5.8,15.83,-0.4093,-11.95,1422679.56,-32880.43,70.7765
2023-01-31,PF00066,-3.12,9.78,-12.9,10.07,-0.3098,-10.72,1993779.24,95281.26,7.2455
2023-01-31,PF00125,3.68,3.73,-0.05,5.09,0.723,-12.82,1409751.76,-6463.26,38.9282
2023-01-31,PF00031,9.42,-5.69,15.11,1.47,6.4082,-1.12,1123385.62,-48481.14,10.5371
2023-01-31,PF00109,2.6,-5.12,7.72,12.62,0.206,-1.34,851234.85,17436.43,50.7317
2023-01-31,PF00062,2.06,-3.23,5.29,11.5,0.1791,-4.32,320953.75,-2421.6,43.5282
2023-01-31,PF00064,4.55,8.1,-3.55,19.2,0.237,-3.11,282666.2,59184.64,77.6038
2023-01-31,PF00057,-1.89,-3.09,1.2,16.73,-0.113,-6.25,1740689.74,87629.62,38.8046
2023-01-31,PF00132,8.51,9.27,-0.76,2.59,3.2857,-12.18,1978717.66,66861.38,6.9418
2023-01-31,PF00117,-7.38,-3.0,-4.38,10.92,-0.6758,-6.81,1834031.17,48043.41,48.8041
2023-01-31,PF00039,11.7,2.09,9.61,6.86,1.7055,-10.19,690461.48,26817.54,13.9302
2023-01-31,PF00138,10.74,-4.24,14.98,1.41,7.617,-3.64,1545697.15,-9168.21,6.3179
2023-01-31,PF00045,8.21,9.33,-1.12,17.45,0.4705,-14.69,1984158.83,-22447.21,35.7517
2023-01-31,PF00114,10.61,9.95,0.66,17.71,0.5991,-7.95,600283.04,30466.85,19.9711
2023-01-31,PF00084,4.47,-4.9,9.37,2.38,1.8782,-8.73,1807794.83,29338.17,1.0524
2023-01-31,PF00149,1.3,-2.09,3.39,17.53,0.0742,-1.54,1917469.08,-18422.06,5.9382
2023-01-31,PF00122,-4.29,4.1,-8.39,1.99,-2.1558,-5.55,592098.23,21549.96,1.2001
2023-01-31,PF00076,0.96,-4.33,5.29,19.15,0.0501,-10.08,1402917.63,-28257.59,39.8434
2023-01-31,PF00044,-1.14,4.73,-5.87,11.67,-0.0977,-11.5,1968424.94,-20700.36,9.7187
2023-01-31,PF00023,7.93,5.93,2.0,13.99,0.5668,-3.86,1427319.43,3012.03,5.4723
2023-01-31,PF00075,10.84,0.08,10.76,9.41,1.152,-10.9,790944.71,61988.52,17.8494
2023-01-31,PF00102,7.58,-4.35,11.93,2.21,3.4299,-4.48,104322.11,-15598.55,53.0181
2023-01-31,PF00108,-0.07,-2.08,2.01,5.48,-0.0128,-1.07,1789913.91,78653.82,33.4262
2023-01-31,PF00140,-6.98,9.1,-16.08,17.93,-0.3893,-12.29,495652.77,5730.92,55.7269
2023-01-31,PF00054,5.12,4.0,1.12,13.52,0.3787,-14.38,766242.3,56218.33,-16.5125
2023-01-31,PF00078,4.14,-2.87,7.01,15.63,0.2649,-10.44,438614.84,14534.67,49.026
2023-01-31,PF00047,11.37,6.08,5.29,5.19,2.1908,-7.55,1797839.28,68830.51,43.2437
2023-01-31,PF00144,-1.59,4.93,-6.52,7.67,-0.2073,-13.84,1304748.63,88770.49,28.265
2023-01-31,PF00079,-6.94,5.89,-12.83,7.44,-0.9328,-13.49,215856.47,60909.43,2.1699
2023-01-31,PF00038,2.59,-1.91,4.5,5.2,0.4981,-1.1,1420765.38,11308.28,-12.6306
2023-01-31,PF00048,8.44,-2.89,11.33,14.13,0.5973,-1.98,1517230.52,44596.82,35.1424
2023-01-31,PF00077,-0.84,8.69,-9.53,13.52,-0.0621,-10.2,1904585.82,44451.84,25.3667
2023-01-31,PF00137,-0.97,6.39,-7.36,12.7,-0.0764,-6.82,1685422.61,-48893.4,72.7338
2023-01-31,PF00040,-6.46,-4.83,-1.63,2.95,-2.1898,-9.98,67712.01,-24338.42,13.5548
2023-01-31,PF00015,3.18,3.39,-0.21,14.72,0.216,-14.34,320854.0,-48251.12,37.5975
2023-01-31,PF00086,5.69,2.1,3.59,10.09,0.5639,-1.62,1179484.33,32958.48,-15.7179
2023-01-31,PF00042,11.92,-1.24,13.16,8.74,1.3638,-10.88,1267101.31,76911.85,24.5017
2023-01-31,PF00123,6.77,2.81,3.96,2.16,3.1343,-6.4,1510765.08,12857.13,3.0052
2023-01-31,PF00068,-0.5,4.05,-4.55,9.15,-0.0546,-12.68,301650.09,67046.41,46.6214
2023-01-31,PF00063,5.99,-4.59,10.58,11.52,0.52,-0.27,373450.85,20232.58,73.7896
2023-01-31,PF00028,8.83,6.16,2.67,14.21,0.6214,-2.41,168003.07,49655.24,57.5556
2023-01-31,PF00128,-4.62,5.31,-9.93,2.72,-1.6985,-13.78,1439902.27,31870.52,77.0054
2023-01-31,PF00113,2.15,-2.4,4.55,17.89,0.1202,-11.78,579248.82,-28383.38,20.8894
2023-01-31,PF00074,-2.97,-1.95,-1.02,16.45,-0.1805,-3.64,219803.12,22518.59,60.9903
2023-01-31,PF00081,-0.75,-4.4,3.65,14.13,-0.0531,-0.42,485266.33,-19921.81,2.2373
2023-01-31,PF00110,9.27,0.4,8.87,17.95,0.5164,-8.31,332662.87,95307.04,31.7573
2023-01-31,PF00099,5.64,6.18,-0.54,12.29,0.4589,-6.3,1591135.81,-47145.71,-6.3258
2023-01-31,PF00037,8.38,9.43,-1.05,6.93,1.2092,-6.58,597243.56,74312.08,24.3316
2023-01-31,PF00059,7.48,-4.26,11.74,1.7,4.4,-8.33,1476239.94,33688.32,33.6105
2023-01-31,PF00119,0.27,2.65,-2.38,13.84,0.0195,-6.82,1990154.18,-31915.15,8.1097
2023-01-31,PF00019,-7.01,9.3,-16.31,6.8,-1.0309,-2.27,394304.25,26462.23,36.8414
2023-01-31,PF00130,9.44,-0.68,10.12,13.25,0.7125,-1.47,949877.95,95893.84,67.7032
2023-01-31,PF00082,-3.69,1.14,-4.83,14.56,-0.2534,-8.21,936389.97,67023.43,63.8647
2023-01-31,PF00012,4.7,-4.3,9.0,19.25,0.2442,-2.02,1353379.8,42748.85,66.0431
2023-01-31,PF00001,-4.03,6.63,-10.66,5.74,-0.7021,-9.31,128780.09,35304.77,61.6119
2023-01-31,PF00010,1.76,9.39,-7.63,19.79,0.0889,-1.86,1935493.64,-26139.3,77.1374
2023-01-31,PF00046,-5.29,-1.68,-3.61,8.13,-0.6507,-2.95,1643646.07,42821.0,67.243
2023-01-31,PF00090,-4.09,9.36,-13.45,18.48,-0.2213,-4.56,764665.82,34781.71,40.086
2023-01-31,PF00106,-0.26,3.1,-3.36,4.74,-0.0549,-12.06,372139.66,-6792.97,-10.7925
2023-01-31,PF00061,7.23,3.93,3.3,5.91,1.2234,-10.95,870765.25,53455.62,5.7623
2023-01-31,PF00150,5.23,6.61,-1.38,9.59,0.5454,-1.63,1697920.04,24579.95,54.7618
2023-02-28,PF00147,-2.97,4.81,-7.78,17.23,-0.1724,-3.75,1545205.54,2593.75,17.7669
2023-02-28,PF00074,0.65,3.49,-2.84,8.39,0.0775,-6.63,1465307.43,40163.63,16.2468
2023-02-28,PF00131,-3.77,-3.54,-0.23,8.85,-0.426,-9.04,570090.48,88066.39,38.6921
2023-02-28,PF00093,10.47,-5.13,15.6,15.96,0.656,-13.38,107856.95,92977.17,33.1821
2023-02-28,PF00110,-5.49,-4.32,-1.17,3.03,-1.8119,-7.84,554017.61,49406.88,62.8263
2023-02-28,PF00079,3.77,0.94,2.83,8.53,0.442,-9.64,535538.68,53727.01,16.1459
2023-02-28,PF00144,1.61,4.41,-2.8,4.32,0.3727,-8.31,1664487.4,3126.93,53.7458
2023-02-28,PF00064,1.52,-2.12,3.64,13.37,0.1137,-12.39,1577191.33,21083.37,5.018
2023-02-28,PF00005,-4.99,2.26,-7.25,12.02,-0.4151,-14.66,796668.88,-4569.08,64.7516
2023-02-28,PF00130,11.09,4.35,6.74,6.69,1.6577,-11.9,661326.09,-8215.92,34.0083
2023-02-28,PF00129,3.32,1.54,1.78,4.61,0.7202,-3.93,98754.98,33950.88,52.2698
2023-02-28,PF00014,5.55,1.73,3.82,9.82,0.5652,-7.62,115010.25,-35484.6,11.5968
2023-02-28,PF00021,-2.94,-3.88,0.94,11.94,-0.2462,-0.4,304067.66,3637.43,51.6069
2023-02-28,PF00084,4.14,0.71,3.43,13.17,0.3144,-12.81,373566.7,22528.28,-14.8814
2023-02-28,PF00082,9.51,1.73,7.78,14.98,0.6348,-5.72,486769.32,17239.16,-16.8447
2023-02-28,PF00139,1.68,-1.49,3.17,7.15,0.235,-3.55,842021.87,-226.61,10.7497
2023-02-28,PF00098,10.68,3.07,7.61,1.07,9.9813,-14.15,1344743.45,21641.6,39.1018
2023-02-28,PF00076,-3.61,-0.47,-3.14,16.12,-0.2239,-12.66,1766898.28,56922.94,17.39
2023-02-28,PF00016,-4.18,-4.79,0.61,8.49,-0.4923,-2.28,122361.35,85377.54,77.712
2023-02-28,PF00052,8.83,2.63,6.2,8.61,1.0256,-4.1,1727444.6,-33397.49,-9.2593
2023-02-28,PF00056,0.9,1.38,-0.48,8.74,0.103,-11.45,375046.38,-7844.16,77.6086
2023-02-28,PF00091,10.1,3.16,6.94,10.54,0.9583,-1.16,1709531.6,-18216.25,66.7854
2023-02-28,PF00099,-7.12,5.46,-12.58,3.79,-1.8786,-4.11,1444474.99,22017.13,-3.4523
2023-02-28,PF00088,0.17,-3.17,3.34,7.02,0.0242,-7.03,245407.82,82846.39,76.6592
2023-02-28,PF00138,6.31,3.11,3.2,1.71,3.6901,-0.33,200725.22,39954.85,33.5738
2023-02-28,PF00055,-0.76,7.68,-8.44,7.64,-0.0995,-14.1,1733530.42,3607.01,42.3198
2023-02-28,PF00123,-6.44,8.86,-15.3,6.51,-0.9892,-6.78,871677.36,84236.71,48.7877
2023-02-28,PF00120,-5.82,8.51,-14.33,5.49,-1.0601,-10.99,928858.56,-47250.05,-9.724
2023-02-28,PF00128,-3.68,9.79,-13.47,4.01,-0.9177,-14.78,612741.95,-5760.74,0.2935
2023-02-28,PF00037,2.71,-3.95,6.66,15.91,0.1703,-13.65,113839.05,24138.58,68.6084
2023-02-28,PF00087,6.14,7.73,-1.59,2.04,3.0098,-7.82,708899.69,23337.05,70.317
2023-02-28,PF00083,11.24,9.97,1.27,9.92,1.1331,-12.13,437829.59,46140.39,21.9913
2023-02-28,PF00007,1.02,7.42,-6.4,12.17,0.0838,-9.15,251904.59,-27515.68,79.3419
2023-02-28,PF00069,8.57,2.56,6.01,16.35,0.5242,-9.87,1905613.11,38542.0,50.0999
2023-02-28,PF00046,9.24,4.16,5.08,5.3,1.7434,-5.8,1002269.68,-23003.17,22.6657
2023-02-28,PF00090,8.98,1.66,7.32,10.0,0.898,-2.62,371559.86,86933.72,42.3144
2023-02-28,PF00073,2.92,-2.14,5.06,13.46,0.2169,-4.3,1073716.99,-37446.22,17.6018
2023-02-28,PF00044,1.54,-0.28,1.82,9.51,0.1619,-11.57,1032379.32,12720.31,53.666
2023-02-28,PF00041,10.26,2.96,7.3,12.81,0.8009,-13.28,418133.83,-810.69,19.8135
2023-02-28,PF00012,0.07,-0.5,0.57,3.8,0.0184,-7.21,925287.39,1276.43,2.4104
2023-02-28,PF00039,-3.05,6.9,-9.95,15.83,-0.1927,-6.58,854246.66,-39994.5,77.1636
2023-02-28,PF00097,9.97,-0.57,10.54,13.81,0.7219,-2.02,1057075.92,43139.77,53.8675
2023-02-28,PF00109,5.83,5.99,-0.16,11.86,0.4916,-2.28,1551241.12,-7511.83,31.6763
2023-02-28,PF00077,3.48,3.76,-0.28,17.31,0.201,-0.4,401181.05,-30508.97,26.67
2023-02-28,PF00047,-1.26,-1.66,0.4,1.31,-0.9618,-10.08,723581.85,-44010.58,60.2943
2023-02-28,PF00059,4.67,6.06,-1.39,18.59,0.2512,-10.87,423698.21,70110.28,35.3703
2023-02-28,PF00018,4.38,-0.82,5.2,6.9,0.6348,-11.1,1135691.48,-31209.58,52.4579
2023-02-28,PF00136,1.63,3.24,-1.61,19.76,0.0825,-3.89,1049045.26,89243.6,74.3553
2023-02-28,PF00127,-5.14,-4.55,-0.59,14.56,-0.353,-10.24,1731906.62,-12.13,61.7438
2023-02-28,PF00126,4.04,8.72,-4.68,18.48,0.2186,-3.28,1688429.14,5477.56,48.7465
2023-02-28,PF00072,10.94,0.19,10.75,14.45,0.7571,-2.6,1643825.63,40057.34,46.0238
2023-02-28,PF00013,-5.38,8.39,-13.77,18.02,-0.2986,-14.1,1062535.37,-42596.18,-16.4557
2023-02-28,PF00049,-3.24,2.75,-5.99,3.09,-1.0485,-3.44,910453.12,85566.47,-2.6142
2023-02-28,PF00142,5.05,-5.23,10.28,16.54,0.3053,-13.66,454663.26,-29181.15,-15.3511
2023-02-28,PF00095,5.35,-3.73,9.08,14.44,0.3705,-5.85,1527163.36,71156.19,52.9007
2023-02-28,PF00042,7.05,-1.92,8.97,19.05,0.3701,-12.58,362791.32,99756.09,42.0951
2023-02-28,PF00080,-2.31,1.97,-4.28,5.61,-0.4118,-6.83,453720.75,-36872.73,20.0286
2023-02-28,PF00054,-3.45,-0.64,-2.81,7.92,-0.4356,-3.46,1565802.95,-48180.2,69.7657
2023-02-28,PF00006,4.64,2.0,2.64,7.96,0.5829,-14.93,234317.67,-24713.22,72.2188
2023-02-28,PF00096,4.37,6.28,-1.91,10.25,0.4263,-14.87,170549.42,56795.52,-5.6297
2023-02-28,PF00104,10.0,9.31,0.69,10.76,0.9294,-11.5,559404.46,50866.2,45.9812
2023-02-28,PF00050,-3.37,-2.02,-1.35,8.04,-0.4192,-11.84,735061.67,52071.77,12.392
2023-02-28,PF00058,7.18,-3.63,10.81,11.53,0.6227,-4.89,378515.27,24614.49,62.3888
2023-02-28,PF00011,6.72,3.7,3.02,5.58,1.2043,-13.82,1205301.22,92213.01,53.7712
2023-02-28,PF00150,7.45,-4.45,11.9,2.77,2.6895,-7.31,1507681.1,66866.13,61.3783
2023-02-28,PF00133,1.91,7.7,-5.79,5.95,0.321,-4.45,792304.72,24805.74,43.1019
2023-02-28,PF00105,5.99,6.41,-0.42,13.33,0.4494,-12.54,801185.45,74678.07,74.1372
2023-02-28,PF00137,10.82,8.66,2.16,11.11,0.9739,-2.47,1986093.34,10528.66,73.1353
2023-02-28,PF00071,-6.29,6.85,-13.14,6.0,-1.0483,-11.44,367734.73,-38036.74,21.6555
2023-02-28,PF00010,10.34,2.77,7.57,14.28,0.7241,-6.33,1387637.56,-39341.8,34.8477
2023-02-28,PF00107,11.27,1.74,9.53,16.66,0.6765,-5.25,242172.57,89513.47,40.5094
2023-02-28,PF00143,10.63,5.55,5.08,9.51,1.1178,-3.31,603546.08,-9335.33,75.0518
2023-02-28,PF00089,5.36,-1.85,7.21,9.99,0.5365,-3.98,1831877.74,-28646.67,62.0004
2023-02-28,PF00119,10.56,4.8,5.76,5.11,2.0665,-3.13,239409.18,4490.27,-19.0344
2023-02-28,PF00029,0.22,5.34,-5.12,13.19,0.0167,-4.73,1254220.13,-47544.08,7.9732
2023-02-28,PF00132,0.43,8.69,-8.26,3.93,0.1094,-3.8,691772.35,73707.75,-5.5775
2023-02-28,PF00146,-1.2,8.98,-10.18,13.89,-0.0864,-12.2,1539426.19,96236.14,49.4527
2023-02-28,PF00103,7.71,8.76,-1.05,1.22,6.3197,-12.7,1276923.03,29812.09,51.1244
2023-02-28,PF00111,-2.16,-3.18,1.02,12.4,-0.1742,-13.65,1445601.88,96440.73,66.4193
2023-02-28,PF00020,-7.25,1.91,-9.16,3.96,-1.8308,-11.24,1837393.85,-8058.98,19.882
2023-02-28,PF00034,-3.57,-3.07,-0.5,9.82,-0.3635,-6.69,1411658.88,60786.09,8.3193
2023-02-28,PF00063,7.93,-2.49,10.42,7.21,1.0999,-8.45,1325984.97,33166.69,17.4337
2023-02-28,PF00048,6.34,-3.59,9.93,7.62,0.832,-0.6,552619.56,39260.51,57.271
2023-02-28,PF00125,3.3,2.06,1.24,8.94,0.3691,-0.3,1522595.88,-43518.58,50.2047
2023-02-28,PF00092,3.46,-1.9,5.36,12.66,0.2733,-13.29,1582851.55,-5836.47,46.5237
2023-02-28,PF00140,6.39,7.58,-1.19,9.6,0.6656,-13.81,1804494.65,-6402.02,13.7708
2023-02-28,PF00003,10.07,-4.95,15.02,1.84,5.4728,-9.78,1900025.82,98235.88,28.7577
2023-02-28,PF00045,-1.43,9.03,-10.46,10.79,-0.1325,-9.34,1301214.92,-14361.76,17.2502
2023-02-28,PF00081,9.89,4.94,4.95,19.13,0.517,-8.22,771508.57,9057.66,-14.9952
2023-02-28,PF00086,3.69,-4.66,8.35,12.65,0.2917,-8.53,1534936.45,-14995.36,57.1844
2023-02-28,PF00145,-4.83,-2.99,-1.84,10.96,-0.4407,-11.81,1753951.05,-40877.88,42.891
2023-02-28,PF00026,-3.78,4.71,-8.49,14.69,-0.2573,-4.88,1554111.54,8817.79,35.7325
2023-02-28,PF00022,11.11,1.14,9.97,1.96,5.6684,-11.33,1327673.94,63518.93,3.0876
2023-02-28,PF00108,0.48,3.15,-2.67,7.39,0.065,-8.98,1800613.34,36121.33,61.9744
2023-02-28,PF00101,8.77,-5.41,14.18,11.43,0.7673,-14.77,1765179.55,-41698.22,59.2606
2023-02-28,PF00085,6.46,8.01,-1.55,8.94,0.7226,-13.32,1242672.82,2131.47,27.3535
2023-02-28,PF00009,-2.66,-4.99,2.33,2.67,-0.9963,-13.81,492293.46,35896.32,51.8888
2023-02-28,PF00148,-7.78,8.11,-15.89,16.02,-0.4856,-2.77,163548.58,-40647.95,65.3562
2023-02-28,PF00002,7.72,0.17,7.55,11.15,0.6924,-3.31,1473249.56,14400.02,38.3807
2023-02-28,PF00100,5.86,-4.18,10.04,9.44,0.6208,-4.28,772526.56,-14436.14,74.7424
2023-03-31,PF00038,-1.75,3.58,-5.33,10.82,-0.1617,-1.28,683307.43,60196.42,42.1904
2023-03-31,PF00103,-5.5,1.08,-6.58,5.69,-0.9666,-2.51,817020.43,14278.77,16.8993
2023-03-31,PF00053,-3.9,1.34,-5.24,4.04,-0.9653,-10.22,1631904.5,-10338.51,-8.2649
2023-03-31,PF00027,8.0,-2.64,10.64,8.14,0.9828,-9.06,75847.36,67115.28,-15.5837
2023-03-31,PF00073,-1.88,3.56,-5.44,5.83,-0.3225,-5.45,1123176.62,-36801.04,69.2323
2023-03-31,PF00048,-2.12,3.26,-5.38,18.21,-0.1164,-8.1,1908127.14,31447.91,76.8471
2023-03-31,PF00067,6.06,-1.25,7.31,8.26,0.7337,-7.26,1340283.16,84328.22,54.5181
2023-03-31,PF00057,-3.31,3.91,-7.22,4.76,-0.6954,-13.61,770595.02,20666.96,12.376
2023-03-31,PF00138,-7.39,-2.67,-4.72,15.6,-0.4737,-0.35,1855594.1,41806.21,32.9389
2023-03-31,PF00037,2.9,-3.08,5.98,7.91,0.3666,-12.13,1238898.33,20905.99,54.7406
2023-03-31,PF00039,-0.02,9.69,-9.71,11.07,-0.0018,-4.99,1970962.0,65113.91,73.257
2023-03-31,PF00066,3.72,0.57,3.15,4.11,0.9051,-11.95,534311.13,96713.31,-9.7049
2023-03-31,PF00071,11.9,7.46,4.44,4.37,2.7231,-10.04,1993953.84,82517.37,7.3779
2023-03-31,PF00145,-2.78,4.11,-6.89,1.01,-2.7525,-8.13,268120.56,-36683.55,-12.7022
2023-03-31,PF00086,8.38,-4.03,12.41,4.33,1.9353,-6.2,1785756.25,9601.66,73.018
2023-03-31,PF00147,1.04,3.18,-2.14,14.41,0.0722,-8.84,256546.75,41572.95,51.4728
2023-03-31,PF00096,-3.2,-4.87,1.67,5.12,-0.625,-8.96,1893285.43,-17881.07,13.35
2023-03-31,PF00062,1.74,6.02,-4.28,10.05,0.1731,-7.44,1502767.36,67228.36,29.2849
2023-03-31,PF00077,9.48,-4.37,13.85,9.32,1.0172,-1.68,844369.31,-33068.17,57.2293
2023-03-31,PF00025,5.85,-3.44,9.29,14.85,0.3939,-2.79,225036.29,-40947.79,37.551
2023-03-31,PF00011,4.08,-5.69,9.77,6.17,0.6613,-7.32,144825.98,44780.54,21.2986
2023-03-31,PF00046,9.41,-5.44,14.85,8.33,1.1297,-8.6,23976.94,-24623.42,-16.0601
2023-03-31,PF00080,-6.16,1.22,-7.38,7.95,-0.7748,-4.89,1497401.34,46830.32,79.1382
2023-03-31,PF00004,7.04,-2.08,9.12,9.49,0.7418,-11.68,124731.49,-38143.13,-16.8949
2023-03-31,PF00132,-6.98,-2.3,-4.68,15.24,-0.458,-7.03,1172750.12,-16425.5,-15.6143
2023-03-31,PF00133,-5.7,7.42,-13.12,7.22,-0.7895,-9.71,1163011.66,87058.07,2.2192
2023-03-31,PF00041,7.73,5.87,1.86,4.08,1.8946,-13.0,870831.59,76687.38,-15.7238
2023-03-31,PF00024,9.85,-5.59,15.44,10.09,0.9762,-2.53,1447195.27,72212.62,48.9175
2023-03-31,PF00093,0.35,8.77,-8.42,6.61,0.053,-4.13,83734.84,-1121.26,60.7259
2023-03-31,PF00051,7.44,-1.61,9.05,3.25,2.2892,-5.54,713603.16,-23701.11,-15.3295
2023-03-31,PF00127,9.19,-0.49,9.68,16.59,0.5539,-10.26,360901.72,32079.07,2.1424
2023-03-31,PF00089,-0.16,0.94,-1.1,10.63,-0.0151,-9.45,1101378.98,99835.43,41.939
2023-03-31,PF00121,8.42,-1.89,10.31,15.74,0.5349,-14.56,907897.93,42380.12,-10.2945
2023-03-31,PF00148,1.19,8.33,-7.14,7.32,0.1626,-8.45,1256469.93,-179.35,-3.5441
2023-03-31,PF00137,-0.53,-5.4,4.87,10.65,-0.0498,-3.36,706575.91,58481.96,22.5088
2023-03-31,PF00119,10.73,2.61,8.12,17.88,0.6001,-9.85,144115.39,65852.25,72.3274
2023-03-31,PF00035,6.18,-3.3,9.48,6.39,0.9671,-8.58,1893037.55,21319.29,64.6078
2023-03-31,PF00095,-6.48,2.97,-9.45,14.94,-0.4337,-11.95,1209933.6,-16085.05,65.302
2023-03-31,PF00028,8.59,1.05,7.54,11.4,0.7535,-2.0,890320.38,80048.3,-19.7664
2023-03-31,PF00016,-2.05,0.01,-2.06,6.02,-0.3405,-11.0,679920.17,-37716.4,71.3657
2023-03-31,PF00013,2.0,0.67,1.33,10.89,0.1837,-12.01,364246.16,52381.47,78.8762
2023-03-31,PF00029,4.91,-1.65,6.56,19.34,0.2539,-12.78,413470.71,21358.98,9.6113
2023-03-31,PF00082,-1.74,-4.55,2.81,14.4,-0.1208,-13.92,883666.84,22173.62,45.2524
2023-03-31,PF00091,-3.34,-3.66,0.32,4.67,-0.7152,-13.35,1046246.6,-3722.13,-18.3987
2023-03-31,PF00099,7.6,-3.9,11.5,10.17,0.7473,-0.73,1377606.06,58281.09,73.7519
2023-03-31,PF00001,0.17,1.74,-1.57,7.37,0.0231,-12.67,697675.95,-30781.42,63.5758
2023-03-31,PF00128,-2.11,3.56,-5.67,3.75,-0.5627,-8.11,1411397.15,69874.77,64.9323
2023-03-31,PF00117,-6.98,-3.87,-3.11,13.87,-0.5032,-14.62,702510.86,76805.78,70.4685
2023-03-31,PF00031,6.92,1.13,5.79,13.4,0.5164,-13.87,206149.36,-46158.02,-12.0759
2023-03-31,PF00143,8.82,-1.39,10.21,19.34,0.456,-14.79,387210.74,-41836.0,21.9766
2023-03-31,PF00125,2.8,1.52,1.28,3.11,0.9003,-3.07,893859.0,3735.64,32.4216
2023-03-31,PF00150,3.68,1.61,2.07,14.64,0.2514,-3.15,1623103.89,-26067.63,64.1432
2023-03-31,PF00008,8.01,4.52,3.49,14.51,0.552,-11.85,1233697.3,48386.1,31.2256
2023-03-31,PF00136,0.04,-0.18,0.22,4.54,0.0088,-13.6,489694.22,95154.37,31.6949
2023-03-31,PF00081,0.39,0.43,-0.04,16.64,0.0234,-14.72,1679631.92,-833.6,56.5697
2023-03-31,PF00130,9.78,9.75,0.03,16.33,0.5989,-2.17,768389.29,-42665.97,-15.2316
2023-03-31,PF00078,0.12,-2.71,2.83,12.83,0.0094,-14.98,629891.69,64868.68,-9.5761
2023-03-31,PF00034,3.73,2.58,1.15,19.74,0.189,-6.46,1817605.19,8083.42,54.3483
2023-03-31,PF00023,1.81,-2.96,4.77,4.48,0.404,-8.71,1474874.18,-39208.24,6.4473
2023-03-31,PF00021,-4.96,0.15,-5.11,3.14,-1.5796,-3.47,317286.17,36469.05,46.3688
2023-03-31,PF00139,8.41,3.08,5.33,17.12,0.4912,-5.23,1377852.25,-34134.43,29.5406
2023-03-31,PF00129,9.0,4.52,4.48,7.09,1.2694,-12.73,255085.45,30677.57,62.6434
2023-03-31,PF00017,-2.13,6.79,-8.92,7.95,-0.2679,-1.03,1685526.12,18952.79,79.1398
2023-03-31,PF00092,-0.86,4.83,-5.69,16.38,-0.0525,-2.81,1897355.87,3921.81,55.5899
2023-03-31,PF00005,8.4,9.29,-0.89,4.12,2.0388,-2.08,542382.96,68600.2,15.7289
2023-03-31,PF00040,-1.53,0.22,-1.75,6.7,-0.2284,-6.32,1192749.46,91887.45,42.3038
2023-03-31,PF00026,5.17,2.34,2.83,9.68,0.5341,-12.5,1126829.91,82037.61,-2.0106
2023-03-31,PF00030,-5.53,-5.36,-0.17,18.29,-0.3024,-13.02,635767.01,3627.96,-5.0512
2023-03-31,PF00002,-2.1,4.71,-6.81,2.53,-0.83,-1.9,270427.58,32351.54,52.2741
2023-03-31,PF00105,2.32,2.29,0.03,14.1,0.1645,-0.45,185061.47,-46953.2,20.8012
2023-03-31,PF00050,9.64,0.51,9.13,13.44,0.7173,-10.19,167498.36,-7763.05,58.3065
2023-03-31,PF00087,0.31,0.99,-0.68,16.91,0.0183,-12.96,1784434.71,77470.1,13.4613
2023-03-31,PF00083,5.16,3.27,1.89,19.34,0.2668,-9.43,464500.3,-19581.58,5.4545
2023-03-31,PF00098,3.59,0.97,2.62,3.16,1.1361,-5.88,698345.06,52967.66,58.2547
2023-03-31,PF00124,-5.61,-0.03,-5.58,18.33,-0.3061,-4.55,386436.14,93073.86,8.8116
2023-03-31,PF00120,0.63,4.48,-3.85,7.63,0.0826,-5.0,1049324.9,19633.25,1.8732
2023-03-31,PF00114,11.49,3.11,8.38,4.26,2.6972,-3.97,867515.11,-40451.77,71.6871
2023-03-31,PF00101,-3.97,5.5,-9.47,8.34,-0.476,-1.82,1677328.08,61296.62,42.5936
2023-03-31,PF00070,2.02,0.68,1.34,14.98,0.1348,-14.96,552079.97,89732.37,71.9936
2023-03-31,PF00018,-6.86,8.29,-15.15,19.73,-0.3477,-8.3,332933.08,28477.14,8.5369
2023-03-31,PF00061,11.79,-5.81,17.6,9.3,1.2677,-4.05,790076.51,79841.79,46.7285
2023-03-31,PF00063,5.19,-5.47,10.66,9.09,0.571,-1.0,336980.55,-41253.39,51.6043
2023-03-31,PF00084,10.36,2.38,7.98,4.92,2.1057,-1.6,1641623.75,61907.35,12.6972
2023-03-31,PF00085,3.15,-5.0,8.15,18.41,0.1711,-4.15,120620.97,66286.48,42.7956
2023-03-31,PF00045,2.26,-0.43,2.69,5.22,0.433,-8.7,66569.09,65274.04,0.2195
2023-03-31,PF00060,-2.15,-5.62,3.47,17.23,-0.1248,-11.9,954939.01,-48468.62,2.603
2023-03-31,PF00068,3.08,6.85,-3.77,7.42,0.4151,-10.89,1284492.05,-15039.93,66.9326
2023-03-31,PF00047,4.71,6.18,-1.47,12.39,0.3801,-11.77,947932.51,46227.02,21.2706
2023-03-31,PF00076,11.94,2.02,9.92,7.24,1.6492,-8.73,1036332.88,64397.86,78.4937
2023-03-31,PF00019,4.56,-2.99,7.55,13.57,0.336,-9.04,591428.31,23285.8,5.0574
2023-03-31,PF00112,6.93,-4.69,11.62,2.6,2.6654,-14.51,541546.61,-21664.9,67.0578
2023-03-31,PF00044,10.61,-5.15,15.76,2.61,4.0651,-3.51,1256340.27,-12776.48,31.8187
2023-03-31,PF00107,-0.95,-1.9,0.95,1.38,-0.6884,-14.18,288772.44,-19627.79,-18.7413
2023-03-31,PF00010,7.11,-0.22,7.33,14.44,0.4924,-7.27,573616.59,-13822.35,51.9651
2023-03-31,PF00069,-1.88,3.91,-5.79,14.76,-0.1274,-4.11,735638.2,70114.15,67.8986
2023-03-31,PF00065,-7.94,8.56,-16.5,9.76,-0.8135,-0.69,723348.32,-21275.69,11.597
2023-03-31,PF00102,-2.91,9.86,-12.77,3.38,-0.8609,-1.39,454825.07,-42056.88,58.6413
2023-03-31,PF00116,6.72,7.77,-1.05,14.39,0.467,-12.15,743018.9,87092.78,67.0721
2023-03-31,PF00042,0.28,4.6,-4.32,1.13,0.2478,-6.59,1441862.21,33378.31,77.8561
2023-03-31,PF00043,-0.98,3.98,-4.96,16.07,-0.061,-5.58,802452.36,31333.74,-13.9199
2023-04-30,PF00104,8.41,7.09,1.32,10.74,0.7831,-12.92,1713423.0,45637.13,0.8013
2023-04-30,PF00109,-6.51,-2.53,-3.98,16.12,-0.4038,-0.39,1570810.97,86146.47,59.3753
2023-04-30,PF00071,-6.81,-5.17,-1.64,17.71,-0.3845,-13.08,696733.26,53741.14,21.6229
2023-04-30,PF00051,-3.78,5.19,-8.97,5.94,-0.6364,-11.84,1907279.13,-22534.16,-8.9744
2023-04-30,PF00008,-0.52,2.67,-3.19,17.81,-0.0292,-5.99,225989.14,41697.98,3.383
2023-04-30,PF00149,-7.13,9.0,-16.13,19.69,-0.3621,-14.19,1373432.99,-27638.6,25.2411
2023-04-30,PF00116,-3.95,-1.91,-2.04,2.33,-1.6953,-5.43,619407.01,-41503.52,10.049
2023-04-30,PF00050,2.21,-5.88,8.09,18.04,0.1225,-1.72,724566.01,-9019.19,53.9494
2023-04-30,PF00133,-7.28,6.21,-13.49,15.8,-0.4608,-0.72,730316.41,44144.17,35.6738
2023-04-30,PF00125,8.67,-1.76,10.43,3.73,2.3244,-10.72,736585.33,21235.76,55.755
2023-04-30,PF00081,-3.86,6.99,-10.85,5.74,-0.6725,-10.91,1228653.14,48295.12,-4.7837
2023-04-30,PF00011,3.24,-1.23,4.47,11.22,0.2888,-9.43,1901733.07,63362.07,2.0024
2023-04-30,PF00039,-6.68,-1.21,-5.47,15.58,-0.4288,-0.02,18923.27,-35287.72,76.5029
2023-04-30,PF00123,7.79,-3.93,11.72,18.83,0.4137,-11.55,292108.77,76424.19,79.3291
2023-04-30,PF00113,3.87,-2.1,5.97,1.39,2.7842,-13.02,896806.95,-48686.63,64.7857
2023-04-30,PF00143,0.91,7.59,-6.68,14.95,0.0609,-4.3,81152.42,60622.49,54.6096
2023-04-30,PF00100,5.66,5.85,-0.19,18.08,0.3131,-11.04,150772.3,-36417.08,-15.843
2023-04-30,PF00042,1.33,5.52,-4.19,17.93,0.0742,-0.09,1438226.83,31293.49,79.6865
2023-04-30,PF00025,-2.1,0.49,-2.59,3.97,-0.529,-7.3,1178763.67,39091.93,31.1399
2023-04-30,PF00076,-4.22,2.16,-6.38,15.61,-0.2703,-12.13,1271244.49,95109.98,23.3056
2023-04-30,PF00019,-1.13,-2.07,0.94,1.3,-0.8692,-6.0,1210930.01,-46803.89,47.4367
2023-04-30,PF00115,-4.91,-4.97,0.06,11.07,-0.4435,-14.1,1174873.02,92846.26,56.0978
2023-04-30,PF00118,7.72,-1.8,9.52,6.03,1.2803,-0.72,641370.06,-29735.69,43.3249
2023-04-30,PF00144,2.57,-3.89,6.46,7.73,0.3325,-11.99,435128.74,-4024.98,18.4989
2023-04-30,PF00110,-3.61,-0.44,-3.17,13.83,-0.261,-6.54,775263.82,87054.9,-18.5719
2023-04-30,PF00033,-0.62,-1.43,0.81,18.64,-0.0333,-2.36,741553.9,-5842.29,42.0753
2023-04-30,PF00043,6.1,-0.66,6.76,10.89,0.5601,-4.53,643438.41,54271.86,-19.3839
2023-04-30,PF00041,-4.73,-5.69,0.96,4.91,-0.9633,-6.35,350523.75,91943.07,21.0454
2023-04-30,PF00107,-4.1,1.91,-6.01,17.72,-0.2314,-2.3,1548687.8,72081.44,5.1195
2023-04-30,PF00068,2.48,4.76,-2.28,13.88,0.1787,-10.91,1229266.04,51786.33,42.7074
2023-04-30,PF00038,8.13,9.84,-1.71,10.01,0.8122,-8.9,1454116.62,-36802.86,27.5726
2023-04-30,PF00127,-7.79,-1.12,-6.67,2.33,-3.3433,-13.57,100202.12,43075.23,9.4655
2023-04-30,PF00072,9.99,2.04,7.95,12.72,0.7854,-5.0,829533.41,40456.07,54.5163
2023-04-30,PF00095,2.97,-0.63,3.6,17.72,0.1676,-11.11,1376305.99,-41109.41,41.913
2023-04-30,PF00136,-5.63,-1.06,-4.57,14.81,-0.3801,-10.94,1297511.01,72358.75,21.7607
2023-04-30,PF00102,-3.8,-1.62,-2.18,2.12,-1.7925,-8.53,503723.67,82913.92,2.9765
2023-04-30,PF00131,-3.83,6.33,-10.16,4.68,-0.8184,-13.86,1944298.56,31942.89,6.1965
2023-04-30,PF00016,2.66,3.66,-1.0,10.56,0.2519,-11.96,1089256.95,23408.58,45.0119
2023-04-30,PF00139,2.53,-2.78,5.31,17.31,0.1462,-10.98,135509.01,79409.8,17.4215
2023-04-30,PF00054,7.07,-4.29,11.36,17.65,0.4006,-8.73,1809895.97,95689.18,36.1211
2023-04-30,PF00049,9.96,4.87,5.09,16.97,0.5869,-3.67,1281252.56,-7472.94,49.9206
2023-04-30,PF00014,-1.92,-5.7,3.78,16.44,-0.1168,-13.27,1477632.95,85163.51,38.9693
2023-04-30,PF00062,-4.01,1.81,-5.82,11.8,-0.3398,-10.98,1851818.25,77227.37,78.3077
2023-04-30,PF00031,-5.21,7.87,-13.08,16.69,-0.3122,-13.99,942345.27,66556.47,-11.2715
2023-04-30,PF00084,1.24,9.95,-8.71,16.23,0.0764,-9.75,1287527.35,95032.48,18.1617
2023-04-30,PF00036,7.74,-2.16,9.9,1.31,5.9084,-13.48,1664376.04,70157.49,48.1819
2023-04-30,PF00090,6.99,8.16,-1.17,11.76,0.5944,-2.19,865538.04,47147.21,10.8807
2023-04-30,PF00097,-3.26,4.49,-7.75,17.48,-0.1865,-14.53,625939.57,-24274.72,37.3112
2023-04-30,PF00064,11.14,6.56,4.58,4.09,2.7237,-9.36,1692452.67,24905.64,11.1181
2023-04-30,PF00120,5.38,-3.64,9.02,12.74,0.4223,-14.65,800584.87,35213.57,7.1816
2023-04-30,PF00023,-3.2,4.1,-7.3,6.39,-0.5008,-14.08,553121.94,42367.85,26.7414
2023-04-30,PF00024,8.19,0.88,7.31,13.39,0.6117,-7.53,1811014.68,46923.81,77.1047
2023-04-30,PF00010,9.64,-0.94,10.58,8.33,1.1573,-8.88,1582302.24,-49076.79,55.2579
2023-04-30,PF00075,10.65,-3.21,13.86,13.87,0.7678,-14.69,295360.93,-20591.17,76.6203
2023-04-30,PF00078,3.12,-4.66,7.78,1.69,1.8462,-5.81,1936775.1,59228.9,16.4864
2023-04-30,PF00009,9.78,-2.54,12.32,6.94,1.4092,-9.0,1831476.9,79656.06,53.4724
2023-04-30,PF00037,0.95,-3.14,4.09,3.34,0.2844,-8.9,1333195.09,7546.29,63.4742
2023-04-30,PF00026,6.51,0.8,5.71,14.26,0.4565,-6.4,961966.8,-8214.13,47.0104
2023-04-30,PF00013,11.73,4.97,6.76,9.27,1.2654,-3.72,1463265.87,17385.21,59.3541
2023-04-30,PF00046,11.44,-0.61,12.05,10.85,1.0544,-0.45,1282548.87,-2098.27,74.3051
2023-04-30,PF00001,9.81,6.47,3.34,18.75,0.5232,-2.06,1924184.05,43900.37,19.7266
2023-04-30,PF00087,2.36,4.58,-2.22,18.82,0.1254,-12.52,936460.18,-21256.5,14.4517
2023-04-30,PF00074,1.08,1.53,-0.45,3.78,0.2857,-5.71,1630664.02,25509.38,-4.9372
2023-04-30,PF00057,0.23,7.7,-7.47,17.54,0.0131,-2.89,1408271.33,-4583.75,33.9502
2023-04-30,PF00006,-0.44,3.28,-3.72,16.64,-0.0264,-7.46,1270169.93,4486.92,0.9961
2023-04-30,PF00108,-4.39,-0.04,-4.35,5.11,-0.8591,-11.41,156921.2,-17827.65,60.8287
2023-04-30,PF00145,-3.09,9.72,-12.81,8.57,-0.3606,-7.89,407026.02,23004.65,-12.0853
2023-04-30,PF00082,10.48,0.23,10.25,5.6,1.8714,-7.07,1557218.16,88350.17,7.0081
2023-04-30,PF00086,-7.11,6.08,-13.19,4.47,-1.5906,-7.32,1261480.16,23943.82,-0.9121
2023-04-30,PF00020,-3.44,9.11,-12.55,14.45,-0.2381,-10.78,588846.13,41055.74,53.8652
2023-04-30,PF00083,-6.23,0.75,-6.98,3.11,-2.0032,-11.6,749816.94,30945.34,-0.1999
2023-04-30,PF00140,4.26,-2.35,6.61,15.86,0.2686,-10.11,644774.9,17247.98,5.5181
2023-04-30,PF00028,-2.13,7.3,-9.43,4.06,-0.5246,-5.22,911947.61,-9763.41,2.3268
2023-04-30,PF00094,7.83,-3.09,10.92,5.95,1.316,-11.48,443307.18,95710.11,0.8674
2023-04-30,PF00134,-3.5,4.14,-7.64,2.93,-1.1945,-10.83,1851276.76,20900.63,69.6188
2023-04-30,PF00047,5.77,9.85,-4.08,12.71,0.454,-0.99,494599.31,81798.87,32.1985
2023-04-30,PF00080,-0.68,-2.61,1.93,9.05,-0.0751,-9.69,1696228.73,95882.01,52.4929
2023-04-30,PF00052,4.2,-2.06,6.26,15.13,0.2776,-14.98,785401.7,18092.0,44.7352
2023-04-30,PF00112,10.92,0.8,10.12,6.94,1.5735,-8.55,1108146.1,1040.45,33.7204
2023-04-30,PF00148,-2.85,-1.22,-1.63,7.24,-0.3936,-9.7,1100879.52,-42674.34,45.542
2023-04-30,PF00030,-6.72,-1.0,-5.72,9.87,-0.6809,-8.77,1396291.41,73363.22,69.9815
2023-04-30,PF00003,2.08,4.91,-2.83,14.95,0.1391,-9.07,168534.88,37428.98,12.0762
2023-04-30,PF00070,-3.45,-4.08,0.63,1.4,-2.4643,-13.77,863362.55,12477.81,44.8013
2023-04-30,PF00066,2.79,8.75,-5.96,18.33,0.1522,-8.41,1048475.52,76545.92,59.0373
2023-04-30,PF00111,-5.24,0.18,-5.42,7.77,-0.6744,-4.95,1921436.74,34689.26,78.4467
2023-04-30,PF00114,5.27,6.23,-0.96,18.19,0.2897,-11.84,1648997.78,75779.73,41.2673
2023-04-30,PF00119,4.47,-2.06,6.53,17.91,0.2496,-3.94,364836.96,88650.27,67.0412
2023-04-30,PF00055,5.18,-0.61,5.79,2.59,2.0,-3.16,1270002.6,-28389.57,0.8598
2023-04-30,PF00063,-2.08,-2.27,0.19,11.83,-0.1758,-9.34,1487976.88,18273.55,70.0732
2023-04-30,PF00105,4.3,5.41,-1.11,2.29,1.8777,-2.72,1373965.08,-4403.29,63.1494
2023-04-30,PF00040,-0.1,-3.02,2.92,15.15,-0.0066,-11.7,1609263.41,-5883.76,-0.0421
2023-04-30,PF00103,0.7,-2.16,2.86,2.42,0.2893,-1.48,865033.62,2879.29,68.5423
2023-04-30,PF00060,8.06,7.29,0.77,15.28,0.5275,-13.47,1577731.69,-45997.1,76.469
2023-04-30,PF00138,-2.48,3.79,-6.27,1.15,-2.1565,-4.86,645915.55,-8547.92,-13.8874
2023-04-30,PF00126,-7.4,-1.11,-6.29,9.62,-0.7692,-7.11,1861602.41,-34044.74,10.2954
2023-04-30,PF00015,1.13,-0.11,1.24,5.04,0.2242,-6.11,1349494.0,3595.94,25.5023
2023-04-30,PF00128,7.47,-5.73,13.2,16.68,0.4478,-8.04,1009437.32,77699.49,-0.9252
2023-04-30,PF00035,-4.3,0.95,-5.25,16.78,-0.2563,-9.64,1481016.77,23004.38,58.8797
2023-04-30,PF00017,6.82,-3.2,10.02,15.31,0.4455,-1.78,677859.38,-28076.49,11.4246
2023-04-30,PF00069,11.04,8.66,2.38,5.43,2.0331,-11.12,1105465.84,95266.9,43.0132
2023-05-31,PF00094,-6.27,-3.51,-2.76,2.11,-2.9716,-0.67,577394.93,-45440.05,18.1707
2023-05-31,PF00150,-2.17,0.46,-2.63,6.0,-0.3617,-3.51,1186993.52,31021.46,65.263
2023-05-31,PF00146,3.74,8.71,-4.97,2.87,1.3031,-2.25,968818.01,-13121.98,-14.8293
2023-05-31,PF00107,-6.41,1.88,-8.29,2.18,-2.9404,-12.45,835646.92,-16950.21,6.7657
2023-05-31,PF00130,11.19,-3.3,14.49,6.81,1.6432,-1.05,853357.75,-10247.75,-11.3717
2023-05-31,PF00067,7.52,8.34,-0.82,2.92,2.5753,-6.63,848176.72,45600.58,-10.5208
2023-05-31,PF00031,0.8,-4.18,4.98,6.77,0.1182,-9.72,1240371.38,67923.87,-13.3571
2023-05-31,PF00049,11.95,-2.0,13.95,16.21,0.7372,-7.18,728450.82,6782.7,23.0087
2023-05-31,PF00142,9.27,8.78,0.49,17.12,0.5415,-10.89,1986228.89,68989.41,69.0489
2023-05-31,PF00034,2.2,3.94,-1.74,5.13,0.4288,-11.52,92334.38,57099.15,60.8158
2023-05-31,PF00135,-2.29,5.9,-8.19,2.28,-1.0044,-4.16,1397706.51,70772.39,63.5502
2023-05-31,PF00120,-5.75,7.43,-13.18,5.06,-1.1364,-5.45,1360331.73,72500.98,19.1785
2023-05-31,PF00086,-3.61,3.5,-7.11,12.39,-0.2914,-14.6,1057821.45,58276.77,45.5494
2023-05-31,PF00099,2.48,-1.36,3.84,12.06,0.2056,-14.46,424660.54,60483.26,48.2264
2023-05-31,PF00004,11.17,0.1,11.07,2.95,3.7864,-3.06,1340231.31,-142.11,44.5832
2023-05-31,PF00081,-5.93,4.68,-10.61,9.9,-0.599,-8.63,1066641.79,50527.24,66.271
2023-05-31,PF00101,5.28,8.84,-3.56,5.55,0.9514,-14.72,1110874.46,4059.86,46.6734
2023-05-31,PF00033,2.41,-1.88,4.29,6.25,0.3856,-13.2,303886.43,25750.18,28.1909
2023-05-31,PF00013,-6.26,-1.32,-4.94,2.66,-2.3534,-13.03,1035499.24,20042.04,20.5485
2023-05-31,PF00040,9.85,6.61,3.24,4.43,2.2235,-1.03,527027.39,58504.24,-5.0089
2023-05-31,PF00050,11.31,2.44,8.87,6.61,1.711,-13.24,1773552.89,5844.2,33.7063
2023-05-31,PF00088,5.02,4.98,0.04,1.89,2.6561,-4.22,1976391.91,442.6,74.222
2023-05-31,PF00035,2.04,-5.76,7.8,3.63,0.562,-2.05,496459.28,98953.2,-7.5221
2023-05-31,PF00098,1.06,7.78,-6.72,9.49,0.1117,-12.75,1061447.0,26457.9,-1.8191
2023-05-31,PF00065,0.94,0.23,0.71,6.95,0.1353,-2.71,1281107.9,28698.22,23.0733
2023-05-31,PF00058,9.38,6.75,2.63,16.94,0.5537,-3.86,1030306.74,-25543.8,9.0865
2023-05-31,PF00143,1.77,-3.11,4.88,18.65,0.0949,-1.39,881775.52,58144.32,-6.5157
2023-05-31,PF00105,5.13,-5.34,10.47,10.56,0.4858,-0.38,1523397.18,74494.52,32.3644
2023-05-31,PF00138,10.68,-1.35,12.03,12.77,0.8363,-1.91,1815787.28,-48059.78,42.9464
2023-05-31,PF00062,-5.11,5.95,-11.06,11.48,-0.4451,-13.78,1144932.24,-7656.14,-12.7156
2023-05-31,PF00100,-0.05,5.3,-5.35,11.74,-0.0043,-8.8,1254262.76,38811.09,8.0581
2023-05-31,PF00043,2.91,4.75,-1.84,9.91,0.2936,-4.94,1203192.77,57765.79,37.5816
2023-05-31,PF00124,-1.55,-0.03,-1.52,2.02,-0.7673,-2.34,1304948.32,80372.56,-17.6448
2023-05-31,PF00056,-3.16,-5.28,2.12,2.75,-1.1491,-5.17,444865.27,29213.73,-6.0283
2023-05-31,PF00061,7.63,9.58,-1.95,11.61,0.6572,-0.69,1127460.35,24436.41,2.6073
2023-05-31,PF00028,3.75,3.82,-0.07,12.05,0.3112,-8.06,907288.41,-31041.18,-17.5025
2023-05-31,PF00083,6.57,2.24,4.33,16.65,0.3946,-13.28,1635550.73,76719.95,27.7033
2023-05-31,PF00132,-7.7,-4.17,-3.53,17.93,-0.4294,-2.96,1707037.9,26724.93,-1.1517
2023-05-31,PF00048,1.77,7.03,-5.26,16.4,0.1079,-9.77,1709298.01,87340.99,71.9036
2023-05-31,PF00140,1.94,4.0,-2.06,6.6,0.2939,-3.02,685448.69,616.11,34.9573
2023-05-31,PF00104,-6.4,5.93,-12.33,8.83,-0.7248,-14.22,1088190.54,82832.5,-17.3856
2023-05-31,PF00070,2.88,9.83,-6.95,4.95,0.5818,-9.56,1145119.59,6577.84,-0.4528
2023-05-31,PF00093,-1.69,-1.11,-0.58,9.47,-0.1785,-2.37,1229284.17,70313.62,57.0233
2023-05-31,PF00128,-3.92,1.97,-5.89,3.47,-1.1297,-6.49,952497.08,-44512.94,12.7611
2023-05-31,PF00016,3.65,8.64,-4.99,8.33,0.4382,-0.94,20221.17,-27877.05,34.2252
2023-05-31,PF00060,-0.65,-3.75,3.1,15.48,-0.042,-2.14,1027178.47,-43974.7,68.8704
2023-05-31,PF00113,8.29,6.91,1.38,2.23,3.7175,-13.87,264434.76,949.78,35.9498
2023-05-31,PF00036,-2.9,4.66,-7.56,18.03,-0.1608,-2.44,725371.03,-32969.72,-19.705
2023-05-31,PF00123,-0.71,0.31,-1.02,10.25,-0.0693,-3.82,275892.53,27852.31,33.5015
2023-05-31,PF00079,-6.45,2.47,-8.92,19.03,-0.3389,-9.17,1569400.25,65525.87,31.4397
2023-05-31,PF00118,6.47,-3.21,9.68,3.04,2.1283,-12.48,1174994.01,13077.66,44.4313
2023-05-31,PF00072,1.81,-3.04,4.85,17.64,0.1026,-11.21,1727661.05,-11338.31,-1.0333
2023-05-31,PF00042,-6.93,1.12,-8.05,6.35,-1.0913,-12.29,595265.19,-108.92,64.9518
2023-05-31,PF00011,-7.1,-1.08,-6.02,9.56,-0.7427,-11.12,1813215.1,69571.71,74.0217
2023-05-31,PF00077,9.98,4.72,5.26,8.77,1.138,-10.38,205668.86,74258.02,49.7522
2023-05-31,PF00149,1.7,4.78,-3.08,18.66,0.0911,-7.19,400046.5,15388.96,67.7284
2023-05-31,PF00092,11.87,-0.41,12.28,4.28,2.7734,-2.24,1116514.31,57565.94,22.8807
2023-05-31,PF00096,5.78,-1.87,7.65,5.87,0.9847,-5.25,522626.58,33447.89,37.4206
2023-05-31,PF00001,0.33,-2.22,2.55,10.21,0.0323,-10.71,137235.51,63635.44,-0.129
2023-05-31,PF00102,-2.8,7.94,-10.74,14.49,-0.1932,-12.17,1617322.19,68333.65,76.3079
2023-05-31,PF00051,6.97,3.66,3.31,12.72,0.548,-6.36,477091.81,-19349.88,55.0608
2023-05-31,PF00047,6.41,1.64,4.77,1.5,4.2733,-5.86,834912.98,-26516.35,61.0812
2023-05-31,PF00106,9.12,1.97,7.15,7.95,1.1472,-12.87,529475.38,21836.3,5.8563
2023-05-31,PF00112,-5.27,9.86,-15.13,1.9,-2.7737,-5.06,857535.44,8550.56,22.9221
2023-05-31,PF00019,0.77,0.33,0.44,18.45,0.0417,-7.97,1542390.95,-47511.46,50.2093
2023-05-31,PF00136,-2.14,-5.01,2.87,3.53,-0.6062,-3.92,1600694.44,47591.9,14.4791
2023-05-31,PF00115,2.77,-0.1,2.87,3.38,0.8195,-11.53,1116334.93,-31432.01,51.0598
2023-05-31,PF00119,3.27,1.18,2.09,11.48,0.2848,-10.39,1272493.42,-45731.73,35.7913
2023-05-31,PF00005,1.67,2.33,-0.66,3.17,0.5268,-11.56,1389075.13,-39677.51,74.3576
2023-05-31,PF00126,7.81,-2.27,10.08,8.39,0.9309,-13.72,1202432.99,60777.31,44.7968
2023-05-31,PF00029,5.57,-1.95,7.52,18.18,0.3064,-5.97,388043.62,9785.01,-7.8814
2023-05-31,PF00090,8.06,0.81,7.25,10.23,0.7879,-11.1,1844746.22,20090.94,-12.9623
2023-05-31,PF00068,4.79,-1.72,6.51,18.44,0.2598,-13.45,1589320.86,-43121.0,61.4725
2023-05-31,PF00053,-5.31,5.55,-10.86,5.74,-0.9251,-4.03,1145211.08,-13618.77,57.6516
2023-05-31,PF00085,2.13,0.36,1.77,17.07,0.1248,-14.03,1310937.29,-3013.86,-14.2809
2023-05-31,PF00117,8.19,-1.71,9.9,4.68,1.75,-6.17,291431.21,74383.63,47.0445
2023-05-31,PF00116,5.54,-0.57,6.11,12.51,0.4428,-6.24,382320.74,89370.15,1.0707
2023-05-31,PF00078,6.66,1.46,5.2,7.74,0.8605,-12.29,1448443.44,90331.56,66.3983
2023-05-31,PF00147,-1.04,-0.28,-0.76,17.89,-0.0581,-9.79,1470246.96,89295.51,-7.7068
2023-05-31,PF00131,-5.16,4.29,-9.45,15.83,-0.326,-10.79,1633143.89,13238.49,15.6151
2023-05-31,PF00054,-0.91,9.08,-9.99,11.09,-0.0821,-11.57,766882.48,92126.3,49.3118
2023-05-31,PF00141,-6.98,-4.19,-2.79,15.56,-0.4486,-13.92,232820.25,10230.97,70.4087
2023-05-31,PF00097,-7.97,6.35,-14.32,3.22,-2.4752,-10.07,713587.93,-24407.83,-15.0112
2023-05-31,PF00129,4.55,-1.19,5.74,3.56,1.2781,-4.96,55579.0,24114.1,51.9455
2023-05-31,PF00144,7.18,7.74,-0.56,11.73,0.6121,-14.51,98793.86,77193.97,10.2841
2023-05-31,PF00089,1.12,-0.16,1.28,6.65,0.1684,-2.33,117252.12,9014.89,20.457
2023-05-31,PF00022,-2.46,6.43,-8.89,3.87,-0.6357,-0.98,844246.0,99106.76,76.3049
2023-05-31,PF00057,-5.31,8.52,-13.83,4.07,-1.3047,-12.53,1719623.44,5750.1,-1.7358
2023-05-31,PF00074,8.86,2.57,6.29,3.86,2.2953,-6.63,1249906.27,14226.07,56.0885
2023-05-31,PF00114,11.34,8.36,2.98,16.09,0.7048,-9.98,955125.1,97680.19,41.9995
2023-05-31,PF00066,8.7,3.41,5.29,16.9,0.5148,-8.66,1014561.19,40705.71,76.4973
2023-05-31,PF00044,-2.46,2.36,-4.82,15.57,-0.158,-8.59,565361.09,14792.33,11.2599
2023-05-31,PF00095,7.44,-0.18,7.62,18.67,0.3985,-7.16,969870.95,-35038.75,-3.7037
2023-05-31,PF00002,4.94,9.94,-5.0,13.67,0.3614,-1.79,244106.28,-34966.73,-6.1722
2023-05-31,PF00127,4.76,6.05,-1.29,9.46,0.5032,-7.72,1433271.94,70413.14,39.6934
2023-05-31,PF00025,10.07,-0.06,10.13,13.93,0.7229,-13.89,1660959.21,-24027.62,27.5153
2023-05-31,PF00039,11.0,8.8,2.2,9.15,1.2022,-3.79,1679463.31,46971.27,71.9348
2023-05-31,PF00103,-3.5,-5.8,2.3,15.96,-0.2193,-4.18,244474.52,29368.52,76.7944
2023-05-31,PF00134,2.57,-5.67,8.24,6.97,0.3687,-1.95,503021.13,-20947.5,25.7303
2023-05-31,PF00010,5.52,1.89,3.63,5.17,1.0677,-12.67,558691.89,17026.97,39.4379
2023-06-30,PF00063,11.85,5.67,6.18,15.64,0.7577,-5.02,1616668.28,53575.57,45.5823
2023-06-30,PF00057,2.52,1.7,0.82,8.52,0.2958,-14.69,899303.31,-41137.66,38.9518
2023-06-30,PF00022,6.85,-0.13,6.98,14.31,0.4787,-8.21,854372.61,-30984.0,1.108
2023-06-30,PF00094,1.29,8.15,-6.86,9.91,0.1302,-7.65,1912982.69,68272.49,4.1838
2023-06-30,PF00037,-7.3,9.94,-17.24,14.69,-0.4969,-2.99,866466.09,-5930.11,22.5196
2023-06-30,PF00021,-4.28,-2.01,-2.27,7.72,-0.5544,-6.29,665009.3,19897.53,-9.4604
2023-06-30,PF00104,10.86,-2.99,13.85,7.76,1.3995,-9.05,778515.93,83257.37,-17.3411
2023-06-30,PF00112,5.64,-2.05,7.69,2.76,2.0435,-7.25,1645767.05,96622.51,50.6456
2023-06-30,PF00066,-7.17,4.71,-11.88,1.34,-5.3507,-6.6,1143314.47,33451.0,-3.5675
2023-06-30,PF00065,-5.16,6.07,-11.23,3.76,-1.3723,-1.24,1270435.63,50055.47,-18.9012
2023-06-30,PF00074,-1.7,0.16,-1.86,4.18,-0.4067,-10.22,1939652.46,29444.65,39.6829
2023-06-30,PF00087,-4.8,-2.23,-2.57,8.57,-0.5601,-3.59,588430.35,49515.02,-7.1127
2023-06-30,PF00003,6.38,1.0,5.38,8.6,0.7419,-11.44,799570.28,11647.35,16.7225
2023-06-30,PF00120,2.43,7.41,-4.98,6.33,0.3839,-10.25,1946248.51,-5808.3,45.3694
2023-06-30,PF00142,4.79,7.78,-2.99,14.67,0.3265,-2.21,447034.74,-19428.39,-10.8612
2023-06-30,PF00048,-3.16,9.29,-12.45,9.82,-0.3218,-9.91,1218865.81,-5208.38,76.7285
2023-06-30,PF00020,5.06,-0.16,5.22,16.22,0.312,-6.8,225879.14,-1693.93,42.5287
2023-06-30,PF00123,6.93,-4.35,11.28,7.05,0.983,-10.34,1624976.97,-13947.8,69.2456
2023-06-30,PF00128,-4.19,3.15,-7.34,4.73,-0.8858,-9.32,296089.77,-49798.87,11.8791
2023-06-30,PF00059,-2.54,-4.6,2.06,10.78,-0.2356,-9.61,617930.44,-14841.7,50.6167
2023-06-30,PF00008,10.8,-2.7,13.5,17.52,0.6164,-12.65,1260130.63,13541.04,49.7723
2023-06-30,PF00013,11.21,9.96,1.25,2.93,3.8259,-13.31,1368114.85,-4042.95,35.8124
2023-06-30,PF00089,-3.24,9.51,-12.75,17.37,-0.1865,-8.08,1021907.83,86732.62,47.2813
2023-06-30,PF00117,11.85,-2.54,14.39,16.16,0.7333,-5.14,826095.61,54898.36,-10.2746
2023-06-30,PF00061,6.79,3.84,2.95,2.27,2.9912,-2.45,1896546.37,9120.06,15.1564
2023-06-30,PF00046,4.0,9.78,-5.78,3.71,1.0782,-11.05,21449.41,59600.39,-10.2595
2023-06-30,PF00148,-5.09,6.88,-11.97,1.61,-3.1615,-5.43,578059.7,43048.33,-10.3184
2023-06-30,PF00103,-2.36,3.4,-5.76,15.98,-0.1477,-13.61,193486.96,15688.17,-17.6912
2023-06-30,PF00043,-6.42,-4.54,-1.88,19.35,-0.3318,-10.22,118150.02,83413.63,57.2613
2023-06-30,PF00064,7.78,5.68,2.1,8.88,0.8761,-12.4,627879.72,53220.42,35.6501
2023-06-30,PF00135,6.41,-2.88,9.29,13.69,0.4682,-14.7,133766.72,-22021.21,31.2937
2023-06-30,PF00119,3.73,7.97,-4.24,1.57,2.3758,-12.15,544943.39,-80.07,33.655
2023-06-30,PF00088,-5.72,-4.13,-1.59,5.62,-1.0178,-2.16,855110.8,91998.63,-11.4775
2023-06-30,PF00136,7.51,4.92,2.59,17.99,0.4175,-2.07,1496008.55,10392.82,24.4095
2023-06-30,PF00025,-0.9,5.88,-6.78,8.52,-0.1056,-12.09,1959446.11,-39182.77,-14.6361
2023-06-30,PF00049,11.27,6.2,5.07,13.01,0.8663,-2.47,1634875.27,-10560.95,2.6319
2023-06-30,PF00146,-7.36,-2.16,-5.2,2.93,-2.5119,-0.17,1054790.27,-44723.89,-10.5407
2023-06-30,PF00078,6.64,9.83,-3.19,14.23,0.4666,-5.35,640445.77,83997.67,23.4679
2023-06-30,PF00118,9.03,7.17,1.86,10.75,0.84,-0.44,1846986.77,25739.16,20.1327
2023-06-30,PF00133,-1.66,-2.73,1.07,3.47,-0.4784,-3.12,56794.63,92748.9,25.1506
2023-06-30,PF00018,6.95,0.5,6.45,15.04,0.4621,-10.08,1669510.38,-9792.88,2.8733
2023-06-30,PF00072,-3.13,4.37,-7.5,18.37,-0.1704,-8.93,1436226.71,64203.41,2.6746
2023-06-30,PF00092,7.66,2.69,4.97,6.53,1.173,-1.56,848840.72,97878.5,0.8946
2023-06-30,PF00113,-7.44,2.39,-9.83,11.49,-0.6475,-10.33,1691570.78,96175.54,48.0843
2023-06-30,PF00051,-7.96,-3.42,-4.54,16.01,-0.4972,-6.57,450774.88,-27208.32,65.0003
2023-06-30,PF00105,-0.58,-2.32,1.74,5.31,-0.1092,-2.22,85677.56,-14045.49,-2.1009
2023-06-30,PF00052,3.86,7.86,-4.0,9.56,0.4038,-5.43,405699.42,-47199.03,55.3602
2023-06-30,PF00097,-0.5,1.13,-1.63,10.74,-0.0466,-4.91,1970199.33,-24627.5,8.7667
2023-06-30,PF00100,8.84,-1.89,10.73,17.64,0.5011,-11.91,1336214.21,64821.52,45.0007
2023-06-30,PF00109,-3.85,1.24,-5.09,10.18,-0.3782,-10.84,250119.27,15895.19,52.4369
2023-06-30,PF00010,3.56,7.88,-4.32,17.67,0.2015,-14.23,1520066.53,87645.94,40.2893
2023-06-30,PF00002,5.4,4.31,1.09,7.93,0.681,-2.58,288049.15,-779.96,51.1183
2023-06-30,PF00056,7.36,2.44,4.92,14.01,0.5253,-0.59,1343454.73,76432.08,11.2684
2023-06-30,PF00084,-4.76,1.62,-6.38,5.17,-0.9207,-9.79,229446.49,83866.14,52.0017
2023-06-30,PF00030,8.62,-5.86,14.48,19.08,0.4518,-5.44,1615170.56,-23294.01,32.3408
2023-06-30,PF00099,-0.87,-0.79,-0.08,4.38,-0.1986,-8.29,863292.83,97896.3,31.6625
2023-06-30,PF00138,7.56,3.1,4.46,16.38,0.4615,-8.96,80633.63,40647.91,51.7518
2023-06-30,PF00062,4.9,3.06,1.84,10.39,0.4716,-12.93,1104150.59,-11919.88,63.2511
2023-06-30,PF00143,9.85,-2.81,12.66,11.56,0.8521,-5.03,1408108.32,40947.76,-5.5215
2023-06-30,PF00124,-6.82,2.9,-9.72,19.16,-0.3559,-9.19,1635293.55,8264.91,-18.8865
2023-06-30,PF00129,1.94,-3.76,5.7,16.58,0.117,-5.4,351155.53,25998.76,76.1903
2023-06-30,PF00101,2.87,6.45,-3.58,10.89,0.2635,-13.77,697890.51,-34842.4,19.2292
2023-06-30,PF00091,8.16,4.61,3.55,11.61,0.7028,-8.86,1223155.92,64867.77,69.6117
2023-06-30,PF00106,9.35,-2.89,12.24,5.75,1.6261,-14.62,254828.53,-13034.52,10.4146
2023-06-30,PF00045,2.38,-2.99,5.37,1.83,1.3005,-8.57,1575686.52,65267.21,31.4088
2023-06-30,PF00032,9.25,5.86,3.39,4.4,2.1023,-0.62,44010.35,79812.97,34.9859
2023-06-30,PF00122,-6.99,-2.13,-4.86,7.55,-0.9258,-10.62,1929006.57,85189.28,32.8219
2023-06-30,PF00096,-2.3,0.61,-2.91,12.24,-0.1879,-0.51,692237.7,45603.93,68.9945
2023-06-30,PF00070,6.79,5.37,1.42,2.34,2.9017,-9.4,1009456.54,73420.33,5.5531
2023-06-30,PF00145,-0.97,-3.9,2.93,2.85,-0.3404,-8.3,1813999.21,25544.58,55.0556
2023-06-30,PF00015,-2.8,7.18,-9.98,12.82,-0.2184,-5.71,1763895.09,49792.38,-15.2798
2023-06-30,PF00067,-0.5,-0.48,-0.02,2.33,-0.2146,-2.27,1208238.31,13352.15,29.3063
2023-06-30,PF00014,1.89,2.34,-0.45,14.39,0.1313,-3.73,66971.92,-33586.64,73.2118
2023-06-30,PF00004,-7.39,5.43,-12.82,13.83,-0.5343,-1.57,494638.32,90469.53,50.0018
2023-06-30,PF00082,2.14,-0.24,2.38,1.52,1.4079,-4.98,761191.68,17723.87,23.1503
2023-06-30,PF00132,0.31,2.97,-2.66,14.98,0.0207,-3.7,1631008.22,98268.8,74.0152
2023-06-30,PF00053,-2.62,4.0,-6.62,7.21,-0.3634,-8.43,1137180.54,-12481.64,44.9759
2023-06-30,PF00114,2.58,-1.61,4.19,4.98,0.5181,-10.02,823646.49,-39098.49,-2.9392
2023-06-30,PF00110,-2.22,1.56,-3.78,6.82,-0.3255,-11.39,232513.51,-45770.56,3.0949
2023-06-30,PF00035,7.72,-0.88,8.6,12.64,0.6108,-12.73,1681197.92,85375.92,-16.6489
2023-06-30,PF00083,2.96,0.47,2.49,15.89,0.1863,-9.11,150876.23,25601.65,77.4424
2023-06-30,PF00023,3.94,-5.64,9.58,6.81,0.5786,-9.57,485603.05,43602.04,-8.1145
2023-06-30,PF00011,-6.26,7.09,-13.35,2.99,-2.0936,-4.76,577067.59,49048.58,-16.4133
2023-06-30,PF00034,11.04,5.88,5.16,10.07,1.0963,-1.82,1978216.53,-26988.49,23.0232
2023-06-30,PF00060,6.53,1.79,4.74,9.37,0.6969,-10.98,560347.58,-30731.38,32.1571
2023-06-30,PF00038,-2.82,2.56,-5.38,2.66,-1.0602,-10.89,860030.84,-22445.43,48.6808
2023-06-30,PF00076,5.65,5.53,0.12,16.19,0.349,-14.11,1719728.55,-37781.82,62.2539
2023-06-30,PF00150,-7.76,1.86,-9.62,6.32,-1.2278,-6.06,28462.49,73333.1,43.73
2023-06-30,PF00047,-0.99,-0.01,-0.98,19.65,-0.0504,-3.5,1142492.53,2365.98,28.3198
2023-06-30,PF00081,9.38,-4.85,14.23,5.08,1.8465,-8.44,200511.15,-35858.99,-7.16
2023-06-30,PF00017,-7.42,4.07,-11.49,15.04,-0.4934,-11.62,349126.77,19136.7,68.2822
2023-06-30,PF00073,5.84,6.69,-0.85,13.15,0.4441,-0.99,608451.81,68480.66,2.9106
2023-06-30,PF00134,7.54,6.24,1.3,11.02,0.6842,-13.72,594620.06,25612.79,73.1295
2023-06-30,PF00130,9.04,-0.97,10.01,3.77,2.3979,-2.22,1357765.43,-49407.51,6.1611
2023-06-30,PF00001,2.5,1.3,1.2,17.48,0.143,-9.73,1373736.42,80257.43,55.5188
2023-06-30,PF00040,5.94,2.25,3.69,14.03,0.4234,-8.53,1904027.97,40178.03,-13.6396
2023-06-30,PF00085,4.56,-3.09,7.65,10.0,0.456,-2.19,1544276.69,2420.99,37.1231
2023-06-30,PF00137,11.05,-5.68,16.73,14.07,0.7854,-3.35,520852.39,28857.23,11.5575
2023-06-30,PF00024,7.02,7.75,-0.73,8.9,0.7888,-3.7,219317.59,-14287.76,29.3452
2023-06-30,PF00079,-1.35,0.7,-2.05,11.09,-0.1217,-8.54,1252298.82,-1993.37,72.3117
2023-07-31,PF00071,2.79,-4.71,7.5,6.65,0.4195,-13.97,1872403.53,62046.37,14.2664
2023-07-31,PF00103,4.05,5.23,-1.18,19.71,0.2055,-12.21,1597890.24,-39883.4,60.26
2023-07-31,PF00123,8.66,8.16,0.5,15.22,0.569,-1.9,1616265.14,77761.89,18.2835
2023-07-31,PF00054,-4.17,-4.45,0.28,11.68,-0.357,-7.92,1780570.75,-13544.63,-9.6435
2023-07-31,PF00143,11.31,4.41,6.9,13.78,0.8208,-8.78,1786052.1,-39780.6,12.8394
2023-07-31,PF00088,-7.65,2.38,-10.03,6.84,-1.1184,-7.81,1715784.76,38417.33,77.0509
2023-07-31,PF00048,-7.39,9.92,-17.31,15.02,-0.492,-14.12,1639440.9,40700.45,5.9025
2023-07-31,PF00045,6.68,0.67,6.01,8.66,0.7714,-10.85,617717.82,-7504.86,-12.8653
2023-07-31,PF00028,-4.6,9.95,-14.55,7.14,-0.6443,-10.57,1867000.1,88684.94,76.4748
2023-07-31,PF00116,10.84,-4.22,15.06,12.97,0.8358,-8.28,1004061.11,-34102.69,16.5504
2023-07-31,PF00109,-2.5,3.49,-5.99,16.05,-0.1558,-3.8,1483626.75,18978.82,70.8039
2023-07-31,PF00149,11.59,0.95,10.64,8.45,1.3716,-4.18,925193.83,-39208.59,29.3739
2023-07-31,PF00150,9.96,7.53,2.43,12.58,0.7917,-4.9,1287566.18,65602.55,5.4727
2023-07-31,PF00093,11.95,4.62,7.33,8.37,1.4277,-13.53,900435.46,-9939.56,25.0018
2023-07-31,PF00014,6.31,6.65,-0.34,16.94,0.3725,-0.79,1236195.3,-11630.12,21.7281
2023-07-31,PF00120,-3.2,-1.61,-1.59,8.21,-0.3898,-2.36,1665905.16,-24196.19,64.4142
2023-07-31,PF00023,11.1,-4.54,15.64,3.65,3.0411,-12.68,1010456.56,45412.08,15.8111
2023-07-31,PF00016,-1.84,2.4,-4.24,20.0,-0.092,-3.05,359546.22,21505.61,74.9783
2023-07-31,PF00105,5.79,-4.87,10.66,3.72,1.5565,-6.42,574916.62,-12011.95,-3.4977
2023-07-31,PF00072,-6.55,-1.96,-4.59,13.04,-0.5023,-5.17,854832.52,-40976.57,53.8068
2023-07-31,PF00086,7.91,7.54,0.37,6.9,1.1464,-8.98,58671.58,77536.4,18.5114
2023-07-31,PF00119,-3.95,8.98,-12.93,13.82,-0.2858,-1.82,767733.72,32809.01,66.3235
2023-07-31,PF00136,-6.07,7.57,-13.64,5.8,-1.0466,-6.0,830310.16,85641.7,44.1424
2023-07-31,PF00006,-7.22,6.45,-13.67,19.18,-0.3764,-2.4,786536.24,30495.95,47.3304
2023-07-31,PF00118,-7.41,-4.94,-2.47,18.35,-0.4038,-11.98,390646.24,66289.2,-18.5853
2023-07-31,PF00020,-0.85,-0.62,-0.23,2.66,-0.3195,-4.33,1298980.03,-37984.25,61.1562
2023-07-31,PF00036,-3.78,8.12,-11.9,19.76,-0.1913,-1.18,1880695.6,50553.41,10.6431
2023-07-31,PF00051,-7.54,9.11,-16.65,16.33,-0.4617,-12.45,1133315.8,-867.62,17.3701
2023-07-31,PF00125,3.39,-0.76,4.15,12.46,0.2721,-6.88,1137376.83,95856.25,71.3582
2023-07-31,PF00121,0.37,4.25,-3.88,1.17,0.3162,-10.99,680692.05,7612.7,2.3302
2023-07-31,PF00075,3.54,7.37,-3.83,1.94,1.8247,-9.88,1543784.15,37370.3,20.6684
2023-07-31,PF00047,5.26,-1.73,6.99,15.45,0.3405,-11.43,1155603.93,82902.49,-6.6814
2023-07-31,PF00085,7.07,-1.84,8.91,4.53,1.5607,-0.3,1042174.63,-30852.66,29.1501
2023-07-31,PF00110,-1.57,9.77,-11.34,18.95,-0.0828,-3.91,79199.01,76018.33,-15.7905
2023-07-31,PF00092,-7.64,1.97,-9.61,15.39,-0.4964,-12.18,1266012.56,7421.16,16.4507
2023-07-31,PF00049,-0.45,1.82,-2.27,9.72,-0.0463,-0.32,1152875.57,68808.6,26.335
2023-07-31,PF00115,-6.55,-1.37,-5.18,5.68,-1.1532,-4.32,139598.33,56383.39,79.7185
2023-07-31,PF00065,2.1,5.15,-3.05,10.48,0.2004,-5.94,408947.16,21780.07,51.1487
2023-07-31,PF00004,6.25,-4.7,10.95,17.76,0.3519,-13.52,886637.87,76234.82,31.8345
2023-07-31,PF00129,-5.42,7.98,-13.4,11.28,-0.4805,-2.46,1600114.86,15063.61,-6.7719
2023-07-31,PF00010,-2.09,-2.83,0.74,13.72,-0.1523,-5.81,1862361.48,39914.2,14.7808
2023-07-31,PF00009,5.38,0.09,5.29,5.65,0.9522,-2.37,1439745.24,65897.78,23.9871
2023-07-31,PF00106,-6.53,5.89,-12.42,7.27,-0.8982,-1.35,536324.31,-23022.76,73.2073
2023-07-31,PF00081,6.63,-4.15,10.78,14.83,0.4471,-5.56,443322.55,88796.77,60.2198
2023-07-31,PF00135,8.75,7.68,1.07,18.86,0.4639,-2.96,304619.24,20076.18,22.5391
2023-07-31,PF00039,10.15,5.51,4.64,10.56,0.9612,-11.28,895530.01,63733.33,52.5293
2023-07-31,PF00059,-1.84,-4.47,2.63,6.2,-0.2968,-12.15,851648.06,-11930.06,5.5296
2023-07-31,PF00122,10.19,3.11,7.08,4.08,2.4975,-5.54,806466.44,91002.32,53.5285
2023-07-31,PF00041,4.55,-5.26,9.81,11.92,0.3817,-8.13,1478727.93,36007.67,4.9636
2023-07-31,PF00126,4.02,1.03,2.99,13.41,0.2998,-13.11,1633119.35,-25249.0,52.9851
2023-07-31,PF00076,2.5,5.47,-2.97,10.08,0.248,-13.57,1356618.32,74598.53,2.7396
2023-07-31,PF00095,-1.92,3.09,-5.01,11.07,-0.1734,-13.88,1028638.02,-26767.32,71.6932
2023-07-31,PF00038,8.66,-3.61,12.27,5.34,1.6217,-14.21,1048827.46,3028.22,47.089
2023-07-31,PF00066,4.92,-3.58,8.5,18.51,0.2658,-5.01,1985543.92,93391.05,48.5532
2023-07-31,PF00057,4.19,-0.86,5.05,17.45,0.2401,-11.12,380333.74,86571.04,34.6063
2023-07-31,PF00062,-2.33,1.93,-4.26,3.42,-0.6813,-5.69,1527272.15,-24695.53,56.6756
2023-07-31,PF00137,-7.67,-4.27,-3.4,10.36,-0.7403,-3.78,1617429.9,70852.42,65.7796
2023-07-31,PF00050,-5.29,2.83,-8.12,7.16,-0.7388,-4.61,401391.08,-30680.66,79.1521
2023-07-31,PF00133,-7.65,9.77,-17.42,15.0,-0.51,-2.4,236006.24,16195.39,43.9271
2023-07-31,PF00022,3.04,-1.52,4.56,19.13,0.1589,-1.16,388117.78,71265.4,60.3174
2023-07-31,PF00056,-3.21,9.36,-12.57,11.62,-0.2762,-5.91,1330959.94,-23680.74,52.3406
2023-07-31,PF00130,1.69,3.24,-1.55,5.03,0.336,-9.65,109522.92,-7641.37,35.9352
2023-07-31,PF00097,-5.12,-4.78,-0.34,10.08,-0.5079,-11.02,823610.44,79289.93,55.2812
2023-07-31,PF00044,4.41,-1.11,5.52,19.09,0.231,-6.75,888946.96,19734.58,49.9938
2023-07-31,PF00029,6.34,5.89,0.45,5.66,1.1201,-14.48,1895047.45,-28428.4,48.8947
2023-07-31,PF00117,10.42,3.76,6.66,16.18,0.644,-2.24,941583.03,60872.23,10.1688
2023-07-31,PF00037,0.45,2.32,-1.87,4.44,0.1014,-8.06,1364928.21,3956.89,55.2006
2023-07-31,PF00001,1.9,-1.09,2.99,7.81,0.2433,-9.94,486199.77,96550.93,46.2548
2023-07-31,PF00083,-5.81,3.2,-9.01,11.59,-0.5013,-9.09,837108.92,57973.34,73.8846
2023-07-31,PF00005,0.87,3.71,-2.84,13.75,0.0633,-14.81,1639718.95,56700.16,26.934
2023-07-31,PF00024,5.89,1.1,4.79,14.0,0.4207,-2.59,553783.0,16435.56,48.6982
2023-07-31,PF00030,-7.21,5.99,-13.2,17.68,-0.4078,-1.5,113426.86,80264.25,21.1732
2023-07-31,PF00061,9.93,3.1,6.83,6.44,1.5419,-4.17,1367635.65,74074.53,31.2721
2023-07-31,PF00055,-6.34,6.69,-13.03,4.74,-1.3376,-7.62,319323.07,28458.32,26.2851
2023-07-31,PF00099,4.39,4.37,0.02,10.63,0.413,-11.36,169172.14,-4534.92,47.0782
2023-07-31,PF00142,3.97,-2.41,6.38,12.5,0.3176,-3.07,272840.72,9236.7,-7.7861
2023-07-31,PF00090,9.38,8.69,0.69,12.37,0.7583,-9.91,1431121.57,64115.45,79.8473
2023-07-31,PF00112,-2.46,5.15,-7.61,9.37,-0.2625,-3.04,1579640.9,60946.76,64.4902
2023-07-31,PF00144,6.93,2.59,4.34,2.05,3.3805,-3.71,961683.63,3906.76,75.0613
2023-07-31,PF00011,1.67,-4.6,6.27,18.56,0.09,-10.74,334217.27,10113.88,63.1996
2023-07-31,PF00096,6.62,0.99,5.63,8.43,0.7853,-2.89,555776.05,-15560.92,70.8101
2023-07-31,PF00140,11.81,1.29,10.52,16.05,0.7358,-7.17,720578.72,-11713.93,56.0277
2023-07-31,PF00079,-5.43,0.1,-5.53,15.72,-0.3454,-7.72,921549.43,17196.89,-18.2096
2023-07-31,PF00094,-5.32,8.72,-14.04,1.86,-2.8602,-13.46,725956.64,27067.84,25.0029
2023-07-31,PF00084,-0.57,9.62,-10.19,10.44,-0.0546,-2.65,1213092.86,-30071.58,-16.395
2023-07-31,PF00124,10.2,7.44,2.76,2.36,4.322,-7.72,1313814.11,-37150.66,35.1062
2023-07-31,PF00087,10.24,1.31,8.93,12.3,0.8325,-11.11,1434565.25,-17555.28,73.347
2023-07-31,PF00132,11.33,-4.93,16.26,2.07,5.4734,-1.39,973731.21,-13667.98,61.7604
2023-07-31,PF00060,-6.0,5.02,-11.02,12.21,-0.4914,-1.39,889707.89,62960.56,78.5769
2023-07-31,PF00131,6.86,-2.48,9.34,8.64,0.794,-2.84,42465.07,94571.06,54.4691
2023-07-31,PF00012,0.7,8.56,-7.86,19.44,0.036,-1.92,432080.17,-5648.55,70.2004
2023-07-31,PF00141,-0.1,-1.98,1.88,16.19,-0.0062,-2.17,1710399.59,-30177.46,69.8331
2023-07-31,PF00108,-4.15,6.07,-10.22,7.28,-0.5701,-5.83,1102105.77,90804.83,29.8218
2023-07-31,PF00017,-0.81,0.82,-1.63,9.18,-0.0882,-14.13,1625475.72,-19668.63,24.3509
2023-07-31,PF00052,5.49,9.58,-4.09,16.25,0.3378,-11.35,186217.03,-25547.89,68.2043
2023-07-31,PF00145,-6.86,8.07,-14.93,1.2,-5.7167,-6.57,1972775.38,19157.81,50.8175
2023-07-31,PF00063,-4.0,-1.59,-2.41,10.9,-0.367,-1.02,1785852.65,19632.11,27.3715
2023-07-31,PF00032,7.21,9.11,-1.9,5.3,1.3604,-10.65,386002.46,-1313.71,2.1903
2023-07-31,PF00111,3.84,2.83,1.01,7.03,0.5462,-9.03,1008153.79,-21070.14,63.8276
2023-07-31,PF00098,-7.71,-5.3,-2.41,3.97,-1.9421,-9.02,1022329.05,11526.26,28.6804
2023-08-31,PF00095,7.79,-0.7,8.49,18.77,0.415,-4.79,942522.78,-29193.08,78.6506
2023-08-31,PF00105,9.11,5.36,3.75,3.48,2.6178,-9.1,1786729.12,89297.36,-19.8466
2023-08-31,PF00069,7.74,7.44,0.3,1.05,7.3714,-6.33,218385.84,62499.74,27.5339
2023-08-31,PF00007,4.67,0.54,4.13,12.89,0.3623,-10.51,1099717.65,-16278.92,-6.0315
2023-08-31,PF00103,6.7,4.87,1.83,10.7,0.6262,-9.65,332125.76,60994.34,1.1208
2023-08-31,PF00002,-6.12,3.1,-9.22,16.72,-0.366,-4.8,1721995.47,77478.58,76.9985
2023-08-31,PF00003,0.03,-1.25,1.28,6.68,0.0045,-14.55,872490.56,44298.18,30.8724
2023-08-31,PF00054,10.98,4.43,6.55,16.77,0.6547,-14.02,167093.27,-7451.18,71.8196
2023-08-31,PF00008,0.43,5.73,-5.3,2.6,0.1654,-6.96,1846333.29,96548.74,35.3481
2023-08-31,PF00063,10.23,7.93,2.3,10.66,0.9597,-13.94,1153973.22,752.01,-9.9881
2023-08-31,PF00120,8.03,0.39,7.64,12.56,0.6393,-14.58,36101.45,-316.12,73.8749
2023-08-31,PF00080,5.48,6.8,-1.32,4.17,1.3141,-6.47,1843258.25,39381.61,13.0564
2023-08-31,PF00012,-6.33,1.53,-7.86,10.23,-0.6188,-11.81,1418657.89,-24594.89,50.7979
2023-08-31,PF00142,4.97,7.72,-2.75,15.46,0.3215,-0.39,1917272.88,-13512.33,32.4359
2023-08-31,PF00112,2.78,-2.36,5.14,7.67,0.3625,-6.69,1833979.02,87752.39,56.4926
2023-08-31,PF00058,9.18,2.15,7.03,5.47,1.6782,-0.25,848942.23,84090.91,15.5823
2023-08-31,PF00036,1.39,0.96,0.43,5.86,0.2372,-6.63,1426682.36,-36683.16,3.866
2023-08-31,PF00148,-1.95,-3.04,1.09,18.8,-0.1037,-7.51,206614.64,81706.48,-10.5086
2023-08-31,PF00071,6.21,-3.28,9.49,9.51,0.653,-10.51,109503.15,-2363.06,41.6324
2023-08-31,PF00133,-1.73,2.06,-3.79,19.07,-0.0907,-10.54,58704.5,6405.44,72.1832
2023-08-31,PF00015,-4.37,3.83,-8.2,6.08,-0.7188,-10.44,1592568.32,78950.13,-5.2857
2023-08-31,PF00060,6.31,5.89,0.42,11.45,0.5511,-5.06,1778123.68,71828.34,28.8771
2023-08-31,PF00026,-2.86,4.84,-7.7,4.66,-0.6137,-6.53,1153222.8,53539.13,-4.3201
2023-08-31,PF00030,5.1,2.25,2.85,2.29,2.2271,-12.97,383146.77,12479.73,38.3179
2023-08-31,PF00083,6.35,2.73,3.62,17.92,0.3544,-12.72,1066171.55,17046.41,34.0259
2023-08-31,PF00032,8.49,1.94,6.55,3.36,2.5268,-11.62,1760816.47,-15420.94,77.0198
2023-08-31,PF00067,-2.84,-2.1,-0.74,11.99,-0.2369,-9.86,1790745.22,98329.81,44.9785
2023-08-31,PF00025,11.77,7.98,3.79,9.39,1.2535,-2.38,1918604.28,-16025.91,74.8525
2023-08-31,PF00061,9.51,1.4,8.11,2.99,3.1806,-7.45,1015048.37,83003.5,19.6475
2023-08-31,PF00085,-3.23,7.69,-10.92,11.04,-0.2926,-9.13,591477.47,50836.33,4.2484
2023-08-31,PF00146,7.95,-5.17,13.12,6.57,1.21,-6.1,780860.94,65572.01,-15.8676
2023-08-31,PF00111,-5.35,7.79,-13.14,13.51,-0.396,-9.33,29233.0,12304.14,-16.5654
2023-08-31,PF00129,3.19,-2.86,6.05,4.94,0.6457,-2.62,386289.63,62000.1,23.4042
2023-08-31,PF00035,9.88,-5.51,15.39,5.7,1.7333,-3.9,716208.46,-9938.95,-12.3052
2023-08-31,PF00022,1.0,-3.04,4.04,12.82,0.078,-8.49,247055.03,-24514.22,-9.7075
2023-08-31,PF00132,4.27,-5.69,9.96,13.57,0.3147,-8.46,136705.02,-37348.5,69.2243
2023-08-31,PF00117,-3.02,6.87,-9.89,11.61,-0.2601,-6.59,822418.68,40366.22,54.6855
2023-08-31,PF00116,-0.46,0.55,-1.01,12.52,-0.0367,-12.08,1146826.79,45857.6,-2.1657
2023-08-31,PF00101,0.41,-0.35,0.76,7.54,0.0544,-1.02,398221.58,48191.82,54.2807
2023-08-31,PF00068,-1.57,3.55,-5.12,14.87,-0.1056,-5.73,992085.58,81187.88,52.2292
2023-08-31,PF00106,-2.02,6.92,-8.94,11.13,-0.1815,-5.66,1693231.07,73617.96,3.8901
2023-08-31,PF00042,-6.05,6.4,-12.45,7.49,-0.8077,-3.33,236378.86,84030.14,49.3801
2023-08-31,PF00138,9.45,3.06,6.39,6.97,1.3558,-6.33,1098738.23,38288.8,35.4376
2023-08-31,PF00057,8.8,-5.43,14.23,5.65,1.5575,-0.61,1116429.79,60839.95,6.1057
2023-08-31,PF00081,6.54,2.28,4.26,16.85,0.3881,-5.78,1973004.16,67407.91,-8.2122
2023-08-31,PF00064,8.13,5.76,2.37,15.26,0.5328,-7.29,761166.18,34577.38,67.8194
2023-08-31,PF00047,2.21,7.1,-4.89,6.58,0.3359,-2.22,1779749.78,61720.95,58.6163
2023-08-31,PF00055,3.78,5.87,-2.09,16.1,0.2348,-14.85,1184070.83,-35495.26,55.2407
2023-08-31,PF00043,-6.39,-4.66,-1.73,18.66,-0.3424,-11.18,922737.28,93328.2,-6.3726
2023-08-31,PF00051,-2.63,8.77,-11.4,17.81,-0.1477,-11.92,1053276.93,-49367.65,68.5527
2023-08-31,PF00102,1.78,-5.6,7.38,16.14,0.1103,-9.6,1755739.16,71269.71,4.7569
2023-08-31,PF00131,1.6,7.18,-5.58,11.87,0.1348,-5.17,1009840.53,16833.99,7.9826
2023-08-31,PF00124,-7.2,4.31,-11.51,2.37,-3.038,-7.11,495880.11,60647.59,50.1879
2023-08-31,PF00090,-4.5,-5.54,1.04,4.05,-1.1111,-9.53,600791.08,-44250.5,61.8295
2023-08-31,PF00033,-3.0,6.97,-9.97,14.48,-0.2072,-4.39,879898.33,-13047.2,63.5204
2023-08-31,PF00053,5.67,-5.0,10.67,15.58,0.3639,-11.27,1613827.83,4705.28,58.2701
2023-08-31,PF00076,6.75,-5.64,12.39,9.98,0.6764,-3.52,1624970.53,-15880.19,5.7036
2023-08-31,PF00089,-3.45,-1.46,-1.99,8.51,-0.4054,-5.07,1048472.8,-7134.02,18.8985
2023-08-31,PF00016,10.46,-1.04,11.5,8.41,1.2438,-1.54,302041.81,50684.07,24.6309
2023-08-31,PF00070,10.9,-0.73,11.63,19.38,0.5624,-14.22,547579.69,48749.32,29.1295
2023-08-31,PF00011,10.18,3.38,6.8,17.78,0.5726,-1.76,1533495.38,25765.63,-6.8143
2023-08-31,PF00050,5.82,-4.33,10.15,13.02,0.447,-1.07,561719.45,11999.57,12.3823
2023-08-31,PF00100,9.77,-1.71,11.48,3.33,2.9339,-1.23,813279.0,27579.8,5.739
2023-08-31,PF00034,4.76,0.6,4.16,3.16,1.5063,-7.26,1483348.81,22480.28,47.0944
2023-08-31,PF00056,9.88,-0.91,10.79,13.95,0.7082,-3.72,665381.05,-22621.9,72.0835
2023-08-31,PF00031,6.79,-4.87,11.66,3.39,2.0029,-2.82,301499.41,52408.29,43.6559
2023-08-31,PF00049,-4.7,-1.93,-2.77,10.1,-0.4653,-5.27,834682.74,72852.35,76.0796
2023-08-31,PF00066,-7.75,6.73,-14.48,7.41,-1.0459,-8.24,976664.23,-45440.47,17.3283
2023-08-31,PF00137,5.36,5.69,-0.33,9.53,0.5624,-13.28,434045.32,89501.9,59.795
2023-08-31,PF00046,10.09,0.93,9.16,15.09,0.6687,-1.17,143432.49,41274.79,-11.4401
2023-08-31,PF00113,-5.4,-1.49,-3.91,8.2,-0.6585,-10.58,816054.06,20474.03,-13.2144
2023-08-31,PF00096,10.6,9.2,1.4,10.23,1.0362,-10.43,1897370.12,42095.88,58.5844
2023-08-31,PF00109,-1.92,0.94,-2.86,6.71,-0.2861,-14.12,718119.01,19266.75,-3.7099
2023-08-31,PF00135,1.07,-3.24,4.31,6.89,0.1553,-5.26,836855.19,-33977.76,70.8263
2023-08-31,PF00044,-3.23,-2.77,-0.46,16.93,-0.1908,-6.59,385318.72,-48332.04,-9.3514
2023-08-31,PF00108,-7.55,0.12,-7.67,8.31,-0.9085,-14.55,631744.98,69812.35,73.5067
2023-08-31,PF00107,6.64,-2.57,9.21,8.73,0.7606,-10.53,1461885.69,69565.79,24.9988
2023-08-31,PF00006,-4.85,4.86,-9.71,4.55,-1.0659,-5.39,260898.83,-44453.34,-1.6276
2023-08-31,PF00084,-0.44,6.91,-7.35,6.82,-0.0645,-0.84,984661.14,-1566.82,19.8959
2023-08-31,PF00037,7.42,3.52,3.9,8.99,0.8254,-8.09,1895928.46,10569.5,12.7466
2023-08-31,PF00104,-1.02,-2.17,1.15,5.77,-0.1768,-6.07,1894950.59,51028.31,51.5397
2023-08-31,PF00020,-7.69,8.71,-16.4,2.19,-3.5114,-7.28,1857034.74,24809.86,72.5364
2023-08-31,PF00149,8.73,1.34,7.39,1.67,5.2275,-7.75,393149.2,41796.68,52.2628
2023-08-31,PF00072,-3.82,-2.93,-0.89,16.19,-0.2359,-11.92,240201.6,-6839.11,-4.4212
2023-08-31,PF00097,-3.43,5.32,-8.75,7.1,-0.4831,-3.33,605504.6,53838.11,-1.6526
2023-08-31,PF00093,-7.78,5.02,-12.8,5.63,-1.3819,-7.26,207637.96,32049.56,-4.4308
2023-08-31,PF00045,5.54,2.77,2.77,19.12,0.2897,-3.89,359328.42,65769.29,78.2157
2023-08-31,PF00023,2.27,8.55,-6.28,16.52,0.1374,-9.52,92681.51,-25603.08,53.2004
2023-08-31,PF00092,-3.61,-5.22,1.61,1.78,-2.0281,-9.18,1127472.84,-16594.97,43.4782
2023-08-31,PF00009,6.65,1.61,5.04,13.09,0.508,-12.95,974467.83,-7250.97,66.605
2023-08-31,PF00048,3.87,2.8,1.07,3.26,1.1871,-3.85,1122857.21,32726.79,45.1762
2023-08-31,PF00075,2.02,5.4,-3.38,4.21,0.4798,-8.75,1471948.9,57822.29,9.2548
2023-08-31,PF00041,-5.51,9.52,-15.03,16.34,-0.3372,-2.07,807144.87,21653.4,-9.8901
2023-08-31,PF00088,-7.54,8.3,-15.84,10.89,-0.6924,-7.24,525611.05,35378.61,40.4829
2023-08-31,PF00128,-0.47,3.68,-4.15,7.2,-0.0653,-9.66,1316227.37,62138.0,-0.0057
2023-08-31,PF00028,-4.12,-3.55,-0.57,18.36,-0.2244,-8.69,641024.06,32220.03,-1.3544
2023-08-31,PF00017,2.28,-4.47,6.75,2.0,1.14,-10.24,1758335.26,13917.74,14.0816
2023-08-31,PF00059,0.57,2.77,-2.2,4.69,0.1215,-9.2,112918.07,11377.16,-7.5519
2023-08-31,PF00140,6.89,0.12,6.77,7.03,0.9801,-11.9,392707.36,86649.62,1.0457
2023-08-31,PF00119,-2.14,7.3,-9.44,2.05,-1.0439,-14.73,1936530.94,-11800.61,21.9899
2023-09-30,PF00103,9.77,4.54,5.23,12.46,0.7841,-1.59,1792027.5,26453.62,-18.9383
2023-09-30,PF00066,-7.13,-1.79,-5.34,3.89,-1.8329,-11.67,580942.56,5010.31,51.3704
2023-09-30,PF00081,5.86,8.44,-2.58,14.33,0.4089,-9.59,1839341.31,47033.12,9.5549
2023-09-30,PF00041,1.54,7.05,-5.51,4.28,0.3598,-9.13,315217.22,26938.72,70.8335
2023-09-30,PF00111,4.36,4.45,-0.09,9.82,0.444,-11.54,1655269.34,39688.91,64.8956
2023-09-30,PF00129,0.18,9.51,-9.33,12.62,0.0143,-11.31,790904.94,67196.89,69.3532
2023-09-30,PF00007,5.8,4.52,1.28,16.11,0.36,-6.22,936926.38,-1803.14,10.5437
2023-09-30,PF00140,-2.56,0.19,-2.75,9.57,-0.2675,-3.24,950436.05,-15912.35,-13.2797
2023-09-30,PF00119,-0.72,9.95,-10.67,10.5,-0.0686,-11.66,122612.95,61132.38,60.284
2023-09-30,PF00059,0.56,7.93,-7.37,10.08,0.0556,-8.4,1930406.58,19122.28,-13.6511
2023-09-30,PF00011,-3.08,4.19,-7.27,12.26,-0.2512,-10.84,1998247.72,54989.46,-13.2718
2023-09-30,PF00012,0.66,-2.42,3.08,7.35,0.0898,-7.95,423594.31,-13617.82,47.6889
2023-09-30,PF00084,9.63,1.61,8.02,12.5,0.7704,-3.5,25741.12,13930.68,4.9639
2023-09-30,PF00043,-4.75,-3.68,-1.07,18.43,-0.2577,-5.06,1449040.83,-24849.66,-17.7515
2023-09-30,PF00056,-7.75,2.46,-10.21,3.1,-2.5,-14.75,1094456.88,34184.7,-13.8429
2023-09-30,PF00057,7.12,-0.73,7.85,13.75,0.5178,-11.45,1393762.61,4900.36,70.8077
2023-09-30,PF00098,2.56,-0.15,2.71,4.78,0.5356,-5.32,280256.4,-11070.13,49.942
2023-09-30,PF00049,2.78,6.62,-3.84,10.35,0.2686,-0.04,868879.55,74966.97,-0.1766
2023-09-30,PF00030,6.49,0.14,6.35,7.1,0.9141,-5.71,1843213.16,39856.43,-10.4242
2023-09-30,PF00149,11.12,3.01,8.11,9.59,1.1595,-0.65,643700.33,48044.87,49.3064
2023-09-30,PF00086,7.11,7.08,0.03,1.28,5.5547,-7.67,1547887.16,14789.47,39.0459
2023-09-30,PF00070,11.92,5.04,6.88,7.64,1.5602,-6.29,1789687.78,-23328.56,-0.4696
2023-09-30,PF00106,3.89,-1.55,5.44,18.42,0.2112,-13.01,67692.15,2357.36,27.1476
2023-09-30,PF00118,-0.12,-4.83,4.71,1.03,-0.1165,-14.74,819756.93,-49122.55,39.1966
2023-09-30,PF00121,-0.3,1.87,-2.17,2.75,-0.1091,-7.01,564772.29,67007.08,6.6259
2023-09-30,PF00143,2.76,-2.84,5.6,8.29,0.3329,-0.3,297642.35,83234.43,-17.6735
2023-09-30,PF00047,-1.14,5.96,-7.1,6.58,-0.1733,-11.97,150807.93,34142.84,15.733
2023-09-30,PF00024,2.84,3.48,-0.64,5.02,0.5657,-6.91,1781052.13,-22457.49,10.9829
2023-09-30,PF00123,6.19,0.48,5.71,15.12,0.4094,-14.5,672902.06,89136.86,-1.9039
2023-09-30,PF00091,4.78,4.08,0.7,16.58,0.2883,-6.62,1712607.52,80641.64,11.3558
2023-09-30,PF00045,11.33,-5.38,16.71,19.85,0.5708,-12.17,785815.64,-5240.39,1.5632
2023-09-30,PF00048,8.24,9.17,-0.93,5.87,1.4037,-14.53,1788149.39,48222.41,32.8953
2023-09-30,PF00109,6.02,0.57,5.45,14.34,0.4198,-11.82,1878182.29,-23852.91,45.9792
2023-09-30,PF00042,4.96,-0.02,4.98,4.25,1.1671,-6.0,1655407.81,40274.76,-0.0988
2023-09-30,PF00014,-0.11,-0.48,0.37,10.57,-0.0104,-5.04,1294408.04,-32647.46,48.8336
2023-09-30,PF00127,-3.45,-4.65,1.2,9.67,-0.3568,-11.23,1313325.66,86379.03,-17.0956
2023-09-30,PF00075,-6.13,2.43,-8.56,9.83,-0.6236,-0.14,884623.7,78132.71,77.2056
2023-09-30,PF00138,7.78,1.29,6.49,2.23,3.4888,-14.6,693874.59,94489.07,25.5838
2023-09-30,PF00051,-3.64,2.47,-6.11,2.73,-1.3333,-5.09,485436.25,85772.11,45.7905
2023-09-30,PF00064,6.52,1.21,5.31,19.69,0.3311,-4.3,698509.58,60067.86,-11.9837
2023-09-30,PF00147,11.22,6.82,4.4,5.82,1.9278,-9.78,969770.41,39568.35,43.8771
2023-09-30,PF00063,2.84,5.31,-2.47,5.11,0.5558,-2.64,1825774.86,73409.36,75.226
2023-09-30,PF00146,8.26,-3.39,11.65,18.87,0.4377,-9.31,1902087.19,27722.36,54.916
2023-09-30,PF00055,4.65,-2.23,6.88,13.5,0.3444,-2.27,235392.22,63485.49,8.512
2023-09-30,PF00125,11.76,3.53,8.23,4.5,2.6133,-5.94,700197.61,17561.74,-8.6127
2023-09-30,PF00136,5.48,-0.72,6.2,15.21,0.3603,-7.92,1595688.49,34175.5,11.4691
2023-09-30,PF00035,-5.7,7.55,-13.25,4.19,-1.3604,-12.42,1148485.73,45275.45,1.6934
2023-09-30,PF00093,-1.3,0.9,-2.2,8.85,-0.1469,-14.8,725291.98,76791.06,77.9484
2023-09-30,PF00134,-6.22,8.12,-14.34,19.73,-0.3153,-14.3,541177.96,33800.53,30.4237
2023-09-30,PF00097,2.13,0.39,1.74,9.32,0.2285,-4.73,844484.3,25536.18,51.9157
2023-09-30,PF00065,1.83,2.06,-0.23,8.53,0.2145,-14.98,257754.7,61892.94,47.7524
2023-09-30,PF00008,3.78,1.2,2.58,18.93,0.1997,-5.55,970872.61,95689.03,-5.4853
2023-09-30,PF00036,10.84,0.08,10.76,10.13,1.0701,-4.88,376093.45,-19765.48,61.2191
2023-09-30,PF00021,-5.94,-5.5,-0.44,7.92,-0.75,-5.28,90041.0,1419.17,-11.7275
2023-09-30,PF00082,0.08,1.1,-1.02,14.29,0.0056,-5.15,1809089.78,-38347.3,74.2344
2023-09-30,PF00015,-5.45,4.21,-9.66,9.38,-0.581,-1.58,1691158.08,69415.65,4.184
2023-09-30,PF00002,4.5,0.93,3.57,12.6,0.3571,-4.72,1032955.78,66456.23,28.0472
2023-09-30,PF00003,6.62,6.46,0.16,5.62,1.1779,-8.19,840879.27,55409.99,66.1641
2023-09-30,PF00148,6.61,6.77,-0.16,13.63,0.485,-6.39,1142602.59,-47532.7,68.7403
2023-09-30,PF00094,-4.82,-1.67,-3.15,11.45,-0.421,-13.74,1088014.27,-15671.54,55.8634
2023-09-30,PF00107,1.41,3.95,-2.54,2.78,0.5072,-4.28,1636585.67,-46641.55,42.3891
2023-09-30,PF00017,0.86,-3.05,3.91,19.19,0.0448,-12.21,563136.83,49635.47,-10.8592
2023-09-30,PF00016,8.14,-1.18,9.32,11.31,0.7197,-14.73,918065.51,68721.1,46.8761
2023-09-30,PF00071,8.44,-3.75,12.19,9.01,0.9367,-4.56,894284.84,40341.51,38.8552
2023-09-30,PF00023,-2.33,2.96,-5.29,9.23,-0.2524,-11.16,1917629.15,-26857.09,63.6166
2023-09-30,PF00027,-2.97,-4.26,1.29,3.9,-0.7615,-4.07,1475826.7,-44554.64,5.4665
2023-09-30,PF00142,3.18,7.28,-4.1,2.89,1.1003,-12.78,197112.64,-14764.15,51.7053
2023-09-30,PF00068,3.91,-0.69,4.6,8.85,0.4418,-8.54,881698.4,24724.39,-11.762
2023-09-30,PF00090,-3.37,-0.76,-2.61,19.38,-0.1739,-5.16,1215816.73,35152.04,57.2973
2023-09-30,PF00085,11.9,-0.37,12.27,6.53,1.8224,-2.19,1200495.06,-27348.13,-4.4407
2023-09-30,PF00112,-1.98,-0.82,-1.16,13.59,-0.1457,-14.24,1472485.64,-13857.35,22.2159
2023-09-30,PF00031,11.32,-0.32,11.64,2.51,4.51,-7.29,1703380.98,60826.65,5.8517
2023-09-30,PF00145,6.28,5.06,1.22,12.62,0.4976,-4.77,1523934.03,-32142.74,16.1536
2023-09-30,PF00135,-0.82,3.96,-4.78,19.42,-0.0422,-9.68,1252129.0,79627.99,-0.8334
2023-09-30,PF00087,9.19,8.34,0.85,16.03,0.5733,-3.76,65516.66,20406.6,53.5355
2023-09-30,PF00074,4.57,3.92,0.65,15.33,0.2981,-6.28,15589.24,3094.21,-15.9269
2023-09-30,PF00092,2.38,8.85,-6.47,8.41,0.283,-14.89,1219518.18,59952.96,23.2265
2023-09-30,PF00139,-7.24,4.1,-11.34,16.3,-0.4442,-12.06,1358962.77,28879.26,58.6237
2023-09-30,PF00104,-7.87,6.69,-14.56,4.17,-1.8873,-0.91,647071.58,-32495.18,-7.429
2023-09-30,PF00067,-3.02,4.26,-7.28,16.74,-0.1804,-8.62,676914.12,88056.75,0.6736
2023-09-30,PF00099,-1.35,-1.34,-0.01,9.19,-0.1469,-11.24,364883.75,99655.82,17.0116
2023-09-30,PF00039,-2.37,7.61,-9.98,7.59,-0.3123,-11.33,1456840.45,34990.84,4.3784
2023-09-30,PF00102,6.78,6.45,0.33,6.33,1.0711,-10.13,788935.18,32727.15,75.2742
2023-09-30,PF00044,7.16,4.56,2.6,9.61,0.7451,-6.72,872237.52,-45736.5,1.9105
2023-09-30,PF00122,2.63,6.96,-4.33,1.33,1.9774,-5.28,1772434.21,83463.97,72.1144
2023-09-30,PF00053,7.95,-4.73,12.68,1.17,6.7949,-3.31,242698.75,72823.38,-12.0083
2023-09-30,PF00133,11.18,9.43,1.75,2.61,4.2835,-4.39,640049.25,-3284.24,-10.7307
2023-09-30,PF00062,-0.68,5.26,-5.94,3.61,-0.1884,-12.79,1013777.24,19932.1,24.7846
2023-09-30,PF00025,-7.83,3.0,-10.83,13.1,-0.5977,-0.4,1417751.01,-32472.89,56.6609
2023-09-30,PF00096,-0.64,-5.55,4.91,18.65,-0.0343,-13.02,1682779.03,89814.42,50.5093
2023-09-30,PF00018,5.62,0.02,5.6,7.47,0.7523,-5.37,164986.98,62653.03,4.2325
2023-09-30,PF00131,0.34,0.07,0.27,18.53,0.0183,-3.39,1873464.91,-45020.92,41.6526
2023-09-30,PF00132,7.67,1.32,6.35,6.23,1.2311,-9.46,1590117.58,40529.58,69.6439
2023-09-30,PF00004,-5.09,8.59,-13.68,17.12,-0.2973,-12.97,1719336.98,5443.58,48.1905
2023-09-30,PF00137,-5.87,-1.56,-4.31,5.97,-0.9832,-14.58,654072.16,15453.03,60.3878
2023-09-30,PF00061,-2.75,7.48,-10.23,17.76,-0.1548,-8.17,1665894.94,-25766.66,42.1097
2023-09-30,PF00010,-2.24,5.59,-7.83,13.26,-0.1689,-6.27,918429.9,-49365.8,60.174
2023-09-30,PF00120,11.18,0.5,10.68,9.49,1.1781,-4.02,679349.99,27743.69,61.3295
2023-09-30,PF00080,-6.4,2.52,-8.92,2.99,-2.1405,-12.12,1842834.57,40328.02,62.0901
2023-09-30,PF00114,-3.7,-1.34,-2.36,7.35,-0.5034,-4.91,242471.87,91771.14,12.5535
2023-10-31,PF00134,10.26,-5.87,16.13,13.59,0.755,-8.69,1217241.62,15223.12,20.1845
2023-10-31,PF00023,-7.57,3.06,-10.63,5.48,-1.3814,-7.76,1904306.95,-43282.29,-10.1074
2023-10-31,PF00120,-4.07,2.7,-6.77,2.34,-1.7393,-7.67,1346146.97,-27178.51,60.6736
2023-10-31,PF00111,-6.25,4.08,-10.33,18.56,-0.3367,-12.17,1990015.07,27326.37,2.0264
2023-10-31,PF00002,-6.35,9.21,-15.56,17.57,-0.3614,-5.83,929442.81,21176.26,76.3618
2023-10-31,PF00142,8.05,6.73,1.32,12.36,0.6513,-9.41,1405522.71,-6683.63,22.3485
2023-10-31,PF00013,3.48,4.17,-0.69,10.3,0.3379,-1.64,501004.01,-43566.72,25.6301
2023-10-31,PF00122,7.64,8.68,-1.04,9.0,0.8489,-14.9,1014288.7,-13759.51,37.2389
2023-10-31,PF00073,4.77,6.69,-1.92,12.89,0.3701,-5.16,782656.09,-8506.79,49.9276
2023-10-31,PF00104,-3.73,-3.02,-0.71,1.6,-2.3312,-7.38,354388.17,-2129.76,30.731
2023-10-31,PF00106,1.48,7.61,-6.13,13.23,0.1119,-1.55,1350821.14,69507.23,14.3444
2023-10-31,PF00029,1.78,8.21,-6.43,16.69,0.1067,-5.42,288045.66,8581.72,-16.3977
2023-10-31,PF00058,0.37,-4.48,4.85,14.91,0.0248,-11.25,1105386.28,-9147.5,9.6399
2023-10-31,PF00016,6.87,2.18,4.69,5.3,1.2962,-11.99,1396211.78,67311.82,-3.5047
2023-10-31,PF00052,10.84,7.24,3.6,4.77,2.2725,-11.99,886418.76,93282.54,26.6367
2023-10-31,PF00007,-0.61,-1.04,0.43,6.16,-0.099,-10.84,764968.51,-48271.55,-0.6968
2023-10-31,PF00061,-7.7,7.21,-14.91,7.74,-0.9948,-10.39,171131.1,-32828.45,10.8529
2023-10-31,PF00089,-5.09,8.41,-13.5,7.33,-0.6944,-5.42,1260437.43,9047.55,-13.2695
2023-10-31,PF00099,5.16,-5.79,10.95,16.21,0.3183,-5.62,1789344.66,-42569.97,3.1204
2023-10-31,PF00038,1.91,3.48,-1.57,3.13,0.6102,-11.67,1354729.97,17081.3,-9.4748
2023-10-31,PF00046,-7.43,4.16,-11.59,4.73,-1.5708,-9.04,910694.82,66331.66,69.5469
2023-10-31,PF00022,7.21,3.76,3.45,8.5,0.8482,-14.49,1949241.15,-48809.56,37.1024
2023-10-31,PF00049,6.71,0.24,6.47,16.26,0.4127,-6.38,180830.1,-19785.18,76.5076
2023-10-31,PF00116,0.05,9.17,-9.12,19.72,0.0025,-4.53,728827.53,60480.58,56.3495
2023-10-31,PF00044,9.7,7.02,2.68,16.62,0.5836,-8.36,616239.55,69227.62,74.0625
2023-10-31,PF00146,-5.57,4.11,-9.68,8.16,-0.6826,-14.37,881051.76,96257.55,-3.4635
2023-10-31,PF00124,-6.4,0.53,-6.93,4.67,-1.3704,-1.01,366592.72,39228.84,16.0844
2023-10-31,PF00136,5.12,9.9,-4.78,2.11,2.4265,-14.19,864067.25,71466.21,35.9271
2023-10-31,PF00034,7.77,-4.77,12.54,3.72,2.0887,-3.9,545468.7,-18937.79,54.8178
2023-10-31,PF00150,-0.36,6.87,-7.23,18.24,-0.0197,-13.47,947690.74,47660.35,9.0199
2023-10-31,PF00018,-2.39,-4.04,1.65,5.57,-0.4291,-13.72,1679731.51,19061.44,36.3882
2023-10-31,PF00087,-5.66,6.77,-12.43,1.54,-3.6753,-14.15,1412011.17,-40145.99,-5.598
2023-10-31,PF00004,10.11,7.72,2.39,19.16,0.5277,-11.78,885179.13,-27479.25,52.7347
2023-10-31,PF00085,11.05,-5.49,16.54,18.53,0.5963,-6.96,471237.84,4584.99,-7.1337
2023-10-31,PF00081,4.67,-1.23,5.9,14.49,0.3223,-6.27,699040.92,-41467.16,7.4863
2023-10-31,PF00076,-3.62,-4.91,1.29,7.03,-0.5149,-0.57,933555.5,-32190.29,-15.3349
2023-10-31,PF00048,-6.93,-3.92,-3.01,13.6,-0.5096,-1.81,971105.76,59217.29,-4.8421
2023-10-31,PF00069,3.99,6.22,-2.23,6.88,0.5799,-9.24,1378415.14,83114.06,-6.1164
2023-10-31,PF00121,0.02,-2.12,2.14,17.15,0.0012,-1.06,794033.38,89533.77,-9.8996
2023-10-31,PF00123,6.34,1.54,4.8,2.34,2.7094,-8.77,841233.28,84638.72,-6.9753
2023-10-31,PF00125,11.66,7.11,4.55,6.15,1.8959,-5.25,938337.92,-7807.92,25.139
2023-10-31,PF00119,-1.44,-3.3,1.86,8.71,-0.1653,-0.82,722951.74,12570.42,35.2695
2023-10-31,PF00009,-0.45,5.79,-6.24,5.53,-0.0814,-1.85,146138.33,10256.84,-10.6731
2023-10-31,PF00090,-4.1,1.24,-5.34,11.93,-0.3437,-2.58,1563880.24,12122.3,59.4099
2023-10-31,PF00082,8.67,8.18,0.49,19.63,0.4417,-6.22,720670.1,39896.42,1.761
2023-10-31,PF00021,3.12,4.55,-1.43,8.7,0.3586,-4.64,250206.39,-31601.37,40.4418
2023-10-31,PF00096,-0.2,3.09,-3.29,2.31,-0.0866,-6.04,1287569.26,-17298.7,34.0825
2023-10-31,PF00095,2.17,-1.62,3.79,13.74,0.1579,-5.1,750575.31,7914.21,20.8879
2023-10-31,PF00012,2.63,2.26,0.37,8.23,0.3196,-12.54,481785.74,-30831.1,-18.5621
2023-10-31,PF00031,7.05,1.3,5.75,10.02,0.7036,-3.19,354370.1,46302.48,10.9479
2023-10-31,PF00133,-3.11,-0.9,-2.21,18.0,-0.1728,-0.15,1036062.02,22235.38,37.1483
2023-10-31,PF00139,-6.86,-3.88,-2.98,11.91,-0.576,-14.33,678775.39,39529.43,55.5646
2023-10-31,PF00135,-0.2,-2.28,2.08,11.48,-0.0174,-3.51,423366.49,56478.94,-3.9173
2023-10-31,PF00141,-2.3,0.43,-2.73,6.15,-0.374,-6.95,1539509.66,-25370.06,62.7837
2023-10-31,PF00126,-6.0,5.68,-11.68,12.93,-0.464,-1.58,1703909.03,86353.33,-19.8129
2023-10-31,PF00060,4.77,9.16,-4.39,4.09,1.1663,-5.78,1916397.32,12338.46,41.5306
2023-10-31,PF00086,-1.42,-5.68,4.26,12.55,-0.1131,-12.06,1301333.65,-42531.19,55.6071
2023-10-31,PF00102,-4.81,-5.4,0.59,13.79,-0.3488,-12.47,407678.63,98776.04,79.67
2023-10-31,PF00047,11.76,-4.78,16.54,8.24,1.4272,-12.9,451705.39,31211.81,56.7685
2023-10-31,PF00014,2.05,8.71,-6.66,14.15,0.1449,-10.58,174715.89,-40974.94,36.2485
2023-10-31,PF00077,-0.99,9.08,-10.07,5.26,-0.1882,-1.91,832430.32,72490.37,30.8972
2023-10-31,PF00092,6.19,-4.52,10.71,11.42,0.542,-14.36,1906269.9,-45220.26,76.2341
2023-10-31,PF00079,9.07,-4.44,13.51,12.41,0.7309,-7.68,677705.25,39266.38,-8.2551
2023-10-31,PF00132,7.72,-5.4,13.12,2.92,2.6438,-7.6,174774.64,-37726.6,54.3923
2023-10-31,PF00026,5.1,2.57,2.53,10.28,0.4961,-6.59,291314.1,77350.61,31.3795
2023-10-31,PF00062,-1.33,7.37,-8.7,10.42,-0.1276,-5.16,528456.45,96829.55,28.0868
2023-10-31,PF00148,9.32,-5.47,14.79,13.1,0.7115,-9.18,405309.14,-12080.48,-19.1889
2023-10-31,PF00114,-2.56,-1.4,-1.16,4.39,-0.5831,-11.06,962325.69,13246.43,9.7674
2023-10-31,PF00011,-5.66,8.4,-14.06,3.31,-1.71,-12.51,1979964.91,67245.04,79.5968
2023-10-31,PF00027,7.03,5.27,1.76,3.69,1.9051,-14.45,1425279.74,59946.51,29.3825
2023-10-31,PF00109,11.64,1.22,10.42,13.93,0.8356,-4.06,283053.12,59471.35,30.8884
2023-10-31,PF00113,9.35,6.21,3.14,3.71,2.5202,-11.36,226003.28,25522.4,9.9239
2023-10-31,PF00056,-0.7,5.63,-6.33,2.84,-0.2465,-1.29,1475959.41,61173.35,70.058
2023-10-31,PF00028,10.9,6.29,4.61,5.46,1.9963,-14.37,1242491.05,-22860.61,68.9302
2023-10-31,PF00074,1.92,4.85,-2.93,3.01,0.6379,-8.21,1640341.7,1989.82,10.6896
2023-10-31,PF00138,1.9,9.6,-7.7,6.02,0.3156,-11.42,1493176.01,16846.01,16.397
2023-10-31,PF00045,-5.29,3.29,-8.58,18.39,-0.2877,-7.3,1929321.47,57302.12,55.3028
2023-10-31,PF00037,1.88,7.11,-5.23,14.98,0.1255,-7.33,713978.19,48881.29,-8.3323
2023-10-31,PF00078,7.34,1.27,6.07,9.65,0.7606,-13.82,1971627.83,-10643.82,50.1121
2023-10-31,PF00070,5.89,6.54,-0.65,19.89,0.2961,-5.96,1669435.91,37108.35,65.3117
2023-10-31,PF00020,-6.51,-5.9,-0.61,19.41,-0.3354,-9.08,613355.78,44496.58,-10.0564
2023-10-31,PF00025,10.52,3.43,7.09,19.96,0.5271,-10.07,1710454.69,30650.72,32.3192
2023-10-31,PF00065,-2.39,0.03,-2.42,11.77,-0.2031,-0.19,1292518.48,-18236.85,53.1377
2023-10-31,PF00097,-6.09,-0.92,-5.17,12.17,-0.5004,-4.04,1592996.12,-15532.06,-0.9636
2023-10-31,PF00112,-3.84,-1.64,-2.2,3.36,-1.1429,-5.6,364032.12,45535.41,69.9815
2023-10-31,PF00094,8.6,-4.36,12.96,19.77,0.435,-10.8,1072252.23,60771.32,5.0376
2023-10-31,PF00137,7.85,-3.33,11.18,12.13,0.6472,-5.35,486144.77,53783.29,-5.0071
2023-10-31,PF00108,4.87,-5.86,10.73,6.75,0.7215,-8.43,1057136.07,-3773.55,2.4717
2023-10-31,PF00024,4.31,-1.49,5.8,14.11,0.3055,-6.63,786422.49,90704.69,-8.2116
2023-10-31,PF00080,4.6,8.57,-3.97,13.16,0.3495,-13.8,1439430.93,78268.15,52.4933
2023-10-31,PF00091,-5.66,1.12,-6.78,11.68,-0.4846,-6.54,1074589.27,75196.64,37.6734
2023-10-31,PF00015,-0.96,-1.18,0.22,19.59,-0.049,-3.36,363752.95,-20924.13,44.6826
2023-10-31,PF00057,-1.33,8.3,-9.63,4.75,-0.28,-3.04,878888.39,15861.33,44.2792
2023-10-31,PF00084,0.36,-4.96,5.32,4.88,0.0738,-0.99,1249943.57,-11275.99,-3.124
2023-10-31,PF00003,-4.97,-5.49,0.52,12.98,-0.3829,-8.66,1621593.24,35603.28,67.0207
2023-10-31,PF00105,8.18,-2.48,10.66,10.85,0.7539,-9.38,64028.21,3500.36,55.9554
2023-10-31,PF00144,1.11,5.08,-3.97,16.8,0.0661,-6.9,581505.78,61855.01,48.6151
2023-10-31,PF00064,-5.42,5.42,-10.84,10.27,-0.5278,-6.67,585098.83,-41890.77,79.8987
2023-10-31,PF00145,7.88,4.64,3.24,7.4,1.0649,-14.76,1283354.25,-21197.93,-0.7865
2023-10-31,PF00131,-4.18,-1.91,-2.27,19.39,-0.2156,-5.82,1171349.64,60116.67,14.002
2023-11-30,PF00121,-5.63,-1.05,-4.58,5.79,-0.9724,-13.75,707961.81,39219.54,36.883
2023-11-30,PF00118,-5.21,-4.08,-1.13,16.78,-0.3105,-4.46,1610244.33,25518.2,78.9874
2023-11-30,PF00141,11.39,-5.56,16.95,5.81,1.9604,-12.88,1721546.13,84222.91,-18.1304
2023-11-30,PF00099,-2.69,7.08,-9.77,17.59,-0.1529,-7.24,1448667.2,42362.56,-14.8303
2023-11-30,PF00030,3.59,8.19,-4.6,17.72,0.2026,-0.71,1654094.8,-1150.02,27.8975
2023-11-30,PF00035,7.93,-2.86,10.79,6.16,1.2873,-5.25,748184.47,25175.81,5.0948
2023-11-30,PF00144,6.91,1.72,5.19,15.73,0.4393,-8.06,1405098.74,-5672.29,52.0694
2023-11-30,PF00104,0.53,-2.27,2.8,11.49,0.0461,-10.05,310421.07,-48812.41,62.1109
2023-11-30,PF00002,-1.53,3.45,-4.98,8.56,-0.1787,-0.68,322045.46,47625.02,-3.9727
2023-11-30,PF00015,7.76,-0.58,8.34,9.26,0.838,-12.18,923194.14,-38825.56,11.4238
2023-11-30,PF00055,-7.87,-4.28,-3.59,4.56,-1.7259,-3.31,15068.73,-6405.92,10.3697
2023-11-30,PF00066,2.69,-3.23,5.92,7.8,0.3449,-2.1,1041912.78,10557.4,62.9525
2023-11-30,PF00036,9.28,-3.47,12.75,4.83,1.9213,-6.38,797938.04,-2640.7,66.6108
2023-11-30,PF00043,4.66,-3.35,8.01,2.79,1.6703,-2.95,356306.22,84344.76,11.3902
2023-11-30,PF00137,-5.49,-2.49,-3.0,10.03,-0.5474,-14.74,885999.82,71157.41,-16.5662
2023-11-30,PF00095,-6.78,-3.13,-3.65,12.99,-0.5219,-1.82,929338.27,56176.08,-10.3258
2023-11-30,PF00147,-0.12,5.62,-5.74,16.03,-0.0075,-1.77,179151.94,25346.79,74.3556
2023-11-30,PF00034,-6.22,6.29,-12.51,6.22,-1.0,-7.76,1698850.1,62052.73,64.8114
2023-11-30,PF00071,6.51,8.49,-1.98,18.99,0.3428,-14.04,718892.12,-14782.01,30.6719
2023-11-30,PF00103,-4.91,2.02,-6.93,14.6,-0.3363,-2.49,1610280.15,-20308.28,-7.0214
2023-11-30,PF00127,-2.84,8.4,-11.24,11.05,-0.257,-3.2,168478.14,9535.96,0.5535
2023-11-30,PF00122,-2.3,-3.61,1.31,11.19,-0.2055,-5.86,1443953.21,-37848.43,-5.3374
2023-11-30,PF00083,-4.2,1.73,-5.93,15.7,-0.2675,-6.26,607857.13,51701.32,2.9195
2023-11-30,PF00010,-1.08,5.3,-6.38,13.37,-0.0808,-8.55,1506631.59,38709.86,-6.7208
2023-11-30,PF00051,6.82,-1.72,8.54,16.21,0.4207,-8.82,475393.09,71925.32,-11.079
2023-11-30,PF00126,-6.52,9.39,-15.91,7.02,-0.9288,-0.96,537132.12,55797.22,43.933
2023-11-30,PF00092,3.56,-1.55,5.11,9.83,0.3622,-7.58,1128914.56,16546.04,-17.0248
2023-11-30,PF00109,-5.45,6.18,-11.63,11.85,-0.4599,-6.99,829841.83,-602.59,-7.9006
2023-11-30,PF00129,1.71,2.81,-1.1,7.98,0.2143,-14.72,1620940.94,-32711.6,-19.983
2023-11-30,PF00053,8.09,8.04,0.05,1.92,4.2135,-11.72,168634.1,91352.86,46.7064
2023-11-30,PF00146,9.91,6.42,3.49,18.88,0.5249,-14.48,856347.75,61460.19,24.956
2023-11-30,PF00001,10.82,1.58,9.24,2.39,4.5272,-7.78,1395037.39,-27237.23,-1.4145
2023-11-30,PF00032,-4.14,8.95,-13.09,19.4,-0.2134,-12.51,1391712.05,-44702.46,73.8182
2023-11-30,PF00130,1.21,4.12,-2.91,14.29,0.0847,-4.38,778421.64,62805.95,-6.597
2023-11-30,PF00064,-5.97,-2.79,-3.18,3.43,-1.7405,-12.1,512508.46,56088.79,57.6422
2023-11-30,PF00085,0.3,7.1,-6.8,16.71,0.018,-12.96,1810024.66,28793.61,-1.3316
2023-11-30,PF00020,-6.88,0.17,-7.05,3.73,-1.8445,-10.87,1551860.32,22288.61,-3.148
2023-11-30,PF00148,-2.69,-3.07,0.38,11.85,-0.227,-1.38,1460065.53,-26401.84,42.275
2023-11-30,PF00105,1.49,6.82,-5.33,3.91,0.3811,-8.39,691002.17,29385.32,65.5798
2023-11-30,PF00013,1.03,-1.47,2.5,14.07,0.0732,-9.94,1352488.4,-20242.13,26.3034
2023-11-30,PF00140,1.39,-2.79,4.18,10.91,0.1274,-10.58,106998.68,64488.69,22.97
2023-11-30,PF00021,-0.8,-0.54,-0.26,14.29,-0.056,-6.88,491144.73,80843.28,54.2306
2023-11-30,PF00089,1.57,-3.9,5.47,17.5,0.0897,-6.83,1448368.39,97652.74,20.2716
2023-11-30,PF00039,5.81,5.31,0.5,18.23,0.3187,-7.88,675439.68,71153.01,-13.5916
2023-11-30,PF00094,3.12,-3.52,6.64,9.09,0.3432,-13.19,133592.18,45521.95,58.0762
2023-11-30,PF00096,-3.31,-0.44,-2.87,1.57,-2.1083,-0.82,1289369.07,14793.77,48.6404
2023-11-30,PF00143,-4.84,6.37,-11.21,9.46,-0.5116,-12.42,55073.85,93310.07,3.0948
2023-11-30,PF00138,8.79,6.42,2.37,19.73,0.4455,-6.01,1025267.06,97572.35,-12.6224
2023-11-30,PF00022,7.53,4.3,3.23,8.23,0.9149,-2.33,135956.25,-15703.73,15.4622
2023-11-30,PF00009,11.43,0.94,10.49,15.98,0.7153,-7.3,1160317.84,-15536.72,-7.8115
2023-11-30,PF00054,-2.04,7.12,-9.16,10.14,-0.2012,-2.6,1128918.58,-34737.28,29.4304
2023-11-30,PF00135,-1.68,5.03,-6.71,6.54,-0.2569,-11.7,574439.23,21233.98,58.0175
2023-11-30,PF00087,11.89,4.5,7.39,11.99,0.9917,-3.8,1502568.94,78960.91,16.2754
2023-11-30,PF00074,-3.53,3.34,-6.87,3.72,-0.9489,-7.88,213281.43,-13920.48,-19.7927
2023-11-30,PF00049,-6.76,-0.03,-6.73,5.52,-1.2246,-8.21,1947493.65,68210.36,3.7392
2023-11-30,PF00101,9.29,-3.55,12.84,14.79,0.6281,-12.94,1142466.84,20831.96,16.5912
2023-11-30,PF00098,-0.97,-0.45,-0.52,1.34,-0.7239,-10.35,1677308.39,-33640.36,11.4787
2023-11-30,PF00057,7.23,4.33,2.9,16.0,0.4519,-14.58,566888.03,70771.81,70.0457
2023-11-30,PF00056,-7.21,0.4,-7.61,16.51,-0.4367,-0.77,1981293.01,-23122.59,8.0095
2023-11-30,PF00006,-2.78,9.52,-12.3,5.31,-0.5235,-5.86,394456.81,33260.83,-19.2788
2023-11-30,PF00119,9.64,3.62,6.02,6.69,1.441,-9.02,1760155.48,-5565.61,-15.5599
2023-11-30,PF00090,10.96,9.45,1.51,18.47,0.5934,-10.59,14053.38,-11308.37,71.1294
2023-11-30,PF00081,11.96,-1.76,13.72,16.44,0.7275,-1.43,1718283.11,23283.44,56.9942
2023-11-30,PF00107,1.7,1.75,-0.05,3.86,0.4404,-7.35,855705.26,-5639.9,72.0249
2023-11-30,PF00008,2.38,-4.84,7.22,6.63,0.359,-6.34,1374256.54,16327.84,6.9989
2023-11-30,PF00069,-4.5,-5.45,0.95,5.48,-0.8212,-1.49,404086.49,3978.04,74.8292
2023-11-30,PF00025,3.78,2.9,0.88,19.14,0.1975,-10.19,466821.45,-28946.68,42.1585
2023-11-30,PF00073,1.8,-0.81,2.61,9.29,0.1938,-4.0,1791107.19,48299.28,41.1075
2023-11-30,PF00084,7.04,-3.22,10.26,18.5,0.3805,-9.85,533589.5,92274.03,5.6785
2023-11-30,PF00124,-5.81,6.83,-12.64,11.35,-0.5119,-9.6,1496496.45,58783.47,-4.0098
2023-11-30,PF00125,3.34,-2.85,6.19,8.39,0.3981,-8.35,493010.14,51018.41,42.5599
2023-11-30,PF00150,8.39,4.4,3.99,8.15,1.0294,-8.39,1000709.96,-48442.79,72.8096
2023-11-30,PF00050,-2.03,-3.29,1.26,17.53,-0.1158,-7.76,705074.32,44838.68,78.1697
2023-11-30,PF00080,4.07,-5.76,9.83,5.27,0.7723,-10.61,1497346.17,58720.72,38.651
2023-11-30,PF00018,9.75,-1.38,11.13,11.8,0.8263,-11.14,112818.9,-4821.91,-9.2195
2023-11-30,PF00077,1.04,5.07,-4.03,8.89,0.117,-8.12,753922.35,82131.59,-19.4687
2023-11-30,PF00005,-1.85,3.64,-5.49,6.03,-0.3068,-4.72,140894.77,-33281.84,-7.2226
2023-11-30,PF00065,3.44,0.45,2.99,6.83,0.5037,-6.65,508388.33,-47272.08,51.9417
2023-11-30,PF00044,-0.5,1.56,-2.06,6.45,-0.0775,-4.99,45125.46,53679.7,45.0025
2023-11-30,PF00136,0.55,8.09,-7.54,13.59,0.0405,-1.82,888699.67,-5804.36,61.8173
2023-11-30,PF00128,8.85,0.91,7.94,6.94,1.2752,-13.72,489905.0,58291.15,39.3295
2023-11-30,PF00026,9.39,0.97,8.42,4.54,2.0683,-11.72,165021.71,-33272.98,-4.324
2023-11-30,PF00061,3.17,4.29,-1.12,15.39,0.206,-7.21,1023191.22,64752.61,7.4944
2023-11-30,PF00016,0.14,3.99,-3.85,9.68,0.0145,-8.79,1233143.85,-49322.41,23.1511
2023-11-30,PF00091,-4.72,-0.3,-4.42,15.06,-0.3134,-10.06,539138.8,-17177.3,62.539
2023-11-30,PF00027,1.84,-1.48,3.32,8.29,0.222,-7.53,1754985.1,96762.16,63.8954
2023-11-30,PF00132,10.29,6.86,3.43,12.96,0.794,-5.6,356027.35,86146.97,78.9874
2023-11-30,PF00041,-3.16,-1.18,-1.98,19.95,-0.1584,-2.08,1545654.37,-28295.34,32.3729
2023-11-30,PF00102,-1.3,1.74,-3.04,11.54,-0.1127,-11.28,1271807.8,-34051.9,59.109
2023-11-30,PF00131,3.64,5.11,-1.47,4.34,0.8387,-5.61,1983740.48,-48579.27,54.7646
2023-11-30,PF00076,-4.84,0.07,-4.91,14.46,-0.3347,-3.25,1929091.77,17624.66,41.1567
2023-11-30,PF00023,-2.48,4.52,-7.0,19.16,-0.1294,-5.94,1068984.02,-31086.55,33.2296
2023-11-30,PF00014,-5.36,4.76,-10.12,4.49,-1.1938,-2.51,1660646.33,-16046.79,-3.7722
2023-11-30,PF00149,9.21,6.19,3.02,18.18,0.5066,-13.84,1799069.79,-18874.84,52.6496
2023-11-30,PF00093,6.53,2.3,4.23,6.41,1.0187,-1.73,235412.28,32251.05,-2.0268
2023-11-30,PF00063,-7.26,5.13,-12.39,6.35,-1.1433,-14.81,1035197.98,24256.52,41.5711
2023-11-30,PF00037,-6.67,-5.78,-0.89,19.01,-0.3509,-4.01,1377733.23,54097.81,-14.2253
2023-11-30,PF00031,0.08,-2.18,2.26,1.31,0.0611,-14.54,617647.33,4769.07,63.0602
2023-11-30,PF00067,10.37,0.55,9.82,6.29,1.6486,-0.99,812738.56,40638.45,20.8207
2023-11-30,PF00019,2.95,8.36,-5.41,5.73,0.5148,-4.46,1057715.82,-48620.5,23.296
2023-12-31,PF00106,-7.35,-2.13,-5.22,9.35,-0.7861,-0.71,176594.13,-32033.82,33.9377
2023-12-31,PF00062,-4.39,-1.97,-2.42,4.08,-1.076,-14.58,643569.27,81864.11,-1.9789
2023-12-31,PF00001,6.15,-3.4,9.55,1.17,5.2564,-5.41,1810524.59,-12156.72,53.7891
2023-12-31,PF00147,0.94,7.91,-6.97,10.05,0.0935,-4.24,1816473.45,-7030.15,5.5767
2023-12-31,PF00081,-4.3,-4.18,-0.12,16.83,-0.2555,-12.65,1192571.09,-40395.14,-14.1467
2023-12-31,PF00103,-5.41,9.81,-15.22,10.53,-0.5138,-4.28,1934349.08,13094.03,48.7305
2023-12-31,PF00122,5.69,-0.04,5.73,17.97,0.3166,-2.58,1970814.17,89582.68,29.2956
2023-12-31,PF00093,-1.72,-2.99,1.27,12.91,-0.1332,-1.98,367135.06,39427.29,11.8641
2023-12-31,PF00083,-2.22,5.44,-7.66,4.14,-0.5362,-1.1,653347.36,-23665.24,54.5035
2023-12-31,PF00014,11.07,-4.09,15.16,15.07,0.7346,-0.92,1882957.44,37424.48,24.0038
2023-12-31,PF00052,11.33,7.76,3.57,8.52,1.3298,-9.45,17036.15,62032.76,44.1756
2023-12-31,PF00114,2.5,-5.31,7.81,18.25,0.137,-12.04,795444.91,-454.45,20.7415
2023-12-31,PF00145,2.45,-4.64,7.09,15.16,0.1616,-8.55,1446787.18,-45886.29,0.1357
2023-12-31,PF00078,-7.2,7.87,-15.07,12.83,-0.5612,-0.91,1966377.76,34356.96,7.6806
2023-12-31,PF00125,2.49,-4.52,7.01,8.83,0.282,-3.7,1188831.67,1831.37,56.8351
2023-12-31,PF00132,10.04,-0.5,10.54,8.78,1.1435,-9.07,404531.09,53562.01,35.2731
2023-12-31,PF00030,-4.72,-0.69,-4.03,5.08,-0.9291,-11.88,1722023.63,17296.75,41.0094
2023-12-31,PF00059,1.24,9.9,-8.66,15.05,0.0824,-4.33,1530386.19,59112.26,6.2398
2023-12-31,PF00060,-0.08,5.18,-5.26,8.5,-0.0094,-1.3,1429487.27,97458.0,-16.8518
2023-12-31,PF00004,2.93,9.16,-6.23,15.43,0.1899,-14.2,1342422.55,62234.28,14.7664
2023-12-31,PF00002,0.65,0.41,0.24,4.39,0.1481,-10.6,1077187.36,45400.27,27.964
2023-12-31,PF00123,10.77,-5.91,16.68,4.51,2.388,-3.6,1655979.28,42523.1,59.0207
2023-12-31,PF00077,-0.73,7.93,-8.66,8.37,-0.0872,-9.04,955962.48,1406.01,15.8331
2023-12-31,PF00056,5.92,6.27,-0.35,8.78,0.6743,-6.41,1300194.53,84636.73,57.683
2023-12-31,PF00021,1.65,-0.44,2.09,17.18,0.096,-7.11,1318362.7,55752.59,-8.6902
2023-12-31,PF00067,8.96,-3.3,12.26,17.9,0.5006,-5.39,174493.7,-17235.76,41.8786
2023-12-31,PF00140,3.73,1.62,2.11,15.32,0.2435,-0.08,110217.16,36084.25,69.7071
2023-12-31,PF00074,-2.69,0.08,-2.77,19.51,-0.1379,-6.68,133282.97,9696.03,-12.9417
2023-12-31,PF00141,-0.71,4.92,-5.63,16.55,-0.0429,-11.43,831681.8,71995.16,40.2782
2023-12-31,PF00016,5.61,0.89,4.72,19.61,0.2861,-6.89,1556229.17,-47928.33,19.4076
2023-12-31,PF00008,-1.65,-4.26,2.61,10.58,-0.156,-14.84,1445316.9,-35818.56,74.7938
2023-12-31,PF00113,11.59,8.42,3.17,5.48,2.115,-1.97,742086.43,46387.12,-5.2744
2023-12-31,PF00043,-5.54,4.3,-9.84,3.95,-1.4025,-11.06,129573.6,-43793.9,38.2305
2023-12-31,PF00111,-4.64,7.37,-12.01,1.47,-3.1565,-8.63,1921055.34,-35708.32,46.4021
2023-12-31,PF00148,0.21,7.74,-7.53,12.61,0.0167,-8.73,1788170.98,-48248.15,24.7876
2023-12-31,PF00054,-4.51,-4.42,-0.09,4.73,-0.9535,-2.72,1707960.81,19205.49,-8.1448
2023-12-31,PF00142,-4.8,6.73,-11.53,9.56,-0.5021,-7.17,1168567.27,93350.6,-8.9257
2023-12-31,PF00094,4.74,7.72,-2.98,15.53,0.3052,-0.2,608837.54,98993.67,25.1604
2023-12-31,PF00069,10.85,-1.07,11.92,16.71,0.6493,-14.46,1070088.51,-20808.43,26.6969
2023-12-31,PF00028,-0.9,1.31,-2.21,2.63,-0.3422,-4.24,1253673.88,6109.18,-5.8497
2023-12-31,PF00047,7.04,8.26,-1.22,8.07,0.8724,-7.54,1869722.85,75880.75,12.6244
2023-12-31,PF00065,9.65,-5.34,14.99,15.02,0.6425,-10.83,1222036.01,-7192.37,67.2374
2023-12-31,PF00089,-3.45,-1.53,-1.92,18.85,-0.183,-1.85,1169152.42,54616.75,-14.4402
2023-12-31,PF00149,1.25,-1.95,3.2,15.73,0.0795,-5.7,423714.02,-23379.42,-11.5033
2023-12-31,PF00064,-1.08,7.88,-8.96,1.79,-0.6034,-6.67,524295.17,-33101.41,-6.1588
2023-12-31,PF00050,-5.71,3.75,-9.46,12.34,-0.4627,-1.33,680451.47,94317.68,37.3668
2023-12-31,PF00051,9.84,5.76,4.08,6.45,1.5256,-7.26,161380.15,-48318.89,21.1821
2023-12-31,PF00025,-1.2,7.28,-8.48,4.54,-0.2643,-2.42,1805915.88,-38496.28,19.4808
2023-12-31,PF00144,7.28,3.34,3.94,4.52,1.6106,-9.1,1607318.4,68939.35,3.7733
2023-12-31,PF00127,0.76,1.45,-0.69,3.32,0.2289,-13.7,66256.8,6397.53,-3.9603
2023-12-31,PF00010,-4.47,2.09,-6.56,17.74,-0.252,-12.59,1396635.0,65458.49,68.9027
2023-12-31,PF00085,7.26,0.81,6.45,13.91,0.5219,-14.31,1839562.8,26453.46,55.3264
2023-12-31,PF00137,-1.98,5.79,-7.77,12.95,-0.1529,-5.29,1731243.26,86464.22,-10.1821
2023-12-31,PF00071,-7.43,-3.53,-3.9,18.13,-0.4098,-6.22,420853.37,9060.56,69.818
2023-12-31,PF00108,-7.88,7.25,-15.13,6.89,-1.1437,-5.74,1483326.24,61147.7,3.9109
2023-12-31,PF00101,10.2,1.05,9.15,9.58,1.0647,-3.29,255169.44,29625.27,36.2875
2023-12-31,PF00033,0.78,7.38,-6.6,2.43,0.321,-2.52,378588.75,15795.77,35.2757
2023-12-31,PF00139,10.11,-0.36,10.47,11.48,0.8807,-12.21,74909.48,13599.37,20.7635
2023-12-31,PF00007,8.11,-3.95,12.06,3.8,2.1342,-14.7,1345734.96,75701.48,48.1335
2023-12-31,PF00048,11.83,-5.53,17.36,16.69,0.7088,-2.54,810584.17,62159.15,9.4378
2023-12-31,PF00032,4.3,8.38,-4.08,11.34,0.3792,-3.22,1872432.13,73011.29,-5.9715
2023-12-31,PF00063,3.78,7.18,-3.4,2.06,1.835,-5.88,729066.37,-48327.29,-15.2566
2023-12-31,PF00115,-3.68,-4.96,1.28,7.43,-0.4953,-13.23,1137014.15,-19876.71,15.4827
2023-12-31,PF00057,9.24,1.35,7.89,10.39,0.8893,-14.84,650416.94,77265.51,71.7137
2023-12-31,PF00005,7.22,8.09,-0.87,10.43,0.6922,-13.31,530736.27,92702.56,64.7174
2023-12-31,PF00119,-2.92,6.35,-9.27,13.11,-0.2227,-7.62,130756.71,49355.61,77.466
2023-12-31,PF00011,9.87,1.58,8.29,18.38,0.537,-3.26,486798.95,-49118.97,20.2763
2023-12-31,PF00041,11.82,0.73,11.09,16.77,0.7048,-13.61,767113.24,-21767.8,-11.6447
2023-12-31,PF00015,-1.95,-2.04,0.09,17.83,-0.1094,-3.22,1129005.14,43813.84,49.047
2023-12-31,PF00130,-1.06,-5.59,4.53,16.34,-0.0649,-14.45,934736.97,-35876.32,66.3971
2023-12-31,PF00124,6.74,7.81,-1.07,9.58,0.7035,-1.16,209182.62,15816.66,30.9584
2023-12-31,PF00012,7.52,-4.54,12.06,13.2,0.5697,-3.19,1108218.21,59648.46,-10.6319
2023-12-31,PF00023,5.17,7.21,-2.04,9.11,0.5675,-14.92,108618.83,16618.73,28.7351
2023-12-31,PF00118,-0.71,-4.8,4.09,6.94,-0.1023,-11.46,31518.41,72940.49,66.2256
2023-12-31,PF00019,1.39,-4.98,6.37,1.76,0.7898,-10.01,383844.41,2616.05,-6.0803
2023-12-31,PF00120,11.26,4.68,6.58,11.38,0.9895,-1.18,1139476.53,68232.12,14.0154
2023-12-31,PF00080,4.51,-0.12,4.63,7.31,0.617,-4.08,1454071.48,-25424.86,6.6496
2023-12-31,PF00075,4.17,8.96,-4.79,14.07,0.2964,-7.64,1451393.9,55053.94,1.3609
2023-12-31,PF00143,0.08,1.24,-1.16,13.16,0.0061,-10.96,1018782.74,54544.85,23.5799
2023-12-31,PF00058,-7.86,-2.82,-5.04,15.83,-0.4965,-5.03,779622.78,10305.47,-13.7975
2023-12-31,PF00029,1.01,5.07,-4.06,16.49,0.0612,-12.5,1096780.55,84677.56,56.1485
2023-12-31,PF00035,6.48,-3.01,9.49,9.78,0.6626,-7.35,766433.99,-20269.91,-9.7207
2023-12-31,PF00121,2.05,4.25,-2.2,2.98,0.6879,-2.07,1195872.64,34585.74,59.9975
2023-12-31,PF00098,5.72,2.18,3.54,7.17,0.7978,-9.25,916595.48,-44522.51,25.046
2023-12-31,PF00009,-6.26,7.24,-13.5,15.92,-0.3932,-3.65,1011931.33,-39493.68,4.6181
2023-12-31,PF00038,-4.51,-4.18,-0.33,3.87,-1.1654,-10.72,855574.24,95459.25,52.3574
2023-12-31,PF00072,-3.2,-1.07,-2.13,15.36,-0.2083,-3.42,387668.56,28777.74,36.6962
2023-12-31,PF00006,8.21,3.33,4.88,10.32,0.7955,-8.13,858876.78,-6759.72,21.3031
2023-12-31,PF00018,-6.34,3.07,-9.41,14.34,-0.4421,-3.6,998539.45,-36345.45,16.6134
2023-12-31,PF00022,8.1,5.09,3.01,5.62,1.4413,-7.92,1601226.73,40563.9,-11.8018
2023-12-31,PF00053,0.15,-0.95,1.1,16.1,0.0093,-7.86,1803727.05,-7468.95,68.5273
2023-12-31,PF00090,3.16,9.98,-6.82,8.51,0.3713,-9.22,418914.63,-22394.38,58.3734
2023-12-31,PF00045,2.06,8.27,-6.21,11.92,0.1728,-8.8,895227.42,5153.59,62.033
2023-12-31,PF00037,1.93,8.65,-6.72,11.24,0.1717,-9.62,516028.99,19685.4,-8.9407
2023-12-31,PF00126,3.47,3.4,0.07,2.51,1.3825,-5.9,209786.44,-26216.85,16.4044
2023-12-31,PF00026,-4.93,3.62,-8.55,5.49,-0.898,-4.89,457979.37,69285.77,64.8877
2023-12-31,PF00003,10.48,-1.02,11.5,2.22,4.7207,-0.1,583455.54,8380.43,24.7386
2023-12-31,PF00136,9.92,6.27,3.65,8.89,1.1159,-12.85,22259.63,82407.61,22.9284
2023-12-31,PF00027,11.79,-4.81,16.6,7.1,1.6606,-4.76,801045.19,-47856.13,78.9399
2023-12-31,PF00105,11.91,1.07,10.84,7.93,1.5019,-9.91,696261.32,15566.92,14.3414
2024-01-31,PF00119,2.58,6.85,-4.27,5.77,0.4471,-8.06,1278665.15,26269.09,21.3572
2024-01-31,PF00035,0.43,9.33,-8.9,9.77,0.044,-11.19,385021.66,-1848.74,36.6552
2024-01-31,PF00056,6.56,-1.6,8.16,3.67,1.7875,-13.89,591642.05,80741.89,33.3013
2024-01-31,PF00097,-6.7,-3.13,-3.57,16.41,-0.4083,-9.57,127094.72,-21578.88,37.9948
2024-01-31,PF00073,1.81,1.66,0.15,3.1,0.5839,-8.9,1888541.66,-17966.62,20.8518
2024-01-31,PF00123,-2.1,-0.61,-1.49,12.4,-0.1694,-4.12,938155.22,22602.59,30.4458
2024-01-31,PF00079,5.97,-4.68,10.65,14.92,0.4001,-0.79,275893.93,-41600.19,22.6321
2024-01-31,PF00143,6.29,-2.61,8.9,8.64,0.728,-14.57,1804680.45,-44470.07,71.2683
2024-01-31,PF00063,-1.19,8.96,-10.15,18.3,-0.065,-4.09,1855894.39,-10275.16,-5.9303
2024-01-31,PF00001,-3.36,-2.06,-1.3,19.81,-0.1696,-4.12,1164388.56,34112.3,55.4183
2024-01-31,PF00033,7.82,-2.06,9.88,18.57,0.4211,-2.76,1100287.17,94034.82,-11.4046
2024-01-31,PF00003,3.98,1.63,2.35,18.92,0.2104,-6.79,307801.07,-46511.88,70.5604
2024-01-31,PF00124,-1.77,4.5,-6.27,12.54,-0.1411,-12.0,1378798.46,93907.25,-10.3135
2024-01-31,PF00109,11.18,-3.83,15.01,1.55,7.2129,-12.16,1072233.15,-41190.98,46.0899
2024-01-31,PF00138,-6.25,7.83,-14.08,4.55,-1.3736,-7.12,759241.29,76912.51,26.9161
2024-01-31,PF00021,1.64,-3.85,5.49,15.49,0.1059,-0.29,1587313.32,44683.7,8.1282
2024-01-31,PF00077,9.18,7.44,1.74,6.05,1.5174,-1.23,1973235.77,-12110.44,69.0358
2024-01-31,PF00112,11.66,2.01,9.65,8.28,1.4082,-13.75,1437617.97,29389.27,79.8781
2024-01-31,PF00041,7.07,4.67,2.4,12.61,0.5607,-11.59,469738.98,-31744.54,60.5324
2024-01-31,PF00052,8.41,-2.06,10.47,9.4,0.8947,-6.74,207577.01,-11361.69,14.7276
2024-01-31,PF00083,-0.01,3.83,-3.84,16.79,-0.0006,-2.09,122187.96,68836.7,0.7782
2024-01-31,PF00028,-5.66,0.75,-6.41,1.22,-4.6393,-14.22,1589987.36,73018.63,69.308
2024-01-31,PF00030,-0.28,2.22,-2.5,2.25,-0.1244,-6.54,1919167.54,4625.97,-12.016
2024-01-31,PF00130,-7.99,-4.4,-3.59,6.21,-1.2866,-6.03,1795222.94,78980.3,-1.2189
2024-01-31,PF00117,3.65,2.05,1.6,9.99,0.3654,-14.58,1660597.86,-11124.05,-14.4534
2024-01-31,PF00100,0.75,1.13,-0.38,14.62,0.0513,-14.14,599860.88,-28259.18,15.2243
2024-01-31,PF00091,-4.9,5.77,-10.67,12.75,-0.3843,-6.26,1822980.48,-1505.45,53.4249
2024-01-31,PF00098,-2.18,5.26,-7.44,2.04,-1.0686,-3.4,617425.66,-41928.52,61.3345
2024-01-31,PF00066,-4.55,-5.67,1.12,3.16,-1.4399,-11.09,1751089.07,-37275.76,7.9939
2024-01-31,PF00135,11.68,0.43,11.25,18.06,0.6467,-12.2,406662.77,5287.22,79.1254
2024-01-31,PF00084,-7.46,9.21,-16.67,14.19,-0.5257,-2.08,1743186.82,34512.18,57.2934
2024-01-31,PF00090,8.37,8.57,-0.2,6.71,1.2474,-7.32,987837.88,-1553.74,59.9892
2024-01-31,PF00022,-4.69,8.99,-13.68,6.5,-0.7215,-2.58,235229.5,12361.93,4.1074
2024-01-31,PF00118,7.72,-1.48,9.2,15.54,0.4968,-1.09,304867.81,-17928.16,-10.7736
2024-01-31,PF00149,-2.18,2.16,-4.34,17.07,-0.1277,-4.39,1890849.73,-13580.24,-10.7452
2024-01-31,PF00133,3.04,3.48,-0.44,4.07,0.7469,-14.93,653342.35,-12459.58,62.1983
2024-01-31,PF00070,-7.4,5.79,-13.19,1.24,-5.9677,-10.03,1381859.64,69760.45,77.1596
2024-01-31,PF00071,5.86,-2.58,8.44,19.15,0.306,-4.9,109196.31,9757.29,78.9655
2024-01-31,PF00040,9.32,7.25,2.07,14.26,0.6536,-7.53,504061.13,-35740.79,0.0247
2024-01-31,PF00102,2.81,3.57,-0.76,19.1,0.1471,-0.56,1383812.23,65633.97,68.1893
2024-01-31,PF00044,1.43,-3.38,4.81,18.76,0.0762,-9.29,175111.76,53567.31,70.2671
2024-01-31,PF00069,-2.21,-1.95,-0.26,14.29,-0.1547,-8.23,617286.1,-41093.06,6.2428
2024-01-31,PF00016,5.21,-2.79,8.0,19.02,0.2739,-2.46,1466539.05,-37445.04,52.4751
2024-01-31,PF00134,-7.8,3.59,-11.39,10.88,-0.7169,-10.44,1127923.07,3157.76,42.141
2024-01-31,PF00099,-3.14,-2.53,-0.61,11.63,-0.27,-10.27,1854322.74,-37988.99,26.6836
2024-01-31,PF00132,3.95,-1.13,5.08,8.82,0.4478,-10.1,282562.58,-27594.69,74.6443
2024-01-31,PF00087,-4.1,3.6,-7.7,11.08,-0.37,-0.38,691999.5,-43312.39,66.4177
2024-01-31,PF00024,6.63,9.39,-2.76,9.13,0.7262,-9.53,1084291.23,76742.34,-3.0036
2024-01-31,PF00057,0.05,7.82,-7.77,2.95,0.0169,-5.12,317293.89,-27831.11,1.7734
2024-01-31,PF00059,7.05,4.09,2.96,11.98,0.5885,-5.4,1018443.56,14849.15,47.7177
2024-01-31,PF00015,4.59,4.72,-0.13,2.62,1.7519,-12.18,1634819.81,58910.7,-14.2908
2024-01-31,PF00010,8.53,1.72,6.81,1.74,4.9023,-3.49,304186.25,6989.34,36.0009
2024-01-31,PF00031,10.74,9.6,1.14,6.36,1.6887,-7.46,1043399.82,-32641.68,77.2556
2024-01-31,PF00106,4.12,7.28,-3.16,14.67,0.2808,-6.32,1171537.96,-26743.56,-2.7275
2024-01-31,PF00045,11.44,-3.36,14.8,6.84,1.6725,-10.86,927933.8,64533.24,6.1382
2024-01-31,PF00108,1.31,-2.23,3.54,18.96,0.0691,-13.54,129067.48,43763.87,76.341
2024-01-31,PF00093,1.7,-2.44,4.14,6.83,0.2489,-1.38,1111543.09,-3400.14,-1.6964
2024-01-31,PF00058,-3.14,4.93,-8.07,6.99,-0.4492,-12.84,1919132.87,98194.63,20.0879
2024-01-31,PF00148,-7.9,1.81,-9.71,19.54,-0.4043,-6.72,1084077.17,82834.36,37.9495
2024-01-31,PF00062,7.06,-5.39,12.45,6.18,1.1424,-14.87,1950228.57,-20730.97,-8.5665
2024-01-31,PF00065,1.52,1.4,0.12,2.32,0.6552,-2.69,1373672.56,42285.09,7.6799
2024-01-31,PF00113,-7.73,0.46,-8.19,15.17,-0.5096,-12.85,219288.98,82795.21,57.3872
2024-01-31,PF00020,0.92,-4.11,5.03,3.13,0.2939,-12.73,1974150.96,3239.74,9.4927
2024-01-31,PF00145,0.09,2.66,-2.57,17.33,0.0052,-13.7,1693105.07,98933.27,22.5391
2024-01-31,PF00046,1.05,-5.0,6.05,16.79,0.0625,-4.98,1725575.32,-14770.89,71.7688
2024-01-31,PF00047,7.36,2.22,5.14,6.19,1.189,-12.3,1726970.46,47297.3,62.784
2024-01-31,PF00147,0.95,-5.42,6.37,8.21,0.1157,-11.38,1773036.47,-17022.71,19.2718
2024-01-31,PF00029,10.15,-4.37,14.52,18.37,0.5525,-5.03,948517.89,17264.59,-13.1113
2024-01-31,PF00086,2.56,-1.4,3.96,8.6,0.2977,-13.45,274745.3,24687.78,78.4437
2024-01-31,PF00026,-3.11,5.47,-8.58,11.28,-0.2757,-6.88,730404.82,10467.63,13.4155
2024-01-31,PF00023,-1.81,1.19,-3.0,2.88,-0.6285,-7.53,347863.9,-36019.44,7.1997
2024-01-31,PF00101,-4.86,-3.09,-1.77,9.36,-0.5192,-7.47,353793.13,90179.74,62.2945
2024-01-31,PF00082,-7.34,7.86,-15.2,3.79,-1.9367,-14.44,48372.68,-19992.29,59.3429
2024-01-31,PF00076,-7.89,5.11,-13.0,19.46,-0.4054,-3.05,571616.71,42427.43,17.8696
2024-01-31,PF00018,-7.16,-5.64,-1.52,14.02,-0.5107,-3.08,664877.13,38283.5,9.7605
2024-01-31,PF00127,-6.39,-4.61,-1.78,1.73,-3.6936,-2.47,1609798.02,-31662.86,12.1688
2024-01-31,PF00096,3.06,-4.23,7.29,3.24,0.9444,-11.39,1986232.41,74687.93,31.8785
2024-01-31,PF00011,-7.06,-3.4,-3.66,4.06,-1.7389,-8.4,1553523.97,21839.12,20.9631
2024-01-31,PF00037,-2.68,8.48,-11.16,12.83,-0.2089,-5.54,193940.1,-49105.13,38.6724
2024-01-31,PF00006,4.91,7.63,-2.72,5.31,0.9247,-8.25,1569242.96,-33165.2,63.3512
2024-01-31,PF00075,-3.62,-1.49,-2.13,1.13,-3.2035,-13.93,1165275.69,38957.1,-7.833
2024-01-31,PF00150,-0.06,-1.89,1.83,10.1,-0.0059,-14.57,645224.26,-44001.97,74.964
2024-01-31,PF00008,7.16,4.47,2.69,5.16,1.3876,-9.55,370819.34,12933.28,-11.2676
2024-01-31,PF00061,-5.78,-2.67,-3.11,3.56,-1.6236,-4.8,973812.4,-4391.18,56.0911
2024-01-31,PF00060,3.97,1.01,2.96,11.53,0.3443,-12.19,1790836.59,-30539.27,55.561
2024-01-31,PF00105,-5.93,-5.23,-0.7,4.9,-1.2102,-2.44,1071548.5,86864.07,71.9441
2024-01-31,PF00009,-4.38,3.15,-7.53,7.9,-0.5544,-1.14,1378875.68,-19567.28,38.2322
2024-01-31,PF00043,-4.96,-2.6,-2.36,2.35,-2.1106,-12.25,1318547.2,84938.24,68.5867
2024-01-31,PF00088,3.82,-3.07,6.89,10.18,0.3752,-0.3,1965226.83,37609.7,55.0018
2024-01-31,PF00142,2.92,-1.45,4.37,15.24,0.1916,-5.45,1296293.84,-11800.46,23.7526
2024-01-31,PF00103,7.11,8.0,-0.89,15.14,0.4696,-0.82,1652253.6,65941.23,19.7205
2024-01-31,PF00095,7.42,9.47,-2.05,2.74,2.708,-5.79,618531.52,-10540.46,61.5965
2024-01-31,PF00067,7.44,1.91,5.53,17.96,0.4143,-14.77,1074677.33,-49765.31,48.5934
2024-01-31,PF00140,-5.13,6.29,-11.42,14.72,-0.3485,-13.38,302859.76,-27064.42,56.4761
2024-01-31,PF00131,3.16,-0.97,4.13,16.1,0.1963,-2.79,1293301.63,81076.86,76.9581
2024-01-31,PF00036,5.56,-0.09,5.65,5.63,0.9876,-10.47,1562367.87,-22404.7,50.3756
2024-01-31,PF00121,0.46,5.27,-4.81,1.5,0.3067,-14.1,1172991.36,37155.8,59.1504
2024-01-31,PF00012,11.61,9.54,2.07,17.66,0.6574,-14.56,796330.72,45055.42,46.2943
2024-01-31,PF00111,-4.93,1.36,-6.29,1.39,-3.5468,-1.95,967292.54,-24021.22,37.709
2024-01-31,PF00014,10.42,0.52,9.9,18.13,0.5747,-10.8,369111.24,88452.47,66.0582
2024-02-29,PF00073,5.41,-3.61,9.02,1.07,5.0561,-0.12,1682624.82,-47329.47,46.4509
2024-02-29,PF00042,-7.11,-0.31,-6.8,12.87,-0.5524,-10.85,1008306.29,-22654.71,-10.7236
2024-02-29,PF00092,2.78,3.72,-0.94,4.68,0.594,-13.01,607628.63,-25503.17,5.818
2024-02-29,PF00017,0.81,2.59,-1.78,8.96,0.0904,-14.04,1538557.55,-38618.51,-16.8284
2024-02-29,PF00074,4.4,4.83,-0.43,7.54,0.5836,-14.86,1297806.94,75353.88,5.8963
2024-02-29,PF00131,4.47,-4.58,9.05,18.15,0.2463,-5.77,722472.04,69595.8,-13.5911
2024-02-29,PF00106,3.38,7.76,-4.38,17.88,0.189,-7.95,223663.81,54316.14,57.1483
2024-02-29,PF00127,1.65,2.31,-0.66,15.42,0.107,-11.0,1868455.76,66163.19,50.5848
2024-02-29,PF00087,5.84,4.61,1.23,17.67,0.3305,-4.73,632679.41,-16141.7,30.5794
2024-02-29,PF00098,-4.2,2.12,-6.32,7.13,-0.5891,-2.31,532363.84,-26936.01,13.7505
2024-02-29,PF00139,9.0,2.87,6.13,10.01,0.8991,-7.41,256296.16,99280.92,15.1057
2024-02-29,PF00055,7.52,2.53,4.99,19.96,0.3768,-14.25,103571.01,71709.15,42.0311
2024-02-29,PF00102,4.38,8.24,-3.86,9.49,0.4615,-9.69,1085812.69,86796.97,-14.7353
2024-02-29,PF00053,1.2,-3.67,4.87,5.59,0.2147,-6.84,889830.31,-28777.2,73.3011
2024-02-29,PF00052,6.4,-0.57,6.97,10.93,0.5855,-8.48,220998.57,-45189.63,60.7576
2024-02-29,PF00064,-7.92,6.51,-14.43,12.9,-0.614,-7.95,1470814.12,-24824.74,3.8687
2024-02-29,PF00022,4.16,-5.28,9.44,3.86,1.0777,-0.49,1450945.18,14318.56,2.3484
2024-02-29,PF00135,1.22,3.5,-2.28,5.22,0.2337,-4.69,1998703.2,64648.59,8.5052
2024-02-29,PF00136,-3.0,-4.54,1.54,5.56,-0.5396,-12.69,1197010.21,-12268.37,7.7118
2024-02-29,PF00062,5.89,9.23,-3.34,3.66,1.6093,-2.63,1136863.9,64943.15,46.799
2024-02-29,PF00045,11.71,5.81,5.9,1.6,7.3187,-1.4,1903672.47,88456.29,53.183
2024-02-29,PF00077,3.91,-1.8,5.71,8.84,0.4423,-3.89,790745.27,76194.16,32.3134
2024-02-29,PF00141,1.26,7.86,-6.6,5.31,0.2373,-12.03,1219287.21,57225.27,29.3044
2024-02-29,PF00050,0.31,8.36,-8.05,18.84,0.0165,-0.43,356972.64,-20945.69,2.6161
2024-02-29,PF00004,-5.22,-3.47,-1.75,4.97,-1.0503,-14.17,1843262.5,5945.19,52.6345
2024-02-29,PF00114,-0.73,5.55,-6.28,2.08,-0.351,-1.62,1686867.39,-43910.65,68.4428
2024-02-29,PF00078,3.29,9.24,-5.95,12.69,0.2593,-14.39,1112694.05,-37136.47,75.9128
2024-02-29,PF00123,9.48,-4.72,14.2,1.48,6.4054,-2.13,1583681.76,37517.92,-7.5706
2024-02-29,PF00093,3.24,6.22,-2.98,17.77,0.1823,-0.74,842460.28,463.28,-16.3771
2024-02-29,PF00025,11.35,3.01,8.34,2.25,5.0444,-9.3,1770053.03,79088.79,0.5749
2024-02-29,PF00063,10.61,-4.39,15.0,13.61,0.7796,-11.88,1309382.68,-20942.21,15.321
2024-02-29,PF00116,6.08,9.66,-3.58,3.8,1.6,-7.61,1499364.77,-11028.59,34.7972
2024-02-29,PF00032,0.45,-5.93,6.38,9.26,0.0486,-7.45,1734168.12,94080.92,1.5761
2024-02-29,PF00100,8.82,-0.4,9.22,15.96,0.5526,-2.79,543221.86,10678.84,-3.0656
2024-02-29,PF00018,7.23,7.38,-0.15,3.28,2.2043,-12.85,682867.92,19632.44,13.861
2024-02-29,PF00111,-1.41,6.8,-8.21,6.9,-0.2043,-0.54,1608845.6,63592.6,75.1951
2024-02-29,PF00109,12.0,1.3,10.7,13.27,0.9043,-12.15,142622.74,-19651.53,-14.3871
2024-02-29,PF00071,-0.61,-0.4,-0.21,1.89,-0.3228,-0.36,1173899.18,24031.89,14.6426
2024-02-29,PF00021,5.2,3.95,1.25,2.3,2.2609,-7.93,745057.37,-29101.99,-9.8583
2024-02-29,PF00110,-1.35,2.55,-3.9,8.96,-0.1507,-8.1,100547.15,-23085.85,-17.2376
2024-02-29,PF00008,7.62,2.76,4.86,19.27,0.3954,-7.87,539220.4,11691.46,44.2124
2024-02-29,PF00085,-2.24,5.12,-7.36,18.83,-0.119,-14.09,581861.14,47226.2,19.9239
2024-02-29,PF00015,-1.26,9.3,-10.56,15.88,-0.0793,-10.12,100329.79,-21416.6,32.7675
2024-02-29,PF00041,-3.16,1.68,-4.84,4.14,-0.7633,-11.75,1493824.67,46473.76,-3.823
2024-02-29,PF00130,8.39,3.04,5.35,13.75,0.6102,-8.48,1224441.39,28813.97,-12.2511
2024-02-29,PF00089,8.85,6.38,2.47,5.3,1.6698,-14.76,1056692.08,44456.19,38.8606
2024-02-29,PF00007,5.04,6.69,-1.65,13.66,0.369,-5.25,1981244.85,23094.45,-15.8493
2024-02-29,PF00056,-4.87,5.01,-9.88,4.28,-1.1379,-3.6,1069321.82,-9307.03,-16.828
2024-02-29,PF00133,9.61,7.03,2.58,19.11,0.5029,-0.28,725913.39,91796.23,6.6278
2024-02-29,PF00046,-2.31,1.02,-3.33,10.51,-0.2198,-1.1,1653151.97,-12861.98,12.0965
2024-02-29,PF00084,-0.18,-5.38,5.2,10.11,-0.0178,-7.18,791381.49,88043.45,-0.856
2024-02-29,PF00134,1.28,2.53,-1.25,17.5,0.0731,-4.25,1093495.71,85415.73,25.1261
2024-02-29,PF00003,4.06,9.34,-5.28,9.67,0.4199,-13.42,394258.87,-48223.42,45.2865
2024-02-29,PF00016,-3.36,6.36,-9.72,4.52,-0.7434,-0.1,829413.56,75188.03,71.7383
2024-02-29,PF00148,-4.53,1.68,-6.21,8.64,-0.5243,-7.54,453495.21,-17833.76,-3.2537
2024-02-29,PF00068,3.46,4.16,-0.7,1.12,3.0893,-9.94,1469170.78,29368.83,35.5599
2024-02-29,PF00054,3.25,-4.85,8.1,7.74,0.4199,-1.92,896793.26,80559.03,24.2326
2024-02-29,PF00005,5.95,0.61,5.34,15.11,0.3938,-14.43,838705.72,-23917.75,-12.3844
2024-02-29,PF00031,4.22,2.6,1.62,14.75,0.2861,-0.18,1197920.54,-28515.47,65.8696
2024-02-29,PF00117,-0.86,8.75,-9.61,6.85,-0.1255,-8.97,976089.77,82658.95,53.5967
2024-02-29,PF00019,2.44,-2.33,4.77,14.09,0.1732,-9.09,1785080.3,-31203.9,-3.5424
2024-02-29,PF00108,9.4,-5.14,14.54,15.06,0.6242,-8.94,871194.84,35665.47,1.4831
2024-02-29,PF00040,-2.06,-3.11,1.05,7.46,-0.2761,-4.24,1319811.98,8837.01,-17.0879
2024-02-29,PF00088,-6.18,-0.09,-6.09,7.73,-0.7995,-9.02,23997.78,-23168.1,71.3672
2024-02-29,PF00132,5.2,7.99,-2.79,8.36,0.622,-7.3,464673.43,97409.9,31.4755
2024-02-29,PF00107,-3.52,0.98,-4.5,13.43,-0.2621,-1.75,1478699.28,76705.29,17.4375
2024-02-29,PF00033,8.14,5.49,2.65,8.41,0.9679,-9.12,1745256.59,30633.35,57.593
2024-02-29,PF00037,1.16,-4.96,6.12,9.48,0.1224,-0.49,722531.9,-24837.82,-13.0135
2024-02-29,PF00124,-2.63,4.67,-7.3,3.2,-0.8219,-4.18,1818335.76,67812.86,42.8755
2024-02-29,PF00129,9.47,3.17,6.3,1.43,6.6224,-14.37,1797986.08,59568.07,6.0442
2024-02-29,PF00095,9.42,-4.18,13.6,18.64,0.5054,-8.66,1133139.92,1517.02,35.4311
2024-02-29,PF00051,-3.63,1.53,-5.16,13.06,-0.2779,-14.27,787639.25,26916.41,48.9921
2024-02-29,PF00076,5.59,7.28,-1.69,4.43,1.2619,-1.71,1647465.71,80832.53,2.5169
2024-02-29,PF00122,10.5,1.78,8.72,3.7,2.8378,-8.92,1080319.16,21525.48,19.3792
2024-02-29,PF00079,0.18,8.85,-8.67,3.96,0.0455,-14.53,122799.09,-9451.29,47.4413
2024-02-29,PF00044,7.52,7.18,0.34,17.93,0.4194,-10.34,1043578.22,-12669.35,60.1337
2024-02-29,PF00099,-3.36,-4.01,0.65,17.48,-0.1922,-1.76,1777795.31,31139.31,30.8682
2024-02-29,PF00146,6.98,4.22,2.76,9.4,0.7426,-10.22,961314.99,25407.76,25.2476
2024-02-29,PF00061,4.53,8.21,-3.68,6.03,0.7512,-7.24,1635037.77,70796.78,20.3227
2024-02-29,PF00112,9.03,-4.49,13.52,15.87,0.569,-10.3,1836997.96,-3764.67,12.445
2024-02-29,PF00115,7.76,-0.47,8.23,12.38,0.6268,-12.69,1385025.57,85544.8,74.5599
2024-02-29,PF00039,8.05,9.62,-1.57,5.5,1.4636,-2.23,1120490.56,24426.71,12.2623
2024-02-29,PF00118,9.79,-0.03,9.82,3.71,2.6388,-14.57,463277.95,-35433.03,31.1702
2024-02-29,PF00010,-1.15,-2.64,1.49,4.62,-0.2489,-8.97,669799.2,5363.21,43.3316
2024-02-29,PF00038,0.82,2.19,-1.37,18.41,0.0445,-0.29,212288.97,-966.04,15.685
2024-02-29,PF00012,9.16,5.88,3.28,9.07,1.0099,-8.16,1561253.41,5824.22,28.6827
2024-02-29,PF00020,-5.04,-5.32,0.28,10.06,-0.501,-2.44,1988479.41,37136.37,44.976
2024-02-29,PF00081,10.32,9.37,0.95,16.54,0.6239,-12.69,1518889.1,77247.07,70.7747
2024-02-29,PF00119,-2.32,0.61,-2.93,9.69,-0.2394,-9.36,772694.11,39854.86,-9.9325
2024-02-29,PF00060,-4.48,6.84,-11.32,11.35,-0.3947,-10.01,1039859.01,51082.01,75.9251
2024-02-29,PF00024,-3.01,-0.97,-2.04,6.93,-0.4343,-9.77,1531939.21,68209.24,49.7619
2024-02-29,PF00150,-3.85,9.36,-13.21,11.51,-0.3345,-9.06,392503.62,978.32,-13.1715
2024-02-29,PF00027,-6.84,-2.75,-4.09,13.46,-0.5082,-2.88,1703079.72,-20649.92,60.0677
2024-02-29,PF00058,6.07,-0.2,6.27,5.5,1.1036,-6.7,1898532.69,30952.82,15.0421
2024-02-29,PF00090,5.58,7.03,-1.45,12.47,0.4475,-0.93,1614018.44,88063.41,45.1367
2024-02-29,PF00145,5.1,5.83,-0.73,4.22,1.2085,-12.98,1940806.93,86983.73,25.3598
2024-02-29,PF00094,-4.42,9.4,-13.82,8.62,-0.5128,-13.95,1856632.99,70571.53,7.1485
2024-02-29,PF00047,-1.76,-5.96,4.2,4.23,-0.4161,-10.32,1516911.58,78250.57,78.8752
2024-02-29,PF00072,4.16,7.75,-3.59,19.49,0.2134,-7.09,1817809.12,83363.65,62.1119
2024-02-29,PF00096,-2.98,-5.58,2.6,17.7,-0.1684,-1.61,757870.43,82890.07,43.1786
2024-03-31,PF00050,10.59,1.57,9.02,3.65,2.9014,-11.79,1268948.65,48084.92,54.1162
2024-03-31,PF00038,-3.52,0.57,-4.09,12.01,-0.2931,-11.34,1023946.95,35174.62,-10.0634
2024-03-31,PF00048,0.36,-4.69,5.05,8.3,0.0434,-5.28,1621344.9,-33575.72,54.7332
2024-03-31,PF00097,-4.33,-1.09,-3.24,14.23,-0.3043,-12.11,312568.47,61764.0,47.7845
2024-03-31,PF00144,-4.81,-0.86,-3.95,9.65,-0.4984,-1.36,595857.6,301.93,21.8575
2024-03-31,PF00054,-3.25,2.56,-5.81,8.1,-0.4012,-13.83,1423319.35,-25168.35,23.6121
2024-03-31,PF00030,3.06,7.45,-4.39,17.18,0.1781,-6.0,1705255.27,55535.93,-8.2536
2024-03-31,PF00079,-3.26,-4.43,1.17,5.78,-0.564,-10.51,238578.42,-42744.21,73.4537
2024-03-31,PF00083,9.58,0.67,8.91,12.78,0.7496,-14.69,451668.75,76850.19,19.5645
2024-03-31,PF00098,6.6,-1.76,8.36,18.92,0.3488,-4.52,1066068.99,-41906.61,11.6137
2024-03-31,PF00110,-3.41,8.63,-12.04,5.29,-0.6446,-14.97,433230.3,85479.15,48.403
2024-03-31,PF00040,5.58,-5.04,10.62,14.63,0.3814,-8.11,867357.94,94326.36,52.8022
2024-03-31,PF00142,-1.94,3.03,-4.97,2.65,-0.7321,-7.11,1466894.25,82958.31,55.3934
2024-03-31,PF00148,3.22,6.12,-2.9,6.69,0.4813,-6.8,571693.45,98866.5,68.144
2024-03-31,PF00136,-1.38,0.26,-1.64,3.76,-0.367,-3.74,1052738.07,-417.3,48.5618
2024-03-31,PF00045,-7.57,0.88,-8.45,7.01,-1.0799,-14.9,310462.1,-26878.25,13.5707
2024-03-31,PF00092,-1.09,1.28,-2.37,15.78,-0.0691,-2.78,36653.12,2605.98,41.1568
2024-03-31,PF00027,1.4,-4.26,5.66,11.29,0.124,-3.78,238647.28,49562.85,-7.5847
2024-03-31,PF00141,-3.81,-1.31,-2.5,18.64,-0.2044,-12.46,1975174.6,54167.04,15.9066
2024-03-31,PF00078,5.53,-2.68,8.21,10.0,0.553,-5.39,972538.38,52647.94,59.5971
2024-03-31,PF00132,9.78,6.7,3.08,17.79,0.5497,-10.54,1829156.47,15269.49,76.6416
2024-03-31,PF00085,6.82,3.71,3.11,14.76,0.4621,-14.88,397384.59,-31130.93,17.5469
2024-03-31,PF00058,9.89,-4.79,14.68,16.39,0.6034,-2.41,1407621.91,70260.98,26.6582
2024-03-31,PF00138,-5.73,-3.88,-1.85,3.9,-1.4692,-1.89,1109513.45,-5445.09,8.4263
2024-03-31,PF00001,-2.4,8.17,-10.57,8.24,-0.2913,-2.21,1583426.2,-43463.12,73.7452
2024-03-31,PF00012,1.74,3.55,-1.81,14.66,0.1187,-2.48,1566101.93,2970.06,-0.7483
2024-03-31,PF00143,-2.28,1.82,-4.1,8.55,-0.2667,-2.62,459546.38,73628.55,-1.9981
2024-03-31,PF00118,-5.15,1.64,-6.79,11.01,-0.4678,-6.02,524180.65,28737.42,43.8435
2024-03-31,PF00025,-4.0,-2.53,-1.47,8.65,-0.4624,-0.85,1878794.24,26258.23,37.2455
2024-03-31,PF00069,-6.98,-5.93,-1.05,16.64,-0.4195,-0.75,67412.32,90306.89,35.7488
2024-03-31,PF00039,8.17,0.51,7.66,13.54,0.6034,-13.74,1327440.12,-3517.77,-0.8896
2024-03-31,PF00087,-3.83,9.92,-13.75,14.31,-0.2676,-14.08,805689.49,50596.74,43.6952
2024-03-31,PF00033,10.48,3.76,6.72,13.53,0.7746,-10.79,23951.93,68880.17,57.9039
2024-03-31,PF00004,6.93,5.5,1.43,7.77,0.8919,-9.76,1388211.39,88544.7,-14.4214
2024-03-31,PF00116,-2.73,-0.61,-2.12,2.07,-1.3188,-3.03,1329809.8,47740.17,1.8333
2024-03-31,PF00139,7.07,-5.52,12.59,3.55,1.9915,-2.93,16882.95,50736.74,24.0851
2024-03-31,PF00128,1.59,4.55,-2.96,9.24,0.1721,-9.4,81460.64,-6778.6,10.5945
2024-03-31,PF00091,9.08,8.99,0.09,15.52,0.5851,-12.41,1644185.39,64088.38,-0.6819
2024-03-31,PF00093,4.04,9.06,-5.02,7.36,0.5489,-4.25,498332.84,27443.61,72.6359
2024-03-31,PF00114,-4.42,3.35,-7.77,19.06,-0.2319,-13.44,1578177.2,56279.22,43.4045
2024-03-31,PF00113,-5.39,7.74,-13.13,4.06,-1.3276,-11.56,1372158.52,-8875.05,-19.3078
2024-03-31,PF00046,6.51,0.3,6.21,8.93,0.729,-7.29,1551418.56,16356.83,44.6524
2024-03-31,PF00125,-3.16,-5.0,1.84,19.29,-0.1638,-13.6,1605635.74,3618.36,12.789
2024-03-31,PF00047,-7.37,2.88,-10.25,15.65,-0.4709,-13.56,1437017.28,51871.99,33.0161
2024-03-31,PF00022,2.27,5.99,-3.72,7.86,0.2888,-4.92,239496.62,82241.78,22.5922
2024-03-31,PF00134,6.44,-3.28,9.72,1.62,3.9753,-1.99,1243222.14,62447.11,26.292
2024-03-31,PF00041,9.97,1.35,8.62,18.08,0.5514,-1.17,1806405.67,59975.8,61.7139
2024-03-31,PF00053,2.16,-0.2,2.36,3.7,0.5838,-1.95,1133818.94,11596.48,-16.3717
2024-03-31,PF00150,2.59,3.18,-0.59,9.14,0.2834,-8.46,760352.43,77877.06,64.7921
2024-03-31,PF00024,7.3,-4.23,11.53,6.03,1.2106,-0.57,1215689.1,-28197.22,13.5925
2024-03-31,PF00071,-2.15,-0.32,-1.83,11.84,-0.1816,-2.01,1128334.31,42517.06,-4.3933
2024-03-31,PF00067,0.6,1.83,-1.23,3.47,0.1729,-4.46,499465.13,-45348.43,59.5604
2024-03-31,PF00104,2.95,3.43,-0.48,19.68,0.1499,-8.13,855548.96,-14134.99,43.9456
2024-03-31,PF00020,1.12,3.68,-2.56,7.17,0.1562,-13.0,1507016.67,7381.21,35.1532
2024-03-31,PF00109,7.93,1.9,6.03,14.21,0.5581,-13.91,440517.97,-37533.19,2.6614
2024-03-31,PF00029,7.33,3.06,4.27,8.76,0.8368,-11.18,1263655.32,-19903.77,23.025
2024-03-31,PF00006,9.77,2.22,7.55,15.26,0.6402,-4.25,1236471.1,-38378.43,38.1601
2024-03-31,PF00023,7.32,-5.73,13.05,4.76,1.5378,-13.78,1383812.52,-45066.22,77.9753
2024-03-31,PF00108,11.79,6.35,5.44,16.05,0.7346,-9.67,1846698.42,-44687.69,27.3396
2024-03-31,PF00103,7.6,7.83,-0.23,3.63,2.0937,-2.61,1714364.01,14404.59,45.1855
2024-03-31,PF00062,-2.58,2.42,-5.0,19.58,-0.1318,-3.18,538380.32,40512.69,51.2548
2024-03-31,PF00122,7.84,9.2,-1.36,15.97,0.4909,-6.77,73776.43,-7900.83,56.3642
2024-03-31,PF00121,5.52,6.38,-0.86,8.47,0.6517,-3.54,1097824.93,82536.71,43.0665
2024-03-31,PF00126,-0.33,5.09,-5.42,17.53,-0.0188,-3.63,542176.3,86724.79,43.8602
2024-03-31,PF00120,9.39,9.79,-0.4,12.45,0.7542,-7.75,715739.98,65319.63,47.443
2024-03-31,PF00111,-3.19,7.19,-10.38,9.93,-0.3212,-13.97,1848981.06,15492.98,43.0928
2024-03-31,PF00140,8.65,1.59,7.06,16.79,0.5152,-14.99,1350912.66,18691.53,39.1361
2024-03-31,PF00129,-2.05,6.76,-8.81,7.07,-0.29,-9.46,1971584.16,-38223.11,19.5014
2024-03-31,PF00061,10.0,-4.62,14.62,11.53,0.8673,-13.43,765416.69,-31661.6,-1.6069
2024-03-31,PF00070,5.9,-5.57,11.47,14.23,0.4146,-2.84,416892.45,84331.49,57.8413
2024-03-31,PF00032,2.87,7.08,-4.21,15.5,0.1852,-0.53,1153635.22,74878.14,-5.7376
2024-03-31,PF00131,-1.42,-4.6,3.18,9.08,-0.1564,-2.46,1672826.32,35249.06,73.9675
2024-03-31,PF00008,8.28,4.65,3.63,12.3,0.6732,-14.59,1289623.32,-34846.28,79.3431
2024-03-31,PF00011,-0.56,8.02,-8.58,17.67,-0.0317,-10.55,1227780.95,-27426.37,58.4203
2024-03-31,PF00065,10.0,-4.69,14.69,4.73,2.1142,-11.0,873270.8,42094.26,39.4012
2024-03-31,PF00133,2.73,1.18,1.55,9.68,0.282,-1.48,1121386.4,90562.55,24.5992
2024-03-31,PF00068,-1.31,0.59,-1.9,4.89,-0.2679,-9.18,73980.35,-22747.24,65.1092
2024-03-31,PF00037,-3.98,5.05,-9.03,6.8,-0.5853,-10.49,323748.52,64491.48,-9.0073
2024-03-31,PF00036,6.79,-4.25,11.04,17.49,0.3882,-14.33,1206694.6,-48591.7,-19.6962
2024-03-31,PF00124,-0.7,4.01,-4.71,9.35,-0.0749,-2.95,1323585.53,34702.7,46.8169
2024-03-31,PF00146,5.51,4.52,0.99,15.58,0.3537,-13.08,1209313.63,86006.99,57.4303
2024-03-31,PF00100,2.31,-3.79,6.1,13.41,0.1723,-0.25,1915904.18,-12537.52,28.8534
2024-03-31,PF00013,0.41,-3.25,3.66,1.46,0.2808,-14.2,417544.96,89057.82,28.8615
2024-03-31,PF00007,1.56,5.28,-3.72,8.54,0.1827,-7.28,884110.44,80048.49,29.5095
2024-03-31,PF00026,10.44,0.1,10.34,5.19,2.0116,-8.18,479099.08,78618.68,25.1015
2024-03-31,PF00149,7.62,7.97,-0.35,17.17,0.4438,-0.53,1817596.04,-28778.64,53.5768
2024-03-31,PF00099,-7.39,2.42,-9.81,2.26,-3.2699,-5.65,1240245.53,-48707.4,35.7052
2024-03-31,PF00105,-1.26,5.94,-7.2,18.26,-0.069,-6.98,1036223.5,87967.04,12.9671
2024-03-31,PF00063,10.66,-0.09,10.75,4.67,2.2827,-0.98,1498788.35,-14417.13,47.6119
2024-03-31,PF00051,3.42,7.99,-4.57,2.13,1.6056,-9.06,979377.25,28044.02,32.1674
2024-03-31,PF00106,9.82,8.09,1.73,10.65,0.9221,-13.01,1762829.49,-689.51,71.8623
2024-03-31,PF00060,7.76,4.81,2.95,8.37,0.9271,-9.11,263738.19,-4425.08,39.8628
2024-03-31,PF00086,8.08,-3.08,11.16,3.53,2.289,-6.83,781115.56,-37686.34,32.0698
2024-03-31,PF00117,1.62,-0.39,2.01,1.57,1.0318,-1.6,131269.05,-38726.33,10.3022
2024-03-31,PF00137,-4.02,-1.15,-2.87,12.11,-0.332,-8.7,431503.92,-26990.63,30.3183
2024-03-31,PF00066,2.88,-4.2,7.08,3.89,0.7404,-3.89,813636.31,64964.28,-15.1279
2024-03-31,PF00005,-7.77,3.68,-11.45,1.03,-7.5437,-6.18,897487.17,51057.93,18.0558
2024-03-31,PF00034,3.99,-3.47,7.46,16.2,0.2463,-5.85,1191851.7,17690.1,32.8077
2024-03-31,PF00072,-5.73,5.78,-11.51,19.76,-0.29,-13.51,12917.4,98169.3,4.8156
2024-03-31,PF00096,-6.76,2.42,-9.18,10.12,-0.668,-6.11,1631474.78,75307.11,-1.011
2024-04-30,PF00124,10.53,6.2,4.33,18.08,0.5824,-10.65,1101351.17,53175.97,39.9257
2024-04-30,PF00032,4.24,-1.9,6.14,11.46,0.37,-9.87,219455.0,90198.77,2.6485
2024-04-30,PF00104,5.48,-2.14,7.62,19.43,0.282,-5.28,211945.47,34811.84,75.2135
2024-04-30,PF00075,1.19,1.0,0.19,9.04,0.1316,-5.32,1423746.66,50065.01,51.9465
2024-04-30,PF00125,-6.6,-3.82,-2.78,16.95,-0.3894,-9.21,761970.77,15022.46,15.6351
2024-04-30,PF00003,10.43,7.86,2.57,8.34,1.2506,-8.09,570667.06,97606.87,59.9779
2024-04-30,PF00127,2.25,-3.66,5.91,13.17,0.1708,-2.55,101795.08,75402.53,-6.2962
2024-04-30,PF00073,6.65,-5.49,12.14,18.29,0.3636,-3.46,359167.62,58779.11,-15.2434
2024-04-30,PF00037,9.97,9.26,0.71,11.87,0.8399,-13.43,1200709.98,81419.77,-8.4581
2024-04-30,PF00142,1.74,0.25,1.49,4.01,0.4339,-5.04,1443267.91,77163.29,-10.3797
2024-04-30,PF00063,-3.85,-0.49,-3.36,14.24,-0.2704,-2.31,1473962.04,-18685.4,79.0673
2024-04-30,PF00093,-2.05,9.86,-11.91,18.5,-0.1108,-8.59,1293246.01,48216.07,50.6928
2024-04-30,PF00010,11.64,0.44,11.2,14.41,0.8078,-0.36,694155.53,30849.23,-12.3526
2024-04-30,PF00043,8.58,-1.99,10.57,5.38,1.5948,-6.6,1308493.08,-32420.86,71.9766
2024-04-30,PF00031,11.87,7.55,4.32,13.92,0.8527,-3.06,1273916.61,-5856.16,71.9691
2024-04-30,PF00050,7.93,7.59,0.34,17.62,0.4501,-9.67,1899537.71,33260.89,-15.6105
2024-04-30,PF00058,-0.21,-3.48,3.27,10.27,-0.0204,-13.71,318629.91,-48419.99,70.7282
2024-04-30,PF00016,4.97,-1.13,6.1,14.38,0.3456,-3.27,188559.47,1274.23,41.3489
2024-04-30,PF00048,-7.37,9.63,-17.0,15.79,-0.4668,-13.43,1749172.27,5465.43,9.0537
2024-04-30,PF00056,-6.12,-3.14,-2.98,15.47,-0.3956,-9.95,901546.11,67461.3,68.3852
2024-04-30,PF00042,11.64,6.32,5.32,13.26,0.8778,-13.73,986504.42,-45536.97,-1.2918
2024-04-30,PF00018,8.01,1.72,6.29,11.35,0.7057,-5.03,251129.96,36184.4,-5.3605
2024-04-30,PF00077,10.71,5.72,4.99,12.46,0.8596,-4.35,1130968.32,48370.87,-14.4962
2024-04-30,PF00143,-6.88,-2.39,-4.49,17.11,-0.4021,-14.07,65263.65,-25278.08,78.3609
2024-04-30,PF00055,5.31,-3.87,9.18,10.85,0.4894,-8.23,1980874.84,95241.8,77.6944
2024-04-30,PF00060,-1.57,4.33,-5.9,10.09,-0.1556,-12.36,1182252.54,91592.9,9.9636
2024-04-30,PF00136,-1.16,-1.95,0.79,9.07,-0.1279,-1.87,1138812.85,-46850.86,76.1136
2024-04-30,PF00117,7.26,5.53,1.73,3.15,2.3048,-8.62,298854.26,18571.57,32.2223
2024-04-30,PF00028,-4.71,1.21,-5.92,5.72,-0.8234,-3.85,789309.27,-35100.94,-0.5158
2024-04-30,PF00012,8.8,8.56,0.24,12.51,0.7034,-4.43,225068.23,-16967.44,25.3891
2024-04-30,PF00006,-2.81,-0.58,-2.23,4.09,-0.687,-1.5,726503.42,-34009.81,16.832
2024-04-30,PF00052,1.47,3.81,-2.34,11.56,0.1272,-8.47,1379990.28,12274.24,8.2847
2024-04-30,PF00145,4.24,-2.59,6.83,16.41,0.2584,-13.94,739054.35,-41653.97,-2.8284
2024-04-30,PF00002,-2.47,9.73,-12.2,11.0,-0.2245,-11.53,1792310.68,-38690.04,36.2895
2024-04-30,PF00106,5.04,9.77,-4.73,17.13,0.2942,-5.41,102556.38,984.69,23.1114
2024-04-30,PF00147,-0.44,4.3,-4.74,9.42,-0.0467,-12.35,651790.63,-2742.4,37.6366
2024-04-30,PF00102,-3.17,-0.54,-2.63,3.95,-0.8025,-6.29,1065110.05,-17656.18,70.4354
2024-04-30,PF00105,8.51,-0.72,9.23,17.05,0.4991,-5.54,1777207.6,16884.84,60.8746
2024-04-30,PF00051,1.05,8.46,-7.41,19.1,0.055,-7.12,1113918.67,52626.53,67.7742
2024-04-30,PF00020,-3.96,9.24,-13.2,10.09,-0.3925,-5.39,850182.82,87815.78,11.0571
2024-04-30,PF00121,-2.73,2.18,-4.91,5.52,-0.4946,-14.61,1053788.42,21982.3,45.5953
2024-04-30,PF00047,-2.1,-1.95,-0.15,16.81,-0.1249,-4.96,920604.0,17285.59,40.5988
2024-04-30,PF00115,4.29,9.68,-5.39,17.25,0.2487,-12.63,1918465.03,31487.77,24.9628
2024-04-30,PF00084,1.77,8.96,-7.19,9.02,0.1962,-9.57,369668.09,15738.41,-19.6754
2024-04-30,PF00082,-5.7,1.91,-7.61,9.98,-0.5711,-1.48,819848.04,77443.38,8.8771
2024-04-30,PF00035,8.67,5.06,3.61,8.49,1.0212,-4.04,1479984.2,28300.5,31.3109
2024-04-30,PF00097,7.64,-1.16,8.8,3.69,2.0705,-4.89,994789.61,30812.4,24.4086
2024-04-30,PF00070,11.09,8.8,2.29,14.82,0.7483,-14.57,1540337.35,49987.56,79.7785
2024-04-30,PF00005,6.54,0.34,6.2,13.14,0.4977,-2.21,1237655.82,-44530.24,51.623
2024-04-30,PF00130,8.0,2.26,5.74,15.77,0.5073,-1.85,369570.34,-40612.44,21.1944
2024-04-30,PF00067,-5.12,3.31,-8.43,19.37,-0.2643,-1.72,65892.07,17721.25,50.4138
2024-04-30,PF00131,-0.76,3.08,-3.84,16.68,-0.0456,-3.9,1128425.09,-11756.63,-0.6947
2024-04-30,PF00092,-7.11,-1.41,-5.7,2.3,-3.0913,-9.74,1018156.24,-14390.01,41.312
2024-04-30,PF00088,6.44,-2.76,9.2,1.91,3.3717,-3.25,1919589.2,16135.49,6.2723
2024-04-30,PF00076,1.98,9.86,-7.88,10.1,0.196,-0.03,508811.4,63918.18,26.0027
2024-04-30,PF00014,-7.42,0.26,-7.68,4.54,-1.6344,-1.9,108479.55,3423.91,-9.0649
2024-04-30,PF00107,-4.28,2.25,-6.53,9.95,-0.4302,-10.6,1915679.52,36634.26,47.7311
2024-04-30,PF00079,-5.44,5.12,-10.56,17.18,-0.3166,-3.99,319206.66,45323.43,57.3671
2024-04-30,PF00101,-3.89,0.32,-4.21,18.2,-0.2137,-9.03,1830570.55,27385.3,26.0228
2024-04-30,PF00049,6.98,9.89,-2.91,8.24,0.8471,-3.0,486270.85,-34644.53,52.0657
2024-04-30,PF00150,-4.62,2.76,-7.38,17.11,-0.27,-3.21,1541809.37,-19507.14,7.8699
2024-04-30,PF00074,-4.52,-2.47,-2.05,1.5,-3.0133,-3.83,1127360.26,91793.0,56.5757
2024-04-30,PF00026,-5.5,6.44,-11.94,14.47,-0.3801,-2.6,1181402.07,87778.0,47.6533
2024-04-30,PF00116,0.62,1.57,-0.95,1.79,0.3464,-12.47,1947672.72,-45613.07,-2.5322
2024-04-30,PF00065,7.49,-5.92,13.41,13.55,0.5528,-3.75,1102482.41,37589.03,61.261
2024-04-30,PF00094,11.1,9.08,2.02,19.97,0.5558,-3.86,861759.36,62831.5,21.5652
2024-04-30,PF00053,3.1,7.82,-4.72,18.09,0.1714,-6.83,34803.6,29966.91,53.36
2024-04-30,PF00044,9.28,-2.4,11.68,9.96,0.9317,-3.07,150960.98,8440.41,1.083
2024-04-30,PF00095,-2.57,-2.35,-0.22,5.62,-0.4573,-12.33,220693.32,76569.07,43.6063
2024-04-30,PF00112,8.89,2.42,6.47,1.59,5.5912,-5.16,525312.01,68822.57,-9.3577
2024-04-30,PF00114,2.82,-5.61,8.43,17.8,0.1584,-4.37,215732.73,-34140.58,58.0689
2024-04-30,PF00033,8.65,1.41,7.24,10.39,0.8325,-5.09,586489.44,50591.45,60.8271
2024-04-30,PF00069,-1.47,5.64,-7.11,9.69,-0.1517,-9.3,379327.23,5838.44,5.1504
2024-04-30,PF00119,8.78,8.63,0.15,17.3,0.5075,-0.78,960095.41,64375.8,26.6438
2024-04-30,PF00089,7.95,-4.31,12.26,7.02,1.1325,-5.52,491318.26,84009.59,20.9363
2024-04-30,PF00015,-5.44,-5.2,-0.24,15.51,-0.3507,-7.48,1527272.5,-36957.7,44.1125
2024-04-30,PF00021,-6.35,-0.54,-5.81,5.56,-1.1421,-13.99,365125.64,-13368.03,48.7172
2024-04-30,PF00007,-3.99,7.12,-11.11,6.14,-0.6498,-14.95,1205638.18,1764.45,33.0224
2024-04-30,PF00126,6.39,7.61,-1.22,15.18,0.4209,-13.67,1831171.5,68735.94,61.2062
2024-04-30,PF00137,8.63,3.92,4.71,9.91,0.8708,-10.23,478088.51,-42091.67,79.3979
2024-04-30,PF00078,2.48,-3.38,5.86,14.17,0.175,-13.66,704174.77,64159.51,39.023
2024-04-30,PF00023,0.67,2.05,-1.38,1.52,0.4408,-13.95,1115617.16,-38619.32,71.2725
2024-04-30,PF00024,1.08,-5.42,6.5,8.39,0.1287,-1.9,1141719.57,58704.21,-16.0836
2024-04-30,PF00108,-3.04,-0.02,-3.02,13.01,-0.2337,-9.11,263655.18,-30322.79,45.1809
2024-04-30,PF00013,-5.46,-1.97,-3.49,6.36,-0.8585,-9.45,200669.29,44841.42,74.5596
2024-04-30,PF00029,10.74,6.96,3.78,6.21,1.7295,-5.44,1056331.23,-3630.46,68.4125
2024-04-30,PF00046,1.62,4.05,-2.43,13.88,0.1167,-1.79,93671.39,20570.52,50.5778
2024-04-30,PF00062,-3.19,-5.71,2.52,4.47,-0.7136,-9.65,1444388.85,98639.94,0.497
2024-04-30,PF00040,3.74,-1.92,5.66,16.57,0.2257,-7.91,683046.66,26453.04,15.0325
2024-04-30,PF00008,0.02,-4.92,4.94,12.9,0.0016,-5.2,325760.8,-45391.53,33.6165
2024-04-30,PF00041,9.12,8.88,0.24,14.52,0.6281,-6.16,848072.92,-20786.35,61.5445
2024-04-30,PF00148,7.43,4.83,2.6,14.72,0.5048,-10.7,653823.06,21867.73,-12.2485
2024-04-30,PF00144,-6.14,7.97,-14.11,18.13,-0.3387,-4.24,1500544.19,-15709.36,23.8167
2024-04-30,PF00066,5.75,-1.51,7.26,14.71,0.3909,-5.03,110027.67,-25520.43,58.5838
2024-04-30,PF00059,11.65,7.29,4.36,2.84,4.1021,-11.75,1915538.38,-17593.39,-6.6338
2024-04-30,PF00054,11.92,2.71,9.21,11.6,1.0276,-9.1,340951.81,-27651.58,71.118
2024-04-30,PF00135,-5.98,-5.2,-0.78,18.65,-0.3206,-13.68,1684377.75,-8197.18,6.2398
2024-04-30,PF00103,8.63,7.17,1.46,17.87,0.4829,-8.81,1578244.59,35391.73,48.7382
2024-04-30,PF00149,2.9,6.59,-3.69,15.46,0.1876,-5.02,517456.81,26013.07,18.792
2024-04-30,PF00001,-2.15,-3.2,1.05,15.9,-0.1352,-13.65,1552159.57,-26495.73,10.2042
2024-05-31,PF00099,8.16,-0.27,8.43,19.72,0.4138,-11.53,1888216.83,12222.01,55.0157
2024-05-31,PF00063,10.18,-5.9,16.08,14.28,0.7129,-1.59,829278.41,76732.4,48.103
2024-05-31,PF00060,7.31,-5.33,12.64,6.25,1.1696,-8.73,1744786.25,-37278.14,-12.3993
2024-05-31,PF00014,8.13,9.56,-1.43,11.7,0.6949,-10.89,1244567.72,63977.55,35.4505
2024-05-31,PF00127,10.39,-0.12,10.51,4.73,2.1966,-6.41,1620310.77,96004.68,60.5207
2024-05-31,PF00033,1.78,9.03,-7.25,2.07,0.8599,-1.34,1691420.23,37084.15,20.8633
2024-05-31,PF00121,-6.44,-1.87,-4.57,16.37,-0.3934,-14.67,1329850.75,38271.16,42.4131
2024-05-31,PF00055,-3.94,3.5,-7.44,11.09,-0.3553,-3.91,1842483.02,-14979.74,5.2186
2024-05-31,PF00017,-3.16,-4.14,0.98,13.57,-0.2329,-6.07,1299046.38,11271.85,15.2547
2024-05-31,PF00035,-0.93,-1.81,0.88,9.31,-0.0999,-10.22,718420.0,55527.34,52.2979
2024-05-31,PF00088,9.8,6.41,3.39,17.41,0.5629,-5.42,398116.99,-18355.21,69.9981
2024-05-31,PF00111,5.39,1.71,3.68,12.87,0.4188,-8.94,296014.19,-3748.5,12.3055
2024-05-31,PF00100,4.84,-2.02,6.86,1.99,2.4322,-4.94,1713332.86,54562.77,62.6183
2024-05-31,PF00150,-2.07,6.02,-8.09,5.27,-0.3928,-12.24,1486836.16,30073.18,45.5104
2024-05-31,PF00025,-3.54,5.62,-9.16,2.53,-1.3992,-14.98,1229180.99,76255.14,44.6588
2024-05-31,PF00074,7.97,3.41,4.56,12.14,0.6565,-0.49,289159.87,45715.56,48.1633
2024-05-31,PF00101,4.2,3.49,0.71,13.03,0.3223,-4.83,1049729.56,40799.15,57.3569
2024-05-31,PF00092,-7.15,4.67,-11.82,12.08,-0.5919,-11.33,267564.99,95374.56,-12.6287
2024-05-31,PF00134,-5.93,7.69,-13.62,14.7,-0.4034,-4.6,931631.3,53412.97,68.4326
2024-05-31,PF00029,1.29,-5.79,7.08,5.53,0.2333,-5.19,1845430.21,67933.8,30.7089
2024-05-31,PF00066,-6.53,7.76,-14.29,7.91,-0.8255,-1.67,1649337.27,-13738.43,-16.8926
2024-05-31,PF00043,-2.84,-0.62,-2.22,7.09,-0.4006,-9.57,57000.57,75669.35,62.4278
2024-05-31,PF00132,-3.34,0.97,-4.31,6.85,-0.4876,-13.48,76389.99,16338.96,46.9067
2024-05-31,PF00104,-7.17,0.85,-8.02,15.97,-0.449,-2.99,1723744.06,-5627.5,64.6122
2024-05-31,PF00054,-5.54,9.11,-14.65,18.24,-0.3037,-8.67,1194021.26,22063.57,35.5199
2024-05-31,PF00083,-2.55,8.28,-10.83,19.94,-0.1279,-7.76,773879.35,-32577.52,38.0861
2024-05-31,PF00094,-5.02,6.44,-11.46,6.28,-0.7994,-9.41,1070356.62,16503.09,38.697
2024-05-31,PF00082,4.78,-4.26,9.04,10.93,0.4373,-13.92,1426730.23,60370.2,9.7913
2024-05-31,PF00125,10.79,-4.5,15.29,10.25,1.0527,-6.1,1229157.97,-29025.05,-11.9854
2024-05-31,PF00008,0.46,-1.71,2.17,14.3,0.0322,-9.19,987707.58,-38952.05,-15.9428
2024-05-31,PF00116,4.3,-0.31,4.61,17.99,0.239,-12.33,1730734.1,46292.68,33.7246
2024-05-31,PF00041,-2.62,-2.18,-0.44,15.98,-0.164,-8.46,322747.62,23430.82,-8.1011
2024-05-31,PF00030,0.71,-2.85,3.56,5.12,0.1387,-1.76,742901.43,-16306.11,-16.8085
2024-05-31,PF00136,6.54,-0.06,6.6,3.92,1.6684,-8.75,26026.24,86373.43,7.3693
2024-05-31,PF00096,0.62,0.11,0.51,18.34,0.0338,-5.09,1809480.48,-20662.78,11.1502
2024-05-31,PF00073,6.66,-3.72,10.38,4.49,1.4833,-0.42,1350561.87,-37037.79,32.8394
2024-05-31,PF00022,7.68,-1.39,9.07,15.66,0.4904,-6.24,665387.22,-18099.86,-6.3102
2024-05-31,PF00093,7.66,9.83,-2.17,6.3,1.2159,-6.22,450404.73,40315.61,5.7318
2024-05-31,PF00002,7.76,-0.18,7.94,1.56,4.9744,-11.55,850013.17,83420.91,20.7561
2024-05-31,PF00027,-6.2,7.95,-14.15,3.36,-1.8452,-0.5,422062.48,88715.17,-3.4778
2024-05-31,PF00131,-7.18,2.18,-9.36,13.07,-0.5493,-4.85,782304.65,39462.07,-15.6808
2024-05-31,PF00113,5.67,2.96,2.71,9.83,0.5768,-5.95,367793.78,67415.69,37.8548
2024-05-31,PF00001,3.65,-5.24,8.89,17.4,0.2098,-9.31,1454592.76,71015.01,62.9383
2024-05-31,PF00003,1.78,-2.42,4.2,17.38,0.1024,-3.2,453893.02,90130.4,78.3457
2024-05-31,PF00077,4.8,-4.12,8.92,4.18,1.1483,-3.31,1355368.62,-13911.63,-10.7424
2024-05-31,PF00069,0.88,5.19,-4.31,5.35,0.1645,-13.7,155060.42,79077.22,36.8908
2024-05-31,PF00106,9.19,-4.88,14.07,1.84,4.9946,-10.17,1485388.89,20460.57,63.6641
2024-05-31,PF00128,-1.19,7.33,-8.52,1.77,-0.6723,-3.25,946432.37,80398.41,-11.5708
2024-05-31,PF00138,0.47,5.85,-5.38,4.33,0.1085,-11.6,690698.97,1626.37,1.0072
2024-05-31,PF00105,-5.7,-1.41,-4.29,3.4,-1.6765,-1.16,122132.54,-28056.61,35.3016
2024-05-31,PF00079,6.52,3.43,3.09,7.92,0.8232,-8.02,1033279.97,32508.39,71.6255
2024-05-31,PF00139,-7.28,-4.8,-2.48,9.6,-0.7583,-14.76,1638580.92,-19293.34,13.8866
2024-05-31,PF00076,0.02,6.1,-6.08,5.27,0.0038,-2.37,1087012.07,66899.45,76.6518
2024-05-31,PF00052,7.11,6.7,0.41,11.3,0.6292,-0.51,110301.5,94309.04,56.7241
2024-05-31,PF00015,3.19,2.04,1.15,12.7,0.2512,-7.74,297080.34,67106.28,10.9762
2024-05-31,PF00129,-0.88,-4.72,3.84,8.38,-0.105,-12.59,360595.92,16355.26,9.4936
2024-05-31,PF00149,-2.36,1.47,-3.83,15.9,-0.1484,-13.68,1814916.12,51448.48,-6.7927
2024-05-31,PF00040,-6.5,4.82,-11.32,3.86,-1.6839,-7.6,1014841.49,420.1,51.6167
2024-05-31,PF00038,5.32,-4.41,9.73,17.05,0.312,-5.04,302401.65,-17279.52,59.6244
2024-05-31,PF00110,11.62,-1.37,12.99,7.65,1.519,-3.68,1718441.89,-11712.39,68.848
2024-05-31,PF00034,3.87,6.25,-2.38,15.11,0.2561,-1.05,120311.75,-8481.66,34.137
2024-05-31,PF00142,9.87,8.94,0.93,13.81,0.7147,-5.92,198278.63,79529.22,2.1032
2024-05-31,PF00071,1.84,-3.11,4.95,15.01,0.1226,-13.72,1874380.33,75429.19,-0.5825
2024-05-31,PF00068,3.56,-4.69,8.25,2.73,1.304,-3.45,1484402.78,29337.98,18.2954
2024-05-31,PF00013,4.79,6.67,-1.88,19.52,0.2454,-4.1,1971605.06,97767.66,36.5259
2024-05-31,PF00122,9.24,7.62,1.62,16.09,0.5743,-4.45,869849.71,59820.73,61.6507
2024-05-31,PF00016,-2.02,-0.5,-1.52,19.46,-0.1038,-5.8,1420245.14,97793.76,75.7799
2024-05-31,PF00130,-4.63,0.27,-4.9,9.28,-0.4989,-2.3,1555374.19,2886.16,43.9043
2024-05-31,PF00109,10.76,-5.85,16.61,6.22,1.7299,-14.31,1582690.43,57136.99,8.247
2024-05-31,PF00097,10.41,0.09,10.32,14.76,0.7053,-10.92,1901530.45,-15877.43,62.8273
2024-05-31,PF00024,2.99,6.37,-3.38,4.54,0.6586,-8.54,1482976.26,69710.59,35.0219
2024-05-31,PF00075,-2.5,5.27,-7.77,1.22,-2.0492,-11.45,1623314.09,87235.97,-13.0834
2024-05-31,PF00065,-5.47,0.34,-5.81,19.08,-0.2867,-4.14,1095190.22,-35212.76,50.7053
2024-05-31,PF00023,1.39,-1.37,2.76,11.23,0.1238,-9.92,1792979.68,65259.24,31.0454
2024-05-31,PF00112,-5.44,5.14,-10.58,16.08,-0.3383,-2.6,130386.36,18555.4,36.0853
2024-05-31,PF00120,-3.37,9.6,-12.97,7.79,-0.4326,-11.04,280574.62,30108.03,57.0442
2024-05-31,PF00007,8.45,0.73,7.72,3.13,2.6997,-14.35,916864.69,-742.19,28.9703
2024-05-31,PF00124,7.28,7.12,0.16,7.86,0.9262,-5.47,860783.55,66168.34,-13.0417
2024-05-31,PF00089,5.77,-5.26,11.03,5.27,1.0949,-10.06,439445.03,-25871.16,78.2633
2024-05-31,PF00146,3.44,-3.71,7.15,8.26,0.4165,-4.79,822498.4,38992.83,12.2181
2024-05-31,PF00103,9.76,-3.27,13.03,5.85,1.6684,-0.95,886507.85,26164.14,-0.7416
2024-05-31,PF00148,-5.44,-3.64,-1.8,19.02,-0.286,-8.0,349543.7,57016.51,-15.4937
2024-05-31,PF00102,5.41,9.02,-3.61,2.38,2.2731,-11.83,383178.41,15916.6,54.1015
2024-05-31,PF00011,6.93,-3.55,10.48,16.42,0.422,-11.38,822073.73,-19273.37,37.7898
2024-05-31,PF00053,-7.95,-5.98,-1.97,5.17,-1.5377,-10.35,1480503.62,-28822.89,9.1601
2024-05-31,PF00037,-2.04,-2.01,-0.03,7.26,-0.281,-0.28,1968501.55,10531.41,43.0985
2024-05-31,PF00115,-0.27,5.59,-5.86,2.61,-0.1034,-0.7,49067.97,88168.35,-19.7044
2024-05-31,PF00036,9.64,1.14,8.5,16.23,0.594,-5.39,1753034.85,-35106.98,75.0217
2024-05-31,PF00044,-3.8,-3.45,-0.35,18.3,-0.2077,-11.03,945705.2,5723.7,-8.0422
2024-05-31,PF00039,-1.9,2.38,-4.28,19.46,-0.0976,-3.7,1498695.0,30071.18,49.6116
2024-05-31,PF00141,7.67,1.05,6.62,1.67,4.5928,-5.48,546928.82,-13459.17,72.3566
2024-05-31,PF00126,-3.04,5.73,-8.77,7.9,-0.3848,-10.96,31831.09,45429.35,71.8358
2024-05-31,PF00087,-4.88,-2.39,-2.49,5.42,-0.9004,-4.97,106373.39,63085.54,40.2444
2024-05-31,PF00058,10.57,-3.37,13.94,15.07,0.7014,-4.25,1781058.52,29213.11,42.3082
2024-05-31,PF00042,-5.14,2.21,-7.35,17.33,-0.2966,-13.05,88244.22,3693.09,-17.5778
2024-05-31,PF00032,-0.94,0.32,-1.26,2.73,-0.3443,-8.43,1408509.1,5163.85,41.2091
2024-05-31,PF00057,8.85,0.05,8.8,8.91,0.9933,-11.77,305526.6,15230.88,32.7346
2024-05-31,PF00050,2.63,9.33,-6.7,11.69,0.225,-9.3,199692.61,-13978.32,-18.2974
2024-05-31,PF00012,-4.81,-4.88,0.07,5.47,-0.8793,-0.53,1724111.47,15594.74,53.251
2024-05-31,PF00098,-3.11,-1.58,-1.53,5.18,-0.6004,-8.52,1702832.89,62271.89,5.3908
2024-06-30,PF00002,5.86,1.83,4.03,15.36,0.3815,-8.32,1872505.76,-38082.34,-1.699
2024-06-30,PF00046,-1.56,0.43,-1.99,15.54,-0.1004,-2.18,1024995.83,17650.99,32.0589
2024-06-30,PF00103,10.12,3.69,6.43,19.18,0.5276,-9.66,954440.76,-25309.82,15.3872
2024-06-30,PF00133,5.2,1.85,3.35,1.18,4.4068,-7.39,645122.38,87301.5,-0.4836
2024-06-30,PF00005,7.89,5.97,1.92,12.25,0.6441,-0.31,1589189.41,59095.97,45.3401
2024-06-30,PF00058,0.55,6.47,-5.92,15.69,0.0351,-4.84,1561640.77,22747.11,24.6056
2024-06-30,PF00064,-3.17,0.16,-3.33,19.84,-0.1598,-10.75,1255010.36,81706.72,57.1126
2024-06-30,PF00009,2.76,0.85,1.91,15.04,0.1835,-8.96,904286.32,672.72,1.8486
2024-06-30,PF00117,-1.08,-0.31,-0.77,15.68,-0.0689,-11.93,271380.48,-46952.77,25.0742
2024-06-30,PF00098,11.08,-2.94,14.02,8.15,1.3595,-12.21,1692839.07,86719.41,65.1685
2024-06-30,PF00091,3.94,3.27,0.67,18.3,0.2153,-1.38,731403.19,86249.57,44.0592
2024-06-30,PF00012,-7.2,-0.24,-6.96,12.09,-0.5955,-4.79,91625.1,57740.51,0.3164
2024-06-30,PF00146,1.74,0.19,1.55,18.73,0.0929,-8.16,1644046.27,-45675.84,-6.4668
2024-06-30,PF00120,7.79,8.93,-1.14,16.38,0.4756,-5.75,1114532.77,-19898.03,69.4756
2024-06-30,PF00044,7.81,5.41,2.4,8.62,0.906,-3.52,364129.3,-45603.88,33.5186
2024-06-30,PF00062,5.33,8.39,-3.06,17.77,0.2999,-9.5,1237212.79,33721.81,-11.28
2024-06-30,PF00053,7.53,-3.25,10.78,12.67,0.5943,-11.51,1607531.28,77086.09,60.7839
2024-06-30,PF00096,0.53,0.19,0.34,8.58,0.0618,-10.75,743075.98,39410.9,13.4308
2024-06-30,PF00027,8.14,2.73,5.41,14.72,0.553,-4.1,1846272.38,4818.75,60.0211
2024-06-30,PF00122,2.2,6.89,-4.69,14.32,0.1536,-11.07,1546351.52,-33113.92,49.1612
2024-06-30,PF00138,-2.43,-0.24,-2.19,10.43,-0.233,-5.26,1729488.01,-11646.58,-11.4916
2024-06-30,PF00017,-3.6,-0.39,-3.21,1.74,-2.069,-4.21,1297396.03,-14123.39,65.8008
2024-06-30,PF00067,11.13,-0.97,12.1,18.13,0.6139,-8.69,743216.17,18542.88,66.391
2024-06-30,PF00125,0.52,4.94,-4.42,17.27,0.0301,-9.69,831268.48,9585.71,15.897
2024-06-30,PF00109,-1.35,7.62,-8.97,16.36,-0.0825,-5.1,666505.0,48855.12,30.9125
2024-06-30,PF00132,-7.92,-0.84,-7.08,16.54,-0.4788,-6.69,1012241.01,-48566.24,15.1675
2024-06-30,PF00010,3.76,5.81,-2.05,12.1,0.3107,-10.88,1199453.18,9242.48,-13.6098
2024-06-30,PF00023,5.37,-1.39,6.76,6.08,0.8832,-13.05,21265.67,11086.48,36.0326
2024-06-30,PF00102,-3.0,5.37,-8.37,14.97,-0.2004,-6.11,1023568.18,85224.08,58.867
2024-06-30,PF00089,-2.62,8.41,-11.03,15.86,-0.1652,-11.16,1079358.45,-41417.62,76.7136
2024-06-30,PF00020,5.39,6.71,-1.32,5.89,0.9151,-0.54,1674730.85,-9995.78,47.863
2024-06-30,PF00018,10.64,-1.28,11.92,7.69,1.3836,-6.15,310119.07,32116.16,14.5258
2024-06-30,PF00106,7.0,5.42,1.58,13.75,0.5091,-5.03,1792232.42,15272.62,75.9458
2024-06-30,PF00112,5.24,6.92,-1.68,5.19,1.0096,-0.64,777951.25,77317.96,47.0868
2024-06-30,PF00069,3.02,5.63,-2.61,16.3,0.1853,-13.82,1875090.22,52810.61,23.8969
2024-06-30,PF00065,3.45,-5.69,9.14,16.09,0.2144,-7.16,515253.17,96904.82,67.658
2024-06-30,PF00015,-1.95,1.95,-3.9,6.36,-0.3066,-4.77,753594.34,74475.99,73.2087
2024-06-30,PF00078,-0.97,0.36,-1.33,12.59,-0.077,-12.41,1355543.96,63180.59,49.1169
2024-06-30,PF00071,10.07,8.47,1.6,7.56,1.332,-0.64,476108.46,24154.49,30.0942
2024-06-30,PF00129,8.56,-0.81,9.37,14.0,0.6114,-0.94,799987.27,-25218.53,-15.9325
2024-06-30,PF00100,2.29,6.54,-4.25,18.83,0.1216,-7.23,1861588.68,35468.61,13.1153
2024-06-30,PF00051,1.52,-2.98,4.5,4.81,0.316,-3.73,685771.65,52664.66,11.7854
2024-06-30,PF00037,9.41,7.53,1.88,7.86,1.1972,-8.19,774131.68,37205.56,-11.8931
2024-06-30,PF00140,4.05,5.97,-1.92,9.76,0.415,-8.07,722783.56,20195.32,8.0716
2024-06-30,PF00111,4.36,0.21,4.15,19.15,0.2277,-14.95,614737.66,-45089.15,-11.2878
2024-06-30,PF00045,0.75,-5.5,6.25,7.06,0.1062,-3.71,292898.41,6924.91,-15.4418
2024-06-30,PF00068,6.76,-2.69,9.45,8.81,0.7673,-11.91,29922.23,5922.25,9.9054
2024-06-30,PF00137,8.87,6.27,2.6,9.37,0.9466,-0.51,109230.75,-37121.58,-15.6497
2024-06-30,PF00055,-1.42,-4.2,2.78,17.75,-0.08,-12.42,1441070.33,15328.8,-9.3521
2024-06-30,PF00148,2.19,6.39,-4.2,3.72,0.5887,-0.34,1276638.51,48040.82,77.3843
2024-06-30,PF00036,9.23,4.88,4.35,13.67,0.6752,-6.7,865592.27,4081.77,50.5851
2024-06-30,PF00110,7.79,-3.91,11.7,10.65,0.7315,-6.96,1347000.31,57409.93,-16.6973
2024-06-30,PF00085,-1.48,-2.02,0.54,17.25,-0.0858,-4.4,1628300.6,53229.71,24.1734
2024-06-30,PF00104,0.82,2.97,-2.15,2.38,0.3445,-14.64,1269574.85,-19966.75,10.6033
2024-06-30,PF00126,3.86,6.51,-2.65,8.19,0.4713,-10.68,164388.0,-36032.58,28.8869
2024-06-30,PF00025,9.71,7.55,2.16,11.79,0.8236,-6.84,437926.66,-41623.69,57.2142
2024-06-30,PF00077,11.02,-0.22,11.24,3.59,3.0696,-3.03,1159327.74,43026.04,-5.8136
2024-06-30,PF00081,2.44,-3.38,5.82,10.89,0.2241,-8.56,241889.52,29740.99,70.8717
2024-06-30,PF00066,-3.75,6.48,-10.23,11.8,-0.3178,-5.14,1155888.1,-8318.84,18.5678
2024-06-30,PF00107,-7.96,-5.92,-2.04,10.09,-0.7889,-5.22,226373.41,63578.15,66.7456
2024-06-30,PF00057,-1.44,1.28,-2.72,10.22,-0.1409,-14.49,549381.54,-33739.39,-18.5953
2024-06-30,PF00061,-7.87,2.33,-10.2,3.23,-2.4365,-9.08,345903.14,58408.12,37.6655
2024-06-30,PF00013,0.49,2.75,-2.26,10.15,0.0483,-13.04,427494.13,-12906.37,-7.5966
2024-06-30,PF00041,9.56,1.68,7.88,9.31,1.0269,-6.81,1103214.74,26027.32,50.1751
2024-06-30,PF00049,11.66,-3.96,15.62,5.05,2.3089,-5.81,120239.41,-42703.62,15.355
2024-06-30,PF00043,-4.87,2.19,-7.06,4.03,-1.2084,-10.59,1802013.06,61239.89,43.8602
2024-06-30,PF00016,8.17,0.71,7.46,9.74,0.8388,-7.75,817277.73,-28867.57,21.8286
2024-06-30,PF00008,2.21,5.57,-3.36,15.21,0.1453,-7.52,1399750.23,71906.01,33.8662
2024-06-30,PF00006,1.86,9.52,-7.66,9.75,0.1908,-13.55,155365.65,-11584.51,4.382
2024-06-30,PF00084,5.84,-3.52,9.36,1.1,5.3091,-14.73,1059773.43,63310.69,30.8599
2024-06-30,PF00128,9.14,-2.59,11.73,6.38,1.4326,-4.77,1554026.02,37274.43,70.5597
2024-06-30,PF00001,-5.82,-3.03,-2.79,5.55,-1.0486,-0.71,1961362.93,746.91,33.4172
2024-06-30,PF00030,-7.9,8.52,-16.42,17.84,-0.4428,-5.86,546961.76,14847.3,29.707
2024-06-30,PF00087,0.16,-5.76,5.92,11.56,0.0138,-14.17,1671881.11,-46218.92,73.8902
2024-06-30,PF00131,-4.39,2.21,-6.6,16.99,-0.2584,-6.06,83153.79,91193.24,41.7496
2024-06-30,PF00121,7.63,-3.71,11.34,16.8,0.4542,-5.61,1358095.83,93668.83,31.1926
2024-06-30,PF00101,-5.87,-4.16,-1.71,13.05,-0.4498,-10.38,1965330.8,80967.29,-15.4441
2024-06-30,PF00139,8.2,5.57,2.63,16.03,0.5115,-8.26,186839.91,70743.4,-8.5367
2024-06-30,PF00141,4.66,5.7,-1.04,9.34,0.4989,-13.91,1999846.59,31714.48,35.5995
2024-06-30,PF00024,-4.69,5.11,-9.8,4.63,-1.013,-13.71,1392909.3,-35249.38,0.581
2024-06-30,PF00099,6.78,4.0,2.78,2.4,2.825,-2.11,1923535.01,-1905.23,28.2287
2024-06-30,PF00003,-5.7,-2.57,-3.13,7.24,-0.7873,-1.27,1321189.08,17014.82,28.7162
2024-06-30,PF00029,-3.31,-5.95,2.64,17.72,-0.1868,-5.5,374178.22,83442.87,43.0923
2024-06-30,PF00031,-5.22,-4.87,-0.35,19.54,-0.2671,-4.07,447085.47,-36060.71,-0.5951
2024-06-30,PF00149,-7.53,3.59,-11.12,6.39,-1.1784,-14.18,851498.07,-43913.31,69.8607
2024-06-30,PF00119,5.7,4.04,1.66,8.63,0.6605,-10.77,637316.3,70625.65,35.2108
2024-06-30,PF00144,0.57,-2.89,3.46,5.96,0.0956,-14.44,1012405.17,-1168.38,21.9255
2024-06-30,PF00076,-5.84,5.35,-11.19,12.41,-0.4706,-3.08,1897790.03,-26644.87,0.1002
2024-06-30,PF00021,3.6,5.12,-1.52,3.52,1.0227,-5.23,91484.91,842.33,75.4727
2024-06-30,PF00026,9.93,4.94,4.99,18.8,0.5282,-4.69,318357.62,15169.87,60.8365
2024-06-30,PF00082,-0.12,-2.72,2.6,5.74,-0.0209,-6.53,1352325.22,99470.57,-18.5741
2024-06-30,PF00097,5.98,-1.0,6.98,11.02,0.5426,-8.87,1626466.98,73600.95,21.8519
2024-06-30,PF00060,6.19,-0.69,6.88,13.35,0.4637,-12.94,598566.39,-345.07,27.7385
2024-06-30,PF00072,-1.21,5.9,-7.11,1.13,-1.0708,-13.32,1360740.3,53254.18,44.2314
2024-06-30,PF00088,-2.63,7.45,-10.08,11.72,-0.2244,-4.61,450102.21,75173.88,65.6097
2024-06-30,PF00108,1.0,1.89,-0.89,2.49,0.4016,-12.02,245099.9,15903.56,43.0627
2024-06-30,PF00054,-7.24,3.19,-10.43,14.49,-0.4997,-2.76,1779941.67,-9094.63,9.3309
2024-06-30,PF00113,1.98,4.93,-2.95,13.71,0.1444,-0.76,972056.43,95153.92,25.7811
2024-06-30,PF00136,4.89,4.26,0.63,19.04,0.2568,-2.35,732977.14,-44602.42,-14.6765
2024-06-30,PF00040,-1.56,6.16,-7.72,9.05,-0.1724,-13.51,73725.14,54801.34,-9.6212
2024-07-31,PF00112,7.8,-1.75,9.55,17.63,0.4424,-11.47,1491138.43,94418.5,26.3094
2024-07-31,PF00113,10.06,-2.65,12.71,6.45,1.5597,-13.13,1087412.81,16504.83,63.769
2024-07-31,PF00126,4.81,6.94,-2.13,8.5,0.5659,-10.69,1208069.2,99995.32,-4.122
2024-07-31,PF00033,7.9,1.77,6.13,13.97,0.5655,-4.03,412536.55,-45451.73,0.2204
2024-07-31,PF00007,-6.64,8.5,-15.14,3.12,-2.1282,-11.32,909919.61,58470.01,3.2297
2024-07-31,PF00129,-0.31,3.4,-3.71,16.15,-0.0192,-2.38,1365013.84,-32257.86,72.4087
2024-07-31,PF00002,11.36,-4.13,15.49,10.11,1.1236,-11.74,1175821.62,30262.56,3.8208
2024-07-31,PF00100,-1.1,-5.14,4.04,2.43,-0.4527,-3.28,1670835.13,-26885.16,25.3427
2024-07-31,PF00070,1.76,0.24,1.52,5.47,0.3218,-12.95,411314.58,97279.08,-16.5431
2024-07-31,PF00042,7.48,4.91,2.57,15.03,0.4977,-14.99,463984.87,83420.62,52.4781
2024-07-31,PF00124,-2.55,-4.3,1.75,19.62,-0.13,-10.88,1945977.48,-47907.63,22.0598
2024-07-31,PF00025,-7.13,0.06,-7.19,16.21,-0.4399,-5.65,356976.59,86019.52,21.051
2024-07-31,PF00098,-7.6,9.1,-16.7,19.08,-0.3983,-4.29,225391.74,96134.79,-18.1015
2024-07-31,PF00119,-5.71,7.78,-13.49,7.99,-0.7146,-4.09,405370.04,42438.98,-13.8038
2024-07-31,PF00040,1.17,-3.68,4.85,18.29,0.064,-9.72,1358377.63,-3387.52,43.9214
2024-07-31,PF00108,8.87,5.67,3.2,8.73,1.016,-1.36,1338781.38,88248.33,3.8264
2024-07-31,PF00031,-4.13,3.99,-8.12,12.76,-0.3237,-1.51,393339.9,-35255.09,74.6593
2024-07-31,PF00058,-1.34,-2.75,1.41,10.45,-0.1282,-13.28,1847270.61,79188.54,-4.9497
2024-07-31,PF00099,10.49,8.4,2.09,16.15,0.6495,-11.76,387542.14,69775.97,34.5608
2024-07-31,PF00013,4.88,-5.7,10.58,18.81,0.2594,-14.41,428054.5,67791.97,-19.0415
2024-07-31,PF00082,-0.26,-2.41,2.15,8.93,-0.0291,-6.19,1933641.28,36730.72,-3.0797
2024-07-31,PF00054,4.33,-1.78,6.11,13.26,0.3265,-4.77,1399471.27,32573.62,30.0016
2024-07-31,PF00145,7.4,0.24,7.16,2.0,3.7,-0.83,219315.45,52372.09,67.7348
2024-07-31,PF00035,-2.65,-3.13,0.48,8.52,-0.311,-12.93,1459600.13,7588.39,-7.1979
2024-07-31,PF00078,-5.92,-2.76,-3.16,8.07,-0.7336,-9.34,1370966.56,-34103.35,51.6884
2024-07-31,PF00024,11.15,-3.17,14.32,9.09,1.2266,-7.53,1432771.02,-41626.63,5.69
2024-07-31,PF00028,-4.96,-5.75,0.79,9.33,-0.5316,-9.03,1125326.3,26832.23,-10.5543
2024-07-31,PF00001,6.03,-5.65,11.68,5.08,1.187,-8.06,226121.15,27451.75,52.7733
2024-07-31,PF00051,-4.18,4.95,-9.13,15.21,-0.2748,-3.0,1842324.16,86529.29,6.1457
2024-07-31,PF00061,8.67,-1.9,10.57,17.29,0.5014,-0.62,446069.29,42011.79,44.2301
2024-07-31,PF00077,3.85,7.68,-3.83,1.52,2.5329,-2.35,1299651.16,-19080.3,48.8464
2024-07-31,PF00038,-7.72,9.15,-16.87,13.47,-0.5731,-13.73,900937.69,-19136.28,11.8172
2024-07-31,PF00128,1.42,8.64,-7.22,16.19,0.0877,-4.42,376342.65,63597.59,60.4978
2024-07-31,PF00133,-7.36,7.7,-15.06,7.19,-1.0236,-0.12,620067.74,42517.61,-18.7433
2024-07-31,PF00140,-6.32,-4.58,-1.74,13.48,-0.4688,-0.82,1638456.55,-8450.28,4.8168
2024-07-31,PF00026,4.94,5.05,-0.11,11.99,0.412,-2.5,1316053.3,94225.48,34.7973
2024-07-31,PF00009,-4.89,3.23,-8.12,11.27,-0.4339,-14.71,1216913.71,16131.68,30.7872
2024-07-31,PF00050,11.51,4.08,7.43,2.05,5.6146,-11.33,1121101.59,-15006.44,-7.6099
2024-07-31,PF00062,-4.01,1.82,-5.83,1.75,-2.2914,-11.88,1372727.15,-24917.21,-2.9284
2024-07-31,PF00111,5.62,-2.61,8.23,16.03,0.3506,-14.32,1216813.33,93072.55,-16.5435
2024-07-31,PF00010,2.64,3.63,-0.99,3.15,0.8381,-5.04,1546788.41,26454.23,48.818
2024-07-31,PF00130,10.91,10.0,0.91,13.75,0.7935,-6.77,1669652.61,62743.77,62.1627
2024-07-31,PF00074,-0.29,8.49,-8.78,18.43,-0.0157,-12.75,962465.78,6082.53,7.8128
2024-07-31,PF00069,-4.36,-1.37,-2.99,2.94,-1.483,-3.7,57453.26,-24845.17,63.3886
2024-07-31,PF00138,-5.17,4.87,-10.04,13.61,-0.3799,-3.08,1932572.42,46995.04,-6.5569
2024-07-31,PF00142,2.89,-0.67,3.56,12.64,0.2286,-12.45,908106.51,63864.92,60.1148
2024-07-31,PF00136,8.87,-4.16,13.03,17.55,0.5054,-5.27,823074.47,-1209.15,-13.8114
2024-07-31,PF00122,-2.23,7.36,-9.59,16.38,-0.1361,-7.17,228831.64,88374.71,68.2981
2024-07-31,PF00118,-0.06,-1.73,1.67,17.2,-0.0035,-9.79,1021274.78,90389.81,8.4876
2024-07-31,PF00015,-3.89,-4.98,1.09,5.55,-0.7009,-3.45,320034.4,-36834.24,53.3683
2024-07-31,PF00030,4.52,4.03,0.49,2.34,1.9316,-8.27,122612.2,-3001.24,14.1394
2024-07-31,PF00134,-0.51,8.02,-8.53,18.65,-0.0273,-0.75,1753153.1,-13093.28,36.1957
2024-07-31,PF00095,1.84,-1.66,3.5,9.09,0.2024,-12.49,1438463.9,41355.02,57.3465
2024-07-31,PF00135,-5.2,-1.98,-3.22,10.62,-0.4896,-6.95,1049661.31,-30688.45,24.1228
2024-07-31,PF00018,6.89,-5.11,12.0,13.63,0.5055,-11.71,403582.61,72901.53,-2.3958
2024-07-31,PF00102,5.57,7.61,-2.04,15.32,0.3636,-13.04,78542.81,-12594.23,-14.9159
2024-07-31,PF00020,2.61,5.78,-3.17,8.24,0.3167,-0.58,330961.33,-916.73,77.7124
2024-07-31,PF00067,6.89,3.36,3.53,16.68,0.4131,-2.65,338553.05,30198.7,1.1966
2024-07-31,PF00120,6.92,9.82,-2.9,7.76,0.8918,-6.76,259664.97,18773.27,12.4721
2024-07-31,PF00016,1.19,-5.59,6.78,16.79,0.0709,-3.16,840212.51,7376.35,50.5475
2024-07-31,PF00087,4.85,-0.04,4.89,9.09,0.5336,-1.36,563564.11,33887.46,-16.926
2024-07-31,PF00093,6.96,-0.24,7.2,1.21,5.7521,-11.83,1570240.88,46489.44,33.2658
2024-07-31,PF00115,-0.84,6.74,-7.58,15.44,-0.0544,-9.06,1606430.61,50072.61,56.0524
2024-07-31,PF00150,-5.3,-1.87,-3.43,11.72,-0.4522,-8.86,487713.47,-16278.82,26.231
2024-07-31,PF00105,2.29,5.03,-2.74,1.59,1.4403,-3.08,1725222.06,-9098.35,72.9958
2024-07-31,PF00080,10.37,0.49,9.88,10.14,1.0227,-0.86,399771.99,78126.34,52.3085
2024-07-31,PF00044,7.88,5.39,2.49,19.35,0.4072,-12.24,425853.1,7623.77,-8.7505
2024-07-31,PF00125,2.4,-5.49,7.89,15.07,0.1593,-1.26,1294576.68,-537.47,22.2167
2024-07-31,PF00049,7.95,5.2,2.75,18.54,0.4288,-7.65,995975.6,55746.68,35.469
2024-07-31,PF00036,6.19,-4.87,11.06,5.19,1.1927,-10.75,830384.79,-22589.21,-7.8388
2024-07-31,PF00079,7.36,8.69,-1.33,10.09,0.7294,-13.92,396771.54,-25751.84,33.5062
2024-07-31,PF00096,8.5,5.17,3.33,15.02,0.5659,-11.25,408835.51,-29922.89,34.0585
2024-07-31,PF00048,5.42,8.06,-2.64,19.07,0.2842,-7.27,151757.03,20696.25,34.5304
2024-07-31,PF00147,1.9,5.05,-3.15,11.52,0.1649,-13.18,1556401.08,-39276.27,42.1158
2024-07-31,PF00148,7.69,-3.89,11.58,17.84,0.4311,-12.79,688853.48,-49480.49,32.8224
2024-07-31,PF00083,9.58,3.53,6.05,8.74,1.0961,-13.43,1594659.18,70852.27,78.4533
2024-07-31,PF00046,-6.45,0.07,-6.52,13.9,-0.464,-3.24,1326766.88,4123.46,5.8853
2024-07-31,PF00085,3.65,8.17,-4.52,2.37,1.5401,-3.68,1764509.07,88378.98,-1.9449
2024-07-31,PF00092,2.57,-2.67,5.24,1.33,1.9323,-1.0,547262.0,7600.26,-3.7712
2024-07-31,PF00110,-5.14,4.2,-9.34,16.66,-0.3085,-5.06,307160.01,38250.57,4.6754
2024-07-31,PF00109,6.06,4.51,1.55,5.12,1.1836,-4.26,57548.7,49139.9,77.8399
2024-07-31,PF00071,7.78,2.15,5.63,11.74,0.6627,-12.77,329379.74,50118.07,74.0751
2024-07-31,PF00149,-3.03,4.96,-7.99,2.81,-1.0783,-13.78,1602244.75,-26408.43,78.4521
2024-07-31,PF00068,9.89,-1.45,11.34,2.25,4.3956,-9.29,1663238.1,94405.54,22.8406
2024-07-31,PF00032,-0.34,4.5,-4.84,10.12,-0.0336,-3.05,685951.62,-12887.75,3.6161
2024-07-31,PF00065,4.86,9.03,-4.17,4.29,1.1329,-1.53,1867895.42,-41623.77,30.3082
2024-07-31,PF00063,7.54,4.95,2.59,12.6,0.5984,-8.32,379012.01,-49477.25,16.5264
2024-07-31,PF00012,8.33,0.0,8.33,15.45,0.5392,-1.41,405891.95,29480.75,-18.9117
2024-07-31,PF00103,9.43,9.09,0.34,1.36,6.9338,-12.19,191358.69,54499.45,74.6853
2024-07-31,PF00091,-6.9,3.08,-9.98,16.77,-0.4114,-5.43,1854040.23,8671.04,-3.5617
2024-07-31,PF00037,3.83,0.64,3.19,13.73,0.279,-3.57,1404550.06,-32214.52,53.3383
2024-07-31,PF00023,-3.23,-2.26,-0.97,7.65,-0.4222,-7.58,1745593.42,21458.01,21.2138
2024-07-31,PF00090,-4.32,0.96,-5.28,15.74,-0.2745,-0.09,1144014.97,46472.67,-13.3996
2024-07-31,PF00006,-3.51,3.64,-7.15,16.55,-0.2121,-4.87,1949585.64,691.37,51.1064
2024-07-31,PF00132,10.76,5.93,4.83,7.45,1.4443,-11.85,766783.37,-32083.0,17.4066
2024-07-31,PF00045,9.39,-5.95,15.34,16.31,0.5757,-0.61,526713.34,6846.34,10.763
2024-07-31,PF00073,-3.85,-4.59,0.74,11.58,-0.3325,-4.69,495370.28,30806.69,15.0171
2024-07-31,PF00021,7.77,-4.4,12.17,13.19,0.5891,-5.81,834984.28,-43034.14,-11.0937
2024-07-31,PF00041,8.49,3.69,4.8,11.57,0.7338,-12.52,1109428.65,15165.06,49.2042
2024-07-31,PF00005,-6.83,-0.5,-6.33,19.97,-0.342,-12.41,1142468.39,27419.17,45.4793
2024-08-31,PF00147,11.38,2.09,9.29,3.32,3.4277,-2.3,683520.67,28902.54,68.0662
2024-08-31,PF00094,3.1,3.7,-0.6,3.96,0.7828,-13.6,1400394.25,43754.23,22.0766
2024-08-31,PF00103,4.54,2.19,2.35,2.87,1.5819,-5.57,1222103.88,-24292.75,72.0654
2024-08-31,PF00108,8.07,5.73,2.34,4.08,1.9779,-3.5,251318.23,-48723.11,65.6126
2024-08-31,PF00106,-2.24,0.99,-3.23,12.48,-0.1795,-9.88,1418899.15,90452.19,51.1277
2024-08-31,PF00056,2.77,-3.39,6.16,19.29,0.1436,-7.57,1099261.37,89107.13,45.4988
2024-08-31,PF00124,11.72,5.3,6.42,9.95,1.1779,-3.96,1660742.12,-37442.12,36.5302
2024-08-31,PF00045,5.26,-2.33,7.59,2.46,2.1382,-2.39,1003008.97,24156.69,17.5983
2024-08-31,PF00073,-1.48,-4.28,2.8,11.88,-0.1246,-14.45,1353171.38,-2852.01,9.1545
2024-08-31,PF00060,5.26,-4.18,9.44,4.0,1.315,-2.59,560379.95,94512.26,6.6711
2024-08-31,PF00139,-6.81,-3.44,-3.37,2.67,-2.5506,-0.18,1000693.13,63922.01,32.4681
2024-08-31,PF00013,-6.18,-5.66,-0.52,12.61,-0.4901,-14.59,1782666.5,65854.13,-14.3319
2024-08-31,PF00083,-2.21,4.41,-6.62,8.94,-0.2472,-14.06,780105.9,32407.5,54.141
2024-08-31,PF00129,5.36,-0.45,5.81,9.97,0.5376,-13.97,1259921.71,64186.15,58.4423
2024-08-31,PF00009,2.68,-1.25,3.93,14.1,0.1901,-6.73,550140.2,97055.5,-16.2468
2024-08-31,PF00050,9.58,-3.83,13.41,13.66,0.7013,-0.38,1429237.69,97660.41,30.3605
2024-08-31,PF00115,7.39,6.5,0.89,8.17,0.9045,-11.94,732268.83,-20354.77,14.4622
2024-08-31,PF00146,8.78,8.03,0.75,11.31,0.7763,-2.36,1159391.27,68166.24,47.6974
2024-08-31,PF00112,0.79,-2.63,3.42,16.34,0.0483,-6.11,159075.24,43627.56,54.4427
2024-08-31,PF00095,-3.51,-1.17,-2.34,9.27,-0.3786,-4.83,32016.96,51957.86,21.382
2024-08-31,PF00007,11.09,-0.18,11.27,6.21,1.7858,-12.79,863079.45,-26362.58,29.1159
2024-08-31,PF00144,4.54,-4.92,9.46,2.64,1.7197,-5.09,1175467.86,-13061.36,46.4824
2024-08-31,PF00141,-2.55,6.86,-9.41,5.75,-0.4435,-10.86,662122.17,-36802.85,66.6073
2024-08-31,PF00087,-6.14,6.9,-13.04,10.66,-0.576,-13.62,1707669.09,49133.37,34.1765
2024-08-31,PF00040,11.24,6.47,4.77,16.45,0.6833,-6.96,1172474.83,-4417.23,40.0344
2024-08-31,PF00117,-1.28,8.08,-9.36,16.5,-0.0776,-9.69,1598707.04,65306.98,38.985
2024-08-31,PF00032,4.49,1.37,3.12,15.17,0.296,-6.77,1012370.87,49358.74,-1.6941
2024-08-31,PF00033,-1.91,-1.66,-0.25,11.28,-0.1693,-5.68,189849.21,40519.64,58.5167
2024-08-31,PF00072,0.78,5.5,-4.72,16.87,0.0462,-9.76,1598726.31,85550.69,17.8528
2024-08-31,PF00026,1.63,1.6,0.03,5.81,0.2806,-14.54,542604.65,90459.54,38.4833
2024-08-31,PF00067,11.92,3.9,8.02,11.92,1.0,-5.33,510415.78,73006.62,58.3439
2024-08-31,PF00096,-6.76,0.91,-7.67,7.93,-0.8525,-9.78,148812.05,23988.57,63.2578
2024-08-31,PF00027,8.57,-4.5,13.07,18.0,0.4761,-12.94,1947249.34,-31469.17,46.9768
2024-08-31,PF00036,-7.21,2.52,-9.73,3.37,-2.1395,-1.56,1401994.67,23106.01,45.8609
2024-08-31,PF00119,8.27,1.76,6.51,1.89,4.3757,-13.12,1290177.72,82549.56,73.7873
2024-08-31,PF00107,5.03,-1.55,6.58,18.06,0.2785,-7.73,1840345.23,-15989.94,6.7883
2024-08-31,PF00092,5.92,5.62,0.3,14.34,0.4128,-9.27,319241.72,34227.99,73.5599
2024-08-31,PF00068,7.54,3.48,4.06,19.1,0.3948,-10.5,64655.48,21399.09,33.9631
2024-08-31,PF00028,11.32,4.77,6.55,11.53,0.9818,-9.15,478458.12,12949.53,11.3095
2024-08-31,PF00001,5.3,3.96,1.34,18.77,0.2824,-10.95,1247249.19,60084.73,22.7329
2024-08-31,PF00029,-5.77,0.44,-6.21,11.08,-0.5208,-14.69,1594646.96,21003.58,55.0939
2024-08-31,PF00057,8.96,4.57,4.39,3.71,2.4151,-4.62,170882.91,-17134.55,-7.5053
2024-08-31,PF00014,6.01,-0.91,6.92,1.54,3.9026,-4.65,104348.42,-21638.87,79.0775
2024-08-31,PF00022,1.03,6.29,-5.26,7.73,0.1332,-1.28,1601780.67,53543.32,-8.7526
2024-08-31,PF00043,0.25,-1.36,1.61,9.16,0.0273,-11.22,1067404.31,42419.33,41.486
2024-08-31,PF00101,4.65,1.41,3.24,5.46,0.8516,-2.24,696800.24,33324.25,41.5619
2024-08-31,PF00089,0.06,5.09,-5.03,4.09,0.0147,-3.4,603608.05,34812.83,70.454
2024-08-31,PF00122,10.03,7.17,2.86,4.98,2.0141,-11.71,1537905.37,-5084.26,-15.7036
2024-08-31,PF00097,-6.8,-5.13,-1.67,5.51,-1.2341,-2.71,1330420.81,-24928.43,33.1728
2024-08-31,PF00116,8.15,0.44,7.71,15.67,0.5201,-10.84,323050.24,71050.86,67.9612
2024-08-31,PF00037,4.38,3.34,1.04,11.7,0.3744,-10.39,533106.2,-1161.31,27.508
2024-08-31,PF00104,10.59,2.91,7.68,13.57,0.7804,-2.99,1193252.66,80502.43,-6.5303
2024-08-31,PF00046,9.98,0.48,9.5,12.53,0.7965,-7.79,846362.69,64058.03,79.3895
2024-08-31,PF00131,-2.02,-5.02,3.0,15.92,-0.1269,-1.46,1475080.6,-18148.3,-15.4615
2024-08-31,PF00038,4.57,4.15,0.42,8.84,0.517,-12.52,1779638.53,26127.13,-9.2434
2024-08-31,PF00093,0.92,-0.5,1.42,6.87,0.1339,-14.62,1256788.17,28329.74,78.3007
2024-08-31,PF00031,-2.55,-1.6,-0.95,15.98,-0.1596,-3.65,466274.71,73965.33,37.3903
2024-08-31,PF00010,10.54,3.45,7.09,13.51,0.7802,-9.57,619066.17,-6294.24,-0.9862
2024-08-31,PF00090,6.88,2.46,4.42,14.09,0.4883,-4.58,186821.48,23428.99,8.3118
2024-08-31,PF00132,4.51,-1.1,5.61,10.44,0.432,-6.88,1429359.82,96410.35,9.6918
2024-08-31,PF00063,-0.39,-4.45,4.06,13.64,-0.0286,-1.45,589353.89,-5836.22,19.524
2024-08-31,PF00125,2.08,2.1,-0.02,9.18,0.2266,-12.68,788758.67,56898.23,-1.0416
2024-08-31,PF00024,8.55,8.94,-0.39,4.02,2.1269,-4.88,1661933.8,-27706.67,15.1772
2024-08-31,PF00008,-5.94,8.63,-14.57,13.57,-0.4377,-10.66,399502.56,21266.95,65.2043
2024-08-31,PF00017,6.84,-5.53,12.37,14.37,0.476,-4.03,886607.94,-49082.41,-16.431
2024-08-31,PF00138,4.26,4.73,-0.47,6.19,0.6882,-1.67,596458.25,869.28,78.3453
2024-08-31,PF00070,-6.24,3.17,-9.41,15.38,-0.4057,-6.46,1073843.79,16618.77,-6.693
2024-08-31,PF00086,-6.73,7.39,-14.12,14.93,-0.4508,-0.71,1908543.28,-11158.44,64.1766
2024-08-31,PF00066,10.15,0.07,10.08,3.85,2.6364,-8.0,1633000.46,8584.96,75.5731
2024-08-31,PF00011,6.46,4.13,2.33,11.99,0.5388,-2.6,332188.84,-3733.25,55.0287
2024-08-31,PF00005,9.55,6.96,2.59,19.77,0.4831,-3.18,297245.77,-11591.35,-11.0229
2024-08-31,PF00082,11.15,4.93,6.22,10.67,1.045,-2.27,292896.9,1039.23,-5.8884
2024-08-31,PF00071,-0.22,0.12,-0.34,4.11,-0.0535,-10.4,1063711.03,18292.53,47.1533
2024-08-31,PF00126,1.75,3.7,-1.95,9.04,0.1936,-6.05,1567538.06,35654.34,1.0013
2024-08-31,PF00149,-7.03,6.7,-13.73,12.47,-0.5638,-2.46,1648709.51,34050.5,36.0468
2024-08-31,PF00069,7.74,6.97,0.77,17.27,0.4482,-11.8,238997.69,96401.45,32.9527
2024-08-31,PF00137,-2.43,3.62,-6.05,12.96,-0.1875,-12.04,863004.79,86856.16,71.7792
2024-08-31,PF00023,-7.3,-4.24,-3.06,18.63,-0.3918,-11.26,1987664.28,-18592.74,52.3357
2024-08-31,PF00012,-0.12,-3.27,3.15,1.87,-0.0642,-7.99,1646706.77,45034.25,-0.3318
2024-08-31,PF00025,6.19,6.7,-0.51,9.27,0.6677,-1.42,1498167.92,77052.0,52.8098
2024-08-31,PF00019,-5.08,7.83,-12.91,16.95,-0.2997,-7.51,1380089.57,50227.19,-19.335
2024-08-31,PF00081,-3.92,3.09,-7.01,18.97,-0.2066,-4.86,538870.37,82480.37,54.583
2024-08-31,PF00074,0.97,-3.58,4.55,17.67,0.0549,-4.99,737524.0,-49590.91,45.0377
2024-08-31,PF00148,2.87,-5.32,8.19,8.03,0.3574,-9.44,737806.11,-24454.01,16.399
2024-08-31,PF00136,0.04,8.55,-8.51,14.36,0.0028,-12.49,67142.86,-18214.45,16.4947
2024-08-31,PF00003,-6.34,-4.45,-1.89,1.19,-5.3277,-4.11,1272776.98,48898.69,-3.7497
2024-08-31,PF00128,-2.65,3.31,-5.96,15.58,-0.1701,-1.03,483503.74,60457.36,68.8857
2024-08-31,PF00088,6.61,6.79,-0.18,3.38,1.9556,-9.1,1296315.92,-24167.85,-0.6605
2024-08-31,PF00120,3.65,3.33,0.32,3.91,0.9335,-15.0,668074.32,58293.43,43.5839
2024-08-31,PF00143,-2.72,-3.82,1.1,2.73,-0.9963,-14.66,1743799.93,31681.36,54.3782
2024-08-31,PF00059,3.22,-3.47,6.69,16.04,0.2007,-3.1,1584789.13,93945.78,10.9029
2024-08-31,PF00076,6.89,-4.1,10.99,4.56,1.511,-0.13,1728145.09,68914.9,53.0716
2024-08-31,PF00099,-4.45,-3.5,-0.95,8.91,-0.4994,-6.38,1302301.8,36869.17,30.2187
2024-08-31,PF00077,-4.64,0.62,-5.26,1.19,-3.8992,-5.19,1220739.28,27128.25,20.9569
2024-08-31,PF00049,-1.74,9.88,-11.62,19.77,-0.088,-1.82,1318958.85,88667.61,3.7223
2024-08-31,PF00121,7.92,2.27,5.65,10.97,0.722,-7.82,236179.72,-3235.86,42.8823
2024-08-31,PF00102,-6.9,1.91,-8.81,13.53,-0.51,-8.32,1655250.1,67010.37,28.5855
2024-08-31,PF00034,5.05,-5.11,10.16,2.43,2.0782,-4.93,146050.35,-40540.2,65.9202
2024-08-31,PF00035,-7.64,0.93,-8.57,7.52,-1.016,-6.15,1053904.29,59496.48,7.8862
2024-08-31,PF00084,-7.92,6.07,-13.99,11.89,-0.6661,-5.18,554960.76,58295.08,-12.5706
2024-09-30,PF00021,1.35,1.73,-0.38,13.29,0.1016,-0.52,1772622.47,23623.65,-5.7515
2024-09-30,PF00058,6.89,-4.23,11.12,9.26,0.7441,-5.57,138876.85,-27372.05,-3.227
2024-09-30,PF00066,5.45,-4.38,9.83,10.21,0.5338,-12.13,999655.73,58434.06,-1.1091
2024-09-30,PF00017,-6.48,-3.17,-3.31,16.25,-0.3988,-10.46,1530927.89,21226.66,55.3204
2024-09-30,PF00003,-5.64,-4.33,-1.31,2.08,-2.7115,-0.43,1283123.54,20690.74,48.7697
2024-09-30,PF00083,3.77,1.35,2.42,19.48,0.1935,-5.79,1501729.74,45862.15,49.7556
2024-09-30,PF00126,6.21,2.97,3.24,15.51,0.4004,-14.68,1453039.98,58979.26,38.6838
2024-09-30,PF00007,1.28,3.67,-2.39,19.36,0.0661,-8.95,731997.8,-42575.34,13.1946
2024-09-30,PF00136,10.87,1.92,8.95,14.27,0.7617,-5.42,747345.14,-30474.53,8.9321
2024-09-30,PF00142,-7.94,0.17,-8.11,14.49,-0.548,-12.06,373346.69,-19543.95,6.1373
2024-09-30,PF00020,1.16,-4.48,5.64,16.73,0.0693,-2.21,947863.4,89596.24,68.065
2024-09-30,PF00044,8.75,9.58,-0.83,11.91,0.7347,-9.78,1798355.56,25201.66,76.521
2024-09-30,PF00056,10.23,-1.03,11.26,19.48,0.5252,-11.92,856621.32,35985.94,-19.097
2024-09-30,PF00106,2.63,-4.39,7.02,4.44,0.5923,-12.76,416759.8,-12232.66,67.5746
2024-09-30,PF00048,-0.35,-3.63,3.28,8.73,-0.0401,-12.49,1782708.09,52393.77,-0.2611
2024-09-30,PF00076,7.0,9.53,-2.53,15.01,0.4664,-0.52,478408.11,84720.74,29.3753
2024-09-30,PF00093,2.86,1.6,1.26,1.39,2.0576,-11.91,1750542.72,-35993.85,76.9555
2024-09-30,PF00034,7.17,-4.76,11.93,13.16,0.5448,-0.78,857937.91,13191.99,75.3738
2024-09-30,PF00116,4.25,1.85,2.4,19.61,0.2167,-11.57,1749459.53,3221.1,70.8865
2024-09-30,PF00112,0.02,6.73,-6.71,3.77,0.0053,-7.11,1573093.56,-14023.42,28.484
2024-09-30,PF00018,5.04,-5.37,10.41,1.03,4.8932,-5.95,1693469.84,94357.95,9.012
2024-09-30,PF00005,-4.74,6.71,-11.45,11.52,-0.4115,-3.14,1634367.13,-31667.41,-16.9547
2024-09-30,PF00102,-3.34,-3.86,0.52,18.79,-0.1778,-5.95,1792409.05,47051.77,26.2924
2024-09-30,PF00084,11.87,9.79,2.08,11.12,1.0674,-0.07,1319604.0,61998.6,21.4001
2024-09-30,PF00043,-7.56,-4.6,-2.96,16.35,-0.4624,-10.93,70188.65,10906.36,26.6907
2024-09-30,PF00111,-7.48,-1.92,-5.56,6.86,-1.0904,-11.91,21003.46,86242.69,5.7369
2024-09-30,PF00004,9.41,4.64,4.77,5.16,1.8236,-3.78,757942.89,90044.29,41.9297
2024-09-30,PF00109,1.5,-0.53,2.03,15.79,0.095,-9.57,717476.12,-38767.15,65.7737
2024-09-30,PF00087,6.89,1.3,5.59,19.84,0.3473,-9.5,1877897.68,-2743.1,-19.6554
2024-09-30,PF00067,6.63,8.86,-2.23,1.86,3.5645,-5.5,329190.35,89180.59,-11.9891
2024-09-30,PF00064,-3.4,-3.65,0.25,10.56,-0.322,-14.2,434726.6,85502.89,60.7939
2024-09-30,PF00130,-5.16,-2.92,-2.24,1.79,-2.8827,-10.64,1254013.63,21631.21,42.999
2024-09-30,PF00121,-5.99,0.28,-6.27,11.3,-0.5301,-13.35,1909657.61,91860.68,50.7461
2024-09-30,PF00008,-7.29,9.68,-16.97,12.61,-0.5781,-13.53,1878387.11,86386.63,61.1736
2024-09-30,PF00113,7.79,5.46,2.33,9.1,0.856,-3.19,1665008.18,26091.52,59.3215
2024-09-30,PF00128,1.31,3.14,-1.83,10.52,0.1245,-5.7,524411.07,44342.82,70.0286
2024-09-30,PF00001,7.96,5.28,2.68,15.6,0.5103,-4.16,454237.06,78781.79,11.0644
2024-09-30,PF00072,5.7,-4.99,10.69,3.63,1.5702,-10.8,1126718.28,17332.96,6.5811
2024-09-30,PF00068,-0.79,0.22,-1.01,9.36,-0.0844,-5.61,960539.6,-39440.81,8.7087
2024-09-30,PF00090,5.71,-4.39,10.1,7.54,0.7573,-7.28,554329.89,6926.2,73.6248
2024-09-30,PF00027,-1.5,5.2,-6.7,13.02,-0.1152,-7.88,1807062.52,13213.58,36.2092
2024-09-30,PF00135,2.39,6.7,-4.31,10.72,0.2229,-5.69,451585.18,2224.38,13.6757
2024-09-30,PF00107,1.76,9.01,-7.25,6.97,0.2525,-6.02,1526372.77,-20580.23,-0.4046
2024-09-30,PF00095,3.78,0.68,3.1,8.94,0.4228,-8.31,1713748.23,-14519.01,77.4256
2024-09-30,PF00080,7.04,3.86,3.18,6.81,1.0338,-1.15,812305.68,55614.4,64.1938
2024-09-30,PF00025,5.04,9.34,-4.3,19.43,0.2594,-11.73,817186.11,80613.64,-9.7328
2024-09-30,PF00038,-5.22,-2.38,-2.84,1.64,-3.1829,-11.97,186581.25,-26102.1,-18.3576
2024-09-30,PF00091,9.33,8.81,0.52,12.78,0.73,-1.26,978705.61,88200.41,15.3057
2024-09-30,PF00085,0.87,-2.35,3.22,13.67,0.0636,-2.22,218845.67,83854.88,-12.0942
2024-09-30,PF00104,5.78,-2.07,7.85,4.79,1.2067,-7.27,1408548.17,97649.62,12.4989
2024-09-30,PF00089,-4.97,-5.17,0.2,15.2,-0.327,-8.68,1496347.24,82030.57,52.361
2024-09-30,PF00062,5.71,-2.07,7.78,14.29,0.3996,-9.84,1867696.0,94465.21,39.9145
2024-09-30,PF00134,5.47,8.31,-2.84,18.14,0.3015,-6.04,806983.97,5083.0,-10.8592
2024-09-30,PF00024,0.62,9.68,-9.06,5.29,0.1172,-11.56,1636893.83,-33563.02,21.5014
2024-09-30,PF00077,11.85,-0.41,12.26,8.01,1.4794,-5.17,462914.14,64597.01,61.3174
2024-09-30,PF00100,6.78,4.22,2.56,14.87,0.456,-7.32,825756.07,37.16,63.9225
2024-09-30,PF00074,-4.47,8.04,-12.51,16.37,-0.2731,-9.91,967559.21,-17838.12,15.9053
2024-09-30,PF00137,-3.73,4.56,-8.29,11.81,-0.3158,-13.07,64996.63,19686.6,13.6886
2024-09-30,PF00140,10.79,-3.34,14.13,9.84,1.0965,-4.74,1151424.81,-24607.82,58.678
2024-09-30,PF00026,11.44,-5.81,17.25,18.66,0.6131,-12.08,1114367.3,58150.69,43.3418
2024-09-30,PF00103,1.58,5.08,-3.5,15.87,0.0996,-7.97,1737996.36,71064.4,-8.7829
2024-09-30,PF00144,3.23,0.51,2.72,17.15,0.1883,-6.66,1359621.03,75542.26,13.1779
2024-09-30,PF00125,-0.54,8.48,-9.02,7.77,-0.0695,-7.38,1526977.48,2309.88,37.8901
2024-09-30,PF00050,4.68,-2.48,7.16,9.84,0.4756,-1.68,1558788.39,-33992.35,58.811
2024-09-30,PF00133,0.95,8.64,-7.69,8.82,0.1077,-8.56,1664504.33,1332.17,5.9138
2024-09-30,PF00031,5.4,-3.19,8.59,9.9,0.5455,-1.65,1420936.38,-37651.32,6.9619
2024-09-30,PF00118,7.9,4.93,2.97,11.24,0.7028,-2.03,987217.06,49902.47,-11.1827
2024-09-30,PF00053,-0.19,9.46,-9.65,7.75,-0.0245,-8.06,215558.74,73152.56,38.0927
2024-09-30,PF00012,4.45,-3.9,8.35,12.74,0.3493,-6.1,1295789.51,-3334.0,14.4508
2024-09-30,PF00129,-4.46,-3.74,-0.72,10.14,-0.4398,-6.11,1977215.18,-49305.46,8.6243
2024-09-30,PF00115,1.04,2.33,-1.29,6.52,0.1595,-10.0,902370.34,88114.24,-18.0928
2024-09-30,PF00150,4.34,0.22,4.12,3.99,1.0877,-7.3,698952.2,26520.55,10.7898
2024-09-30,PF00097,-6.74,-5.86,-0.88,18.26,-0.3691,-4.22,994354.17,75007.32,60.5661
2024-09-30,PF00042,7.69,-3.91,11.6,18.7,0.4112,-8.5,586284.27,20086.52,20.578
2024-09-30,PF00145,-2.57,0.46,-3.03,18.47,-0.1391,-6.87,1295587.27,67434.72,15.3431
2024-09-30,PF00101,10.42,0.36,10.06,11.67,0.8929,-5.77,913938.54,83467.87,60.7484
2024-09-30,PF00127,-0.59,-3.27,2.68,7.08,-0.0833,-10.53,83432.56,63882.63,49.5604
2024-09-30,PF00110,-0.72,5.05,-5.77,14.31,-0.0503,-11.49,1947776.07,75434.06,26.5632
2024-09-30,PF00052,3.79,0.45,3.34,13.75,0.2756,-12.45,1638165.02,90478.53,13.046
2024-09-30,PF00131,-5.09,4.43,-9.52,18.76,-0.2713,-3.55,420428.26,25814.13,23.7094
2024-09-30,PF00036,3.34,-1.13,4.47,10.24,0.3262,-2.88,1411954.91,19488.74,29.0323
2024-09-30,PF00028,5.76,-0.32,6.08,2.96,1.9459,-6.71,1806876.54,53082.12,50.563
2024-09-30,PF00099,10.8,1.42,9.38,8.95,1.2067,-12.34,193235.69,96335.92,12.9378
2024-09-30,PF00010,9.29,8.14,1.15,11.24,0.8265,-3.33,585341.33,90203.5,11.8499
2024-09-30,PF00055,1.21,1.73,-0.52,6.4,0.1891,-2.36,710948.86,-19412.95,58.4672
2024-09-30,PF00037,-7.35,6.65,-14.0,19.6,-0.375,-14.82,1490167.49,-41747.68,27.2681
2024-09-30,PF00081,-5.73,-2.5,-3.23,19.38,-0.2957,-13.92,402454.52,97581.38,59.8566
2024-09-30,PF00088,1.15,9.74,-8.59,2.19,0.5251,-4.24,465952.51,98126.32,-6.7249
2024-09-30,PF00096,-6.85,-3.57,-3.28,9.4,-0.7287,-11.55,778153.53,48331.79,17.5694
2024-09-30,PF00120,-3.04,-3.57,0.53,8.8,-0.3455,-14.73,297834.52,6948.65,-7.2925
2024-09-30,PF00009,6.72,8.22,-1.5,8.55,0.786,-13.8,1800332.25,78857.97,41.5345
2024-09-30,PF00065,-5.17,-5.04,-0.13,13.42,-0.3852,-9.72,1499559.72,-34084.16,36.0012
2024-09-30,PF00147,0.29,4.99,-4.7,17.45,0.0166,-6.98,1336231.31,67887.46,52.7651
2024-09-30,PF00122,-4.78,-1.35,-3.43,8.87,-0.5389,-3.73,1012460.92,53009.5,74.4267
2024-09-30,PF00023,2.53,6.44,-3.91,18.26,0.1386,-14.5,1973550.64,-27375.42,51.2104
2024-09-30,PF00117,11.37,-1.1,12.47,10.26,1.1082,-8.87,1520737.16,36007.79,11.3051
2024-09-30,PF00114,-1.44,1.31,-2.75,11.78,-0.1222,-10.03,1992991.86,5885.83,64.4101
2024-09-30,PF00138,5.04,-0.54,5.58,1.24,4.0645,-7.32,982195.84,48844.71,28.6119
2024-09-30,PF00022,-6.27,1.42,-7.69,8.48,-0.7394,-3.12,871965.16,62044.46,-9.9348
2024-09-30,PF00143,5.13,-4.96,10.09,2.26,2.2699,-6.18,596240.52,-28259.9,6.5098
2024-10-31,PF00023,-5.79,2.0,-7.79,14.22,-0.4072,-13.26,1414501.56,16311.85,17.6305
2024-10-31,PF00047,5.8,9.63,-3.83,19.75,0.2937,-3.13,221676.88,70886.17,31.8834
2024-10-31,PF00146,-5.6,6.64,-12.24,1.87,-2.9947,-8.38,1686873.03,27021.82,3.369
2024-10-31,PF00082,-1.27,1.84,-3.11,6.72,-0.189,-6.14,756997.24,83192.79,36.4112
2024-10-31,PF00133,-4.84,1.92,-6.76,12.38,-0.391,-10.52,855870.02,94063.75,10.2357
2024-10-31,PF00093,5.83,-0.77,6.6,11.33,0.5146,-9.74,383292.2,7506.42,22.1053
2024-10-31,PF00086,10.75,-4.76,15.51,10.34,1.0397,-9.1,1226535.2,83262.41,-10.3252
2024-10-31,PF00054,1.57,-2.83,4.4,6.98,0.2249,-9.86,1593096.8,-15137.39,37.0277
2024-10-31,PF00006,11.93,1.69,10.24,19.58,0.6093,-4.89,538770.16,-42530.57,-0.5722
2024-10-31,PF00142,-3.13,8.16,-11.29,1.77,-1.7684,-9.23,1401802.3,90808.38,29.9238
2024-10-31,PF00019,-6.64,7.98,-14.62,7.11,-0.9339,-12.17,1798329.91,-37768.7,-18.9385
2024-10-31,PF00143,6.02,7.71,-1.69,9.89,0.6087,-13.24,74534.65,64957.73,3.614
2024-10-31,PF00103,9.22,2.22,7.0,6.79,1.3579,-14.66,956196.32,10177.71,-19.4383
2024-10-31,PF00049,2.93,-4.16,7.09,14.22,0.206,-12.84,822741.84,-48122.92,63.8887
2024-10-31,PF00113,3.07,5.23,-2.16,7.43,0.4132,-4.45,1183205.43,61100.28,16.7089
2024-10-31,PF00101,2.34,1.0,1.34,9.56,0.2448,-9.17,1767819.8,96806.09,37.1058
2024-10-31,PF00008,-1.33,-2.56,1.23,15.25,-0.0872,-6.59,1595202.59,30213.01,-6.247
2024-10-31,PF00009,8.01,4.13,3.88,3.55,2.2563,-8.13,847787.26,55035.02,61.6531
2024-10-31,PF00087,9.62,5.01,4.61,11.21,0.8582,-3.7,352047.12,56702.4,53.1263
2024-10-31,PF00077,8.65,0.16,8.49,15.11,0.5725,-14.69,1453914.44,1267.33,44.7651
2024-10-31,PF00095,6.1,8.18,-2.08,7.64,0.7984,-8.13,1357916.72,41569.27,26.1159
2024-10-31,PF00090,11.43,-1.41,12.84,8.97,1.2742,-4.89,1982756.4,76267.42,36.4438
2024-10-31,PF00020,7.02,-2.02,9.04,17.94,0.3913,-5.21,700862.54,-19794.42,55.1553
2024-10-31,PF00053,3.02,1.11,1.91,19.68,0.1535,-5.64,752515.81,-15411.56,22.483
2024-10-31,PF00004,6.09,1.24,4.85,14.97,0.4068,-8.3,569991.39,-49388.78,3.0336
2024-10-31,PF00074,-3.55,-0.6,-2.95,14.18,-0.2504,-7.62,923316.95,98495.97,70.369
2024-10-31,PF00148,11.49,-4.45,15.94,17.41,0.66,-2.79,369408.26,82513.99,-13.755
2024-10-31,PF00011,4.58,7.49,-2.91,15.54,0.2947,-9.68,1178402.5,49771.04,55.1184
2024-10-31,PF00060,4.83,-2.46,7.29,7.97,0.606,-12.8,450506.87,76443.56,51.2575
2024-10-31,PF00091,4.6,3.91,0.69,19.38,0.2374,-3.66,197425.89,-28170.7,60.7896
2024-10-31,PF00104,-2.96,9.28,-12.24,3.08,-0.961,-5.97,742920.7,52889.48,58.5827
2024-10-31,PF00079,6.34,-0.43,6.77,17.66,0.359,-12.85,329196.4,40696.17,-13.3167
2024-10-31,PF00098,6.76,-4.18,10.94,17.29,0.391,-3.35,1374338.9,69159.71,72.0906
2024-10-31,PF00036,8.14,7.06,1.08,3.8,2.1421,-7.59,1645704.75,61757.62,23.462
2024-10-31,PF00119,11.98,2.57,9.41,3.37,3.5549,-8.91,1059376.28,-11485.31,64.611
2024-10-31,PF00096,-0.85,9.22,-10.07,9.45,-0.0899,-6.27,1180891.33,62554.73,79.2111
2024-10-31,PF00027,-3.28,2.85,-6.13,17.13,-0.1915,-9.67,1107722.23,1432.58,-19.4149
2024-10-31,PF00068,6.47,8.69,-2.22,7.61,0.8502,-6.91,638945.33,31508.29,-18.0743
2024-10-31,PF00150,-5.48,4.76,-10.24,6.5,-0.8431,-0.42,1984310.02,78666.99,70.6112
2024-10-31,PF00025,2.36,7.25,-4.89,19.96,0.1182,-8.66,1153528.35,-14892.93,67.6832
2024-10-31,PF00021,2.32,0.29,2.03,3.54,0.6554,-11.78,1978002.66,91076.96,-12.484
2024-10-31,PF00121,8.67,-5.92,14.59,19.7,0.4401,-13.17,1157861.29,-17340.16,75.4703
2024-10-31,PF00071,9.78,3.65,6.13,4.68,2.0897,-8.05,129032.12,3638.01,26.9454
2024-10-31,PF00058,10.7,7.0,3.7,13.4,0.7985,-7.05,1174754.01,-11345.72,-13.1094
2024-10-31,PF00013,1.88,8.82,-6.94,18.84,0.0998,-0.24,848016.59,42287.21,74.9264
2024-10-31,PF00045,10.36,4.75,5.61,19.34,0.5357,-13.18,334829.49,-36738.66,11.8317
2024-10-31,PF00078,-4.77,8.12,-12.89,18.04,-0.2644,-7.85,209349.42,71834.38,36.0005
2024-10-31,PF00130,11.24,1.37,9.87,6.16,1.8247,-3.46,969573.77,-26155.12,43.2337
2024-10-31,PF00138,4.8,9.67,-4.87,16.98,0.2827,-1.43,1705695.71,88233.06,13.1347
2024-10-31,PF00105,-3.57,-5.84,2.27,15.63,-0.2284,-4.46,1906643.04,-38224.8,61.7588
2024-10-31,PF00046,4.05,4.14,-0.09,4.95,0.8182,-14.27,1318952.54,-20365.82,3.3093
2024-10-31,PF00033,-0.85,-1.48,0.63,8.84,-0.0962,-11.88,1875076.21,85711.39,63.4658
2024-10-31,PF00062,-4.81,-5.24,0.43,7.51,-0.6405,-3.77,1145124.02,6022.11,6.7634
2024-10-31,PF00015,-1.31,-5.8,4.49,9.62,-0.1362,-6.38,1746916.58,31286.34,38.0459
2024-10-31,PF00063,-7.04,3.35,-10.39,12.61,-0.5583,-9.6,1183978.14,64714.2,-13.4304
2024-10-31,PF00044,-6.48,-3.28,-3.2,10.51,-0.6166,-2.66,1168315.6,73870.93,59.4789
2024-10-31,PF00069,-7.2,-3.29,-3.91,6.53,-1.1026,-14.3,455513.74,1027.11,29.5428
2024-10-31,PF00039,10.85,-4.61,15.46,7.5,1.4467,-13.74,1443800.51,86143.12,45.7487
2024-10-31,PF00085,-5.62,-4.74,-0.88,11.34,-0.4956,-7.45,1909004.68,-19959.96,30.7338
2024-10-31,PF00057,-5.52,5.76,-11.28,19.55,-0.2824,-1.33,976781.31,96435.82,-12.0754
2024-10-31,PF00007,2.0,8.61,-6.61,11.26,0.1776,-11.22,298347.26,-33761.92,18.3232
2024-10-31,PF00010,-3.72,5.83,-9.55,1.36,-2.7353,-6.78,1902419.84,1701.74,47.9145
2024-10-31,PF00075,4.57,-3.08,7.65,4.35,1.0506,-4.01,1740493.93,85464.55,72.1251
2024-10-31,PF00115,9.08,-4.62,13.7,16.34,0.5557,-5.89,423714.42,798.71,9.5251
2024-10-31,PF00136,6.41,-3.05,9.46,9.42,0.6805,-8.99,1100909.06,-13531.82,32.6067
2024-10-31,PF00108,6.5,3.06,3.44,17.05,0.3812,-1.23,715223.78,37641.59,30.2999
2024-10-31,PF00014,-5.76,6.19,-11.95,9.66,-0.5963,-14.01,563650.88,17208.7,65.8901
2024-10-31,PF00012,10.96,8.87,2.09,9.94,1.1026,-12.15,362013.4,56698.74,-9.5745
2024-10-31,PF00005,6.74,7.59,-0.85,10.21,0.6601,-11.28,1236935.05,52687.03,30.6871
2024-10-31,PF00088,6.16,5.13,1.03,5.25,1.1733,-0.27,583430.76,7117.32,20.6201
2024-10-31,PF00126,-5.71,1.67,-7.38,19.64,-0.2907,-6.51,1653388.16,13555.63,-4.6665
2024-10-31,PF00131,-2.61,0.65,-3.26,11.9,-0.2193,-4.73,1195002.92,-325.63,51.0469
2024-10-31,PF00002,-2.75,-5.58,2.83,15.02,-0.1831,-0.22,998723.06,60501.44,70.1834
2024-10-31,PF00040,3.0,2.81,0.19,17.02,0.1763,-1.55,1808003.14,12389.97,50.578
2024-10-31,PF00026,-7.87,-2.67,-5.2,2.53,-3.1107,-8.6,995342.78,65484.4,77.1666
2024-10-31,PF00032,-5.9,0.68,-6.58,5.76,-1.0243,-9.63,548977.04,14176.59,-1.3111
2024-10-31,PF00064,11.19,4.52,6.67,2.28,4.9079,-0.89,1195424.38,52216.84,58.0006
2024-10-31,PF00134,-2.73,5.72,-8.45,6.36,-0.4292,-14.16,1052184.48,-34886.37,11.1257
2024-10-31,PF00137,2.28,-2.67,4.95,19.08,0.1195,-0.46,857203.19,-26778.01,31.6204
2024-10-31,PF00089,-5.59,-3.76,-1.83,13.23,-0.4225,-5.6,1046756.0,-41138.5,1.8127
2024-10-31,PF00107,5.66,-1.46,7.12,8.87,0.6381,-11.71,1961109.36,-3963.79,14.7392
2024-10-31,PF00070,-2.71,-2.76,0.05,10.48,-0.2586,-1.0,24680.75,-10856.2,58.0655
2024-10-31,PF00024,-6.26,-5.66,-0.6,7.94,-0.7884,-0.4,1197673.8,78635.78,54.6399
2024-10-31,PF00112,10.58,6.4,4.18,10.87,0.9733,-0.85,1527008.35,-32174.86,38.2749
2024-10-31,PF00106,3.63,-0.86,4.49,8.84,0.4106,-3.7,1855035.42,-41435.46,8.1585
2024-10-31,PF00059,-0.71,-0.49,-0.22,18.46,-0.0385,-6.58,1332380.4,65723.78,24.4495
2024-10-31,PF00037,8.97,1.42,7.55,12.17,0.7371,-6.89,1904459.84,63924.63,9.5458
2024-10-31,PF00081,0.47,-4.39,4.86,4.38,0.1073,-0.05,815579.08,99486.07,75.8708
2024-10-31,PF00031,0.64,0.59,0.05,2.11,0.3033,-2.22,1205994.95,-21128.56,49.653
2024-10-31,PF00116,-3.29,-5.75,2.46,1.94,-1.6959,-7.14,139190.61,-48810.78,1.9078
2024-10-31,PF00055,8.38,2.5,5.88,19.13,0.4381,-6.02,193608.74,36098.96,42.9778
2024-10-31,PF00127,8.42,7.99,0.43,7.72,1.0907,-8.44,37039.04,72129.28,18.238
2024-10-31,PF00016,7.64,5.6,2.04,1.34,5.7015,-5.91,1994625.28,71393.54,-12.0547
2024-10-31,PF00100,3.52,-0.56,4.08,6.03,0.5837,-0.76,1658155.12,37876.42,72.2848
2024-10-31,PF00097,-3.28,-1.0,-2.28,17.76,-0.1847,-12.3,1376408.46,68864.62,-2.0161
2024-10-31,PF00076,-0.37,-1.78,1.41,13.47,-0.0275,-13.34,1827171.91,32972.03,36.8158
2024-10-31,PF00029,6.77,-1.78,8.55,8.65,0.7827,-6.38,1580682.52,-46477.89,8.5017
2024-10-31,PF00052,2.78,4.34,-1.56,5.27,0.5275,-9.23,102565.78,63514.97,-1.0421
2024-10-31,PF00028,-7.32,-2.91,-4.41,3.48,-2.1034,-0.52,425111.38,-46269.46,0.3875
2024-10-31,PF00141,-7.6,-5.86,-1.74,15.44,-0.4922,-3.64,1090355.83,-48529.21,-13.8643
2024-11-30,PF00075,7.78,-3.07,10.85,14.71,0.5289,-13.22,1208733.56,37377.91,42.1865
2024-11-30,PF00013,11.02,0.9,10.12,7.81,1.411,-4.61,1984054.87,13501.93,0.7397
2024-11-30,PF00139,3.55,1.68,1.87,12.12,0.2929,-2.71,813372.75,2054.55,-15.6514
2024-11-30,PF00088,-7.74,-5.41,-2.33,3.66,-2.1148,-6.62,1847892.5,33233.38,59.5284
2024-11-30,PF00109,4.3,-5.61,9.91,10.15,0.4236,-2.66,435485.13,50340.19,25.3883
2024-11-30,PF00035,-0.32,6.88,-7.2,1.6,-0.2,-12.19,1701340.21,85248.1,27.7583
2024-11-30,PF00086,11.42,1.22,10.2,17.96,0.6359,-8.98,1075536.87,74737.92,-16.6729
2024-11-30,PF00135,2.36,8.05,-5.69,17.85,0.1322,-12.25,433846.49,81873.05,20.6333
2024-11-30,PF00065,11.94,3.44,8.5,4.09,2.9193,-5.31,882125.18,68368.63,2.9988
2024-11-30,PF00068,1.97,8.07,-6.1,12.4,0.1589,-3.23,801973.54,60005.87,40.2091
2024-11-30,PF00077,-4.75,8.37,-13.12,10.48,-0.4532,-13.81,453072.01,-19009.2,-1.4126
2024-11-30,PF00087,-7.58,2.54,-10.12,8.87,-0.8546,-2.54,258266.57,-10823.32,24.871
2024-11-30,PF00084,10.03,8.22,1.81,8.33,1.2041,-12.37,1746842.45,82059.45,24.0098
2024-11-30,PF00052,8.35,-4.32,12.67,5.78,1.4446,-5.5,1321354.14,-27881.19,-19.0493
2024-11-30,PF00024,6.25,9.02,-2.77,18.55,0.3369,-14.16,1343473.61,-36899.63,30.1323
2024-11-30,PF00012,7.01,-4.63,11.64,17.7,0.396,-7.91,1786469.19,-11243.88,11.5111
2024-11-30,PF00095,-4.69,0.4,-5.09,4.84,-0.969,-5.84,849078.17,-44030.71,72.4436
2024-11-30,PF00090,7.39,-4.29,11.68,9.26,0.7981,-9.73,1898396.62,70022.09,43.1033
2024-11-30,PF00022,4.39,7.22,-2.83,10.87,0.4039,-13.06,1179370.57,56496.27,7.5128
2024-11-30,PF00129,0.47,6.52,-6.05,14.64,0.0321,-11.95,174640.67,56164.73,5.8489
2024-11-30,PF00130,-6.22,5.36,-11.58,18.3,-0.3399,-14.67,485344.55,37110.64,24.4232
2024-11-30,PF00092,7.65,-3.41,11.06,7.61,1.0053,-14.16,1891143.8,-670.75,-15.8642
2024-11-30,PF00064,6.43,-4.27,10.7,16.08,0.3999,-10.09,1258838.51,93334.32,-10.3429
2024-11-30,PF00110,10.08,1.44,8.64,8.88,1.1351,-13.51,1338563.32,54358.77,74.469
2024-11-30,PF00131,-7.71,7.75,-15.46,13.18,-0.585,-9.73,249460.71,59420.36,66.7131
2024-11-30,PF00040,3.61,1.92,1.69,10.61,0.3402,-12.07,295633.55,-41975.59,23.0102
2024-11-30,PF00033,-4.01,2.91,-6.92,8.57,-0.4679,-1.75,1904335.35,-28112.71,71.8773
2024-11-30,PF00105,-4.37,2.74,-7.11,4.6,-0.95,-4.02,894145.2,71410.94,49.4334
2024-11-30,PF00093,9.06,-1.42,10.48,2.08,4.3558,-12.07,1633212.82,55462.8,58.7567
2024-11-30,PF00038,7.75,6.39,1.36,2.03,3.8177,-3.34,961558.34,-17180.74,54.6033
2024-11-30,PF00072,1.1,-0.38,1.48,18.97,0.058,-6.05,604629.36,55510.18,0.7776
2024-11-30,PF00097,-3.57,8.07,-11.64,12.46,-0.2865,-9.5,1562719.92,33825.98,-2.5817
2024-11-30,PF00048,-7.64,-3.53,-4.11,18.0,-0.4244,-14.13,1820655.07,-43457.58,19.7725
2024-11-30,PF00100,0.09,-1.06,1.15,17.98,0.005,-5.67,1416788.64,-8551.77,53.6268
2024-11-30,PF00112,6.94,6.21,0.73,11.06,0.6275,-10.3,1801284.65,2056.07,66.7426
2024-11-30,PF00078,-5.86,-4.76,-1.1,8.67,-0.6759,-1.88,1147102.28,-31251.04,-15.8423
2024-11-30,PF00004,-1.41,3.17,-4.58,5.68,-0.2482,-2.64,946156.02,68617.09,49.6736
2024-11-30,PF00106,-5.83,-3.2,-2.63,10.72,-0.5438,-10.08,917535.7,-8701.92,33.6258
2024-11-30,PF00114,-3.73,7.5,-11.23,9.79,-0.381,-4.68,724742.48,67720.8,11.0304
2024-11-30,PF00060,2.05,-0.53,2.58,19.34,0.106,-4.07,248174.55,32821.61,-18.1937
2024-11-30,PF00017,11.76,7.86,3.9,8.07,1.4572,-13.13,1826652.07,30619.94,-16.3908
2024-11-30,PF00061,4.01,1.09,2.92,9.39,0.4271,-4.83,1968952.87,-1156.96,36.723
2024-11-30,PF00082,-2.22,-5.27,3.05,4.07,-0.5455,-5.58,1707223.67,1852.58,-12.5016
2024-11-30,PF00036,4.28,7.07,-2.79,6.9,0.6203,-11.75,192808.11,57502.39,74.5005
2024-11-30,PF00074,4.82,6.19,-1.37,4.61,1.0456,-3.51,1756860.2,37082.53,-18.2595
2024-11-30,PF00045,-2.64,5.56,-8.2,7.39,-0.3572,-2.15,1870750.05,32793.89,42.4908
2024-11-30,PF00073,1.9,-1.31,3.21,6.66,0.2853,-11.75,1318683.72,78384.49,76.1362
2024-11-30,PF00010,11.29,5.35,5.94,9.32,1.2114,-1.11,442382.84,17482.35,14.322
2024-11-30,PF00053,4.27,2.59,1.68,5.64,0.7571,-4.71,133349.97,99899.6,37.7542
2024-11-30,PF00150,1.0,-5.35,6.35,14.0,0.0714,-2.2,1897654.23,30338.59,28.1194
2024-11-30,PF00056,11.73,-2.67,14.4,6.91,1.6975,-5.5,1566903.65,-32626.32,-16.7464
2024-11-30,PF00002,9.23,-3.65,12.88,1.07,8.6262,-1.16,563223.74,-39234.74,70.2244
2024-11-30,PF00083,6.29,6.39,-0.1,15.66,0.4017,-10.17,1495528.1,-10418.54,51.8287
2024-11-30,PF00142,-4.67,-3.9,-0.77,1.14,-4.0965,-5.38,533585.72,82009.18,18.1887
2024-11-30,PF00125,5.9,0.82,5.08,8.1,0.7284,-8.05,527983.16,48293.74,68.5705
2024-11-30,PF00149,1.46,7.39,-5.93,2.24,0.6518,-10.18,567373.11,21558.08,52.3735
2024-11-30,PF00103,4.17,-3.17,7.34,6.58,0.6337,-8.57,460172.87,17655.67,54.926
2024-11-30,PF00014,0.15,3.56,-3.41,11.66,0.0129,-0.05,996932.49,54555.49,-17.6259
2024-11-30,PF00039,2.32,7.14,-4.82,8.18,0.2836,-12.19,873867.68,44358.7,-16.7364
2024-11-30,PF00107,4.64,-2.66,7.3,2.22,2.0901,-0.4,465640.31,21149.79,-1.3498
2024-11-30,PF00138,10.07,5.34,4.73,7.35,1.3701,-3.59,1411567.41,-33111.26,8.2426
2024-11-30,PF00007,-4.58,0.42,-5.0,15.64,-0.2928,-8.36,1867452.84,78751.03,37.6036
2024-11-30,PF00147,3.71,8.95,-5.24,18.28,0.203,-0.16,960201.65,-48793.84,64.0962
2024-11-30,PF00146,3.99,9.02,-5.03,12.27,0.3252,-8.23,564323.56,23353.04,-6.6029
2024-11-30,PF00096,3.37,3.49,-0.12,5.6,0.6018,-1.58,931489.59,-40431.51,43.773
2024-11-30,PF00116,-7.18,7.34,-14.52,1.84,-3.9022,-1.85,837734.86,91279.49,-12.3518
2024-11-30,PF00043,8.16,2.66,5.5,16.68,0.4892,-2.79,1071881.07,39430.13,49.7427
2024-11-30,PF00023,7.93,9.71,-1.78,10.96,0.7235,-13.93,1899739.48,79030.69,76.5453
2024-11-30,PF00020,-7.42,9.12,-16.54,14.74,-0.5034,-12.47,1576661.21,69029.29,35.6922
2024-11-30,PF00046,3.02,4.36,-1.34,3.2,0.9437,-8.97,1605072.77,94749.29,41.3501
2024-11-30,PF00057,4.94,-1.04,5.98,13.87,0.3562,-8.93,1854895.2,87497.91,55.0512
2024-11-30,PF00127,5.45,-3.58,9.03,4.69,1.162,-6.42,909308.66,-24826.26,25.0466
2024-11-30,PF00081,11.85,-5.8,17.65,15.75,0.7524,-11.25,1359571.39,23009.26,75.2151
2024-11-30,PF00076,-7.82,9.56,-17.38,16.07,-0.4866,-5.83,771287.92,-43114.5,-16.5608
2024-11-30,PF00094,-3.05,-1.85,-1.2,12.4,-0.246,-10.64,500144.98,58370.09,-15.6271
2024-11-30,PF00031,6.94,2.0,4.94,3.67,1.891,-5.46,256517.63,84136.49,-1.7742
2024-11-30,PF00003,-6.69,6.75,-13.44,5.46,-1.2253,-1.4,1801212.26,25131.41,44.8343
2024-11-30,PF00099,-0.25,-4.92,4.67,4.74,-0.0527,-10.74,251724.69,92698.45,-0.747
2024-11-30,PF00113,-0.39,-1.13,0.74,18.44,-0.0211,-13.05,130382.62,-26492.58,28.4399
2024-11-30,PF00027,9.86,-4.6,14.46,1.9,5.1895,-12.56,357000.19,-14769.62,64.8854
2024-11-30,PF00111,-6.23,-3.97,-2.26,10.37,-0.6008,-4.52,658692.25,93375.73,20.4074
2024-11-30,PF00133,-1.84,4.95,-6.79,10.53,-0.1747,-10.99,735923.28,-31478.44,-4.083
2024-11-30,PF00098,0.85,-1.28,2.13,12.53,0.0678,-7.94,795072.42,-43498.18,23.1552
2024-11-30,PF00121,-1.66,-0.31,-1.35,4.29,-0.3869,-3.51,235685.31,72925.2,0.4889
2024-11-30,PF00042,3.91,-3.99,7.9,6.31,0.6197,-2.02,182747.88,-31460.89,58.9721
2024-11-30,PF00069,-3.94,-4.14,0.2,17.54,-0.2246,-0.79,343852.95,48679.38,73.2419
2024-11-30,PF00019,-5.64,-2.6,-3.04,9.16,-0.6157,-14.97,543280.26,61809.43,57.5319
2024-11-30,PF00029,8.65,-2.09,10.74,17.14,0.5047,-13.33,1684676.06,50235.38,-14.8655
2024-11-30,PF00021,-1.97,2.45,-4.42,15.56,-0.1266,-9.73,571800.83,7517.1,17.4835
2024-11-30,PF00015,10.92,1.19,9.73,13.63,0.8012,-1.84,250026.04,-2726.47,29.1563
2024-11-30,PF00140,-5.51,5.13,-10.64,7.82,-0.7046,-12.76,335290.29,79237.85,16.2659
2024-11-30,PF00050,-2.52,2.96,-5.48,7.5,-0.336,-11.76,1489154.43,-7432.42,44.034
2024-11-30,PF00028,-5.96,-1.8,-4.16,12.63,-0.4719,-4.98,1741182.34,12354.65,6.6067
2024-11-30,PF00059,2.22,1.27,0.95,13.4,0.1657,-5.74,815313.85,65642.58,-6.9051
2024-11-30,PF00011,6.34,-4.85,11.19,7.88,0.8046,-11.74,1631755.27,-45837.6,-12.4626
2024-11-30,PF00148,10.73,-1.47,12.2,17.22,0.6231,-1.02,1035583.55,-11437.79,-13.427
2024-11-30,PF00118,6.77,1.88,4.89,1.65,4.103,-6.87,1050087.52,12415.76,52.8343
2024-11-30,PF00041,-1.64,8.13,-9.77,5.28,-0.3106,-9.36,660844.16,44759.96,42.0502
2024-11-30,PF00030,10.76,8.39,2.37,16.12,0.6675,-12.98,417639.66,-3816.59,54.4853
2024-11-30,PF00115,-6.39,0.97,-7.36,7.32,-0.873,-5.39,181379.87,9235.6,17.4157
2024-12-31,PF00008,3.55,4.62,-1.07,10.02,0.3543,-11.68,837100.21,86185.75,30.1537
2024-12-31,PF00068,1.06,-1.58,2.64,9.88,0.1073,-8.92,1189942.79,-13631.78,-16.8698
2024-12-31,PF00017,4.62,-3.48,8.1,6.78,0.6814,-14.61,1885036.0,-29485.47,-12.1931
2024-12-31,PF00041,10.07,7.92,2.15,16.71,0.6026,-4.84,125834.79,55526.95,25.2593
2024-12-31,PF00038,9.93,-2.25,12.18,16.24,0.6115,-1.54,1117452.14,5801.26,-4.7065
2024-12-31,PF00120,-1.95,7.02,-8.97,11.86,-0.1644,-4.78,34632.75,23198.39,-14.1472
2024-12-31,PF00122,1.81,7.45,-5.64,14.63,0.1237,-9.58,1735452.96,-47272.0,36.1784
2024-12-31,PF00080,9.02,-3.14,12.16,2.04,4.4216,-8.91,1543278.09,40059.7,8.255
2024-12-31,PF00025,0.06,1.99,-1.93,17.57,0.0034,-12.73,1019224.52,-19400.63,66.0415
2024-12-31,PF00078,7.13,7.62,-0.49,6.27,1.1372,-2.83,211998.42,83240.62,68.9953
2024-12-31,PF00073,-2.83,-0.72,-2.11,5.04,-0.5615,-11.94,507731.45,25026.86,76.8491
2024-12-31,PF00001,-2.35,-2.53,0.18,9.87,-0.2381,-13.99,1698085.1,46384.22,-4.9021
2024-12-31,PF00043,-5.86,-3.74,-2.12,6.0,-0.9767,-7.17,622740.55,29144.08,23.8295
2024-12-31,PF00138,-4.18,-3.65,-0.53,15.53,-0.2692,-5.86,1563708.78,-27942.05,53.3688
2024-12-31,PF00030,-2.47,8.97,-11.44,16.18,-0.1527,-5.78,1428055.74,34329.23,26.1068
2024-12-31,PF00027,3.53,-2.91,6.44,19.08,0.185,-13.33,458774.0,-18117.53,16.7092
2024-12-31,PF00016,-1.87,-1.9,0.03,16.09,-0.1162,-9.74,1253306.31,10596.76,44.5482
2024-12-31,PF00131,9.29,0.67,8.62,6.0,1.5483,-6.81,453556.22,37388.58,53.7016
2024-12-31,PF00028,-4.04,-4.36,0.32,8.93,-0.4524,-13.58,685871.06,32626.29,72.8114
2024-12-31,PF00031,0.2,3.97,-3.77,2.7,0.0741,-10.58,1815303.02,23809.84,78.9977
2024-12-31,PF00133,-7.06,2.26,-9.32,6.99,-1.01,-2.41,128289.84,67725.79,47.093
2024-12-31,PF00035,9.0,-1.64,10.64,17.42,0.5166,-0.62,1076036.25,19003.42,-13.0379
2024-12-31,PF00136,-3.98,9.71,-13.69,5.74,-0.6934,-5.21,1479978.86,75822.91,65.5252
2024-12-31,PF00047,-0.02,7.5,-7.52,14.2,-0.0014,-12.23,780918.33,76558.04,53.5673
2024-12-31,PF00020,4.28,8.87,-4.59,3.06,1.3987,-1.82,1661304.75,12445.92,77.8184
2024-12-31,PF00005,5.34,8.9,-3.56,5.47,0.9762,-4.74,193185.08,45792.98,-9.2715
2024-12-31,PF00139,5.14,4.23,0.91,17.66,0.2911,-12.05,1152563.11,11236.67,30.4347
2024-12-31,PF00002,-4.42,0.67,-5.09,10.4,-0.425,-7.11,961180.47,34886.33,-7.872
2024-12-31,PF00076,5.83,2.84,2.99,19.12,0.3049,-9.18,1303615.84,70947.81,22.9024
2024-12-31,PF00117,8.91,-5.65,14.56,4.32,2.0625,-10.49,1349621.98,81632.14,35.6212
2024-12-31,PF00015,-0.81,-5.24,4.43,1.02,-0.7941,-7.47,191323.22,3929.6,33.0256
2024-12-31,PF00095,0.46,4.73,-4.27,2.94,0.1565,-3.16,1835720.39,88308.13,-3.2232
2024-12-31,PF00140,9.76,4.87,4.89,14.7,0.6639,-9.68,951606.35,44123.09,-0.2964
2024-12-31,PF00056,7.77,3.62,4.15,1.83,4.2459,-5.52,117330.87,17959.52,8.0554
2024-12-31,PF00045,-1.41,4.16,-5.57,18.81,-0.075,-3.44,363472.39,-17884.81,-15.8671
2024-12-31,PF00098,10.36,3.48,6.88,12.4,0.8355,-14.1,1717274.77,-49706.55,59.7299
2024-12-31,PF00055,1.75,6.86,-5.11,17.25,0.1014,-14.83,1653499.86,3165.14,13.1168
2024-12-31,PF00091,4.28,3.29,0.99,15.57,0.2749,-10.1,950501.89,57206.2,1.4571
2024-12-31,PF00066,-4.8,4.38,-9.18,19.66,-0.2442,-10.91,1043071.07,-29102.51,41.0099
2024-12-31,PF00042,5.19,8.99,-3.8,19.39,0.2677,-14.8,1519098.04,-7762.1,-8.3311
2024-12-31,PF00034,10.5,5.83,4.67,17.74,0.5919,-1.3,1895322.13,61892.38,13.4556
2024-12-31,PF00105,-6.73,-0.04,-6.69,16.41,-0.4101,-0.41,885940.61,17791.92,-1.2447
2024-12-31,PF00049,10.49,4.26,6.23,10.1,1.0386,-6.42,1633312.4,-9221.15,11.8506
2024-12-31,PF00094,-3.77,-1.65,-2.12,2.77,-1.361,-14.53,439044.36,10617.54,64.3375
2024-12-31,PF00149,2.84,8.39,-5.55,19.62,0.1448,-5.67,1994646.89,53167.29,46.6064
2024-12-31,PF00026,7.33,6.26,1.07,5.85,1.253,-4.57,141400.16,5828.21,42.6664
2024-12-31,PF00040,-3.69,5.63,-9.32,4.18,-0.8828,-7.51,326853.59,-12561.4,71.7495
2024-12-31,PF00036,9.24,-3.45,12.69,15.84,0.5833,-8.14,218049.7,27374.73,27.603
2024-12-31,PF00061,7.07,0.04,7.03,14.87,0.4755,-12.37,672328.73,748.83,58.7414
2024-12-31,PF00112,-3.97,9.0,-12.97,18.95,-0.2095,-3.08,1221880.11,8133.35,-8.5457
2024-12-31,PF00119,-4.19,7.43,-11.62,17.65,-0.2374,-7.69,726892.75,-31433.14,59.7218
2024-12-31,PF00077,2.58,-5.23,7.81,13.1,0.1969,-4.73,919395.33,-36425.7,-11.522
2024-12-31,PF00102,9.02,1.51,7.51,6.2,1.4548,-9.86,358178.3,-27920.42,24.2294
2024-12-31,PF00134,-3.09,-5.69,2.6,5.81,-0.5318,-13.34,1940014.22,-32353.64,-6.4616
2024-12-31,PF00024,-2.39,-4.47,2.08,6.46,-0.37,-8.95,1228224.62,58660.79,22.8892
2024-12-31,PF00062,-6.17,7.36,-13.53,1.29,-4.7829,-4.59,860026.74,12243.04,-11.4864
2024-12-31,PF00057,6.48,-1.36,7.84,3.46,1.8728,-7.25,681657.95,70459.04,10.6829
2024-12-31,PF00083,7.49,-4.48,11.97,17.64,0.4246,-5.9,320633.56,71241.71,16.3646
2024-12-31,PF00051,-0.57,-4.39,3.82,2.51,-0.2271,-2.73,1572415.99,30720.91,25.776
2024-12-31,PF00060,3.86,-4.69,8.55,4.87,0.7926,-5.52,1280570.84,10086.46,30.3677
2024-12-31,PF00096,-0.05,4.97,-5.02,15.77,-0.0032,-12.21,1562663.94,77734.62,41.6442
2024-12-31,PF00100,-3.97,-0.22,-3.75,9.4,-0.4223,-7.91,1773356.24,-39277.23,74.5436
2024-12-31,PF00009,-5.44,3.61,-9.05,10.25,-0.5307,-14.29,139593.2,21221.56,-7.3872
2024-12-31,PF00125,3.96,0.22,3.74,4.78,0.8285,-10.49,1846921.26,-19755.06,53.0584
2024-12-31,PF00081,11.64,-5.55,17.19,2.55,4.5647,-6.81,67530.54,93175.02,51.8781
2024-12-31,PF00114,9.65,0.13,9.52,5.49,1.7577,-13.88,675688.1,-452.08,-7.166
2024-12-31,PF00058,7.44,-3.35,10.79,4.46,1.6682,-6.38,1689458.31,13204.43,-3.6546
2024-12-31,PF00101,3.96,-4.12,8.08,7.32,0.541,-2.26,862279.71,78516.33,-19.4435
2024-12-31,PF00065,8.39,-4.59,12.98,7.87,1.0661,-8.09,362436.13,28486.47,68.8371
2024-12-31,PF00044,3.81,8.63,-4.82,4.15,0.9181,-8.38,1499588.44,-28936.59,53.6751
2024-12-31,PF00109,9.3,5.79,3.51,16.89,0.5506,-2.86,1388292.44,94067.76,-5.0326
2024-12-31,PF00107,4.88,1.97,2.91,18.3,0.2667,-13.8,500687.78,89218.36,-4.6594
2024-12-31,PF00053,10.41,0.13,10.28,5.19,2.0058,-5.64,468835.25,-38348.3,77.5736
2024-12-31,PF00070,-1.42,0.49,-1.91,2.01,-0.7065,-11.4,1082449.81,-6675.19,29.0062
2024-12-31,PF00142,-7.24,7.45,-14.69,6.95,-1.0417,-7.06,1326524.99,60749.16,4.3838
2024-12-31,PF00052,-0.97,0.91,-1.88,7.53,-0.1288,-14.27,1911159.73,3224.45,20.8466
2024-12-31,PF00010,-6.32,9.01,-15.33,8.13,-0.7774,-6.67,430563.78,-9669.43,1.8317
2024-12-31,PF00050,5.43,-1.25,6.68,4.45,1.2202,-2.85,1914488.1,27661.87,63.125
2024-12-31,PF00106,6.72,-3.36,10.08,18.75,0.3584,-9.62,1489862.63,54642.9,66.5147
2024-12-31,PF00082,-1.96,-2.58,0.62,14.09,-0.1391,-13.81,553984.76,78674.54,61.537
2024-12-31,PF00104,2.17,3.25,-1.08,5.33,0.4071,-2.41,858974.04,21841.44,16.1299
2024-12-31,PF00075,-2.53,-4.77,2.24,14.54,-0.174,-9.06,264084.21,-25033.31,51.3885
2024-12-31,PF00126,9.87,-2.99,12.86,12.58,0.7846,-11.65,139623.96,70240.75,-19.2061
2024-12-31,PF00090,-7.17,6.15,-13.32,9.96,-0.7199,-0.9,1462290.85,7438.72,-9.8606
2024-12-31,PF00006,-7.47,-3.08,-4.39,4.14,-1.8043,-7.06,1966085.36,18372.5,24.7638
2024-12-31,PF00115,11.48,0.28,11.2,14.21,0.8079,-8.85,1788451.36,-29570.01,-11.6469
2024-12-31,PF00141,-4.29,2.34,-6.63,18.16,-0.2362,-12.81,13865.42,48297.0,-12.3251
2024-12-31,PF00146,10.09,4.89,5.2,17.72,0.5694,-2.65,928313.93,-34948.05,17.0776
2024-12-31,PF00014,-4.09,2.76,-6.85,11.88,-0.3443,-1.29,1661706.43,65513.09,7.0492
2024-12-31,PF00127,0.23,-5.16,5.39,18.42,0.0125,-3.79,1018434.95,48650.45,38.0519
2024-12-31,PF00130,-7.54,-2.32,-5.22,5.94,-1.2694,-6.05,742971.16,55535.65,27.5361
2024-12-31,PF00128,11.11,0.2,10.91,8.1,1.3716,-4.25,67402.04,-14200.7,19.7363
2024-12-31,PF00148,2.81,4.79,-1.98,12.82,0.2192,-5.15,223660.42,54775.12,64.8108
2024-12-31,PF00021,-1.25,2.83,-4.08,18.02,-0.0694,-12.96,1522690.64,79495.0,46.2362
2024-12-31,PF00019,-6.62,1.38,-8.0,10.03,-0.66,-9.92,985805.62,-2153.07,57.5618
2024-12-31,PF00048,2.15,3.67,-1.52,12.29,0.1749,-0.44,478707.96,73826.22,35.8905
2024-12-31,PF00074,8.76,9.13,-0.37,3.64,2.4066,-10.84,596126.33,-33773.55,27.8982
2024-12-31,PF00085,-5.34,4.27,-9.61,10.56,-0.5057,-13.98,1456652.64,81979.71,6.9186
2024-12-31,PF00123,10.31,-2.36,12.67,18.63,0.5534,-8.06,261436.48,17342.81,8.7334
2024-12-31,PF00063,-5.11,0.26,-5.37,7.93,-0.6444,-3.3,1614422.8,99146.48,30.6576