TransactionID,PortefeuilleID,InstrumentID,DateTransaction,TypeTransaction,Quantite,PrixUnitaire,MontantBrut,Frais,MontantNet,Devise,TauxChange_EUR,MontantNet_EUR,Statut,Courtier,Operateur
TRX000001,PF00016,INST010,2025-03-03,Frais,281.28,338.3065,95158.85,251.53,94907.32,EUR,1.0,94907.32,Exécuté,Xetra,OPE005
TRX000002,PF00080,INST006,2023-08-02,Achat,289.38,114.242,33059.35,119.9,32939.45,USD,1.0695,35228.74,Exécuté,OTC,OPE003
TRX000006,PF00041,INST006,2023-10-11,Dividende,361.08,390.6495,141055.72,461.3,141517.02,EUR,1.0,141517.02,Exécuté,NYSE,OPE002
TRX000009,PF00057,INST007,2025-04-15,Frais,28.34,110.1673,3122.14,14.93,3107.21,USD,1.0528,3271.27,Exécuté,Xetra,OPE001
TRX000010,PF00002,INST008,2024-10-06,Arbitrage Entrant,215.9,73.301,15825.69,49.54,15875.23,USD,1.0001,15876.82,Exécuté,Euronext,OPE004
TRX000012,PF00075,INST002,2025-11-30,Coupon,11.41,169.1364,1929.85,8.12,1937.97,EUR,1.0,1937.97,Exécuté,Euronext,OPE004
TRX000013,PF00028,INST004,2026-02-10,Coupon,294.85,266.7416,78648.76,203.15,78851.91,EUR,1.0,78851.91,Exécuté,NYSE,OPE003
TRX000014,PF00044,INST002,2025-03-19,Frais,316.98,269.9964,85583.46,151.96,85431.5,EUR,1.0,85431.5,Exécuté,NYSE,OPE002
TRX000015,PF00027,INST003,2026-03-30,Dividende,99.44,305.1755,30346.65,122.63,30469.28,EUR,1.0,30469.28,Exécuté,SIX,OPE004
TRX000016,PF00145,INST013,2023-08-25,Frais,225.0,462.8356,104138.01,339.28,103798.73,EUR,1.0,103798.73,Exécuté,NYSE,OPE004
TRX000020,PF00122,INST009,2026-02-14,Vente,478.9,230.7563,110509.19,468.99,110978.18,EUR,1.0,110978.18,Exécuté,OTC,OPE002
TRX000021,PF00011,INST004,2023-05-31,Arbitrage Entrant,219.44,225.3167,49443.5,152.83,49596.33,USD,0.9728,48247.31,Exécuté,SIX,OPE004
TRX000022,PF00087,INST011,2025-01-17,Frais,27.13,319.1344,8658.12,20.25,8637.87,EUR,1.0,8637.87,Exécuté,OTC,OPE004
TRX000024,PF00080,INST011,2024-02-03,Arbitrage Entrant,331.41,73.1863,24254.67,93.02,24347.69,EUR,1.0,24347.69,Exécuté,OTC,OPE004
TRX000026,PF00005,INST006,2024-06-01,Dividende,90.95,114.9544,10455.1,50.09,10505.19,EUR,1.0,10505.19,Exécuté,NYSE,OPE002
TRX000027,PF00040,INST002,2025-01-17,Dividende,422.37,59.559,25155.93,102.72,25258.65,EUR,1.0,25258.65,Exécuté,OTC,OPE002
TRX000028,PF00097,INST003,2026-03-03,Vente,91.24,349.4944,31887.87,111.57,31999.44,USD,1.0442,33413.82,Exécuté,SIX,OPE003
TRX000030,PF00147,INST008,2026-02-23,Coupon,384.95,391.2808,150623.54,453.62,151077.16,EUR,1.0,151077.16,Exécuté,NYSE,OPE005
TRX000032,PF00022,INST013,2023-10-29,Vente,137.12,453.6,62197.63,98.86,62296.49,EUR,1.0,62296.49,Exécuté,NYSE,OPE004
TRX000033,PF00090,INST015,2024-05-28,Achat,208.03,204.2624,42492.71,106.06,42386.65,EUR,1.0,42386.65,Exécuté,Xetra,OPE002
TRX000036,PF00029,INST013,2024-10-25,Dividende,119.58,69.7057,8335.41,16.29,8351.7,EUR,1.0,8351.7,Exécuté,Euronext,OPE004
TRX000037,PF00138,INST001,2025-05-31,Arbitrage Entrant,258.17,128.5497,33187.68,52.25,33239.93,EUR,1.0,33239.93,Exécuté,OTC,OPE003
TRX000038,PF00062,INST010,2024-08-17,Coupon,94.47,337.4253,31876.57,98.62,31975.19,EUR,1.0,31975.19,Exécuté,OTC,OPE005
TRX000039,PF00130,INST013,2024-11-05,Frais,277.52,201.3223,55870.96,160.94,55710.02,EUR,1.0,55710.02,Exécuté,Xetra,OPE001
TRX000040,PF00092,INST013,2025-08-22,Achat,173.06,369.1411,63883.56,224.42,63659.14,EUR,1.0,63659.14,Exécuté,Euronext,OPE003
TRX000041,PF00140,INST006,2024-10-25,Arbitrage Sortant,321.76,416.888,134137.88,501.51,134639.39,EUR,1.0,134639.39,Exécuté,NYSE,OPE001
TRX000042,PF00118,INST001,2023-08-18,Dividende,101.59,397.6435,40396.6,183.53,40580.13,EUR,1.0,40580.13,Exécuté,OTC,OPE004
TRX000043,PF00140,INST008,2024-02-21,Dividende,19.27,326.9812,6300.93,13.51,6314.44,EUR,1.0,6314.44,Exécuté,Xetra,OPE001
TRX000045,PF00069,INST013,2025-09-19,Achat,363.81,48.6742,17708.16,60.38,17647.78,USD,1.0091,17808.37,Exécuté,Euronext,OPE001
TRX000046,PF00084,INST011,2026-04-02,Dividende,153.94,305.2846,46995.51,127.1,47122.61,EUR,1.0,47122.61,Exécuté,SIX,OPE001
TRX000048,PF00041,INST001,2025-08-22,Vente,424.49,342.2635,145287.43,399.93,145687.36,USD,0.9134,133070.83,Exécuté,Xetra,OPE004
TRX000049,PF00146,INST001,2023-12-25,Frais,77.57,230.4621,17876.95,44.4,17832.55,EUR,1.0,17832.55,Exécuté,OTC,OPE002
TRX000050,PF00136,INST006,2025-01-30,Coupon,157.88,146.558,23138.58,112.04,23250.62,EUR,1.0,23250.62,Exécuté,SIX,OPE005
TRX000051,PF00100,INST015,2023-07-28,Frais,59.76,389.7326,23290.42,88.88,23201.54,USD,1.0993,25505.45,Exécuté,SIX,OPE002
TRX000052,PF00032,INST003,2026-05-06,Arbitrage Sortant,37.95,94.6016,3590.13,13.83,3603.96,EUR,1.0,3603.96,Exécuté,Xetra,OPE001
TRX000057,PF00034,INST007,2023-11-22,Frais,455.45,37.1523,16921.02,25.32,16895.7,USD,0.9608,16233.39,Exécuté,Xetra,OPE002
TRX000058,PF00089,INST009,2023-11-02,Dividende,423.12,132.7966,56188.9,198.92,56387.82,EUR,1.0,56387.82,Exécuté,Xetra,OPE005
TRX000060,PF00011,INST014,2023-10-24,Arbitrage Sortant,15.16,32.2763,489.31,1.74,491.05,EUR,1.0,491.05,Exécuté,OTC,OPE004
TRX000063,PF00082,INST012,2025-12-30,Arbitrage Sortant,173.34,205.3711,35599.03,143.91,35742.94,EUR,1.0,35742.94,Exécuté,NYSE,OPE004
TRX000066,PF00079,INST008,2024-03-06,Achat,45.93,202.6887,9309.49,26.34,9283.15,USD,0.943,8754.01,Exécuté,Euronext,OPE001
TRX000067,PF00073,INST008,2024-05-27,Frais,441.29,330.5874,145884.91,420.49,145464.42,EUR,1.0,145464.42,Exécuté,SIX,OPE002
TRX000068,PF00068,INST012,2025-11-08,Dividende,382.16,189.3093,72346.44,188.27,72534.71,USD,0.9725,70540.01,Exécuté,Euronext,OPE004
TRX000069,PF00130,INST008,2025-08-23,Arbitrage Sortant,275.38,414.4025,114118.16,398.61,114516.77,EUR,1.0,114516.77,Exécuté,Euronext,OPE004
TRX000074,PF00149,INST010,2024-02-03,Vente,360.98,295.9264,106823.51,179.68,107003.19,EUR,1.0,107003.19,Exécuté,NYSE,OPE001
TRX000075,PF00147,INST012,2023-09-25,Achat,96.2,226.1089,21751.68,58.19,21693.49,EUR,1.0,21693.49,Exécuté,SIX,OPE005
TRX000078,PF00064,INST005,2025-08-01,Frais,149.95,471.3279,70675.62,348.36,70327.26,EUR,1.0,70327.26,Exécuté,SIX,OPE003
TRX000080,PF00102,INST014,2025-01-23,Dividende,477.35,404.2618,192974.37,417.17,193391.54,EUR,1.0,193391.54,Exécuté,Xetra,OPE004
TRX000081,PF00066,INST012,2023-12-24,Coupon,107.78,415.6963,44803.75,93.39,44897.14,EUR,1.0,44897.14,Exécuté,Euronext,OPE005
TRX000082,PF00062,INST004,2023-07-15,Achat,335.25,270.2103,90588.0,321.75,90266.25,EUR,1.0,90266.25,Exécuté,SIX,OPE003
TRX000084,PF00074,INST006,2024-11-28,Dividende,323.3,454.8891,147065.65,199.69,147265.34,USD,1.007,148296.2,Exécuté,NYSE,OPE004
TRX000085,PF00046,INST015,2025-03-22,Achat,498.59,204.5273,101975.27,304.04,101671.23,EUR,1.0,101671.23,Exécuté,Euronext,OPE003
TRX000086,PF00146,INST010,2024-02-14,Achat,464.3,174.1706,80867.41,227.84,80639.57,EUR,1.0,80639.57,Exécuté,OTC,OPE004
TRX000087,PF00070,INST004,2025-03-16,Arbitrage Sortant,57.21,89.6222,5127.29,14.54,5141.83,EUR,1.0,5141.83,Exécuté,Euronext,OPE003
TRX000090,PF00069,INST006,2024-11-21,Dividende,291.65,290.7099,84785.54,173.49,84959.03,EUR,1.0,84959.03,Exécuté,Euronext,OPE001
TRX000091,PF00120,INST005,2023-08-28,Vente,203.3,256.235,52092.58,238.61,52331.19,EUR,1.0,52331.19,Exécuté,Xetra,OPE003
TRX000094,PF00093,INST002,2026-03-23,Frais,56.99,416.0993,23713.5,109.36,23604.14,USD,1.0145,23946.4,Exécuté,NYSE,OPE003
TRX000095,PF00134,INST008,2025-08-10,Achat,340.47,361.2898,123008.34,363.53,122644.81,EUR,1.0,122644.81,Exécuté,SIX,OPE002
TRX000096,PF00132,INST007,2025-08-28,Coupon,282.39,283.8106,80145.28,295.82,80441.1,EUR,1.0,80441.1,Exécuté,SIX,OPE003
TRX000098,PF00121,INST001,2023-10-30,Dividende,205.02,386.7963,79300.98,322.22,79623.2,EUR,1.0,79623.2,Exécuté,SIX,OPE004
TRX000099,PF00097,INST007,2026-04-25,Achat,341.68,334.2783,114216.21,360.6,113855.61,EUR,1.0,113855.61,Exécuté,NYSE,OPE005
TRX000100,PF00101,INST009,2025-06-01,Vente,364.2,119.1182,43382.85,43.99,43426.84,EUR,1.0,43426.84,Exécuté,SIX,OPE005
TRX000101,PF00109,INST009,2024-12-25,Coupon,411.86,131.2809,54069.35,128.94,54198.29,EUR,1.0,54198.29,Exécuté,Euronext,OPE001
TRX000102,PF00108,INST010,2025-04-07,Arbitrage Sortant,468.18,445.6303,208635.19,409.48,209044.67,EUR,1.0,209044.67,Exécuté,OTC,OPE001
TRX000105,PF00083,INST004,2023-06-14,Dividende,438.25,492.9908,216053.22,666.53,216719.75,EUR,1.0,216719.75,Exécuté,Xetra,OPE001
TRX000106,PF00143,INST010,2025-11-27,Arbitrage Entrant,455.88,316.7366,144393.88,391.13,144785.01,EUR,1.0,144785.01,Exécuté,Xetra,OPE004
TRX000107,PF00135,INST006,2024-01-16,Arbitrage Entrant,208.75,83.1166,17350.59,43.48,17394.07,EUR,1.0,17394.07,Exécuté,NYSE,OPE003
TRX000108,PF00037,INST013,2023-06-11,Coupon,457.46,285.5691,130636.44,636.35,131272.79,USD,0.9777,128345.41,Exécuté,NYSE,OPE003
TRX000110,PF00011,INST014,2024-12-18,Achat,94.89,383.2312,36364.81,141.72,36223.09,USD,0.9959,36074.58,Exécuté,Xetra,OPE001
TRX000111,PF00055,INST015,2023-09-11,Vente,481.08,67.4849,32465.64,162.27,32627.91,EUR,1.0,32627.91,Exécuté,OTC,OPE002
TRX000112,PF00102,INST015,2024-08-31,Vente,276.49,390.0018,107831.6,272.02,108103.62,EUR,1.0,108103.62,Exécuté,Xetra,OPE003
TRX000113,PF00132,INST015,2024-09-01,Coupon,233.54,403.3801,94205.39,366.43,94571.82,EUR,1.0,94571.82,Exécuté,Xetra,OPE003
TRX000114,PF00106,INST001,2026-03-31,Frais,432.18,373.2137,161295.5,171.76,161123.74,EUR,1.0,161123.74,Exécuté,NYSE,OPE002
TRX000115,PF00085,INST004,2025-10-30,Coupon,285.32,130.4077,37207.92,119.16,37327.08,EUR,1.0,37327.08,Exécuté,SIX,OPE004
TRX000116,PF00118,INST003,2025-01-18,Arbitrage Entrant,397.69,92.9402,36961.39,143.46,37104.85,EUR,1.0,37104.85,Exécuté,OTC,OPE001
TRX000119,PF00137,INST009,2025-09-27,Coupon,6.91,269.4146,1861.65,3.91,1865.56,EUR,1.0,1865.56,Exécuté,OTC,OPE004
TRX000120,PF00046,INST002,2024-01-20,Achat,262.67,128.0747,33641.38,117.04,33524.34,EUR,1.0,33524.34,Exécuté,Xetra,OPE004
TRX000121,PF00021,INST006,2024-03-14,Coupon,230.04,129.1719,29714.7,112.59,29827.29,EUR,1.0,29827.29,Exécuté,Euronext,OPE001
TRX000123,PF00025,INST015,2025-05-31,Frais,459.66,122.5856,56347.7,259.49,56088.21,EUR,1.0,56088.21,Exécuté,Euronext,OPE001
TRX000124,PF00072,INST015,2024-03-13,Frais,282.19,26.1219,7371.34,34.76,7336.58,EUR,1.0,7336.58,Exécuté,NYSE,OPE005
TRX000127,PF00026,INST007,2024-12-16,Vente,419.5,176.8904,74205.52,302.46,74507.98,EUR,1.0,74507.98,Exécuté,Euronext,OPE003
TRX000128,PF00116,INST008,2024-01-15,Vente,178.55,471.16,84125.62,229.44,84355.06,EUR,1.0,84355.06,Exécuté,OTC,OPE003
TRX000129,PF00064,INST012,2024-06-20,Achat,41.94,85.5683,3588.73,13.8,3574.93,USD,1.0479,3746.17,Exécuté,Xetra,OPE001
TRX000130,PF00024,INST001,2024-10-31,Dividende,222.92,383.0598,85391.69,120.31,85512.0,EUR,1.0,85512.0,Exécuté,SIX,OPE004
TRX000132,PF00099,INST001,2025-03-17,Dividende,207.49,391.7929,81293.11,316.99,81610.1,USD,1.0144,82785.29,Exécuté,SIX,OPE002
TRX000134,PF00020,INST006,2024-07-10,Dividende,472.17,363.2407,171511.36,511.65,172023.01,USD,0.9916,170578.02,Exécuté,Xetra,OPE001
TRX000136,PF00077,INST006,2024-04-18,Frais,473.69,108.4172,51356.14,115.9,51240.24,EUR,1.0,51240.24,Exécuté,Xetra,OPE004
TRX000137,PF00148,INST013,2024-09-03,Vente,163.62,147.3471,24108.93,99.89,24208.82,EUR,1.0,24208.82,Exécuté,OTC,OPE002
TRX000138,PF00140,INST003,2025-10-11,Arbitrage Entrant,384.04,23.1889,8905.47,34.81,8940.28,USD,0.9877,8830.31,Exécuté,Euronext,OPE004
TRX000141,PF00138,INST010,2026-02-01,Arbitrage Entrant,457.29,63.591,29079.53,57.95,29137.48,EUR,1.0,29137.48,Exécuté,OTC,OPE001
TRX000142,PF00145,INST011,2025-04-13,Arbitrage Entrant,323.73,483.7375,156600.34,364.31,156964.65,EUR,1.0,156964.65,Exécuté,Euronext,OPE001
TRX000144,PF00129,INST003,2023-07-06,Dividende,498.85,246.5578,122995.36,268.34,123263.7,EUR,1.0,123263.7,Exécuté,NYSE,OPE003
TRX000146,PF00018,INST005,2025-08-17,Achat,405.28,66.3918,26907.27,118.3,26788.97,EUR,1.0,26788.97,Exécuté,NYSE,OPE005
TRX000147,PF00045,INST009,2026-02-21,Vente,166.16,218.921,36375.91,103.61,36479.52,EUR,1.0,36479.52,Exécuté,NYSE,OPE004
TRX000148,PF00102,INST001,2025-01-26,Arbitrage Entrant,307.44,106.689,32800.47,110.5,32910.97,EUR,1.0,32910.97,Exécuté,NYSE,OPE002
TRX000149,PF00072,INST013,2025-06-19,Arbitrage Entrant,404.56,40.6562,16447.87,23.14,16471.01,USD,0.9732,16029.59,Exécuté,SIX,OPE001
TRX000156,PF00145,INST001,2026-05-16,Arbitrage Sortant,380.77,153.1241,58305.06,122.41,58427.47,EUR,1.0,58427.47,Exécuté,SIX,OPE005
TRX000158,PF00140,INST004,2026-01-28,Coupon,52.11,416.7347,21716.05,86.98,21803.03,EUR,1.0,21803.03,Exécuté,SIX,OPE003
TRX000162,PF00106,INST015,2025-02-06,Achat,496.25,434.8533,215795.95,325.32,215470.63,USD,0.9499,204675.55,Exécuté,NYSE,OPE004
TRX000163,PF00126,INST003,2025-01-27,Frais,316.57,317.6283,100551.59,251.45,100300.14,EUR,1.0,100300.14,Exécuté,SIX,OPE005
TRX000165,PF00137,INST007,2025-06-02,Vente,484.1,414.1753,200502.26,597.27,201099.53,EUR,1.0,201099.53,Exécuté,Xetra,OPE005
TRX000166,PF00148,INST003,2025-10-12,Frais,426.36,396.2688,168953.17,773.23,168179.94,EUR,1.0,168179.94,Exécuté,Euronext,OPE004
TRX000167,PF00005,INST002,2023-06-17,Arbitrage Sortant,79.83,233.6939,18655.78,92.67,18748.45,EUR,1.0,18748.45,Exécuté,NYSE,OPE003
TRX000168,PF00041,INST014,2023-08-30,Dividende,47.58,186.6133,8879.06,11.81,8890.87,USD,0.9104,8094.25,Exécuté,NYSE,OPE004
TRX000170,PF00088,INST014,2025-05-31,Achat,494.09,216.9338,107184.82,163.85,107020.97,EUR,1.0,107020.97,Exécuté,SIX,OPE001
TRX000171,PF00027,INST002,2025-01-09,Dividende,184.41,156.6351,28885.08,73.1,28958.18,USD,1.0283,29777.7,Exécuté,Euronext,OPE005
TRX000174,PF00064,INST005,2023-08-27,Arbitrage Entrant,43.04,281.1643,12101.31,41.14,12142.45,EUR,1.0,12142.45,Exécuté,Xetra,OPE002
TRX000175,PF00133,INST010,2024-08-29,Frais,95.13,201.958,19212.26,68.87,19143.39,USD,0.999,19124.25,Exécuté,NYSE,OPE004
TRX000176,PF00019,INST009,2026-03-11,Achat,493.45,467.623,230748.57,352.57,230396.0,EUR,1.0,230396.0,Exécuté,OTC,OPE002
TRX000177,PF00121,INST013,2023-05-28,Achat,9.33,43.091,402.04,0.82,401.22,EUR,1.0,401.22,Exécuté,SIX,OPE005
TRX000181,PF00015,INST005,2024-06-14,Arbitrage Entrant,371.11,372.9225,138395.27,204.52,138599.79,USD,1.0403,144185.36,Exécuté,SIX,OPE003
TRX000182,PF00134,INST009,2025-01-25,Arbitrage Sortant,411.43,137.031,56378.66,140.24,56518.9,EUR,1.0,56518.9,Exécuté,Euronext,OPE003
TRX000186,PF00010,INST009,2023-12-16,Arbitrage Sortant,457.06,372.9263,170449.69,456.38,170906.07,EUR,1.0,170906.07,Exécuté,SIX,OPE003
TRX000187,PF00070,INST014,2026-02-24,Achat,286.2,68.5065,19606.56,72.41,19534.15,EUR,1.0,19534.15,Exécuté,NYSE,OPE005
TRX000188,PF00012,INST007,2026-02-02,Achat,438.62,434.3558,190517.14,780.0,189737.14,EUR,1.0,189737.14,Exécuté,Euronext,OPE005
TRX000190,PF00140,INST013,2023-11-04,Arbitrage Sortant,123.32,13.1252,1618.6,4.27,1622.87,USD,1.0083,1636.34,Exécuté,Xetra,OPE001
TRX000191,PF00097,INST014,2025-06-08,Arbitrage Entrant,363.88,60.935,22173.03,69.16,22242.19,USD,0.984,21886.31,Exécuté,NYSE,OPE003
TRX000194,PF00075,INST005,2023-11-20,Arbitrage Sortant,158.19,402.4002,63655.69,242.08,63897.77,EUR,1.0,63897.77,Exécuté,SIX,OPE003
TRX000195,PF00060,INST002,2025-03-29,Vente,68.92,387.3718,26697.66,38.33,26735.99,EUR,1.0,26735.99,Exécuté,SIX,OPE004
TRX000197,PF00024,INST003,2023-07-05,Arbitrage Sortant,343.34,414.9295,142461.89,539.58,143001.47,EUR,1.0,143001.47,Exécuté,Xetra,OPE002
TRX000198,PF00024,INST012,2025-05-04,Vente,484.23,204.1598,98860.3,118.22,98978.52,EUR,1.0,98978.52,Exécuté,NYSE,OPE001
TRX000199,PF00104,INST014,2024-06-24,Coupon,278.42,279.5592,77834.87,107.33,77942.2,EUR,1.0,77942.2,Exécuté,Euronext,OPE001
TRX000200,PF00016,INST014,2024-01-07,Arbitrage Sortant,491.3,74.0505,36381.01,156.25,36537.26,EUR,1.0,36537.26,Exécuté,OTC,OPE005
TRX000201,PF00067,INST015,2024-04-06,Arbitrage Sortant,38.42,498.6091,19156.56,34.31,19190.87,EUR,1.0,19190.87,Exécuté,Euronext,OPE003
TRX000204,PF00076,INST008,2025-06-05,Coupon,441.51,244.7252,108048.62,145.96,108194.58,EUR,1.0,108194.58,Exécuté,SIX,OPE002
TRX000205,PF00135,INST004,2025-03-04,Arbitrage Entrant,497.05,276.3918,137380.54,148.11,137528.65,EUR,1.0,137528.65,Exécuté,SIX,OPE005
TRX000207,PF00072,INST001,2024-12-15,Arbitrage Sortant,495.77,269.4218,133571.25,543.28,134114.53,USD,1.0948,146828.59,Exécuté,NYSE,OPE002
TRX000209,PF00046,INST004,2024-02-18,Frais,159.68,371.6715,59348.51,144.52,59203.99,EUR,1.0,59203.99,Exécuté,OTC,OPE005
TRX000210,PF00037,INST010,2024-12-14,Vente,418.51,407.0966,170374.0,831.69,171205.69,EUR,1.0,171205.69,Exécuté,SIX,OPE001
TRX000212,PF00088,INST012,2026-03-02,Vente,459.47,423.6992,194677.07,446.66,195123.73,EUR,1.0,195123.73,Exécuté,OTC,OPE002
TRX000214,PF00078,INST006,2024-09-01,Vente,487.95,368.8525,179981.58,494.49,180476.07,EUR,1.0,180476.07,Exécuté,NYSE,OPE005
TRX000215,PF00092,INST004,2024-02-17,Arbitrage Entrant,294.89,95.9223,28286.53,63.0,28349.53,EUR,1.0,28349.53,Exécuté,NYSE,OPE001
TRX000217,PF00027,INST015,2024-01-17,Coupon,71.18,375.2182,26708.03,52.13,26760.16,EUR,1.0,26760.16,Exécuté,Euronext,OPE003
TRX000218,PF00115,INST001,2024-10-29,Dividende,105.63,349.6563,36934.19,88.71,37022.9,EUR,1.0,37022.9,Exécuté,Euronext,OPE004
TRX000219,PF00113,INST012,2024-02-15,Coupon,484.58,443.4305,214877.55,638.69,215516.24,EUR,1.0,215516.24,Exécuté,OTC,OPE004
TRX000220,PF00026,INST014,2026-02-14,Coupon,394.58,293.2472,115709.48,466.65,116176.13,USD,0.9325,108334.24,Exécuté,Euronext,OPE003
TRX000221,PF00006,INST006,2025-04-01,Dividende,475.88,46.3582,22060.94,37.07,22098.01,EUR,1.0,22098.01,Exécuté,Euronext,OPE005
TRX000222,PF00024,INST006,2024-02-18,Frais,492.65,447.6808,220549.95,842.06,219707.89,EUR,1.0,219707.89,Exécuté,OTC,OPE004
TRX000223,PF00041,INST001,2025-11-13,Achat,166.22,487.4552,81024.8,213.67,80811.13,EUR,1.0,80811.13,Exécuté,Xetra,OPE002
TRX000224,PF00025,INST001,2023-11-07,Coupon,286.31,421.5287,120687.88,194.83,120882.71,EUR,1.0,120882.71,Exécuté,SIX,OPE001
TRX000225,PF00076,INST014,2025-03-04,Arbitrage Entrant,312.92,245.3609,76778.33,106.56,76884.89,USD,0.9342,71825.86,Exécuté,Euronext,OPE004
TRX000227,PF00095,INST015,2023-12-20,Coupon,185.33,228.4299,42334.91,86.92,42421.83,EUR,1.0,42421.83,Exécuté,NYSE,OPE003
TRX000231,PF00055,INST013,2026-02-11,Vente,63.97,217.4537,13910.51,68.9,13979.41,EUR,1.0,13979.41,Exécuté,NYSE,OPE005
TRX000233,PF00134,INST008,2024-07-06,Arbitrage Sortant,7.17,353.2019,2532.46,8.48,2540.94,EUR,1.0,2540.94,Exécuté,SIX,OPE002
TRX000235,PF00138,INST015,2024-01-26,Dividende,439.07,139.4269,61218.17,221.56,61439.73,EUR,1.0,61439.73,Exécuté,NYSE,OPE003
TRX000236,PF00104,INST003,2024-12-24,Frais,304.72,349.894,106619.7,123.16,106496.54,EUR,1.0,106496.54,Exécuté,Euronext,OPE004
TRX000239,PF00114,INST004,2023-08-16,Arbitrage Sortant,204.18,247.3856,50511.19,154.87,50666.06,EUR,1.0,50666.06,Exécuté,OTC,OPE002
TRX000240,PF00017,INST005,2024-08-02,Arbitrage Entrant,253.89,76.4684,19414.56,85.52,19500.08,EUR,1.0,19500.08,Exécuté,NYSE,OPE002
TRX000241,PF00015,INST004,2023-07-26,Achat,228.77,459.8352,105196.5,401.7,104794.8,EUR,1.0,104794.8,Exécuté,SIX,OPE005
TRX000242,PF00102,INST011,2023-06-26,Achat,340.91,128.5497,43823.88,129.51,43694.37,EUR,1.0,43694.37,Exécuté,SIX,OPE005
TRX000243,PF00142,INST006,2023-08-24,Dividende,82.59,448.301,37025.18,147.95,37173.13,EUR,1.0,37173.13,Exécuté,Euronext,OPE004
TRX000244,PF00013,INST003,2024-08-16,Arbitrage Sortant,286.56,482.8096,138353.92,612.69,138966.61,USD,1.0355,143899.92,Exécuté,SIX,OPE005
TRX000248,PF00131,INST011,2023-06-13,Arbitrage Sortant,419.85,285.114,119705.11,404.02,120109.13,EUR,1.0,120109.13,Exécuté,Euronext,OPE004
TRX000249,PF00017,INST006,2026-04-26,Dividende,320.66,432.1309,138567.09,283.31,138850.4,EUR,1.0,138850.4,Exécuté,NYSE,OPE005
TRX000250,PF00062,INST015,2024-12-16,Achat,402.91,403.1582,162436.47,552.31,161884.16,EUR,1.0,161884.16,Exécuté,Euronext,OPE004
TRX000251,PF00076,INST005,2026-03-05,Coupon,202.89,370.9987,75271.93,250.81,75522.74,USD,0.9686,73151.33,Exécuté,OTC,OPE004
TRX000253,PF00144,INST013,2025-04-28,Vente,473.51,450.7997,213458.17,772.24,214230.41,USD,0.9711,208039.15,Exécuté,SIX,OPE003
TRX000255,PF00031,INST014,2023-06-15,Arbitrage Entrant,191.45,156.1943,29903.4,36.37,29939.77,USD,0.9275,27769.14,Exécuté,Xetra,OPE004
TRX000257,PF00081,INST011,2025-02-22,Achat,3.35,144.0287,482.5,1.95,480.55,USD,1.0153,487.9,Exécuté,SIX,OPE001
TRX000258,PF00034,INST010,2023-09-21,Coupon,317.11,207.6628,65851.95,320.13,66172.08,EUR,1.0,66172.08,Exécuté,Euronext,OPE005
TRX000259,PF00052,INST012,2024-03-21,Dividende,475.08,447.0831,212400.24,855.42,213255.66,USD,0.9036,192697.81,Exécuté,NYSE,OPE002
TRX000260,PF00089,INST005,2026-02-14,Vente,52.25,256.6349,13409.17,29.83,13439.0,EUR,1.0,13439.0,Exécuté,Xetra,OPE003
TRX000262,PF00043,INST015,2024-06-18,Arbitrage Sortant,202.29,121.925,24664.21,96.4,24760.61,USD,0.9422,23329.45,Exécuté,OTC,OPE005
TRX000265,PF00141,INST005,2023-07-28,Coupon,351.23,110.6925,38878.53,145.52,39024.05,EUR,1.0,39024.05,Exécuté,SIX,OPE001
TRX000268,PF00105,INST005,2026-01-06,Vente,20.66,253.2138,5231.4,9.58,5240.98,EUR,1.0,5240.98,Exécuté,NYSE,OPE001
TRX000270,PF00066,INST011,2025-01-25,Vente,228.92,488.8726,111912.72,230.15,112142.87,EUR,1.0,112142.87,Exécuté,NYSE,OPE001
TRX000271,PF00075,INST006,2024-10-05,Arbitrage Sortant,338.71,218.7377,74088.65,108.44,74197.09,EUR,1.0,74197.09,Exécuté,NYSE,OPE002
TRX000272,PF00085,INST006,2024-09-25,Coupon,477.59,141.4716,67565.42,265.69,67831.11,EUR,1.0,67831.11,Exécuté,NYSE,OPE001
TRX000273,PF00103,INST007,2025-01-09,Coupon,136.64,199.0006,27191.44,119.72,27311.16,EUR,1.0,27311.16,Exécuté,Euronext,OPE002
TRX000274,PF00016,INST014,2026-01-16,Vente,52.75,456.5011,24080.43,70.57,24151.0,EUR,1.0,24151.0,Exécuté,OTC,OPE004
TRX000276,PF00113,INST001,2025-07-08,Achat,131.54,163.9766,21569.48,82.36,21487.12,USD,1.0956,23541.29,Exécuté,OTC,OPE005
TRX000277,PF00025,INST007,2025-06-24,Arbitrage Entrant,363.6,246.1455,89498.5,327.1,89825.6,EUR,1.0,89825.6,Exécuté,OTC,OPE005
TRX000278,PF00014,INST001,2024-09-27,Arbitrage Entrant,467.25,257.7281,120423.45,346.48,120769.93,EUR,1.0,120769.93,Exécuté,Euronext,OPE004
TRX000280,PF00118,INST008,2024-08-02,Arbitrage Sortant,286.94,53.1297,15245.04,45.64,15290.68,EUR,1.0,15290.68,Exécuté,SIX,OPE001
TRX000283,PF00122,INST012,2023-07-03,Arbitrage Entrant,182.28,231.7409,42241.73,58.71,42300.44,USD,0.9004,38087.32,Exécuté,Xetra,OPE005
TRX000284,PF00134,INST006,2025-10-09,Arbitrage Entrant,54.05,449.4698,24293.84,72.15,24365.99,EUR,1.0,24365.99,Exécuté,Xetra,OPE005
TRX000285,PF00051,INST004,2023-09-12,Achat,465.18,202.5193,94207.93,266.44,93941.49,USD,1.0434,98018.55,Exécuté,SIX,OPE001
TRX000286,PF00032,INST013,2025-08-15,Coupon,229.24,298.7649,68488.87,206.62,68695.49,EUR,1.0,68695.49,Exécuté,OTC,OPE001
TRX000287,PF00142,INST015,2025-03-15,Coupon,419.57,246.6367,103481.36,313.89,103795.25,USD,1.0384,107780.99,Exécuté,NYSE,OPE001
TRX000290,PF00056,INST004,2024-08-27,Vente,312.46,152.384,47613.9,113.38,47727.28,USD,1.0963,52323.42,Exécuté,OTC,OPE005
TRX000292,PF00004,INST009,2025-04-07,Achat,13.61,81.2101,1105.27,4.07,1101.2,USD,0.9534,1049.88,Exécuté,Xetra,OPE003
TRX000293,PF00038,INST014,2025-09-27,Achat,345.61,154.6189,53437.84,214.52,53223.32,EUR,1.0,53223.32,Exécuté,SIX,OPE001
TRX000294,PF00144,INST014,2026-04-06,Vente,371.46,285.0226,105874.49,206.5,106080.99,EUR,1.0,106080.99,Exécuté,SIX,OPE004
TRX000295,PF00107,INST013,2023-11-24,Arbitrage Entrant,157.01,280.5411,44047.76,46.33,44094.09,EUR,1.0,44094.09,Exécuté,OTC,OPE004
TRX000296,PF00058,INST015,2025-04-10,Arbitrage Entrant,352.61,327.3399,115423.32,464.05,115887.37,USD,1.0552,122284.35,Exécuté,Xetra,OPE004
TRX000297,PF00046,INST011,2024-08-05,Achat,94.3,95.1596,8973.55,27.42,8946.13,EUR,1.0,8946.13,Exécuté,SIX,OPE003
TRX000298,PF00143,INST005,2026-04-20,Vente,81.3,424.547,34515.67,35.3,34550.97,EUR,1.0,34550.97,Exécuté,Euronext,OPE002
TRX000301,PF00140,INST009,2026-03-14,Coupon,46.88,118.3871,5549.99,10.29,5560.28,EUR,1.0,5560.28,Exécuté,Xetra,OPE003
TRX000302,PF00056,INST013,2023-11-23,Frais,265.72,498.3492,132421.35,568.72,131852.63,EUR,1.0,131852.63,Exécuté,Xetra,OPE004
TRX000305,PF00125,INST001,2023-08-02,Dividende,449.24,104.3311,46869.7,143.21,47012.91,EUR,1.0,47012.91,Exécuté,OTC,OPE005
TRX000306,PF00002,INST011,2023-11-03,Achat,106.18,318.4621,33814.31,62.65,33751.66,EUR,1.0,33751.66,Exécuté,NYSE,OPE005
TRX000307,PF00112,INST011,2024-05-02,Arbitrage Sortant,469.94,375.9765,176686.4,285.35,176971.75,EUR,1.0,176971.75,Exécuté,Euronext,OPE001
TRX000310,PF00092,INST015,2023-10-19,Frais,53.96,395.577,21345.33,47.08,21298.25,EUR,1.0,21298.25,Exécuté,SIX,OPE004
TRX000313,PF00032,INST001,2024-05-30,Achat,286.79,203.1,58247.05,185.81,58061.24,EUR,1.0,58061.24,Exécuté,NYSE,OPE003
TRX000314,PF00055,INST007,2023-12-05,Arbitrage Entrant,425.88,79.803,33986.5,59.0,34045.5,EUR,1.0,34045.5,Exécuté,Euronext,OPE002
TRX000316,PF00018,INST005,2023-07-21,Achat,99.51,294.4919,29304.89,140.84,29164.05,EUR,1.0,29164.05,Exécuté,NYSE,OPE001
TRX000320,PF00045,INST011,2025-11-18,Frais,41.9,147.5018,6180.33,26.61,6153.72,USD,0.9526,5862.03,Exécuté,Euronext,OPE001
TRX000322,PF00139,INST008,2025-09-20,Arbitrage Entrant,387.82,189.2511,73395.36,138.95,73534.31,EUR,1.0,73534.31,Exécuté,SIX,OPE005
TRX000323,PF00131,INST002,2026-05-14,Coupon,182.57,15.1899,2773.22,5.42,2778.64,USD,1.0514,2921.46,Exécuté,SIX,OPE002
TRX000324,PF00046,INST010,2023-09-16,Frais,330.05,484.1904,159807.04,630.23,159176.81,EUR,1.0,159176.81,Exécuté,Euronext,OPE002
TRX000326,PF00012,INST001,2025-12-29,Arbitrage Entrant,162.71,354.8308,57734.52,178.14,57912.66,EUR,1.0,57912.66,Exécuté,OTC,OPE005
TRX000329,PF00036,INST008,2023-11-07,Vente,115.77,262.1252,30346.23,64.43,30410.66,USD,0.9374,28506.95,Exécuté,OTC,OPE001
TRX000330,PF00059,INST007,2026-01-02,Arbitrage Sortant,165.78,65.536,10864.56,40.21,10904.77,EUR,1.0,10904.77,Exécuté,OTC,OPE002
TRX000332,PF00043,INST005,2025-07-22,Vente,258.8,208.6736,54004.73,263.38,54268.11,EUR,1.0,54268.11,Exécuté,Euronext,OPE002
TRX000333,PF00115,INST010,2025-02-14,Coupon,433.78,93.5777,40592.13,175.42,40767.55,USD,1.0589,43168.76,Exécuté,OTC,OPE005
TRX000334,PF00068,INST003,2023-07-06,Arbitrage Entrant,343.11,461.9525,158500.52,536.7,159037.22,EUR,1.0,159037.22,Exécuté,SIX,OPE004
TRX000335,PF00034,INST002,2023-11-03,Achat,101.97,431.1999,43969.45,132.68,43836.77,EUR,1.0,43836.77,Exécuté,OTC,OPE001
TRX000336,PF00046,INST008,2023-09-01,Frais,300.31,440.0988,132166.07,413.11,131752.96,EUR,1.0,131752.96,Exécuté,SIX,OPE002
TRX000337,PF00139,INST014,2025-10-17,Achat,448.59,389.6865,174809.47,628.78,174180.69,EUR,1.0,174180.69,Exécuté,Euronext,OPE005
TRX000339,PF00123,INST013,2024-11-27,Vente,455.13,51.0706,23243.76,78.87,23322.63,EUR,1.0,23322.63,Exécuté,NYSE,OPE001
TRX000342,PF00053,INST007,2023-12-18,Frais,392.11,246.4092,96619.51,239.7,96379.81,EUR,1.0,96379.81,Exécuté,Xetra,OPE005
TRX000343,PF00089,INST013,2024-03-02,Arbitrage Entrant,199.67,77.6536,15505.09,69.08,15574.17,EUR,1.0,15574.17,Exécuté,SIX,OPE002
TRX000344,PF00026,INST004,2024-05-27,Frais,200.88,175.8345,35321.63,113.11,35208.52,EUR,1.0,35208.52,Exécuté,SIX,OPE001
TRX000345,PF00024,INST014,2026-01-21,Vente,236.36,304.1203,71881.87,97.22,71979.09,EUR,1.0,71979.09,Exécuté,Xetra,OPE001
TRX000347,PF00127,INST008,2025-07-18,Achat,101.65,331.8733,33734.92,142.21,33592.71,EUR,1.0,33592.71,Exécuté,Euronext,OPE005
TRX000348,PF00131,INST009,2025-01-16,Arbitrage Entrant,116.6,93.0466,10849.23,12.41,10861.64,USD,1.031,11198.35,Exécuté,Euronext,OPE003
TRX000349,PF00103,INST006,2024-01-02,Arbitrage Entrant,198.18,297.1793,58894.99,180.86,59075.85,EUR,1.0,59075.85,Exécuté,OTC,OPE003
TRX000351,PF00067,INST003,2023-11-11,Coupon,253.61,283.729,71956.51,216.78,72173.29,EUR,1.0,72173.29,Exécuté,OTC,OPE003
TRX000352,PF00138,INST014,2025-07-06,Arbitrage Sortant,287.87,350.154,100798.83,490.31,101289.14,EUR,1.0,101289.14,Exécuté,Xetra,OPE004
TRX000353,PF00118,INST015,2026-01-29,Frais,431.15,246.1654,106134.21,215.59,105918.62,EUR,1.0,105918.62,Exécuté,NYSE,OPE003
TRX000354,PF00106,INST006,2025-05-13,Frais,268.29,353.4011,94813.98,194.69,94619.29,EUR,1.0,94619.29,Exécuté,SIX,OPE003
TRX000355,PF00020,INST009,2025-10-27,Vente,238.8,183.2336,43756.18,200.28,43956.46,EUR,1.0,43956.46,Exécuté,NYSE,OPE004
TRX000356,PF00052,INST004,2023-09-06,Arbitrage Entrant,121.79,140.0486,17056.52,32.69,17089.21,USD,1.0673,18239.31,Exécuté,NYSE,OPE001
TRX000360,PF00031,INST012,2026-03-18,Frais,230.58,347.7132,80175.71,83.97,80091.74,USD,0.9759,78161.53,Exécuté,Xetra,OPE003
TRX000361,PF00067,INST003,2025-04-09,Frais,132.16,142.01,18768.04,90.73,18677.31,EUR,1.0,18677.31,Exécuté,NYSE,OPE004
TRX000366,PF00086,INST005,2026-04-22,Dividende,180.79,283.1708,51194.45,217.07,51411.52,EUR,1.0,51411.52,Exécuté,SIX,OPE001
TRX000367,PF00090,INST014,2024-07-28,Arbitrage Entrant,481.6,107.4895,51766.94,171.02,51937.96,USD,1.0959,56918.81,Exécuté,Xetra,OPE003
TRX000369,PF00087,INST007,2023-11-29,Arbitrage Entrant,306.54,208.3386,63864.11,295.58,64159.69,EUR,1.0,64159.69,Exécuté,Xetra,OPE002
TRX000371,PF00134,INST008,2025-12-11,Coupon,84.49,428.5638,36209.36,54.32,36263.68,USD,1.0324,37438.62,Exécuté,NYSE,OPE002
TRX000373,PF00027,INST005,2024-04-18,Frais,78.48,330.868,25966.52,117.94,25848.58,EUR,1.0,25848.58,Exécuté,NYSE,OPE003
TRX000374,PF00114,INST011,2024-03-04,Vente,66.51,420.8737,27992.31,31.19,28023.5,EUR,1.0,28023.5,Exécuté,SIX,OPE004
TRX000380,PF00021,INST007,2025-06-17,Arbitrage Entrant,120.54,384.6238,46362.55,215.11,46577.66,EUR,1.0,46577.66,Exécuté,OTC,OPE003
TRX000382,PF00126,INST004,2025-03-29,Dividende,10.68,34.3197,366.53,1.15,367.68,USD,1.0945,402.43,Exécuté,Xetra,OPE002
TRX000385,PF00121,INST003,2025-10-01,Vente,447.95,132.5389,59370.8,149.99,59520.79,EUR,1.0,59520.79,Exécuté,NYSE,OPE004
TRX000387,PF00100,INST011,2025-12-31,Dividende,468.17,87.7196,41067.69,160.7,41228.39,EUR,1.0,41228.39,Exécuté,SIX,OPE003
TRX000388,PF00051,INST006,2025-02-28,Achat,431.97,116.7162,50417.9,73.19,50344.71,EUR,1.0,50344.71,Exécuté,Euronext,OPE002
TRX000390,PF00023,INST004,2026-01-11,Vente,250.46,346.1129,86687.44,204.04,86891.48,EUR,1.0,86891.48,Exécuté,Xetra,OPE002
TRX000394,PF00018,INST009,2024-06-30,Vente,225.24,411.5151,92689.66,293.49,92983.15,EUR,1.0,92983.15,Exécuté,OTC,OPE004
TRX000395,PF00048,INST015,2025-11-12,Achat,310.25,188.3968,58450.11,203.45,58246.66,EUR,1.0,58246.66,Exécuté,OTC,OPE004
TRX000397,PF00025,INST009,2024-07-07,Arbitrage Entrant,34.27,419.2447,14367.52,21.83,14389.35,EUR,1.0,14389.35,Exécuté,Euronext,OPE004
TRX000398,PF00050,INST002,2023-06-05,Achat,285.94,419.7868,120033.84,435.93,119597.91,EUR,1.0,119597.91,Exécuté,Xetra,OPE002
TRX000399,PF00019,INST001,2023-09-05,Vente,328.22,464.9178,152595.32,660.48,153255.8,EUR,1.0,153255.8,Exécuté,Xetra,OPE005
TRX000400,PF00107,INST014,2023-11-28,Dividende,397.33,38.567,15323.83,53.14,15376.97,EUR,1.0,15376.97,Exécuté,Xetra,OPE001
TRX000401,PF00056,INST009,2023-08-23,Achat,51.51,123.1988,6345.97,16.13,6329.84,USD,1.0052,6362.76,Exécuté,OTC,OPE002
TRX000403,PF00043,INST013,2026-04-05,Vente,275.43,257.2995,70868.0,257.26,71125.26,EUR,1.0,71125.26,Exécuté,Xetra,OPE005
TRX000406,PF00009,INST005,2024-05-14,Frais,9.13,76.192,695.63,3.17,692.46,EUR,1.0,692.46,Exécuté,NYSE,OPE002
TRX000408,PF00036,INST005,2025-09-17,Dividende,444.92,132.4299,58920.71,119.31,59040.02,EUR,1.0,59040.02,Exécuté,OTC,OPE004
TRX000410,PF00077,INST001,2023-10-11,Arbitrage Entrant,404.36,196.9576,79641.78,328.16,79969.94,EUR,1.0,79969.94,Exécuté,SIX,OPE004
TRX000415,PF00125,INST007,2024-04-08,Arbitrage Entrant,286.09,284.9721,81527.67,406.69,81934.36,USD,0.9485,77714.74,Exécuté,SIX,OPE003
TRX000416,PF00148,INST002,2023-08-03,Achat,336.2,217.5349,73135.23,175.03,72960.2,EUR,1.0,72960.2,Exécuté,OTC,OPE001
TRX000417,PF00079,INST003,2024-10-29,Dividende,308.49,495.178,152757.46,422.96,153180.42,USD,0.9881,151357.57,Exécuté,NYSE,OPE003
TRX000418,PF00040,INST013,2024-05-05,Arbitrage Entrant,426.53,65.0622,27750.98,33.8,27784.78,USD,1.0738,29835.3,Exécuté,Euronext,OPE003
TRX000422,PF00100,INST011,2024-10-15,Dividende,331.83,457.3057,151747.75,370.4,152118.15,EUR,1.0,152118.15,Exécuté,Xetra,OPE004
TRX000423,PF00060,INST007,2026-04-22,Frais,488.33,58.8058,28716.64,64.95,28651.69,EUR,1.0,28651.69,Exécuté,NYSE,OPE005
TRX000425,PF00005,INST006,2025-03-19,Arbitrage Entrant,176.6,316.3632,55869.74,108.66,55978.4,EUR,1.0,55978.4,Exécuté,Xetra,OPE004
TRX000429,PF00038,INST011,2024-12-14,Frais,458.64,165.5731,75938.45,245.23,75693.22,EUR,1.0,75693.22,Exécuté,Xetra,OPE002
TRX000430,PF00008,INST013,2023-05-24,Dividende,440.19,212.8797,93707.52,247.86,93955.38,EUR,1.0,93955.38,Exécuté,NYSE,OPE002
TRX000431,PF00028,INST003,2026-02-07,Vente,14.07,493.1182,6938.17,24.06,6962.23,USD,1.0193,7096.6,Exécuté,Euronext,OPE003
TRX000432,PF00021,INST012,2025-10-03,Arbitrage Sortant,238.82,256.139,61171.12,209.13,61380.25,EUR,1.0,61380.25,Exécuté,SIX,OPE004
TRX000433,PF00122,INST003,2024-05-25,Vente,97.44,25.7925,2513.22,10.2,2523.42,EUR,1.0,2523.42,Exécuté,SIX,OPE002
TRX000434,PF00052,INST013,2023-11-12,Vente,34.0,464.2806,15785.54,78.02,15863.56,EUR,1.0,15863.56,Exécuté,SIX,OPE002
TRX000437,PF00133,INST009,2023-06-10,Coupon,491.93,29.2333,14380.74,36.67,14417.41,EUR,1.0,14417.41,Exécuté,Xetra,OPE004
TRX000440,PF00106,INST006,2023-12-20,Coupon,13.43,232.3036,3119.84,14.31,3134.15,USD,1.0765,3373.91,Exécuté,Xetra,OPE003
TRX000441,PF00042,INST012,2025-10-28,Arbitrage Entrant,62.65,65.9408,4131.19,11.56,4142.75,EUR,1.0,4142.75,Exécuté,OTC,OPE004
TRX000443,PF00038,INST003,2025-02-10,Arbitrage Sortant,356.31,215.595,76818.65,171.93,76990.58,EUR,1.0,76990.58,Exécuté,NYSE,OPE001
TRX000446,PF00063,INST015,2024-02-03,Frais,139.78,318.0314,44454.43,190.29,44264.14,USD,0.9098,40271.51,Exécuté,Euronext,OPE003
TRX000447,PF00010,INST003,2025-01-04,Arbitrage Sortant,17.18,293.2654,5038.3,17.2,5055.5,EUR,1.0,5055.5,Exécuté,Euronext,OPE001
TRX000453,PF00047,INST015,2024-07-19,Frais,117.13,152.3392,17843.49,31.66,17811.83,EUR,1.0,17811.83,Exécuté,SIX,OPE001
TRX000454,PF00054,INST013,2026-03-29,Frais,499.49,212.8802,106331.53,248.3,106083.23,USD,0.9023,95718.9,Exécuté,Xetra,OPE003
TRX000455,PF00018,INST005,2024-10-14,Dividende,253.84,168.7227,42828.57,43.88,42872.45,EUR,1.0,42872.45,Exécuté,SIX,OPE005
TRX000458,PF00077,INST010,2025-05-15,Arbitrage Entrant,339.42,282.0368,95728.93,102.9,95831.83,EUR,1.0,95831.83,Exécuté,Euronext,OPE002
TRX000460,PF00030,INST014,2025-12-25,Arbitrage Sortant,376.02,355.5804,133705.34,301.91,134007.25,EUR,1.0,134007.25,Exécuté,SIX,OPE001
TRX000461,PF00128,INST015,2024-03-01,Vente,186.42,416.4342,77631.66,171.61,77803.27,EUR,1.0,77803.27,Exécuté,Euronext,OPE003
TRX000463,PF00088,INST015,2025-07-03,Coupon,366.49,266.5777,97698.06,400.77,98098.83,USD,1.0539,103386.36,Exécuté,OTC,OPE002
TRX000464,PF00053,INST012,2025-12-26,Achat,230.22,359.7019,82810.57,255.83,82554.74,EUR,1.0,82554.74,Exécuté,Euronext,OPE005
TRX000465,PF00023,INST006,2026-01-02,Coupon,444.7,60.5204,26913.42,109.4,27022.82,EUR,1.0,27022.82,Exécuté,OTC,OPE003
TRX000466,PF00054,INST006,2025-10-21,Vente,97.08,145.5583,14130.8,32.17,14162.97,EUR,1.0,14162.97,Exécuté,Xetra,OPE002
TRX000472,PF00037,INST014,2026-03-30,Frais,129.77,188.0902,24408.47,42.31,24366.16,EUR,1.0,24366.16,Exécuté,SIX,OPE004
TRX000473,PF00008,INST002,2023-12-31,Coupon,57.33,244.5395,14019.45,61.45,14080.9,EUR,1.0,14080.9,Exécuté,OTC,OPE005
TRX000474,PF00033,INST009,2025-03-24,Achat,203.44,359.9938,73237.14,104.58,73132.56,EUR,1.0,73132.56,Exécuté,OTC,OPE004
TRX000477,PF00020,INST012,2023-12-17,Arbitrage Entrant,287.52,248.4489,71434.03,240.64,71674.67,EUR,1.0,71674.67,Exécuté,OTC,OPE001
TRX000478,PF00114,INST003,2023-11-20,Dividende,477.99,44.1077,21083.04,30.25,21113.29,EUR,1.0,21113.29,Exécuté,SIX,OPE001
TRX000479,PF00024,INST004,2023-07-15,Arbitrage Sortant,70.32,294.5763,20714.61,83.27,20797.88,EUR,1.0,20797.88,Exécuté,NYSE,OPE004
TRX000480,PF00137,INST005,2024-09-06,Coupon,308.17,229.1083,70604.3,128.69,70732.99,EUR,1.0,70732.99,Exécuté,OTC,OPE003
TRX000481,PF00112,INST012,2024-11-14,Dividende,495.15,295.5362,146334.75,504.26,146839.01,EUR,1.0,146839.01,Exécuté,Xetra,OPE001
TRX000482,PF00095,INST015,2023-09-30,Frais,483.98,10.4132,5039.78,16.33,5023.45,EUR,1.0,5023.45,Exécuté,Xetra,OPE001
TRX000488,PF00128,INST014,2024-06-26,Arbitrage Entrant,119.14,255.8471,30481.62,80.57,30562.19,EUR,1.0,30562.19,Exécuté,Euronext,OPE005
TRX000493,PF00122,INST010,2023-10-08,Vente,286.86,331.5967,95121.83,206.13,95327.96,EUR,1.0,95327.96,Exécuté,SIX,OPE001
TRX000494,PF00033,INST009,2025-06-11,Achat,425.87,146.1459,62239.15,95.24,62143.91,EUR,1.0,62143.91,Exécuté,Xetra,OPE001
TRX000495,PF00029,INST010,2026-03-19,Vente,455.16,372.0939,169362.26,615.91,169978.17,EUR,1.0,169978.17,Exécuté,Xetra,OPE002
TRX000496,PF00125,INST003,2024-05-02,Arbitrage Sortant,264.17,26.2144,6925.06,34.18,6959.24,USD,1.0191,7092.16,Exécuté,SIX,OPE004
TRX000497,PF00099,INST004,2025-04-10,Arbitrage Entrant,220.65,322.4116,71140.12,131.14,71271.26,EUR,1.0,71271.26,Exécuté,Xetra,OPE001
TRX000499,PF00038,INST009,2023-05-22,Arbitrage Sortant,217.93,151.5082,33018.18,138.32,33156.5,EUR,1.0,33156.5,Exécuté,OTC,OPE001
TRX000500,PF00025,INST015,2024-08-17,Frais,319.07,478.53,152684.57,416.39,152268.18,EUR,1.0,152268.18,Exécuté,Xetra,OPE003
TRX000502,PF00087,INST011,2024-12-17,Arbitrage Entrant,496.61,163.5022,81196.83,84.63,81281.46,EUR,1.0,81281.46,Exécuté,Euronext,OPE004
TRX000503,PF00026,INST009,2024-10-06,Achat,343.06,182.243,62520.28,243.89,62276.39,EUR,1.0,62276.39,Exécuté,Euronext,OPE001
TRX000504,PF00024,INST001,2024-01-24,Frais,328.65,419.375,137827.59,661.84,137165.75,EUR,1.0,137165.75,Exécuté,Euronext,OPE005
TRX000505,PF00034,INST007,2024-12-22,Arbitrage Entrant,382.17,327.4739,125150.7,527.23,125677.93,USD,1.0792,135631.62,Exécuté,Xetra,OPE003
TRX000506,PF00120,INST011,2024-02-25,Achat,319.75,462.1207,147763.09,311.12,147451.97,EUR,1.0,147451.97,Exécuté,Xetra,OPE002
TRX000507,PF00019,INST005,2025-10-27,Arbitrage Sortant,32.13,200.4093,6439.15,32.09,6471.24,EUR,1.0,6471.24,Exécuté,NYSE,OPE004
TRX000512,PF00099,INST012,2025-01-08,Arbitrage Sortant,390.14,69.3898,27071.74,85.04,27156.78,EUR,1.0,27156.78,Exécuté,Xetra,OPE004
TRX000514,PF00046,INST009,2024-01-24,Achat,483.79,333.7597,161469.61,354.5,161115.11,EUR,1.0,161115.11,Exécuté,Xetra,OPE004
TRX000516,PF00100,INST002,2023-06-02,Arbitrage Sortant,270.74,160.7881,43531.77,136.51,43668.28,EUR,1.0,43668.28,Exécuté,Euronext,OPE003
TRX000520,PF00017,INST014,2025-06-12,Arbitrage Sortant,54.06,253.6003,13709.63,57.54,13767.17,USD,0.9126,12563.92,Exécuté,SIX,OPE003
TRX000523,PF00026,INST013,2023-12-12,Arbitrage Sortant,316.47,194.3042,61491.45,100.29,61591.74,EUR,1.0,61591.74,Exécuté,Euronext,OPE001
TRX000524,PF00046,INST015,2024-12-16,Achat,353.66,300.928,106426.2,227.21,106198.99,EUR,1.0,106198.99,Exécuté,NYSE,OPE002
TRX000527,PF00093,INST014,2024-12-09,Arbitrage Sortant,493.4,258.695,127640.11,364.65,128004.76,USD,0.9553,122282.95,Exécuté,Euronext,OPE002
TRX000528,PF00122,INST008,2023-07-06,Vente,80.72,462.1098,37301.5,45.36,37346.86,EUR,1.0,37346.86,Exécuté,NYSE,OPE004
TRX000531,PF00059,INST013,2024-11-05,Achat,163.74,58.0514,9505.34,37.56,9467.78,USD,0.9751,9232.03,Exécuté,Euronext,OPE004
TRX000532,PF00150,INST008,2024-05-08,Achat,445.35,81.0212,36082.79,170.01,35912.78,EUR,1.0,35912.78,Exécuté,SIX,OPE003
TRX000533,PF00035,INST008,2025-02-06,Arbitrage Entrant,97.88,185.7092,18177.22,37.79,18215.01,EUR,1.0,18215.01,Exécuté,Euronext,OPE005
TRX000534,PF00016,INST005,2023-09-16,Vente,56.44,238.1118,13439.03,35.92,13474.95,EUR,1.0,13474.95,Exécuté,Xetra,OPE005
TRX000538,PF00136,INST007,2025-05-30,Coupon,405.05,351.3602,142318.45,198.11,142516.56,EUR,1.0,142516.56,Exécuté,Euronext,OPE005
TRX000539,PF00004,INST012,2023-09-19,Arbitrage Entrant,203.9,116.8232,23820.25,57.97,23878.22,USD,1.0295,24582.63,Exécuté,Euronext,OPE004
TRX000542,PF00009,INST005,2024-08-14,Coupon,376.69,352.0469,132612.55,457.51,133070.06,USD,1.0575,140721.59,Exécuté,OTC,OPE003
TRX000544,PF00094,INST003,2026-03-14,Arbitrage Entrant,279.84,42.8329,11986.36,46.0,12032.36,USD,0.9277,11162.42,Exécuté,NYSE,OPE005
TRX000545,PF00030,INST011,2024-12-12,Coupon,368.95,378.6158,139690.3,626.44,140316.74,USD,1.0506,147416.77,Exécuté,Xetra,OPE003
TRX000548,PF00049,INST015,2024-06-10,Coupon,44.57,201.4344,8977.93,15.4,8993.33,EUR,1.0,8993.33,Exécuté,NYSE,OPE003
TRX000549,PF00029,INST012,2024-01-09,Vente,248.67,438.7466,109103.12,336.34,109439.46,EUR,1.0,109439.46,Exécuté,SIX,OPE005
TRX000550,PF00034,INST008,2023-07-07,Dividende,210.64,371.4775,78248.02,84.97,78332.99,USD,0.9126,71486.69,Exécuté,OTC,OPE003
TRX000552,PF00034,INST015,2025-03-21,Arbitrage Sortant,153.94,396.7412,61074.34,116.48,61190.82,EUR,1.0,61190.82,Exécuté,Euronext,OPE002
TRX000553,PF00091,INST005,2023-07-06,Coupon,478.15,313.1288,149722.54,246.02,149968.56,EUR,1.0,149968.56,Exécuté,NYSE,OPE002
TRX000554,PF00042,INST004,2024-03-01,Achat,21.53,165.1467,3555.61,5.35,3550.26,EUR,1.0,3550.26,Exécuté,NYSE,OPE002
TRX000556,PF00078,INST002,2024-02-22,Achat,202.88,254.7143,51676.44,81.73,51594.71,EUR,1.0,51594.71,Exécuté,NYSE,OPE001
TRX000559,PF00092,INST002,2025-02-25,Dividende,28.46,324.2432,9227.96,30.76,9258.72,USD,1.0563,9779.99,Exécuté,NYSE,OPE001
TRX000560,PF00022,INST009,2024-12-13,Arbitrage Sortant,223.28,339.0633,75706.05,102.17,75808.22,EUR,1.0,75808.22,Exécuté,SIX,OPE003
TRX000563,PF00074,INST003,2025-11-03,Arbitrage Sortant,364.27,449.8846,163879.46,641.49,164520.95,EUR,1.0,164520.95,Exécuté,OTC,OPE005
TRX000564,PF00023,INST003,2023-05-23,Vente,152.31,494.3074,75287.96,233.48,75521.44,EUR,1.0,75521.44,Exécuté,OTC,OPE004
TRX000569,PF00093,INST010,2025-02-23,Coupon,283.22,435.4895,123339.34,433.17,123772.51,EUR,1.0,123772.51,Exécuté,Xetra,OPE005
TRX000570,PF00148,INST001,2023-08-02,Arbitrage Sortant,130.51,295.0107,38501.85,61.01,38562.86,EUR,1.0,38562.86,Exécuté,Xetra,OPE002
TRX000571,PF00014,INST005,2024-11-12,Dividende,210.34,456.9313,96110.93,232.97,96343.9,EUR,1.0,96343.9,Exécuté,OTC,OPE001
TRX000572,PF00132,INST004,2023-12-10,Arbitrage Sortant,314.39,384.6978,120945.14,410.61,121355.75,USD,1.0087,122411.55,Exécuté,Xetra,OPE003
TRX000573,PF00093,INST002,2026-04-25,Frais,290.44,413.4243,120074.95,126.27,119948.68,EUR,1.0,119948.68,Exécuté,SIX,OPE004
TRX000575,PF00137,INST012,2025-04-17,Frais,351.43,403.2643,141719.17,378.3,141340.87,EUR,1.0,141340.87,Exécuté,NYSE,OPE001
TRX000576,PF00123,INST006,2025-06-08,Dividende,345.83,78.1169,27015.17,74.77,27089.94,EUR,1.0,27089.94,Exécuté,Xetra,OPE001
TRX000577,PF00031,INST004,2025-10-15,Vente,428.55,79.7561,34179.48,65.16,34244.64,USD,0.942,32258.45,Exécuté,SIX,OPE001
TRX000579,PF00121,INST002,2023-10-11,Dividende,22.6,157.8064,3566.42,3.71,3570.13,EUR,1.0,3570.13,Exécuté,OTC,OPE002
TRX000581,PF00042,INST014,2024-10-01,Frais,390.62,310.3487,121228.41,366.07,120862.34,EUR,1.0,120862.34,Exécuté,OTC,OPE001
TRX000582,PF00136,INST004,2024-12-20,Arbitrage Entrant,96.58,148.1098,14304.44,65.9,14370.34,EUR,1.0,14370.34,Exécuté,NYSE,OPE005
TRX000586,PF00080,INST011,2025-04-22,Arbitrage Sortant,222.53,281.4188,62624.13,135.42,62759.55,EUR,1.0,62759.55,Exécuté,Euronext,OPE004
TRX000588,PF00037,INST007,2026-04-16,Coupon,347.82,489.0097,170087.35,674.52,170761.87,USD,0.9129,155888.51,Exécuté,Xetra,OPE002
TRX000591,PF00035,INST001,2024-03-13,Achat,369.16,416.8531,153885.49,460.51,153424.98,EUR,1.0,153424.98,Exécuté,SIX,OPE005
TRX000593,PF00128,INST008,2025-06-12,Frais,131.57,178.3717,23468.36,104.17,23364.19,EUR,1.0,23364.19,Exécuté,SIX,OPE001
TRX000594,PF00099,INST008,2024-06-16,Dividende,426.58,226.8525,96770.74,110.7,96881.44,USD,1.0113,97976.2,Exécuté,NYSE,OPE004
TRX000597,PF00091,INST013,2024-06-03,Dividende,160.92,23.792,3828.61,4.52,3833.13,EUR,1.0,3833.13,Exécuté,OTC,OPE001
TRX000598,PF00088,INST007,2024-10-08,Achat,214.65,496.0533,106477.84,281.92,106195.92,EUR,1.0,106195.92,Exécuté,NYSE,OPE002
TRX000599,PF00080,INST010,2024-07-02,Achat,455.28,42.0951,19165.06,42.54,19122.52,EUR,1.0,19122.52,Exécuté,Euronext,OPE005
TRX000600,PF00084,INST001,2026-05-06,Coupon,329.23,217.0118,71446.79,218.56,71665.35,EUR,1.0,71665.35,Exécuté,Euronext,OPE004
TRX000601,PF00006,INST006,2025-06-28,Coupon,285.61,167.9865,47978.62,66.73,48045.35,EUR,1.0,48045.35,Exécuté,NYSE,OPE003
TRX000603,PF00020,INST014,2026-01-04,Arbitrage Sortant,268.38,150.8042,40472.83,48.17,40521.0,EUR,1.0,40521.0,Exécuté,OTC,OPE001
TRX000605,PF00020,INST011,2023-12-29,Arbitrage Sortant,151.62,404.0221,61257.83,167.33,61425.16,EUR,1.0,61425.16,Exécuté,SIX,OPE004
TRX000612,PF00125,INST013,2023-06-11,Achat,28.61,449.2877,12854.12,28.99,12825.13,EUR,1.0,12825.13,Exécuté,SIX,OPE003
TRX000615,PF00109,INST004,2025-11-27,Vente,54.3,114.9132,6239.79,13.09,6252.88,EUR,1.0,6252.88,Exécuté,OTC,OPE001
TRX000616,PF00126,INST009,2026-03-22,Dividende,350.11,65.3511,22880.07,72.83,22952.9,EUR,1.0,22952.9,Exécuté,Xetra,OPE002
TRX000617,PF00093,INST008,2024-01-15,Arbitrage Entrant,184.5,161.004,29705.24,106.39,29811.63,EUR,1.0,29811.63,Exécuté,NYSE,OPE003
TRX000619,PF00100,INST001,2025-08-24,Coupon,463.83,459.7841,213261.66,469.93,213731.59,USD,0.9595,205075.46,Exécuté,SIX,OPE003
TRX000621,PF00109,INST015,2025-01-30,Arbitrage Sortant,51.1,88.5682,4525.84,9.25,4535.09,EUR,1.0,4535.09,Exécuté,SIX,OPE005
TRX000622,PF00141,INST012,2025-09-24,Dividende,227.18,23.4019,5316.44,6.42,5322.86,USD,1.026,5461.25,Exécuté,Euronext,OPE004
TRX000624,PF00123,INST014,2023-05-31,Arbitrage Entrant,67.62,95.0047,6424.22,21.66,6445.88,EUR,1.0,6445.88,Exécuté,NYSE,OPE001
TRX000625,PF00107,INST006,2025-01-08,Vente,197.35,194.8868,38460.91,166.87,38627.78,USD,0.9041,34923.38,Exécuté,OTC,OPE005
TRX000628,PF00127,INST002,2025-02-05,Vente,357.07,103.3666,36909.11,164.16,37073.27,EUR,1.0,37073.27,Exécuté,SIX,OPE004
TRX000630,PF00075,INST005,2024-01-17,Vente,309.22,454.5908,140568.57,348.41,140916.98,EUR,1.0,140916.98,Exécuté,Euronext,OPE004
TRX000633,PF00002,INST005,2023-07-11,Frais,310.21,158.2286,49084.09,126.58,48957.51,EUR,1.0,48957.51,Exécuté,OTC,OPE001
TRX000634,PF00149,INST003,2023-07-29,Dividende,85.76,251.4915,21567.91,50.83,21618.74,EUR,1.0,21618.74,Exécuté,Euronext,OPE003
TRX000635,PF00136,INST007,2025-06-12,Vente,130.94,163.5021,21408.96,105.21,21514.17,EUR,1.0,21514.17,Exécuté,Xetra,OPE004
TRX000637,PF00126,INST013,2023-12-21,Vente,278.28,462.1979,128620.43,456.17,129076.6,EUR,1.0,129076.6,Exécuté,NYSE,OPE002
TRX000638,PF00014,INST004,2024-07-06,Vente,18.9,137.5097,2598.93,9.94,2608.87,EUR,1.0,2608.87,Exécuté,SIX,OPE001
TRX000639,PF00114,INST006,2024-11-18,Arbitrage Entrant,280.87,234.3023,65808.49,95.42,65903.91,USD,0.9247,60941.35,Exécuté,NYSE,OPE003
TRX000640,PF00047,INST014,2024-03-05,Vente,375.22,413.0602,154988.45,504.18,155492.63,USD,1.0167,158089.36,Exécuté,OTC,OPE005
TRX000641,PF00047,INST007,2023-08-19,Achat,123.83,254.0743,31462.02,43.33,31418.69,EUR,1.0,31418.69,Exécuté,Xetra,OPE001
TRX000642,PF00101,INST006,2024-05-31,Frais,464.65,61.9743,28796.36,66.06,28730.3,EUR,1.0,28730.3,Exécuté,SIX,OPE004
TRX000643,PF00117,INST011,2026-02-28,Dividende,297.51,12.8446,3821.4,18.64,3840.04,EUR,1.0,3840.04,Exécuté,OTC,OPE002
TRX000645,PF00024,INST007,2026-05-16,Dividende,89.83,482.8742,43376.59,193.55,43570.14,EUR,1.0,43570.14,Exécuté,NYSE,OPE002
TRX000646,PF00100,INST013,2025-04-21,Coupon,143.18,378.7537,54229.95,196.11,54426.06,EUR,1.0,54426.06,Exécuté,SIX,OPE004
TRX000648,PF00115,INST015,2023-12-16,Coupon,238.74,285.898,68255.29,183.76,68439.05,EUR,1.0,68439.05,Exécuté,OTC,OPE002
TRX000649,PF00112,INST011,2024-02-05,Coupon,47.38,261.5373,12391.64,60.63,12452.27,USD,1.0295,12819.61,Exécuté,SIX,OPE005
TRX000650,PF00135,INST002,2025-09-13,Dividende,234.64,48.7997,11450.36,48.16,11498.52,EUR,1.0,11498.52,Exécuté,NYSE,OPE003
TRX000652,PF00109,INST007,2024-08-14,Achat,232.86,362.9519,84516.98,359.31,84157.67,EUR,1.0,84157.67,Exécuté,OTC,OPE001
TRX000653,PF00129,INST001,2025-02-13,Achat,370.52,236.8107,87743.1,363.67,87379.43,EUR,1.0,87379.43,Exécuté,Euronext,OPE004
TRX000654,PF00077,INST006,2024-01-16,Frais,362.32,381.1036,138081.46,386.6,137694.86,EUR,1.0,137694.86,Exécuté,NYSE,OPE002
TRX000656,PF00102,INST002,2026-01-19,Achat,86.7,243.7887,21136.48,79.63,21056.85,EUR,1.0,21056.85,Exécuté,OTC,OPE005
TRX000657,PF00093,INST012,2025-04-13,Arbitrage Entrant,481.61,340.8001,164132.74,692.4,164825.14,EUR,1.0,164825.14,Exécuté,NYSE,OPE001
TRX000658,PF00049,INST002,2025-09-15,Arbitrage Sortant,8.93,485.555,4336.01,19.23,4355.24,USD,0.9962,4338.69,Exécuté,NYSE,OPE004
TRX000659,PF00138,INST004,2024-03-22,Achat,151.16,237.0785,35836.79,103.78,35733.01,EUR,1.0,35733.01,Exécuté,NYSE,OPE002
TRX000662,PF00075,INST001,2023-11-07,Coupon,200.44,261.5443,52423.94,204.37,52628.31,EUR,1.0,52628.31,Exécuté,Euronext,OPE005
TRX000664,PF00089,INST008,2026-05-17,Arbitrage Entrant,218.68,89.0534,19474.2,76.04,19550.24,EUR,1.0,19550.24,Exécuté,SIX,OPE002
TRX000665,PF00130,INST004,2026-04-14,Frais,454.63,176.185,80098.99,273.01,79825.98,EUR,1.0,79825.98,Exécuté,Xetra,OPE004
TRX000666,PF00107,INST014,2025-02-04,Arbitrage Entrant,326.6,186.5252,60919.13,176.01,61095.14,USD,1.0244,62585.86,Exécuté,Euronext,OPE004
TRX000667,PF00034,INST003,2023-09-21,Vente,79.0,251.171,19842.51,82.82,19925.33,EUR,1.0,19925.33,Exécuté,NYSE,OPE002
TRX000669,PF00087,INST007,2024-03-31,Achat,309.16,69.1371,21374.43,40.53,21333.9,EUR,1.0,21333.9,Exécuté,Xetra,OPE001
TRX000670,PF00143,INST005,2026-03-28,Vente,426.85,438.1109,187007.64,639.03,187646.67,EUR,1.0,187646.67,Exécuté,SIX,OPE004
TRX000674,PF00122,INST006,2026-04-18,Dividende,253.01,51.7646,13096.96,32.61,13129.57,EUR,1.0,13129.57,Exécuté,NYSE,OPE002
TRX000676,PF00008,INST008,2023-06-26,Vente,385.31,361.6366,139342.2,427.7,139769.9,EUR,1.0,139769.9,Exécuté,Xetra,OPE003
TRX000677,PF00103,INST013,2025-10-01,Vente,217.6,202.7005,44107.63,50.65,44158.28,USD,1.0805,47713.02,Exécuté,OTC,OPE003
TRX000678,PF00108,INST007,2023-09-19,Arbitrage Entrant,350.69,438.0377,153615.44,596.98,154212.42,EUR,1.0,154212.42,Exécuté,Euronext,OPE003
TRX000679,PF00136,INST010,2024-11-24,Vente,350.45,228.6326,80124.29,145.87,80270.16,EUR,1.0,80270.16,Exécuté,SIX,OPE002
TRX000681,PF00024,INST009,2024-10-24,Frais,156.81,176.9474,27747.12,98.3,27648.82,EUR,1.0,27648.82,Exécuté,OTC,OPE005
TRX000682,PF00067,INST004,2023-12-23,Arbitrage Sortant,387.3,365.9895,141747.73,701.34,142449.07,EUR,1.0,142449.07,Exécuté,Xetra,OPE003
TRX000684,PF00087,INST004,2023-10-08,Arbitrage Sortant,373.13,294.981,110066.26,424.7,110490.96,USD,0.9701,107187.28,Exécuté,OTC,OPE002
TRX000686,PF00109,INST014,2025-04-25,Coupon,41.89,40.4749,1695.49,7.72,1703.21,EUR,1.0,1703.21,Exécuté,SIX,OPE001
TRX000689,PF00136,INST002,2023-07-02,Arbitrage Entrant,107.11,241.9442,25914.64,103.3,26017.94,EUR,1.0,26017.94,Exécuté,OTC,OPE004
TRX000690,PF00029,INST002,2025-08-21,Dividende,286.31,29.7382,8514.34,13.74,8528.08,EUR,1.0,8528.08,Exécuté,Xetra,OPE003
TRX000691,PF00076,INST008,2024-06-19,Achat,395.81,79.6485,31525.67,105.88,31419.79,EUR,1.0,31419.79,Exécuté,Xetra,OPE002
TRX000695,PF00087,INST009,2023-09-28,Achat,479.08,446.1212,213727.74,842.87,212884.87,EUR,1.0,212884.87,Exécuté,Euronext,OPE005
TRX000697,PF00122,INST009,2023-07-07,Achat,61.02,468.7291,28601.85,49.17,28552.68,EUR,1.0,28552.68,Exécuté,NYSE,OPE002
TRX000699,PF00112,INST003,2024-08-07,Coupon,13.0,268.6719,3492.73,8.83,3501.56,EUR,1.0,3501.56,Exécuté,Euronext,OPE005
TRX000700,PF00044,INST005,2024-03-15,Vente,92.15,386.4693,35613.15,57.58,35670.73,EUR,1.0,35670.73,Exécuté,Euronext,OPE005
TRX000701,PF00084,INST003,2023-08-10,Achat,356.94,156.0319,55694.03,77.69,55616.34,USD,0.9826,54648.62,Exécuté,Xetra,OPE004
TRX000702,PF00031,INST001,2026-02-22,Vente,120.57,302.5323,36476.32,70.98,36547.3,EUR,1.0,36547.3,Exécuté,Xetra,OPE001
TRX000703,PF00082,INST008,2024-08-15,Frais,204.13,247.244,50469.92,132.73,50337.19,USD,1.0827,54500.08,Exécuté,Xetra,OPE005
TRX000707,PF00065,INST014,2026-02-07,Arbitrage Entrant,190.7,182.1948,34744.55,122.61,34867.16,EUR,1.0,34867.16,Exécuté,NYSE,OPE005
TRX000709,PF00130,INST013,2025-06-08,Dividende,442.08,473.2501,209214.4,740.76,209955.16,EUR,1.0,209955.16,Exécuté,NYSE,OPE003
TRX000710,PF00088,INST004,2023-09-07,Coupon,479.54,170.944,81974.49,381.68,82356.17,USD,1.0293,84769.21,Exécuté,OTC,OPE004
TRX000712,PF00020,INST009,2025-11-16,Achat,446.39,409.8677,182960.84,508.76,182452.08,EUR,1.0,182452.08,Exécuté,SIX,OPE005
TRX000714,PF00114,INST001,2025-01-12,Vente,371.83,381.6263,141900.11,528.18,142428.29,EUR,1.0,142428.29,Exécuté,Euronext,OPE005
TRX000715,PF00078,INST013,2025-04-08,Arbitrage Entrant,111.35,490.2584,54590.27,265.81,54856.08,EUR,1.0,54856.08,Exécuté,SIX,OPE005
TRX000717,PF00044,INST009,2024-05-11,Vente,330.26,287.1965,94849.52,353.74,95203.26,USD,0.9131,86930.1,Exécuté,Euronext,OPE002
TRX000718,PF00067,INST015,2024-03-16,Frais,427.88,441.6915,188990.96,740.01,188250.95,EUR,1.0,188250.95,Exécuté,Euronext,OPE005
TRX000719,PF00065,INST011,2025-10-14,Frais,441.67,10.9579,4839.78,13.11,4826.67,EUR,1.0,4826.67,Exécuté,SIX,OPE004
TRX000720,PF00071,INST002,2025-08-17,Arbitrage Entrant,259.63,252.8316,65642.67,201.46,65844.13,EUR,1.0,65844.13,Exécuté,Euronext,OPE003
TRX000721,PF00108,INST009,2025-09-01,Coupon,158.8,202.0109,32079.33,75.03,32154.36,EUR,1.0,32154.36,Exécuté,SIX,OPE001
TRX000723,PF00086,INST014,2025-10-08,Dividende,124.33,242.0525,30094.39,145.51,30239.9,EUR,1.0,30239.9,Exécuté,OTC,OPE002
TRX000724,PF00019,INST013,2023-07-12,Frais,310.16,384.4083,119228.08,417.46,118810.62,EUR,1.0,118810.62,Exécuté,Euronext,OPE001
TRX000725,PF00097,INST006,2026-04-26,Arbitrage Sortant,346.99,393.4967,136539.42,170.4,136709.82,EUR,1.0,136709.82,Exécuté,Xetra,OPE005
TRX000729,PF00027,INST001,2024-02-14,Frais,356.94,300.5144,107265.61,468.01,106797.6,USD,1.0275,109734.53,Exécuté,Xetra,OPE004
TRX000730,PF00124,INST012,2025-09-07,Frais,222.87,129.1447,28782.48,120.54,28661.94,EUR,1.0,28661.94,Exécuté,Xetra,OPE005
TRX000731,PF00112,INST009,2026-01-12,Arbitrage Entrant,377.43,162.4822,61325.66,278.47,61604.13,USD,0.9295,57261.04,Exécuté,OTC,OPE003
TRX000734,PF00149,INST010,2023-06-21,Dividende,308.44,215.1607,66364.17,109.44,66473.61,EUR,1.0,66473.61,Exécuté,SIX,OPE002
TRX000735,PF00001,INST011,2025-04-14,Vente,346.92,238.603,82776.15,153.35,82929.5,EUR,1.0,82929.5,Exécuté,SIX,OPE002
TRX000737,PF00075,INST008,2023-12-20,Vente,316.04,457.2273,144502.12,352.53,144854.65,EUR,1.0,144854.65,Exécuté,NYSE,OPE003
TRX000738,PF00045,INST004,2026-02-11,Dividende,359.7,176.5106,63490.86,204.31,63695.17,USD,0.9392,59822.5,Exécuté,Xetra,OPE001
TRX000739,PF00006,INST014,2023-06-06,Arbitrage Entrant,69.48,330.8859,22989.95,104.38,23094.33,EUR,1.0,23094.33,Exécuté,Xetra,OPE004
TRX000740,PF00062,INST006,2024-02-24,Arbitrage Sortant,186.8,93.9663,17552.9,54.55,17607.45,EUR,1.0,17607.45,Exécuté,Euronext,OPE002
TRX000741,PF00034,INST013,2023-07-26,Vente,96.65,195.3158,18877.27,47.14,18924.41,EUR,1.0,18924.41,Exécuté,Euronext,OPE005
TRX000742,PF00049,INST014,2024-12-10,Frais,147.8,82.7978,12237.51,24.34,12213.17,EUR,1.0,12213.17,Exécuté,OTC,OPE005
TRX000743,PF00126,INST004,2025-08-12,Arbitrage Entrant,41.62,240.627,10014.9,36.59,10051.49,EUR,1.0,10051.49,Exécuté,OTC,OPE004
TRX000746,PF00056,INST005,2025-10-19,Coupon,444.47,289.9715,128883.63,611.17,129494.8,EUR,1.0,129494.8,Exécuté,OTC,OPE001
TRX000748,PF00087,INST007,2025-08-05,Coupon,234.31,210.3869,49295.75,207.93,49503.68,EUR,1.0,49503.68,Exécuté,SIX,OPE001
TRX000751,PF00051,INST011,2025-04-04,Dividende,125.76,375.1536,47179.32,192.21,47371.53,EUR,1.0,47371.53,Exécuté,OTC,OPE002
TRX000753,PF00121,INST011,2023-08-05,Frais,494.65,476.2295,235566.92,1051.07,234515.85,USD,0.9454,221711.28,Exécuté,SIX,OPE002
TRX000754,PF00133,INST010,2025-04-21,Arbitrage Sortant,276.76,239.6818,66334.33,282.42,66616.75,EUR,1.0,66616.75,Exécuté,Xetra,OPE002
TRX000755,PF00110,INST013,2025-06-14,Arbitrage Entrant,209.43,224.9536,47112.03,207.85,47319.88,EUR,1.0,47319.88,Exécuté,NYSE,OPE005
TRX000756,PF00033,INST005,2025-12-24,Arbitrage Entrant,5.83,407.0967,2373.37,10.29,2383.66,EUR,1.0,2383.66,Exécuté,SIX,OPE004
TRX000757,PF00104,INST013,2025-06-11,Arbitrage Sortant,345.57,156.8222,54193.05,181.43,54374.48,EUR,1.0,54374.48,Exécuté,NYSE,OPE003
TRX000758,PF00146,INST011,2025-03-31,Arbitrage Sortant,301.9,307.8403,92936.99,415.22,93352.21,EUR,1.0,93352.21,Exécuté,SIX,OPE001
TRX000759,PF00137,INST007,2025-06-17,Vente,237.91,171.1323,40714.09,197.37,40911.46,EUR,1.0,40911.46,Exécuté,NYSE,OPE001
TRX000761,PF00060,INST005,2025-03-04,Arbitrage Entrant,262.67,232.7852,61145.69,151.31,61297.0,EUR,1.0,61297.0,Exécuté,Xetra,OPE004
TRX000762,PF00101,INST003,2024-12-28,Achat,65.44,215.0225,14071.07,55.9,14015.17,EUR,1.0,14015.17,Exécuté,NYSE,OPE002
TRX000765,PF00085,INST015,2025-08-11,Frais,439.74,235.5002,103558.86,342.21,103216.65,EUR,1.0,103216.65,Exécuté,SIX,OPE003
TRX000768,PF00056,INST015,2025-08-26,Coupon,206.23,383.3118,79050.39,117.38,79167.77,EUR,1.0,79167.77,Exécuté,Euronext,OPE005
TRX000769,PF00084,INST007,2024-09-26,Coupon,83.25,111.6123,9291.72,10.95,9302.67,EUR,1.0,9302.67,Exécuté,SIX,OPE004
TRX000770,PF00088,INST012,2025-12-18,Coupon,428.03,204.3704,87476.66,91.23,87567.89,EUR,1.0,87567.89,Exécuté,Xetra,OPE004
TRX000771,PF00125,INST008,2024-01-27,Achat,42.19,331.9411,14004.6,53.98,13950.62,EUR,1.0,13950.62,Exécuté,SIX,OPE003
TRX000772,PF00042,INST003,2025-08-21,Arbitrage Sortant,10.01,59.2524,593.12,1.29,594.41,EUR,1.0,594.41,Exécuté,Euronext,OPE001
TRX000773,PF00070,INST003,2025-05-07,Coupon,179.69,116.1695,20874.5,23.75,20898.25,USD,0.9884,20655.83,Exécuté,OTC,OPE001
TRX000774,PF00100,INST012,2025-11-12,Dividende,222.55,303.1206,67459.49,80.59,67540.08,EUR,1.0,67540.08,Exécuté,NYSE,OPE003
TRX000775,PF00062,INST004,2023-08-01,Achat,9.0,23.6926,213.23,0.23,213.0,USD,1.036,220.67,Exécuté,NYSE,OPE001
TRX000777,PF00054,INST015,2025-05-30,Frais,198.14,219.6613,43523.69,83.98,43439.71,EUR,1.0,43439.71,Exécuté,Xetra,OPE002
TRX000778,PF00004,INST007,2025-09-08,Arbitrage Entrant,158.8,200.7015,31871.4,90.36,31961.76,EUR,1.0,31961.76,Exécuté,OTC,OPE003
TRX000780,PF00065,INST002,2024-07-24,Frais,162.85,319.1282,51970.03,132.75,51837.28,USD,0.9664,50095.55,Exécuté,SIX,OPE001
TRX000781,PF00086,INST001,2024-03-12,Frais,456.14,229.9667,104897.01,319.32,104577.69,USD,1.0007,104650.89,Exécuté,NYSE,OPE001
TRX000782,PF00032,INST005,2025-08-22,Vente,369.22,381.0504,140691.43,489.47,141180.9,EUR,1.0,141180.9,Exécuté,Xetra,OPE004
TRX000783,PF00076,INST004,2024-11-06,Vente,188.5,324.5991,61186.93,119.45,61306.38,EUR,1.0,61306.38,Exécuté,NYSE,OPE003
TRX000784,PF00082,INST011,2024-07-04,Arbitrage Sortant,380.49,265.2277,100916.49,495.53,101412.02,EUR,1.0,101412.02,Exécuté,NYSE,OPE003
TRX000785,PF00088,INST004,2024-06-26,Vente,270.12,454.2497,122701.93,449.09,123151.02,USD,1.0603,130577.03,Exécuté,OTC,OPE004
TRX000786,PF00134,INST006,2024-03-05,Vente,221.74,12.9609,2873.95,12.87,2886.82,EUR,1.0,2886.82,Exécuté,Euronext,OPE002
TRX000787,PF00053,INST003,2024-06-25,Achat,87.66,278.9351,24451.45,102.23,24349.22,USD,0.9473,23066.02,Exécuté,SIX,OPE004
TRX000788,PF00080,INST003,2023-06-24,Arbitrage Entrant,99.57,217.7682,21683.18,74.23,21757.41,EUR,1.0,21757.41,Exécuté,OTC,OPE004
TRX000790,PF00113,INST007,2026-04-24,Frais,305.09,222.3809,67846.19,110.15,67736.04,EUR,1.0,67736.04,Exécuté,SIX,OPE004
TRX000792,PF00117,INST005,2024-02-25,Coupon,281.51,245.6137,69142.71,161.31,69304.02,EUR,1.0,69304.02,Exécuté,NYSE,OPE002
TRX000796,PF00015,INST011,2024-01-01,Coupon,463.33,370.4755,171652.41,338.05,171990.46,EUR,1.0,171990.46,Exécuté,Euronext,OPE002
TRX000797,PF00067,INST010,2024-05-15,Coupon,472.19,82.21,38818.74,77.24,38895.98,USD,0.9025,35103.62,Exécuté,SIX,OPE004
TRX000800,PF00069,INST012,2026-03-29,Vente,465.08,205.0054,95343.91,212.85,95556.76,USD,1.0633,101605.5,Exécuté,Euronext,OPE001
TRX000801,PF00107,INST009,2024-01-02,Coupon,327.61,369.1907,120950.57,203.5,121154.07,EUR,1.0,121154.07,Exécuté,NYSE,OPE002
TRX000802,PF00125,INST003,2024-03-31,Frais,474.29,230.8238,109477.42,466.1,109011.32,USD,0.9402,102492.44,Exécuté,NYSE,OPE003
TRX000803,PF00105,INST008,2023-09-10,Arbitrage Entrant,456.57,63.5058,28994.84,102.81,29097.65,EUR,1.0,29097.65,Exécuté,Euronext,OPE004
TRX000804,PF00032,INST005,2024-12-21,Achat,171.73,296.9667,50998.09,148.49,50849.6,EUR,1.0,50849.6,Exécuté,Euronext,OPE003
TRX000806,PF00069,INST015,2024-04-05,Coupon,237.14,175.1447,41533.81,112.88,41646.69,EUR,1.0,41646.69,Exécuté,Xetra,OPE002
TRX000807,PF00093,INST011,2025-08-03,Coupon,189.84,38.0484,7223.11,17.51,7240.62,EUR,1.0,7240.62,Exécuté,Euronext,OPE004
TRX000808,PF00103,INST012,2023-06-07,Arbitrage Sortant,444.1,78.0429,34658.85,118.1,34776.95,EUR,1.0,34776.95,Exécuté,Xetra,OPE004
TRX000809,PF00122,INST009,2024-08-11,Coupon,330.45,11.5333,3811.18,13.54,3824.72,EUR,1.0,3824.72,Exécuté,Xetra,OPE001
TRX000810,PF00084,INST011,2025-02-06,Coupon,117.55,247.4227,29084.54,115.08,29199.62,EUR,1.0,29199.62,Exécuté,SIX,OPE004
TRX000811,PF00026,INST012,2023-08-10,Coupon,147.64,105.5877,15588.97,24.52,15613.49,EUR,1.0,15613.49,Exécuté,SIX,OPE001
TRX000812,PF00078,INST014,2025-03-16,Arbitrage Entrant,498.16,493.7376,245960.32,705.22,246665.54,EUR,1.0,246665.54,Exécuté,SIX,OPE005
TRX000814,PF00084,INST015,2025-02-18,Coupon,383.39,117.9843,45234.0,91.85,45325.85,EUR,1.0,45325.85,Exécuté,NYSE,OPE005
TRX000815,PF00126,INST002,2025-05-30,Arbitrage Sortant,346.2,437.2509,151376.26,715.57,152091.83,EUR,1.0,152091.83,Exécuté,SIX,OPE004
TRX000816,PF00144,INST014,2026-01-18,Coupon,404.42,119.5399,48344.33,70.72,48415.05,EUR,1.0,48415.05,Exécuté,Euronext,OPE003
TRX000818,PF00016,INST010,2026-04-10,Frais,95.74,200.1913,19166.32,51.65,19114.67,EUR,1.0,19114.67,Exécuté,OTC,OPE005
TRX000819,PF00057,INST002,2024-10-20,Coupon,5.59,427.6574,2390.6,5.41,2396.01,EUR,1.0,2396.01,Exécuté,SIX,OPE004
TRX000822,PF00040,INST014,2025-06-14,Arbitrage Entrant,106.1,369.0025,39151.17,166.07,39317.24,EUR,1.0,39317.24,Exécuté,SIX,OPE004
TRX000823,PF00077,INST014,2025-04-02,Arbitrage Entrant,456.28,88.0047,40154.78,43.62,40198.4,EUR,1.0,40198.4,Exécuté,SIX,OPE004
TRX000826,PF00036,INST008,2025-11-29,Arbitrage Entrant,241.74,449.6369,108695.22,199.9,108895.12,USD,1.0471,114024.08,Exécuté,Xetra,OPE005
TRX000827,PF00027,INST011,2024-01-05,Arbitrage Sortant,494.25,82.3267,40689.97,195.38,40885.35,EUR,1.0,40885.35,Exécuté,Euronext,OPE001
TRX000830,PF00098,INST005,2023-12-05,Arbitrage Entrant,326.94,189.9883,62114.77,91.93,62206.7,EUR,1.0,62206.7,Exécuté,SIX,OPE005
TRX000835,PF00011,INST003,2024-12-16,Frais,103.91,88.993,9247.26,30.05,9217.21,EUR,1.0,9217.21,Exécuté,Euronext,OPE005
TRX000838,PF00054,INST012,2025-03-04,Achat,331.65,31.9204,10586.4,12.14,10574.26,USD,0.9599,10150.23,Exécuté,NYSE,OPE005
TRX000840,PF00098,INST011,2026-02-05,Vente,200.63,50.7945,10190.9,20.55,10211.45,EUR,1.0,10211.45,Exécuté,OTC,OPE002
TRX000843,PF00070,INST002,2024-09-05,Frais,55.89,278.7007,15576.58,19.69,15556.89,EUR,1.0,15556.89,Exécuté,Xetra,OPE003
TRX000844,PF00038,INST014,2025-03-13,Arbitrage Sortant,113.66,14.833,1685.92,4.23,1690.15,USD,0.9757,1649.08,Exécuté,Euronext,OPE002
TRX000846,PF00070,INST010,2024-01-18,Achat,448.39,93.6662,41998.99,201.01,41797.98,EUR,1.0,41797.98,Exécuté,Xetra,OPE005
TRX000847,PF00142,INST010,2025-09-25,Arbitrage Sortant,201.92,300.232,60622.85,123.44,60746.29,USD,1.0315,62659.8,Exécuté,SIX,OPE005
TRX000849,PF00091,INST013,2025-06-14,Coupon,251.61,145.1533,36522.02,99.01,36621.03,USD,0.961,35192.81,Exécuté,Xetra,OPE004
TRX000850,PF00081,INST014,2025-01-22,Achat,317.7,47.5797,15116.07,29.63,15086.44,EUR,1.0,15086.44,Exécuté,OTC,OPE001
TRX000852,PF00128,INST009,2024-09-15,Arbitrage Entrant,498.98,445.1595,222125.69,842.2,222967.89,EUR,1.0,222967.89,Exécuté,OTC,OPE002
TRX000854,PF00135,INST015,2025-11-02,Vente,88.23,189.855,16750.91,25.68,16776.59,EUR,1.0,16776.59,Exécuté,SIX,OPE004
TRX000855,PF00098,INST003,2024-05-05,Dividende,484.89,175.5997,85146.54,316.43,85462.97,EUR,1.0,85462.97,Exécuté,Xetra,OPE004
TRX000857,PF00125,INST001,2024-07-16,Dividende,3.94,235.5734,928.16,2.04,930.2,EUR,1.0,930.2,Exécuté,Xetra,OPE002
TRX000859,PF00065,INST004,2025-10-10,Coupon,198.28,156.6496,31060.48,84.28,31144.76,USD,1.0073,31372.12,Exécuté,Euronext,OPE004
TRX000860,PF00113,INST003,2023-10-22,Vente,177.52,222.6405,39523.14,96.32,39619.46,USD,0.9221,36533.1,Exécuté,Euronext,OPE002
TRX000861,PF00102,INST007,2023-05-22,Arbitrage Entrant,166.28,25.4872,4238.01,15.53,4253.54,EUR,1.0,4253.54,Exécuté,Euronext,OPE004
TRX000863,PF00029,INST002,2026-03-22,Arbitrage Sortant,11.55,86.2156,995.79,2.99,998.78,USD,0.9104,909.29,Exécuté,SIX,OPE005
TRX000865,PF00072,INST013,2024-02-08,Achat,432.22,497.186,214893.73,427.51,214466.22,EUR,1.0,214466.22,Exécuté,SIX,OPE001
TRX000866,PF00129,INST010,2025-04-14,Vente,95.15,428.8872,40808.62,143.47,40952.09,USD,0.9459,38736.58,Exécuté,SIX,OPE001
TRX000869,PF00078,INST002,2023-07-14,Dividende,182.42,472.0694,86114.9,331.23,86446.13,USD,0.964,83334.07,Exécuté,NYSE,OPE001
TRX000871,PF00126,INST006,2026-01-08,Dividende,152.87,57.4747,8786.16,9.27,8795.43,USD,0.9662,8498.14,Exécuté,OTC,OPE005
TRX000872,PF00096,INST004,2023-11-29,Arbitrage Entrant,138.7,296.3203,41099.63,55.44,41155.07,EUR,1.0,41155.07,Exécuté,OTC,OPE001
TRX000873,PF00011,INST010,2024-09-02,Arbitrage Entrant,408.89,104.5345,42743.11,118.96,42862.07,EUR,1.0,42862.07,Exécuté,OTC,OPE005
TRX000874,PF00088,INST005,2024-10-05,Arbitrage Entrant,237.63,382.8841,90984.75,285.17,91269.92,USD,0.9088,82946.1,Exécuté,SIX,OPE005
TRX000876,PF00018,INST008,2023-09-13,Coupon,262.36,476.6977,125066.41,520.72,125587.13,USD,1.0198,128073.76,Exécuté,Xetra,OPE001
TRX000878,PF00043,INST008,2024-05-21,Arbitrage Sortant,255.13,285.6243,72871.33,186.62,73057.95,EUR,1.0,73057.95,Exécuté,NYSE,OPE001
TRX000880,PF00078,INST014,2023-08-28,Vente,148.89,141.5722,21078.68,31.12,21109.8,USD,0.9091,19190.92,Exécuté,Xetra,OPE001
TRX000881,PF00038,INST015,2025-12-05,Dividende,463.7,142.5131,66083.32,275.07,66358.39,USD,1.0979,72854.88,Exécuté,OTC,OPE001
TRX000882,PF00001,INST011,2024-04-13,Dividende,316.71,486.3871,154043.66,354.03,154397.69,EUR,1.0,154397.69,Exécuté,SIX,OPE005
TRX000883,PF00076,INST006,2025-09-23,Achat,313.35,15.1,4731.59,11.46,4720.13,EUR,1.0,4720.13,Exécuté,Xetra,OPE001
TRX000884,PF00138,INST011,2024-02-03,Arbitrage Sortant,389.31,392.4515,152785.29,217.84,153003.13,EUR,1.0,153003.13,Exécuté,OTC,OPE005
TRX000885,PF00053,INST014,2023-09-05,Coupon,111.1,141.7088,15743.85,52.37,15796.22,EUR,1.0,15796.22,Exécuté,SIX,OPE002
TRX000886,PF00112,INST006,2026-05-04,Vente,451.18,55.9086,25224.84,43.54,25268.38,USD,1.0631,26862.81,Exécuté,NYSE,OPE005
TRX000889,PF00026,INST007,2025-11-28,Coupon,11.34,415.0155,4706.28,19.08,4725.36,EUR,1.0,4725.36,Exécuté,NYSE,OPE001
TRX000891,PF00052,INST003,2024-09-07,Coupon,380.08,447.2712,169998.84,724.51,170723.35,EUR,1.0,170723.35,Exécuté,SIX,OPE002
TRX000892,PF00063,INST001,2024-06-28,Frais,346.33,317.4681,109948.73,164.08,109784.65,EUR,1.0,109784.65,Exécuté,OTC,OPE003
TRX000893,PF00027,INST009,2025-07-14,Arbitrage Sortant,208.23,10.5931,2205.8,4.18,2209.98,USD,0.9854,2177.71,Exécuté,Xetra,OPE003
TRX000895,PF00058,INST002,2026-03-27,Dividende,179.3,311.6914,55886.27,82.34,55968.61,EUR,1.0,55968.61,Exécuté,OTC,OPE002
TRX000897,PF00027,INST005,2023-10-21,Coupon,331.2,467.1121,154707.53,656.41,155363.94,EUR,1.0,155363.94,Exécuté,NYSE,OPE002
TRX000898,PF00082,INST003,2025-05-10,Coupon,223.9,400.4569,89662.3,439.83,90102.13,EUR,1.0,90102.13,Exécuté,OTC,OPE004
TRX000899,PF00072,INST003,2023-12-08,Achat,162.2,72.4925,11758.28,47.86,11710.42,EUR,1.0,11710.42,Exécuté,SIX,OPE004
TRX000902,PF00023,INST004,2023-12-29,Dividende,2.43,497.0136,1207.74,1.29,1209.03,EUR,1.0,1209.03,Exécuté,Euronext,OPE001
TRX000903,PF00090,INST006,2024-03-09,Arbitrage Sortant,424.82,391.537,166332.75,259.05,166591.8,EUR,1.0,166591.8,Exécuté,OTC,OPE004
TRX000904,PF00063,INST004,2025-01-27,Arbitrage Sortant,113.07,376.0277,42517.45,62.46,42579.91,USD,0.9755,41536.7,Exécuté,SIX,OPE003
TRX000905,PF00014,INST012,2025-09-19,Achat,331.71,46.1474,15307.55,66.58,15240.97,USD,0.906,13808.32,Exécuté,NYSE,OPE001
TRX000906,PF00063,INST002,2024-08-15,Achat,285.02,408.7185,116492.95,186.26,116306.69,USD,0.994,115608.85,Exécuté,OTC,OPE003
TRX000907,PF00121,INST007,2025-08-10,Arbitrage Entrant,169.33,392.8845,66527.13,251.54,66778.67,EUR,1.0,66778.67,Exécuté,NYSE,OPE001
TRX000911,PF00104,INST014,2023-12-09,Coupon,83.25,403.6362,33602.71,120.52,33723.23,USD,0.954,32171.96,Exécuté,Euronext,OPE003
TRX000912,PF00086,INST001,2023-12-11,Vente,141.82,275.3683,39052.73,49.26,39101.99,EUR,1.0,39101.99,Exécuté,NYSE,OPE005
TRX000915,PF00081,INST013,2024-06-07,Coupon,363.12,487.1869,176907.31,674.13,177581.44,EUR,1.0,177581.44,Exécuté,SIX,OPE005
TRX000917,PF00042,INST003,2025-01-15,Arbitrage Entrant,232.09,443.7499,102989.91,141.42,103131.33,USD,1.0769,111062.13,Exécuté,NYSE,OPE005
TRX000918,PF00133,INST012,2026-02-14,Frais,326.05,465.8113,151877.77,359.29,151518.48,USD,0.9678,146639.58,Exécuté,OTC,OPE004
TRX000919,PF00011,INST015,2025-07-03,Arbitrage Entrant,387.31,199.9408,77439.07,142.12,77581.19,EUR,1.0,77581.19,Exécuté,OTC,OPE004
TRX000921,PF00081,INST003,2024-02-02,Dividende,81.57,147.2575,12011.79,29.47,12041.26,EUR,1.0,12041.26,Exécuté,NYSE,OPE004
TRX000925,PF00144,INST001,2024-08-13,Vente,426.68,152.4237,65036.14,106.19,65142.33,EUR,1.0,65142.33,Exécuté,NYSE,OPE004
TRX000926,PF00119,INST011,2024-02-25,Achat,175.12,239.5595,41951.66,131.75,41819.91,EUR,1.0,41819.91,Exécuté,Euronext,OPE002
TRX000927,PF00028,INST015,2024-08-25,Coupon,384.34,107.7408,41409.1,95.86,41504.96,EUR,1.0,41504.96,Exécuté,OTC,OPE004
TRX000928,PF00055,INST012,2025-09-30,Arbitrage Entrant,238.63,146.4038,34936.34,40.29,34976.63,USD,1.0897,38114.03,Exécuté,NYSE,OPE003
TRX000930,PF00055,INST014,2023-10-20,Achat,476.37,344.999,164347.17,341.74,164005.43,USD,0.9167,150343.78,Exécuté,Xetra,OPE004
TRX000931,PF00021,INST005,2024-05-15,Arbitrage Sortant,356.39,436.9317,155718.09,482.59,156200.68,EUR,1.0,156200.68,Exécuté,Euronext,OPE001
TRX000934,PF00083,INST011,2025-03-17,Arbitrage Sortant,469.55,373.9898,175606.91,693.1,176300.01,EUR,1.0,176300.01,Exécuté,NYSE,OPE004
TRX000937,PF00097,INST004,2023-06-09,Dividende,105.67,103.6679,10954.59,40.73,10995.32,EUR,1.0,10995.32,Exécuté,Xetra,OPE001
TRX000939,PF00091,INST014,2025-02-19,Frais,213.5,487.2944,104037.35,243.79,103793.56,USD,0.9918,102942.45,Exécuté,NYSE,OPE005
TRX000940,PF00042,INST009,2023-10-08,Coupon,191.4,424.0949,81171.76,304.74,81476.5,EUR,1.0,81476.5,Exécuté,OTC,OPE001
TRX000941,PF00023,INST013,2025-10-08,Arbitrage Sortant,52.8,328.316,17335.08,60.07,17395.15,EUR,1.0,17395.15,Exécuté,SIX,OPE005
TRX000944,PF00002,INST006,2024-11-30,Arbitrage Sortant,112.74,148.9662,16794.45,75.88,16870.33,EUR,1.0,16870.33,Exécuté,SIX,OPE002
TRX000945,PF00002,INST015,2024-01-29,Coupon,17.3,22.8609,395.49,1.65,397.14,EUR,1.0,397.14,Exécuté,NYSE,OPE005
TRX000947,PF00100,INST012,2024-02-11,Vente,202.16,165.8812,33534.54,54.79,33589.33,USD,0.9199,30898.82,Exécuté,OTC,OPE001
TRX000948,PF00148,INST013,2023-09-27,Coupon,421.67,317.386,133832.15,273.14,134105.29,USD,1.0897,146134.53,Exécuté,Euronext,OPE001
TRX000951,PF00067,INST011,2024-11-27,Achat,138.21,468.1382,64701.38,227.09,64474.29,EUR,1.0,64474.29,Exécuté,SIX,OPE005
TRX000952,PF00032,INST002,2024-07-26,Vente,141.95,448.3563,63644.18,87.26,63731.44,EUR,1.0,63731.44,Exécuté,NYSE,OPE004
TRX000953,PF00026,INST008,2025-08-05,Arbitrage Sortant,11.96,46.0522,550.78,2.66,553.44,EUR,1.0,553.44,Exécuté,SIX,OPE004
TRX000955,PF00088,INST006,2024-01-25,Coupon,497.46,303.9965,151226.1,154.26,151380.36,EUR,1.0,151380.36,Exécuté,NYSE,OPE005
TRX000956,PF00008,INST009,2023-07-27,Achat,259.48,382.8709,99347.34,185.31,99162.03,EUR,1.0,99162.03,Exécuté,NYSE,OPE001
TRX000959,PF00065,INST003,2023-11-26,Vente,343.84,444.7843,152934.63,324.88,153259.51,EUR,1.0,153259.51,Exécuté,OTC,OPE005
TRX000961,PF00082,INST010,2026-03-26,Achat,304.04,220.3634,66999.29,218.99,66780.3,EUR,1.0,66780.3,Exécuté,SIX,OPE002
TRX000963,PF00047,INST013,2026-01-19,Dividende,215.26,101.0983,21762.42,43.12,21805.54,USD,1.0314,22490.23,Exécuté,NYSE,OPE003
TRX000964,PF00032,INST001,2025-06-02,Dividende,344.46,361.2333,124430.42,230.83,124661.25,EUR,1.0,124661.25,Exécuté,OTC,OPE001
TRX000966,PF00082,INST014,2026-01-18,Dividende,99.88,34.3333,3429.21,10.2,3439.41,EUR,1.0,3439.41,Exécuté,SIX,OPE001
TRX000967,PF00032,INST008,2025-12-05,Vente,301.11,299.6738,90234.78,175.57,90410.35,EUR,1.0,90410.35,Exécuté,Euronext,OPE005
TRX000968,PF00002,INST015,2026-04-22,Coupon,142.9,422.405,60361.67,157.62,60519.29,EUR,1.0,60519.29,Exécuté,Euronext,OPE001
TRX000970,PF00081,INST008,2024-08-17,Frais,24.49,156.2375,3826.26,18.89,3807.37,EUR,1.0,3807.37,Exécuté,Xetra,OPE005
TRX000972,PF00023,INST004,2025-10-16,Arbitrage Entrant,451.24,190.751,86074.48,396.93,86471.41,EUR,1.0,86471.41,Exécuté,Xetra,OPE001
TRX000973,PF00029,INST001,2025-04-09,Dividende,38.45,171.3712,6589.22,22.74,6611.96,EUR,1.0,6611.96,Exécuté,NYSE,OPE002
TRX000975,PF00136,INST004,2024-03-16,Frais,239.49,250.1509,59908.64,127.14,59781.5,EUR,1.0,59781.5,Exécuté,Euronext,OPE003
TRX000976,PF00076,INST012,2025-02-27,Achat,177.15,419.4156,74299.47,146.33,74153.14,USD,1.039,77045.11,Exécuté,SIX,OPE001
TRX000977,PF00055,INST001,2026-01-29,Arbitrage Entrant,108.85,411.0706,44745.03,78.38,44823.41,EUR,1.0,44823.41,Exécuté,NYSE,OPE005
TRX000978,PF00136,INST009,2024-05-14,Arbitrage Sortant,157.37,472.7469,74396.18,285.24,74681.42,USD,1.0696,79879.25,Exécuté,NYSE,OPE002
TRX000981,PF00008,INST008,2024-07-02,Arbitrage Entrant,265.91,182.4588,48517.62,71.48,48589.1,EUR,1.0,48589.1,Exécuté,SIX,OPE002
TRX000982,PF00039,INST007,2025-01-01,Frais,215.99,173.5324,37481.26,103.65,37377.61,EUR,1.0,37377.61,Exécuté,Euronext,OPE004
TRX000986,PF00057,INST012,2023-09-10,Arbitrage Sortant,439.88,141.4508,62221.38,113.42,62334.8,USD,0.9695,60433.59,Exécuté,OTC,OPE003
TRX000987,PF00001,INST002,2024-08-03,Vente,252.12,353.2309,89056.57,258.89,89315.46,EUR,1.0,89315.46,Exécuté,NYSE,OPE003
TRX000990,PF00126,INST014,2023-12-09,Vente,236.81,32.1365,7610.24,8.14,7618.38,EUR,1.0,7618.38,Exécuté,OTC,OPE005
TRX000992,PF00140,INST005,2025-02-19,Arbitrage Entrant,243.76,188.5018,45949.2,48.44,45997.64,EUR,1.0,45997.64,Exécuté,Xetra,OPE005
TRX000993,PF00124,INST002,2025-08-03,Dividende,343.21,366.8256,125898.21,136.34,126034.55,EUR,1.0,126034.55,Exécuté,NYSE,OPE003
TRX000994,PF00128,INST001,2026-03-10,Vente,289.21,350.945,101496.8,276.36,101773.16,USD,1.0489,106749.87,Exécuté,SIX,OPE001
TRX000995,PF00071,INST015,2026-02-08,Arbitrage Entrant,339.72,450.6185,153084.12,428.19,153512.31,USD,0.9531,146312.58,Exécuté,Xetra,OPE004
TRX000997,PF00089,INST005,2024-02-27,Achat,484.77,254.4742,123361.46,461.63,122899.83,EUR,1.0,122899.83,Exécuté,OTC,OPE003
TRX000999,PF00073,INST014,2024-02-27,Frais,62.59,249.2996,15603.66,15.92,15587.74,EUR,1.0,15587.74,Exécuté,Euronext,OPE003
TRX001000,PF00036,INST006,2024-08-20,Dividende,392.85,255.9767,100560.45,486.12,101046.57,USD,1.0907,110211.49,Exécuté,NYSE,OPE002
TRX001002,PF00026,INST015,2025-08-02,Dividende,460.18,302.549,139227.0,235.74,139462.74,EUR,1.0,139462.74,Exécuté,OTC,OPE002
TRX001004,PF00047,INST007,2026-04-13,Arbitrage Sortant,438.08,224.0775,98163.87,152.59,98316.46,EUR,1.0,98316.46,Exécuté,OTC,OPE003
TRX001006,PF00078,INST013,2024-04-28,Vente,290.58,192.8245,56030.94,195.19,56226.13,EUR,1.0,56226.13,Exécuté,SIX,OPE002
TRX001007,PF00104,INST011,2023-09-16,Achat,231.94,383.8678,89034.3,273.52,88760.78,EUR,1.0,88760.78,Exécuté,Euronext,OPE003
TRX001008,PF00028,INST006,2023-11-17,Frais,49.6,152.3827,7558.18,22.11,7536.07,EUR,1.0,7536.07,Exécuté,Euronext,OPE005
TRX001009,PF00131,INST012,2024-06-17,Arbitrage Entrant,27.46,110.4816,3033.82,4.78,3038.6,EUR,1.0,3038.6,Exécuté,NYSE,OPE002
TRX001010,PF00078,INST011,2024-06-26,Dividende,359.85,468.9003,168733.77,712.47,169446.24,USD,0.9229,156381.93,Exécuté,NYSE,OPE005
TRX001015,PF00119,INST007,2024-02-06,Arbitrage Sortant,212.99,23.7056,5049.06,14.28,5063.34,EUR,1.0,5063.34,Exécuté,OTC,OPE003
TRX001016,PF00009,INST011,2024-05-27,Arbitrage Entrant,446.72,313.7395,140153.71,164.05,140317.76,EUR,1.0,140317.76,Exécuté,SIX,OPE004
TRX001018,PF00017,INST003,2024-10-01,Arbitrage Entrant,76.55,331.4074,25369.24,82.52,25451.76,EUR,1.0,25451.76,Exécuté,Xetra,OPE003
TRX001020,PF00034,INST012,2025-10-02,Dividende,294.84,294.5551,86846.63,289.89,87136.52,EUR,1.0,87136.52,Exécuté,Euronext,OPE001
TRX001021,PF00041,INST004,2024-03-21,Achat,332.97,254.7226,84814.98,315.28,84499.7,EUR,1.0,84499.7,Exécuté,NYSE,OPE001
TRX001022,PF00045,INST012,2024-10-11,Coupon,378.15,215.8275,81615.17,102.63,81717.8,EUR,1.0,81717.8,Exécuté,Euronext,OPE001
TRX001023,PF00114,INST013,2023-05-28,Dividende,303.66,421.9329,128124.14,601.44,128725.58,EUR,1.0,128725.58,Exécuté,SIX,OPE004
TRX001024,PF00035,INST011,2024-05-12,Frais,278.68,105.9018,29512.71,87.49,29425.22,EUR,1.0,29425.22,Exécuté,NYSE,OPE002
TRX001025,PF00112,INST014,2024-10-26,Frais,404.53,104.2249,42162.1,140.33,42021.77,EUR,1.0,42021.77,Exécuté,Euronext,OPE002
TRX001028,PF00019,INST010,2024-06-13,Achat,64.47,263.451,16984.69,23.84,16960.85,EUR,1.0,16960.85,Exécuté,Euronext,OPE005
TRX001031,PF00140,INST012,2025-06-08,Achat,291.8,469.0942,136881.69,676.16,136205.53,EUR,1.0,136205.53,Exécuté,Xetra,OPE004
TRX001032,PF00067,INST004,2023-08-30,Dividende,444.13,39.1021,17366.42,31.55,17397.97,EUR,1.0,17397.97,Exécuté,NYSE,OPE004
TRX001033,PF00019,INST013,2024-06-07,Frais,452.26,354.5145,160332.73,651.32,159681.41,EUR,1.0,159681.41,Exécuté,Euronext,OPE004
TRX001034,PF00021,INST015,2023-05-28,Frais,239.91,73.4376,17618.41,68.59,17549.82,EUR,1.0,17549.82,Exécuté,SIX,OPE005
TRX001035,PF00058,INST011,2025-04-22,Dividende,216.33,158.675,34326.16,151.01,34477.17,USD,0.9043,31177.7,Exécuté,Euronext,OPE002
TRX001036,PF00137,INST010,2024-10-31,Arbitrage Sortant,190.31,344.9616,65649.64,70.4,65720.04,EUR,1.0,65720.04,Exécuté,SIX,OPE004
TRX001037,PF00033,INST007,2024-02-20,Arbitrage Entrant,213.99,77.5075,16585.83,45.64,16631.47,EUR,1.0,16631.47,Exécuté,NYSE,OPE003
TRX001039,PF00004,INST014,2023-10-25,Arbitrage Entrant,125.71,37.873,4761.01,5.84,4766.85,EUR,1.0,4766.85,Exécuté,Xetra,OPE001
TRX001041,PF00020,INST005,2024-04-29,Frais,103.72,355.575,36880.24,156.88,36723.36,USD,0.9887,36308.39,Exécuté,Xetra,OPE005
TRX001042,PF00075,INST014,2024-03-02,Arbitrage Entrant,122.86,447.5595,54987.16,125.12,55112.28,EUR,1.0,55112.28,Exécuté,Xetra,OPE004
TRX001045,PF00128,INST014,2026-03-28,Achat,135.88,298.2377,40524.54,89.22,40435.32,EUR,1.0,40435.32,Exécuté,Xetra,OPE005
TRX001047,PF00079,INST001,2023-07-03,Frais,381.74,469.2397,179127.56,831.19,178296.37,EUR,1.0,178296.37,Exécuté,OTC,OPE002
TRX001048,PF00008,INST006,2025-09-19,Arbitrage Entrant,414.79,222.6972,92372.57,250.35,92622.92,EUR,1.0,92622.92,Exécuté,OTC,OPE004
TRX001049,PF00074,INST014,2025-03-25,Frais,232.29,290.5753,67497.74,220.93,67276.81,EUR,1.0,67276.81,Exécuté,SIX,OPE004
TRX001050,PF00061,INST003,2026-03-30,Achat,141.07,344.4734,48594.86,101.93,48492.93,USD,1.0543,51126.1,Exécuté,Xetra,OPE005
TRX001051,PF00102,INST001,2025-07-27,Frais,137.86,141.6862,19532.86,39.11,19493.75,EUR,1.0,19493.75,Exécuté,Xetra,OPE005
TRX001053,PF00123,INST011,2024-11-23,Arbitrage Sortant,278.75,210.2193,58598.63,194.45,58793.08,EUR,1.0,58793.08,Exécuté,OTC,OPE005
TRX001054,PF00081,INST002,2025-09-10,Coupon,90.72,385.3286,34957.01,73.57,35030.58,EUR,1.0,35030.58,Exécuté,NYSE,OPE002
TRX001056,PF00011,INST009,2026-03-25,Arbitrage Entrant,114.75,476.3349,54659.43,271.54,54930.97,EUR,1.0,54930.97,Exécuté,Xetra,OPE005
TRX001057,PF00012,INST010,2025-05-20,Vente,175.52,47.9648,8418.78,23.36,8442.14,EUR,1.0,8442.14,Exécuté,NYSE,OPE003
TRX001058,PF00147,INST006,2023-10-02,Arbitrage Sortant,411.52,213.8251,87993.31,313.92,88307.23,EUR,1.0,88307.23,Exécuté,Euronext,OPE003
TRX001061,PF00089,INST004,2025-12-31,Coupon,415.53,25.9738,10792.89,42.15,10835.04,EUR,1.0,10835.04,Exécuté,Euronext,OPE002
TRX001063,PF00121,INST011,2026-01-20,Frais,260.65,165.3003,43085.52,76.7,43008.82,EUR,1.0,43008.82,Exécuté,Xetra,OPE002
TRX001066,PF00033,INST015,2025-02-09,Frais,123.23,455.5402,56136.22,207.5,55928.72,USD,1.0211,57108.82,Exécuté,Xetra,OPE003
TRX001068,PF00031,INST007,2024-10-26,Dividende,382.99,358.5771,137331.44,395.44,137726.88,EUR,1.0,137726.88,Exécuté,Euronext,OPE004
TRX001072,PF00123,INST012,2024-05-06,Vente,366.99,364.6167,133810.68,449.37,134260.05,EUR,1.0,134260.05,Exécuté,Euronext,OPE005
TRX001073,PF00095,INST011,2023-09-09,Arbitrage Entrant,227.31,167.0141,37963.98,64.8,38028.78,EUR,1.0,38028.78,Exécuté,NYSE,OPE003
TRX001074,PF00127,INST006,2025-12-24,Achat,282.5,449.6778,127033.98,421.67,126612.31,EUR,1.0,126612.31,Exécuté,Xetra,OPE004
TRX001075,PF00082,INST013,2024-12-26,Vente,476.8,30.5479,14565.24,69.62,14634.86,USD,0.9861,14431.44,Exécuté,OTC,OPE005
TRX001076,PF00081,INST002,2024-11-07,Dividende,143.11,68.09,9744.36,20.42,9764.78,EUR,1.0,9764.78,Exécuté,NYSE,OPE003
TRX001077,PF00067,INST010,2023-09-21,Arbitrage Sortant,53.95,123.5205,6663.93,14.09,6678.02,EUR,1.0,6678.02,Exécuté,OTC,OPE005
TRX001078,PF00044,INST001,2024-06-13,Frais,451.37,480.3298,216806.46,684.96,216121.5,USD,0.9013,194790.31,Exécuté,Xetra,OPE002
TRX001079,PF00073,INST010,2025-11-20,Coupon,366.31,265.238,97159.33,420.13,97579.46,EUR,1.0,97579.46,Exécuté,Euronext,OPE004
TRX001080,PF00111,INST008,2025-04-18,Dividende,44.35,77.0408,3416.76,7.22,3423.98,EUR,1.0,3423.98,Exécuté,Euronext,OPE002
TRX001081,PF00020,INST006,2024-09-11,Vente,254.02,145.2929,36907.3,130.01,37037.31,EUR,1.0,37037.31,Exécuté,Euronext,OPE004
TRX001082,PF00026,INST015,2025-06-28,Arbitrage Entrant,397.3,165.5883,65788.23,287.21,66075.44,EUR,1.0,66075.44,Exécuté,NYSE,OPE002
TRX001083,PF00097,INST014,2025-08-06,Vente,337.0,139.9902,47176.7,75.75,47252.45,USD,1.0467,49459.14,Exécuté,NYSE,OPE002
TRX001088,PF00064,INST011,2025-03-07,Coupon,58.79,237.7206,13975.59,31.8,14007.39,EUR,1.0,14007.39,Exécuté,SIX,OPE002
TRX001089,PF00124,INST014,2024-12-29,Arbitrage Sortant,432.14,304.5188,131594.75,493.33,132088.08,EUR,1.0,132088.08,Exécuté,Xetra,OPE005
TRX001090,PF00056,INST015,2025-04-16,Arbitrage Sortant,391.63,39.7936,15584.37,63.7,15648.07,EUR,1.0,15648.07,Exécuté,SIX,OPE004
TRX001091,PF00114,INST007,2024-01-18,Coupon,131.09,36.7703,4820.22,14.18,4834.4,USD,0.968,4679.7,Exécuté,Xetra,OPE004
TRX001093,PF00034,INST010,2024-12-10,Frais,10.94,363.8921,3980.98,16.76,3964.22,EUR,1.0,3964.22,Exécuté,Xetra,OPE005
TRX001095,PF00042,INST015,2023-12-26,Dividende,166.42,115.6514,19246.71,75.7,19322.41,EUR,1.0,19322.41,Exécuté,Euronext,OPE005
TRX001096,PF00027,INST009,2025-06-08,Coupon,395.88,30.7197,12161.31,25.93,12187.24,EUR,1.0,12187.24,Exécuté,NYSE,OPE001
TRX001097,PF00070,INST012,2026-04-23,Achat,406.68,195.1498,79363.52,206.58,79156.94,EUR,1.0,79156.94,Exécuté,Euronext,OPE001
TRX001099,PF00080,INST013,2023-06-15,Dividende,213.15,374.3068,79783.49,176.21,79959.7,EUR,1.0,79959.7,Exécuté,Euronext,OPE003
TRX001102,PF00058,INST010,2025-02-19,Achat,199.28,123.7366,24658.23,61.13,24597.1,EUR,1.0,24597.1,Exécuté,Xetra,OPE002
TRX001105,PF00039,INST001,2024-01-30,Dividende,344.81,303.3777,104607.66,469.24,105076.9,EUR,1.0,105076.9,Exécuté,OTC,OPE004
TRX001107,PF00027,INST007,2026-03-26,Arbitrage Entrant,39.67,72.3684,2870.85,3.03,2873.88,EUR,1.0,2873.88,Exécuté,NYSE,OPE004
TRX001112,PF00107,INST003,2025-11-29,Vente,235.78,496.7221,117117.14,119.74,117236.88,USD,0.9399,110190.94,Exécuté,OTC,OPE004
TRX001113,PF00085,INST002,2026-01-25,Achat,312.86,301.2827,94259.31,119.43,94139.88,USD,0.969,91221.54,Exécuté,NYSE,OPE003
TRX001114,PF00073,INST014,2024-09-27,Arbitrage Sortant,213.66,367.3683,78491.91,193.8,78685.71,EUR,1.0,78685.71,Exécuté,OTC,OPE005
TRX001118,PF00020,INST015,2024-09-28,Achat,69.35,405.5448,28124.53,75.98,28048.55,EUR,1.0,28048.55,Exécuté,Xetra,OPE005
TRX001119,PF00031,INST004,2026-04-20,Frais,197.23,389.2206,76765.98,293.63,76472.35,EUR,1.0,76472.35,Exécuté,OTC,OPE003
TRX001120,PF00136,INST002,2025-02-06,Frais,421.25,478.1265,201410.79,963.14,200447.65,EUR,1.0,200447.65,Exécuté,SIX,OPE005
TRX001121,PF00114,INST008,2025-12-08,Arbitrage Entrant,394.69,345.8301,136495.68,441.1,136936.78,EUR,1.0,136936.78,Exécuté,NYSE,OPE001
TRX001122,PF00094,INST014,2024-05-04,Coupon,385.6,179.5359,69229.04,186.66,69415.7,USD,0.9765,67784.43,Exécuté,Euronext,OPE002
TRX001123,PF00114,INST006,2026-02-11,Frais,98.25,297.2323,29203.07,67.57,29135.5,EUR,1.0,29135.5,Exécuté,OTC,OPE001
TRX001124,PF00070,INST001,2025-06-21,Arbitrage Entrant,138.2,244.5801,33800.97,39.74,33840.71,EUR,1.0,33840.71,Exécuté,Euronext,OPE005
TRX001125,PF00008,INST014,2024-12-22,Arbitrage Entrant,463.86,498.6435,231300.77,816.25,232117.02,EUR,1.0,232117.02,Exécuté,SIX,OPE005
TRX001126,PF00027,INST001,2023-10-04,Dividende,15.39,448.1899,6897.64,11.12,6908.76,USD,1.0742,7421.39,Exécuté,Euronext,OPE004
TRX001127,PF00031,INST001,2025-05-12,Coupon,319.1,40.5395,12936.15,17.98,12954.13,EUR,1.0,12954.13,Exécuté,OTC,OPE001
TRX001129,PF00107,INST014,2025-05-05,Arbitrage Entrant,335.15,41.8279,14018.62,60.28,14078.9,USD,1.0458,14723.71,Exécuté,NYSE,OPE004
TRX001130,PF00012,INST005,2023-07-11,Frais,100.14,257.6783,25803.9,43.66,25760.24,EUR,1.0,25760.24,Exécuté,Xetra,OPE005
TRX001131,PF00090,INST002,2024-08-06,Dividende,233.66,419.6918,98065.19,131.84,98197.03,EUR,1.0,98197.03,Exécuté,Euronext,OPE001
TRX001132,PF00047,INST012,2023-07-28,Achat,93.64,299.6628,28060.42,136.46,27923.96,USD,1.0577,29535.17,Exécuté,Xetra,OPE004
TRX001133,PF00021,INST015,2023-10-26,Arbitrage Entrant,471.68,160.8133,75852.42,282.44,76134.86,USD,1.0495,79903.54,Exécuté,Xetra,OPE001
TRX001134,PF00098,INST012,2025-07-24,Dividende,89.82,78.8088,7078.61,16.01,7094.62,USD,1.0671,7570.67,Exécuté,NYSE,OPE002
TRX001135,PF00076,INST005,2024-02-08,Arbitrage Entrant,220.36,55.2819,12181.92,29.49,12211.41,EUR,1.0,12211.41,Exécuté,OTC,OPE004
TRX001136,PF00044,INST001,2023-10-01,Arbitrage Sortant,293.03,86.2951,25287.05,82.81,25369.86,EUR,1.0,25369.86,Exécuté,Xetra,OPE002
TRX001138,PF00030,INST009,2023-09-02,Arbitrage Entrant,315.93,242.8528,76724.49,220.12,76944.61,EUR,1.0,76944.61,Exécuté,OTC,OPE004
TRX001139,PF00009,INST006,2025-06-14,Arbitrage Entrant,53.2,185.8532,9887.39,45.52,9932.91,USD,0.9843,9776.96,Exécuté,Xetra,OPE001
TRX001145,PF00118,INST001,2023-06-07,Arbitrage Entrant,74.6,442.6478,33021.53,72.82,33094.35,EUR,1.0,33094.35,Exécuté,NYSE,OPE002
TRX001146,PF00112,INST002,2025-10-01,Arbitrage Entrant,123.12,345.5097,42539.15,186.44,42725.59,EUR,1.0,42725.59,Exécuté,SIX,OPE002
TRX001148,PF00025,INST007,2026-03-03,Vente,159.86,468.2786,74859.02,194.6,75053.62,EUR,1.0,75053.62,Exécuté,SIX,OPE005
TRX001149,PF00101,INST009,2026-01-18,Achat,174.09,338.2396,58884.13,287.41,58596.72,EUR,1.0,58596.72,Exécuté,OTC,OPE002
TRX001150,PF00061,INST006,2026-02-02,Dividende,170.59,413.3867,70519.64,242.75,70762.39,EUR,1.0,70762.39,Exécuté,NYSE,OPE002
TRX001151,PF00128,INST004,2025-09-08,Achat,106.4,223.3463,23764.05,56.04,23708.01,USD,0.9851,23354.76,Exécuté,Xetra,OPE004
TRX001154,PF00125,INST011,2024-06-01,Arbitrage Entrant,201.45,387.9662,78155.79,172.87,78328.66,EUR,1.0,78328.66,Exécuté,OTC,OPE004
TRX001155,PF00129,INST006,2025-09-23,Arbitrage Sortant,237.3,174.1811,41333.18,129.79,41462.97,EUR,1.0,41462.97,Exécuté,NYSE,OPE004
TRX001156,PF00137,INST013,2025-03-21,Coupon,435.29,49.2045,21418.23,22.01,21440.24,EUR,1.0,21440.24,Exécuté,OTC,OPE005
TRX001157,PF00117,INST007,2026-03-31,Achat,232.92,29.5238,6876.68,30.75,6845.93,EUR,1.0,6845.93,Exécuté,Euronext,OPE005
TRX001158,PF00095,INST005,2025-05-08,Coupon,169.39,155.1108,26274.22,112.37,26386.59,EUR,1.0,26386.59,Exécuté,Xetra,OPE003
TRX001159,PF00107,INST001,2025-09-12,Coupon,162.99,321.6315,52422.72,177.35,52600.07,EUR,1.0,52600.07,Exécuté,OTC,OPE004
TRX001161,PF00118,INST012,2024-09-12,Frais,122.81,414.53,50908.43,220.93,50687.5,EUR,1.0,50687.5,Exécuté,Euronext,OPE003
TRX001163,PF00087,INST015,2025-11-17,Arbitrage Entrant,374.88,217.0397,81363.84,88.65,81452.49,EUR,1.0,81452.49,Exécuté,SIX,OPE001
TRX001164,PF00050,INST010,2025-05-19,Dividende,497.46,311.6349,155025.9,489.36,155515.26,USD,1.0389,161564.8,Exécuté,Xetra,OPE005
TRX001165,PF00122,INST004,2026-04-23,Arbitrage Sortant,467.8,144.6455,67665.16,254.11,67919.27,USD,0.9554,64890.07,Exécuté,OTC,OPE004
TRX001166,PF00047,INST011,2024-03-23,Dividende,137.07,209.5196,28718.85,30.87,28749.72,EUR,1.0,28749.72,Exécuté,Xetra,OPE003
TRX001167,PF00119,INST010,2026-04-17,Arbitrage Sortant,487.97,165.8981,80953.3,152.62,81105.92,EUR,1.0,81105.92,Exécuté,NYSE,OPE001
TRX001172,PF00040,INST010,2024-05-15,Frais,84.2,182.2969,15349.4,41.84,15307.56,EUR,1.0,15307.56,Exécuté,OTC,OPE004
TRX001176,PF00101,INST004,2025-08-30,Arbitrage Sortant,202.58,380.8458,77151.74,165.5,77317.24,EUR,1.0,77317.24,Exécuté,NYSE,OPE004
TRX001179,PF00006,INST006,2025-05-05,Frais,125.72,288.96,36328.05,104.9,36223.15,EUR,1.0,36223.15,Exécuté,Euronext,OPE005
TRX001180,PF00100,INST009,2023-10-30,Frais,431.86,426.6514,184253.67,303.19,183950.48,EUR,1.0,183950.48,Exécuté,NYSE,OPE004
TRX001182,PF00114,INST004,2025-05-08,Arbitrage Sortant,89.26,236.0891,21073.31,75.14,21148.45,EUR,1.0,21148.45,Exécuté,NYSE,OPE004
TRX001186,PF00032,INST002,2024-02-22,Vente,423.69,381.3908,161591.47,536.36,162127.83,EUR,1.0,162127.83,Exécuté,Xetra,OPE004
TRX001190,PF00079,INST012,2025-10-10,Vente,284.25,159.3233,45287.65,174.46,45462.11,EUR,1.0,45462.11,Exécuté,NYSE,OPE002
TRX001191,PF00075,INST014,2026-04-23,Coupon,129.4,121.6798,15745.37,69.34,15814.71,EUR,1.0,15814.71,Exécuté,OTC,OPE001
TRX001193,PF00040,INST010,2025-07-05,Arbitrage Sortant,251.05,266.4353,66888.58,168.02,67056.6,EUR,1.0,67056.6,Exécuté,OTC,OPE004
TRX001194,PF00045,INST008,2023-09-24,Coupon,8.1,474.0046,3839.44,9.1,3848.54,EUR,1.0,3848.54,Exécuté,NYSE,OPE002
TRX001196,PF00135,INST015,2024-10-04,Vente,370.95,188.1446,69792.24,78.96,69871.2,EUR,1.0,69871.2,Exécuté,OTC,OPE001
TRX001199,PF00069,INST009,2024-02-24,Dividende,46.59,103.1069,4803.75,20.77,4824.52,EUR,1.0,4824.52,Exécuté,OTC,OPE003
TRX001201,PF00019,INST004,2025-03-26,Coupon,59.09,50.8592,3005.27,5.38,3010.65,USD,1.0197,3069.96,Exécuté,OTC,OPE001
TRX001206,PF00114,INST006,2026-03-19,Arbitrage Entrant,343.79,413.0533,142003.59,251.97,142255.56,EUR,1.0,142255.56,Exécuté,NYSE,OPE003
TRX001207,PF00129,INST005,2026-01-23,Dividende,383.44,241.2191,92493.05,345.83,92838.88,USD,1.0142,94157.19,Exécuté,Xetra,OPE002
TRX001209,PF00107,INST013,2024-11-24,Arbitrage Entrant,135.42,467.0933,63253.77,182.67,63436.44,EUR,1.0,63436.44,Exécuté,NYSE,OPE003
TRX001211,PF00015,INST007,2025-05-08,Dividende,323.25,78.5658,25396.39,71.81,25468.2,EUR,1.0,25468.2,Exécuté,NYSE,OPE002
TRX001215,PF00016,INST002,2023-08-30,Achat,320.17,145.2626,46508.73,115.24,46393.49,EUR,1.0,46393.49,Exécuté,SIX,OPE002
TRX001217,PF00023,INST008,2024-10-27,Vente,164.59,277.8267,45727.5,166.57,45894.07,EUR,1.0,45894.07,Exécuté,NYSE,OPE001
TRX001218,PF00081,INST014,2023-09-22,Dividende,452.65,228.4618,103413.23,469.32,103882.55,USD,0.9643,100173.94,Exécuté,SIX,OPE003
TRX001219,PF00086,INST004,2024-10-26,Arbitrage Entrant,485.75,136.9227,66510.2,227.1,66737.3,EUR,1.0,66737.3,Exécuté,Euronext,OPE004
TRX001220,PF00110,INST007,2023-06-08,Arbitrage Sortant,243.69,33.5352,8172.19,25.44,8197.63,EUR,1.0,8197.63,Exécuté,OTC,OPE004
TRX001221,PF00009,INST009,2023-05-21,Arbitrage Sortant,399.34,397.1674,158604.83,470.75,159075.58,EUR,1.0,159075.58,Exécuté,Euronext,OPE005
TRX001223,PF00049,INST013,2024-07-12,Achat,383.79,221.1639,84880.49,178.88,84701.61,EUR,1.0,84701.61,Exécuté,Xetra,OPE001
TRX001224,PF00047,INST011,2024-07-08,Frais,170.57,268.5798,45811.66,172.73,45638.93,EUR,1.0,45638.93,Exécuté,SIX,OPE005
TRX001225,PF00076,INST001,2025-04-12,Frais,414.28,19.2471,7973.69,15.16,7958.53,EUR,1.0,7958.53,Exécuté,Xetra,OPE002
TRX001227,PF00038,INST004,2025-10-07,Dividende,91.61,22.85,2093.29,7.13,2100.42,EUR,1.0,2100.42,Exécuté,OTC,OPE003
TRX001228,PF00018,INST006,2024-11-14,Arbitrage Sortant,158.35,122.7509,19437.61,35.67,19473.28,EUR,1.0,19473.28,Exécuté,SIX,OPE003
TRX001229,PF00060,INST015,2025-03-28,Vente,386.4,23.3753,9032.22,40.74,9072.96,EUR,1.0,9072.96,Exécuté,SIX,OPE001
TRX001231,PF00098,INST010,2025-04-04,Arbitrage Sortant,63.2,484.9295,30647.54,92.76,30740.3,EUR,1.0,30740.3,Exécuté,NYSE,OPE001
TRX001234,PF00093,INST005,2023-08-19,Arbitrage Sortant,33.59,473.5109,15905.23,57.39,15962.62,USD,1.0999,17557.29,Exécuté,SIX,OPE004
TRX001235,PF00005,INST005,2024-05-05,Arbitrage Entrant,324.03,168.4028,54567.56,85.29,54652.85,USD,0.9355,51127.74,Exécuté,NYSE,OPE005
TRX001236,PF00040,INST003,2026-01-15,Arbitrage Entrant,235.44,29.1055,6852.6,23.19,6875.79,USD,1.0733,7379.79,Exécuté,Xetra,OPE005
TRX001237,PF00107,INST014,2024-10-07,Vente,210.2,95.5724,20089.32,61.76,20151.08,USD,1.0484,21126.39,Exécuté,Xetra,OPE001
TRX001239,PF00007,INST006,2025-01-05,Achat,444.52,26.7692,11899.44,53.41,11846.03,EUR,1.0,11846.03,Exécuté,OTC,OPE004
TRX001240,PF00135,INST003,2023-11-15,Vente,50.96,180.8465,9215.94,17.43,9233.37,EUR,1.0,9233.37,Exécuté,Euronext,OPE004
TRX001241,PF00119,INST007,2025-08-10,Arbitrage Sortant,449.17,225.8038,101424.29,449.07,101873.36,EUR,1.0,101873.36,Exécuté,SIX,OPE004
TRX001243,PF00051,INST003,2024-12-18,Vente,257.85,404.6693,104343.98,163.86,104507.84,EUR,1.0,104507.84,Exécuté,SIX,OPE003
TRX001245,PF00148,INST015,2023-12-14,Dividende,380.19,74.5365,28338.03,76.17,28414.2,USD,1.0159,28865.99,Exécuté,SIX,OPE001
TRX001246,PF00051,INST003,2024-02-07,Achat,72.33,26.7159,1932.36,8.08,1924.28,USD,0.9794,1884.64,Exécuté,OTC,OPE004
TRX001248,PF00068,INST009,2025-01-18,Coupon,59.79,146.8595,8780.73,35.77,8816.5,EUR,1.0,8816.5,Exécuté,NYSE,OPE003
TRX001250,PF00094,INST007,2024-09-21,Arbitrage Entrant,13.68,276.2262,3778.77,5.21,3783.98,EUR,1.0,3783.98,Exécuté,Euronext,OPE005
TRX001256,PF00077,INST001,2025-07-11,Achat,126.41,282.3211,35688.21,80.17,35608.04,EUR,1.0,35608.04,Exécuté,SIX,OPE002
TRX001257,PF00037,INST008,2024-04-11,Arbitrage Sortant,80.97,486.3266,39377.86,193.18,39571.04,USD,0.9782,38708.39,Exécuté,SIX,OPE004
TRX001258,PF00050,INST004,2026-01-10,Arbitrage Sortant,175.85,120.8895,21258.42,101.96,21360.38,USD,1.0785,23037.17,Exécuté,OTC,OPE002
TRX001262,PF00120,INST007,2024-03-31,Frais,85.06,357.7827,30433.0,135.79,30297.21,EUR,1.0,30297.21,Exécuté,NYSE,OPE005
TRX001265,PF00065,INST006,2024-09-16,Achat,7.45,359.4169,2677.66,7.88,2669.78,EUR,1.0,2669.78,Exécuté,OTC,OPE004
TRX001267,PF00011,INST010,2024-08-13,Achat,295.58,398.864,117896.22,567.82,117328.4,EUR,1.0,117328.4,Exécuté,NYSE,OPE003
TRX001268,PF00149,INST011,2023-08-09,Arbitrage Entrant,451.99,216.6964,97944.61,252.21,98196.82,EUR,1.0,98196.82,Exécuté,SIX,OPE004
TRX001269,PF00147,INST014,2024-08-18,Frais,19.6,205.3594,4025.04,16.99,4008.05,EUR,1.0,4008.05,Exécuté,NYSE,OPE005
TRX001271,PF00089,INST006,2024-03-07,Vente,139.04,394.0178,54784.23,125.9,54910.13,EUR,1.0,54910.13,Exécuté,NYSE,OPE005
TRX001272,PF00141,INST011,2024-11-14,Dividende,370.61,379.1264,140508.04,579.44,141087.48,USD,1.0689,150808.41,Exécuté,Xetra,OPE003
TRX001273,PF00138,INST012,2024-10-04,Arbitrage Sortant,418.28,121.5098,50825.12,219.3,51044.42,EUR,1.0,51044.42,Exécuté,SIX,OPE003
TRX001274,PF00128,INST011,2025-07-27,Vente,378.53,109.0531,41279.87,182.62,41462.49,EUR,1.0,41462.49,Exécuté,Xetra,OPE004
TRX001277,PF00038,INST012,2025-08-12,Dividende,266.88,204.4108,54553.15,255.58,54808.73,EUR,1.0,54808.73,Exécuté,OTC,OPE005
TRX001278,PF00022,INST006,2025-09-18,Vente,221.83,29.9787,6650.18,21.23,6671.41,EUR,1.0,6671.41,Exécuté,SIX,OPE002
TRX001279,PF00057,INST004,2023-09-03,Vente,220.74,407.6474,89984.09,142.31,90126.4,EUR,1.0,90126.4,Exécuté,Euronext,OPE005
TRX001280,PF00124,INST014,2025-08-04,Coupon,207.85,280.1008,58218.95,190.51,58409.46,EUR,1.0,58409.46,Exécuté,OTC,OPE005
TRX001281,PF00103,INST011,2023-08-02,Frais,444.41,489.7742,217660.55,867.85,216792.7,EUR,1.0,216792.7,Exécuté,SIX,OPE003
TRX001282,PF00094,INST015,2025-03-22,Vente,160.76,184.9663,29735.18,143.69,29878.87,USD,0.9643,28812.19,Exécuté,OTC,OPE005
TRX001287,PF00035,INST007,2024-04-07,Vente,331.24,161.8144,53599.4,203.08,53802.48,EUR,1.0,53802.48,Exécuté,NYSE,OPE005
TRX001291,PF00098,INST012,2023-10-24,Coupon,70.12,178.2147,12496.41,17.29,12513.7,EUR,1.0,12513.7,Exécuté,SIX,OPE003
TRX001292,PF00128,INST002,2026-03-19,Vente,130.99,108.2976,14185.9,34.11,14220.01,EUR,1.0,14220.01,Exécuté,SIX,OPE001
TRX001293,PF00135,INST005,2025-10-10,Achat,439.77,39.8414,17521.05,56.57,17464.48,EUR,1.0,17464.48,Exécuté,NYSE,OPE001
TRX001294,PF00136,INST001,2025-04-24,Achat,164.1,160.0693,26267.37,110.33,26157.04,EUR,1.0,26157.04,Exécuté,NYSE,OPE002
TRX001296,PF00046,INST009,2025-04-08,Vente,407.37,228.1022,92921.99,324.14,93246.13,EUR,1.0,93246.13,Exécuté,Xetra,OPE001
TRX001298,PF00141,INST014,2025-03-10,Coupon,392.25,472.5654,185363.78,681.18,186044.96,EUR,1.0,186044.96,Exécuté,NYSE,OPE003
TRX001303,PF00136,INST014,2024-10-03,Achat,94.85,53.7019,5093.63,23.27,5070.36,USD,1.0282,5213.34,Exécuté,OTC,OPE001
TRX001305,PF00131,INST006,2025-08-29,Arbitrage Entrant,349.89,456.2244,159628.36,222.62,159850.98,USD,1.0785,172399.28,Exécuté,Euronext,OPE002
TRX001306,PF00127,INST004,2025-05-18,Frais,320.57,17.6404,5654.98,26.51,5628.47,USD,1.0801,6079.31,Exécuté,Xetra,OPE001
TRX001307,PF00062,INST011,2024-02-11,Arbitrage Sortant,457.71,172.0678,78757.15,134.54,78891.69,EUR,1.0,78891.69,Exécuté,Xetra,OPE004
TRX001310,PF00003,INST011,2025-08-11,Arbitrage Entrant,198.34,351.0409,69625.45,194.71,69820.16,USD,0.9141,63822.61,Exécuté,Euronext,OPE002
TRX001311,PF00126,INST002,2026-05-10,Vente,268.93,92.0097,24744.17,98.0,24842.17,EUR,1.0,24842.17,Exécuté,OTC,OPE003
TRX001313,PF00033,INST009,2025-07-14,Achat,235.01,63.5785,14941.58,28.61,14912.97,EUR,1.0,14912.97,Exécuté,Euronext,OPE001
TRX001315,PF00082,INST001,2025-12-19,Frais,8.09,84.8282,686.26,3.05,683.21,EUR,1.0,683.21,Exécuté,Xetra,OPE004
TRX001316,PF00052,INST015,2024-08-01,Arbitrage Entrant,29.16,196.2168,5721.68,27.39,5749.07,EUR,1.0,5749.07,Exécuté,NYSE,OPE002
TRX001317,PF00086,INST011,2023-10-24,Arbitrage Entrant,220.0,436.9553,96130.17,122.81,96252.98,USD,1.0203,98206.92,Exécuté,OTC,OPE002
TRX001320,PF00146,INST002,2025-03-02,Arbitrage Sortant,113.03,317.8604,35927.76,116.93,36044.69,EUR,1.0,36044.69,Exécuté,SIX,OPE005
TRX001322,PF00117,INST008,2023-10-30,Vente,227.66,440.9277,100381.6,190.26,100571.86,EUR,1.0,100571.86,Exécuté,SIX,OPE003
TRX001325,PF00100,INST008,2025-09-26,Dividende,169.56,336.033,56977.76,87.32,57065.08,USD,0.9492,54166.17,Exécuté,OTC,OPE002
TRX001326,PF00094,INST015,2025-01-12,Coupon,274.55,384.3485,105522.88,277.82,105800.7,EUR,1.0,105800.7,Exécuté,SIX,OPE002
TRX001327,PF00121,INST002,2025-10-31,Frais,326.47,157.1569,51307.01,222.24,51084.77,EUR,1.0,51084.77,Exécuté,NYSE,OPE002
TRX001328,PF00087,INST009,2023-08-12,Vente,330.17,469.1898,154912.4,422.47,155334.87,EUR,1.0,155334.87,Exécuté,NYSE,OPE004
TRX001330,PF00106,INST006,2025-02-07,Coupon,123.6,371.8482,45960.44,186.16,46146.6,EUR,1.0,46146.6,Exécuté,OTC,OPE005
TRX001331,PF00136,INST012,2025-01-27,Arbitrage Entrant,438.08,341.3328,149531.07,620.23,150151.3,EUR,1.0,150151.3,Exécuté,Euronext,OPE001
TRX001332,PF00085,INST014,2024-02-04,Achat,157.33,451.8838,71094.88,128.83,70966.05,USD,1.0916,77466.54,Exécuté,Euronext,OPE003
TRX001333,PF00081,INST010,2023-06-29,Arbitrage Sortant,223.86,175.9242,39382.39,66.98,39449.37,EUR,1.0,39449.37,Exécuté,OTC,OPE002
TRX001334,PF00039,INST003,2025-08-01,Coupon,60.1,456.0134,27406.41,72.32,27478.73,EUR,1.0,27478.73,Exécuté,NYSE,OPE001
TRX001336,PF00006,INST010,2023-06-09,Arbitrage Entrant,493.9,187.5683,92639.98,256.03,92896.01,USD,0.9895,91920.6,Exécuté,SIX,OPE005
TRX001340,PF00014,INST011,2025-10-03,Vente,350.56,138.9256,48701.76,242.76,48944.52,EUR,1.0,48944.52,Exécuté,Xetra,OPE004
TRX001342,PF00098,INST004,2025-09-29,Coupon,190.63,27.6317,5267.43,19.42,5286.85,EUR,1.0,5286.85,Exécuté,Xetra,OPE005
TRX001343,PF00109,INST007,2023-10-28,Arbitrage Entrant,171.72,472.0241,81055.98,314.21,81370.19,USD,0.9978,81191.18,Exécuté,Euronext,OPE004
TRX001344,PF00022,INST013,2024-04-01,Arbitrage Entrant,456.76,432.1248,197377.32,904.63,198281.95,EUR,1.0,198281.95,Exécuté,Euronext,OPE002
TRX001345,PF00020,INST003,2024-08-17,Dividende,33.41,290.2353,9696.76,18.89,9715.65,EUR,1.0,9715.65,Exécuté,Euronext,OPE001
TRX001346,PF00088,INST014,2023-12-09,Frais,36.12,295.5499,10675.26,51.91,10623.35,EUR,1.0,10623.35,Exécuté,Euronext,OPE005
TRX001347,PF00032,INST001,2024-05-24,Arbitrage Entrant,70.22,459.8211,32288.64,151.96,32440.6,USD,0.9183,29790.2,Exécuté,Euronext,OPE004
TRX001348,PF00060,INST004,2024-10-27,Achat,358.77,199.5815,71603.85,250.74,71353.11,USD,0.9952,71010.62,Exécuté,SIX,OPE005
TRX001349,PF00048,INST008,2025-07-06,Dividende,366.05,299.9879,109810.57,487.95,110298.52,EUR,1.0,110298.52,Exécuté,OTC,OPE001
TRX001350,PF00021,INST003,2023-08-21,Vente,132.37,440.3066,58283.38,192.44,58475.82,USD,1.04,60814.85,Exécuté,NYSE,OPE002
TRX001352,PF00110,INST005,2024-03-03,Arbitrage Sortant,173.03,127.9776,22143.96,22.76,22166.72,EUR,1.0,22166.72,Exécuté,NYSE,OPE001
TRX001353,PF00016,INST002,2026-05-02,Coupon,172.77,369.1279,63774.23,221.89,63996.12,EUR,1.0,63996.12,Exécuté,SIX,OPE001
TRX001355,PF00116,INST006,2025-10-21,Arbitrage Entrant,405.67,191.5173,77692.82,171.0,77863.82,EUR,1.0,77863.82,Exécuté,OTC,OPE002
TRX001356,PF00059,INST010,2024-03-23,Vente,22.31,182.9185,4080.91,11.67,4092.58,EUR,1.0,4092.58,Exécuté,SIX,OPE004
TRX001357,PF00119,INST008,2023-08-26,Vente,71.9,377.7705,27161.7,72.75,27234.45,EUR,1.0,27234.45,Exécuté,Xetra,OPE004
TRX001358,PF00039,INST007,2025-04-22,Dividende,7.96,397.7738,3166.28,11.55,3177.83,USD,0.9302,2956.02,Exécuté,NYSE,OPE001
TRX001359,PF00005,INST007,2024-07-17,Coupon,75.8,175.2845,13286.57,14.44,13301.01,EUR,1.0,13301.01,Exécuté,Xetra,OPE005
TRX001360,PF00072,INST004,2024-05-19,Vente,243.78,364.6273,88888.84,242.79,89131.63,USD,0.9975,88908.8,Exécuté,Xetra,OPE001
TRX001361,PF00018,INST006,2024-03-12,Arbitrage Entrant,238.87,151.7677,36252.75,70.35,36323.1,EUR,1.0,36323.1,Exécuté,SIX,OPE004
TRX001367,PF00038,INST010,2026-02-16,Dividende,41.57,250.5608,10415.81,35.52,10451.33,EUR,1.0,10451.33,Exécuté,SIX,OPE004
TRX001369,PF00001,INST006,2024-04-22,Dividende,412.59,246.451,101683.22,161.12,101844.34,EUR,1.0,101844.34,Exécuté,SIX,OPE003
TRX001370,PF00138,INST004,2025-07-06,Arbitrage Sortant,405.55,102.2156,41453.54,194.62,41648.16,EUR,1.0,41648.16,Exécuté,Euronext,OPE002
TRX001371,PF00135,INST013,2024-06-05,Frais,141.95,397.4476,56417.69,151.87,56265.82,EUR,1.0,56265.82,Exécuté,Xetra,OPE002
TRX001374,PF00117,INST005,2023-10-08,Vente,293.65,168.1738,49384.24,52.73,49436.97,EUR,1.0,49436.97,Exécuté,OTC,OPE004
TRX001375,PF00095,INST003,2024-05-16,Dividende,416.07,193.7642,80619.47,88.83,80708.3,EUR,1.0,80708.3,Exécuté,SIX,OPE002
TRX001377,PF00128,INST002,2025-09-30,Achat,70.82,60.1041,4256.57,7.04,4249.53,USD,0.9184,3902.77,Exécuté,Xetra,OPE003
TRX001379,PF00023,INST014,2024-06-21,Vente,224.8,66.4721,14942.93,69.42,15012.35,EUR,1.0,15012.35,Exécuté,NYSE,OPE001
TRX001380,PF00143,INST001,2023-09-18,Achat,321.81,351.671,113171.24,329.87,112841.37,EUR,1.0,112841.37,Exécuté,NYSE,OPE002
TRX001382,PF00007,INST011,2025-05-24,Arbitrage Entrant,348.87,279.5152,97514.47,113.17,97627.64,EUR,1.0,97627.64,Exécuté,NYSE,OPE005
TRX001383,PF00126,INST001,2025-02-07,Dividende,351.21,294.9758,103598.45,256.14,103854.59,USD,0.9794,101715.19,Exécuté,OTC,OPE001
TRX001384,PF00073,INST005,2025-04-17,Frais,187.78,200.3257,37617.16,163.23,37453.93,EUR,1.0,37453.93,Exécuté,NYSE,OPE003
TRX001385,PF00067,INST007,2023-09-17,Achat,325.58,231.3084,75309.39,209.52,75099.87,EUR,1.0,75099.87,Exécuté,NYSE,OPE001
TRX001386,PF00011,INST007,2025-08-03,Arbitrage Sortant,54.26,467.2109,25350.86,46.2,25397.06,EUR,1.0,25397.06,Exécuté,OTC,OPE003
TRX001387,PF00093,INST008,2024-03-10,Achat,324.27,122.6069,39757.74,181.33,39576.41,EUR,1.0,39576.41,Exécuté,OTC,OPE001
TRX001388,PF00080,INST001,2024-08-28,Vente,414.96,431.5754,179086.53,326.91,179413.44,EUR,1.0,179413.44,Exécuté,SIX,OPE004
TRX001389,PF00043,INST015,2024-01-30,Coupon,240.61,302.4028,72761.14,304.14,73065.28,USD,0.9155,66891.26,Exécuté,Euronext,OPE001
TRX001391,PF00014,INST006,2024-10-31,Vente,323.24,485.7607,157017.29,622.95,157640.24,EUR,1.0,157640.24,Exécuté,Xetra,OPE004
TRX001392,PF00006,INST005,2024-01-07,Arbitrage Sortant,18.46,68.8375,1270.74,1.99,1272.73,EUR,1.0,1272.73,Exécuté,Euronext,OPE001
TRX001393,PF00122,INST003,2023-11-05,Achat,57.18,365.1564,20879.64,58.9,20820.74,EUR,1.0,20820.74,Exécuté,Euronext,OPE005
TRX001394,PF00123,INST002,2026-01-07,Arbitrage Entrant,346.21,115.583,40015.99,103.65,40119.64,EUR,1.0,40119.64,Exécuté,Euronext,OPE004
TRX001395,PF00111,INST014,2023-10-02,Coupon,206.8,486.7245,100654.63,332.87,100987.5,EUR,1.0,100987.5,Exécuté,Xetra,OPE003
TRX001397,PF00145,INST014,2024-12-25,Arbitrage Sortant,218.24,476.5518,104002.66,307.24,104309.9,USD,1.0431,108805.66,Exécuté,Xetra,OPE003
TRX001399,PF00083,INST012,2024-03-12,Arbitrage Entrant,174.05,95.2417,16576.82,43.22,16620.04,EUR,1.0,16620.04,Exécuté,Xetra,OPE002
TRX001400,PF00127,INST011,2024-03-02,Frais,204.51,481.0793,98385.53,132.41,98253.12,EUR,1.0,98253.12,Exécuté,Xetra,OPE003
TRX001402,PF00088,INST009,2024-08-13,Arbitrage Entrant,416.17,88.1197,36672.78,153.84,36826.62,USD,1.0954,40339.88,Exécuté,SIX,OPE001
TRX001403,PF00108,INST015,2025-04-25,Achat,495.26,276.5584,136968.31,421.63,136546.68,EUR,1.0,136546.68,Exécuté,OTC,OPE002
TRX001405,PF00101,INST004,2026-02-06,Frais,176.22,209.9192,36991.96,148.2,36843.76,EUR,1.0,36843.76,Exécuté,SIX,OPE002
TRX001406,PF00049,INST012,2024-08-10,Achat,446.7,484.9474,216626.0,909.77,215716.23,EUR,1.0,215716.23,Exécuté,Euronext,OPE003
TRX001407,PF00062,INST013,2024-10-31,Coupon,152.13,112.5296,17119.13,60.82,17179.95,USD,0.9047,15542.7,Exécuté,Xetra,OPE001
TRX001411,PF00026,INST007,2026-01-30,Arbitrage Entrant,293.98,441.5115,129795.55,622.56,130418.11,EUR,1.0,130418.11,Exécuté,SIX,OPE001
TRX001413,PF00062,INST010,2026-04-24,Coupon,18.14,161.8087,2935.21,12.06,2947.27,EUR,1.0,2947.27,Exécuté,OTC,OPE004
TRX001414,PF00025,INST001,2025-04-15,Arbitrage Entrant,65.06,432.7312,28153.49,116.09,28269.58,EUR,1.0,28269.58,Exécuté,OTC,OPE002
TRX001415,PF00119,INST005,2026-02-28,Arbitrage Entrant,282.96,402.6408,113931.24,358.05,114289.29,EUR,1.0,114289.29,Exécuté,OTC,OPE001
TRX001417,PF00029,INST011,2026-03-26,Vente,484.31,47.6421,23073.55,67.57,23141.12,USD,0.9011,20852.46,Exécuté,SIX,OPE001
TRX001418,PF00078,INST003,2023-08-25,Vente,170.7,344.6862,58837.93,257.84,59095.77,USD,1.0428,61625.07,Exécuté,Euronext,OPE002
TRX001419,PF00036,INST003,2025-10-08,Arbitrage Entrant,489.42,306.5509,150032.14,164.24,150196.38,EUR,1.0,150196.38,Exécuté,SIX,OPE001
TRX001420,PF00135,INST015,2023-05-20,Arbitrage Entrant,184.78,276.3075,51056.1,136.55,51192.65,EUR,1.0,51192.65,Exécuté,SIX,OPE005
TRX001425,PF00135,INST011,2025-02-02,Dividende,293.2,14.3402,4204.55,19.01,4223.56,USD,0.9639,4071.09,Exécuté,SIX,OPE002
TRX001426,PF00049,INST011,2023-09-21,Coupon,239.66,114.92,27541.73,46.54,27588.27,EUR,1.0,27588.27,Exécuté,NYSE,OPE005
TRX001428,PF00068,INST007,2024-12-11,Achat,376.43,31.0254,11678.89,26.65,11652.24,EUR,1.0,11652.24,Exécuté,NYSE,OPE003
TRX001431,PF00022,INST012,2024-04-26,Arbitrage Sortant,73.64,324.2861,23880.43,59.18,23939.61,EUR,1.0,23939.61,Exécuté,SIX,OPE003
TRX001433,PF00144,INST015,2025-01-23,Arbitrage Entrant,303.0,333.8943,101169.97,333.45,101503.42,EUR,1.0,101503.42,Exécuté,Euronext,OPE004
TRX001434,PF00088,INST009,2025-04-25,Frais,308.57,40.8378,12601.32,44.31,12557.01,EUR,1.0,12557.01,Exécuté,OTC,OPE005
TRX001435,PF00059,INST006,2025-02-15,Dividende,453.7,287.3473,130369.47,312.11,130681.58,EUR,1.0,130681.58,Exécuté,Xetra,OPE005
TRX001436,PF00106,INST005,2024-01-12,Dividende,299.28,338.1455,101200.19,177.45,101377.64,USD,1.0604,107500.85,Exécuté,NYSE,OPE003
TRX001437,PF00139,INST009,2025-05-15,Dividende,103.03,236.7183,24389.09,75.13,24464.22,EUR,1.0,24464.22,Exécuté,NYSE,OPE002
TRX001439,PF00088,INST003,2024-05-05,Dividende,303.39,133.7425,40576.14,197.45,40773.59,EUR,1.0,40773.59,Exécuté,Euronext,OPE002
TRX001442,PF00081,INST002,2026-02-13,Vente,91.37,187.0541,17091.13,71.87,17163.0,EUR,1.0,17163.0,Exécuté,Euronext,OPE003
TRX001443,PF00028,INST009,2023-12-05,Frais,134.94,394.0966,53179.4,250.1,52929.3,EUR,1.0,52929.3,Exécuté,Euronext,OPE005
TRX001444,PF00016,INST001,2023-08-31,Achat,169.47,315.9364,53541.74,112.9,53428.84,EUR,1.0,53428.84,Exécuté,NYSE,OPE002
TRX001446,PF00057,INST003,2023-06-15,Arbitrage Sortant,483.23,197.8033,95584.49,302.7,95887.19,EUR,1.0,95887.19,Exécuté,Euronext,OPE005
TRX001447,PF00070,INST013,2024-08-19,Coupon,63.16,130.6345,8250.88,21.66,8272.54,USD,0.9919,8205.53,Exécuté,NYSE,OPE002
TRX001450,PF00139,INST013,2024-07-29,Dividende,103.36,339.9225,35134.39,96.5,35230.89,EUR,1.0,35230.89,Exécuté,Euronext,OPE004
TRX001452,PF00104,INST004,2024-05-16,Vente,157.79,208.5001,32899.23,65.64,32964.87,EUR,1.0,32964.87,Exécuté,SIX,OPE005
TRX001453,PF00121,INST001,2024-10-07,Arbitrage Entrant,467.7,129.5957,60611.91,229.74,60841.65,EUR,1.0,60841.65,Exécuté,SIX,OPE005
TRX001454,PF00089,INST006,2026-02-02,Coupon,11.23,223.783,2513.08,6.99,2520.07,EUR,1.0,2520.07,Exécuté,SIX,OPE003
TRX001456,PF00136,INST013,2025-08-11,Vente,423.11,489.7891,207234.67,509.44,207744.11,USD,0.918,190709.09,Exécuté,Euronext,OPE005
TRX001457,PF00142,INST001,2025-01-29,Dividende,40.55,466.6849,18924.07,53.22,18977.29,EUR,1.0,18977.29,Exécuté,SIX,OPE003
TRX001459,PF00046,INST005,2025-07-31,Frais,235.65,217.3994,51230.17,85.64,51144.53,EUR,1.0,51144.53,Exécuté,OTC,OPE001
TRX001463,PF00072,INST008,2026-01-12,Vente,228.02,358.0025,81631.73,314.59,81946.32,USD,1.028,84240.82,Exécuté,Euronext,OPE004
TRX001465,PF00135,INST008,2023-07-10,Arbitrage Entrant,471.7,183.4284,86523.18,296.09,86819.27,EUR,1.0,86819.27,Exécuté,OTC,OPE004
TRX001466,PF00043,INST009,2024-05-29,Arbitrage Sortant,250.36,404.371,101238.32,185.02,101423.34,EUR,1.0,101423.34,Exécuté,Euronext,OPE005
TRX001467,PF00106,INST007,2024-04-25,Coupon,150.46,21.6992,3264.86,9.63,3274.49,EUR,1.0,3274.49,Exécuté,SIX,OPE002
TRX001469,PF00005,INST015,2023-10-13,Vente,451.93,133.9308,60527.35,157.19,60684.54,EUR,1.0,60684.54,Exécuté,NYSE,OPE004
TRX001470,PF00034,INST007,2024-05-31,Achat,123.44,81.3134,10037.33,35.73,10001.6,EUR,1.0,10001.6,Exécuté,Xetra,OPE001
TRX001471,PF00090,INST008,2025-04-14,Coupon,443.64,437.3353,194019.43,254.65,194274.08,EUR,1.0,194274.08,Exécuté,OTC,OPE005
TRX001473,PF00026,INST003,2025-09-26,Arbitrage Entrant,355.84,142.1082,50567.78,55.56,50623.34,USD,1.0261,51944.61,Exécuté,Euronext,OPE004
TRX001474,PF00104,INST006,2024-07-22,Arbitrage Sortant,306.85,179.9936,55231.04,127.37,55358.41,EUR,1.0,55358.41,Exécuté,OTC,OPE005
TRX001475,PF00032,INST015,2026-01-12,Coupon,379.49,222.37,84387.19,257.88,84645.07,EUR,1.0,84645.07,Exécuté,SIX,OPE003
TRX001477,PF00057,INST001,2023-06-29,Achat,152.15,477.2442,72612.71,129.1,72483.61,USD,0.9835,71287.63,Exécuté,SIX,OPE005
TRX001479,PF00120,INST015,2024-11-21,Vente,462.49,251.8063,116457.9,153.71,116611.61,EUR,1.0,116611.61,Exécuté,OTC,OPE003
TRX001480,PF00121,INST005,2024-09-13,Frais,279.73,445.6934,124673.81,530.8,124143.01,EUR,1.0,124143.01,Exécuté,OTC,OPE002
TRX001482,PF00085,INST009,2023-07-14,Dividende,249.94,364.8956,91202.01,238.84,91440.85,EUR,1.0,91440.85,Exécuté,Euronext,OPE002
TRX001484,PF00106,INST012,2026-03-15,Coupon,210.23,172.2944,36221.45,47.98,36269.43,USD,1.0246,37161.66,Exécuté,Xetra,OPE001
TRX001485,PF00112,INST007,2026-01-15,Arbitrage Sortant,216.65,212.9692,46139.78,226.7,46366.48,EUR,1.0,46366.48,Exécuté,Euronext,OPE003
TRX001486,PF00061,INST008,2026-04-21,Coupon,463.99,204.2089,94750.89,175.87,94926.76,EUR,1.0,94926.76,Exécuté,Xetra,OPE002
TRX001487,PF00043,INST006,2025-01-30,Vente,299.39,300.7886,90053.1,397.39,90450.49,EUR,1.0,90450.49,Exécuté,Euronext,OPE001
TRX001488,PF00039,INST009,2025-01-02,Coupon,246.83,55.2344,13633.51,66.53,13700.04,USD,1.0984,15048.12,Exécuté,SIX,OPE002
TRX001493,PF00073,INST001,2026-02-23,Coupon,426.23,335.8542,143151.14,541.06,143692.2,EUR,1.0,143692.2,Exécuté,OTC,OPE003
TRX001494,PF00076,INST011,2024-05-05,Arbitrage Entrant,407.5,214.8051,87533.08,413.33,87946.41,EUR,1.0,87946.41,Exécuté,NYSE,OPE002
TRX001495,PF00119,INST003,2025-11-20,Arbitrage Entrant,78.45,48.932,3838.72,12.86,3851.58,EUR,1.0,3851.58,Exécuté,Euronext,OPE004
TRX001497,PF00142,INST012,2026-05-08,Frais,151.97,357.4643,54323.85,248.93,54074.92,EUR,1.0,54074.92,Exécuté,NYSE,OPE004
TRX001498,PF00050,INST006,2025-01-22,Achat,25.41,422.1495,10726.82,45.21,10681.61,EUR,1.0,10681.61,Exécuté,SIX,OPE004
TRX001499,PF00102,INST013,2025-01-14,Arbitrage Entrant,431.42,230.31,99360.34,423.59,99783.93,EUR,1.0,99783.93,Exécuté,OTC,OPE002
TRX001500,PF00002,INST014,2024-03-03,Arbitrage Sortant,82.93,132.7942,11012.62,15.12,11027.74,EUR,1.0,11027.74,Exécuté,Euronext,OPE002
TRX001501,PF00062,INST009,2023-09-28,Frais,248.18,146.1525,36272.13,65.62,36206.51,USD,0.9836,35612.72,Exécuté,Xetra,OPE003
TRX001502,PF00096,INST006,2023-09-25,Achat,53.19,388.0683,20641.35,100.67,20540.68,USD,0.9422,19353.43,Exécuté,OTC,OPE003
TRX001503,PF00136,INST007,2025-04-09,Frais,496.82,310.1073,154067.51,531.36,153536.15,EUR,1.0,153536.15,Exécuté,SIX,OPE005
TRX001510,PF00046,INST009,2026-04-22,Arbitrage Entrant,100.93,345.6912,34890.61,46.01,34936.62,USD,1.0893,38056.46,Exécuté,Euronext,OPE002
TRX001511,PF00067,INST003,2024-12-26,Arbitrage Entrant,146.87,135.9753,19970.69,32.9,20003.59,EUR,1.0,20003.59,Exécuté,NYSE,OPE003
TRX001512,PF00025,INST013,2024-10-19,Dividende,155.44,275.7366,42860.5,136.93,42997.43,EUR,1.0,42997.43,Exécuté,NYSE,OPE001
TRX001514,PF00129,INST013,2025-10-30,Arbitrage Sortant,389.99,237.9956,92815.9,138.15,92954.05,EUR,1.0,92954.05,Exécuté,Xetra,OPE001
TRX001516,PF00042,INST003,2025-03-22,Dividende,81.01,409.4568,33170.1,104.13,33274.23,EUR,1.0,33274.23,Exécuté,Euronext,OPE003
TRX001517,PF00100,INST013,2023-10-13,Arbitrage Sortant,216.77,405.5648,87914.28,360.75,88275.03,EUR,1.0,88275.03,Exécuté,NYSE,OPE002
TRX001519,PF00100,INST006,2025-05-07,Arbitrage Entrant,185.07,450.9856,83463.9,95.61,83559.51,USD,0.9007,75262.05,Exécuté,Euronext,OPE003
TRX001520,PF00087,INST007,2025-05-22,Arbitrage Entrant,418.92,485.096,203216.42,903.91,204120.33,EUR,1.0,204120.33,Exécuté,Euronext,OPE005
TRX001521,PF00134,INST009,2025-07-27,Arbitrage Sortant,59.13,76.5274,4525.07,13.47,4538.54,EUR,1.0,4538.54,Exécuté,OTC,OPE001
TRX001522,PF00082,INST004,2024-11-01,Dividende,269.0,218.5639,58793.69,67.95,58861.64,EUR,1.0,58861.64,Exécuté,Xetra,OPE002
TRX001524,PF00128,INST005,2025-05-06,Arbitrage Entrant,150.61,21.1388,3183.71,15.68,3199.39,EUR,1.0,3199.39,Exécuté,Euronext,OPE002
TRX001525,PF00135,INST010,2023-12-22,Frais,425.93,187.6408,79921.85,110.34,79811.51,EUR,1.0,79811.51,Exécuté,Xetra,OPE001
TRX001527,PF00141,INST015,2024-08-03,Frais,435.28,277.5717,120821.41,558.83,120262.58,EUR,1.0,120262.58,Exécuté,SIX,OPE001
TRX001532,PF00049,INST008,2023-12-11,Frais,119.72,220.5643,26405.96,91.18,26314.78,EUR,1.0,26314.78,Exécuté,OTC,OPE003
TRX001533,PF00089,INST003,2024-06-28,Coupon,486.89,211.6561,103053.24,341.45,103394.69,EUR,1.0,103394.69,Exécuté,OTC,OPE001
TRX001534,PF00108,INST005,2025-09-22,Arbitrage Entrant,303.02,10.7118,3245.89,4.73,3250.62,USD,1.0494,3411.2,Exécuté,OTC,OPE002
TRX001535,PF00149,INST002,2025-07-14,Arbitrage Entrant,125.14,358.4234,44853.1,86.27,44939.37,USD,1.049,47141.4,Exécuté,SIX,OPE002
TRX001537,PF00053,INST008,2025-09-23,Vente,74.35,327.502,24349.77,36.35,24386.12,EUR,1.0,24386.12,Exécuté,SIX,OPE004
TRX001538,PF00133,INST011,2026-05-18,Dividende,222.26,108.759,24172.78,85.58,24258.36,USD,0.9778,23719.82,Exécuté,NYSE,OPE004
TRX001539,PF00126,INST005,2025-12-18,Coupon,25.42,11.4981,292.28,0.83,293.11,EUR,1.0,293.11,Exécuté,SIX,OPE005
TRX001540,PF00075,INST004,2026-02-09,Coupon,56.1,150.7329,8456.12,18.04,8474.16,USD,0.9852,8348.74,Exécuté,SIX,OPE005
TRX001543,PF00131,INST011,2026-04-28,Vente,55.8,363.4089,20278.22,62.62,20340.84,EUR,1.0,20340.84,Exécuté,OTC,OPE003
TRX001544,PF00104,INST001,2024-05-06,Achat,284.01,443.5562,125974.4,247.53,125726.87,EUR,1.0,125726.87,Exécuté,NYSE,OPE005
TRX001545,PF00148,INST013,2024-10-27,Frais,460.99,317.4845,146357.18,718.59,145638.59,EUR,1.0,145638.59,Exécuté,Euronext,OPE003
TRX001547,PF00052,INST011,2025-02-21,Coupon,335.25,480.7205,161161.55,525.53,161687.08,EUR,1.0,161687.08,Exécuté,SIX,OPE004
TRX001549,PF00144,INST001,2024-02-17,Arbitrage Entrant,39.06,286.9279,11207.4,17.35,11224.75,EUR,1.0,11224.75,Exécuté,NYSE,OPE004
TRX001550,PF00106,INST009,2025-12-08,Arbitrage Entrant,37.23,343.6708,12794.86,62.74,12857.6,EUR,1.0,12857.6,Exécuté,NYSE,OPE002
TRX001551,PF00056,INST006,2023-10-27,Achat,19.27,15.7319,303.15,1.02,302.13,EUR,1.0,302.13,Exécuté,OTC,OPE004
TRX001555,PF00116,INST009,2025-11-12,Arbitrage Entrant,82.98,372.0613,30873.65,151.99,31025.64,EUR,1.0,31025.64,Exécuté,NYSE,OPE002
TRX001557,PF00058,INST010,2025-07-10,Vente,16.71,365.6145,6109.42,23.8,6133.22,EUR,1.0,6133.22,Exécuté,SIX,OPE002
TRX001561,PF00114,INST005,2023-09-09,Dividende,130.85,114.9321,15038.87,59.16,15098.03,EUR,1.0,15098.03,Exécuté,SIX,OPE003
TRX001562,PF00097,INST013,2026-02-06,Frais,232.97,54.6021,12720.65,42.3,12678.35,USD,1.0802,13695.15,Exécuté,OTC,OPE001
TRX001563,PF00144,INST008,2025-10-09,Coupon,454.76,294.5245,133937.96,529.12,134467.08,USD,0.9106,122445.72,Exécuté,OTC,OPE002
TRX001564,PF00033,INST004,2024-10-22,Achat,254.7,307.3817,78290.12,355.26,77934.86,USD,1.0078,78542.75,Exécuté,Xetra,OPE005
TRX001566,PF00036,INST013,2026-02-08,Arbitrage Sortant,111.03,321.7622,35725.26,109.74,35835.0,EUR,1.0,35835.0,Exécuté,SIX,OPE005
TRX001567,PF00021,INST012,2026-02-01,Arbitrage Sortant,161.6,90.671,14652.43,30.85,14683.28,EUR,1.0,14683.28,Exécuté,Euronext,OPE001
TRX001568,PF00007,INST013,2025-11-14,Arbitrage Entrant,345.75,432.814,149645.44,582.47,150227.91,EUR,1.0,150227.91,Exécuté,NYSE,OPE005
TRX001569,PF00021,INST002,2023-12-23,Arbitrage Entrant,96.02,477.0134,45802.83,63.81,45866.64,EUR,1.0,45866.64,Exécuté,OTC,OPE001
TRX001570,PF00039,INST006,2023-10-13,Dividende,190.14,66.4272,12630.47,58.82,12689.29,EUR,1.0,12689.29,Exécuté,Xetra,OPE002
TRX001573,PF00130,INST007,2025-02-13,Coupon,14.1,303.6137,4280.95,4.33,4285.28,EUR,1.0,4285.28,Exécuté,SIX,OPE003
TRX001575,PF00106,INST003,2024-12-12,Arbitrage Sortant,135.44,121.6439,16475.45,37.67,16513.12,EUR,1.0,16513.12,Exécuté,Xetra,OPE002
TRX001578,PF00033,INST002,2023-08-05,Achat,134.64,33.0234,4446.27,6.62,4439.65,EUR,1.0,4439.65,Exécuté,OTC,OPE001
TRX001580,PF00133,INST004,2025-02-28,Coupon,359.37,101.9652,36643.23,131.58,36774.81,EUR,1.0,36774.81,Exécuté,NYSE,OPE002
TRX001582,PF00006,INST004,2025-08-11,Coupon,378.48,73.9501,27988.63,108.85,28097.48,EUR,1.0,28097.48,Exécuté,Euronext,OPE003
TRX001583,PF00065,INST002,2025-03-05,Coupon,436.85,412.7981,180330.85,390.69,180721.54,EUR,1.0,180721.54,Exécuté,Xetra,OPE003
TRX001584,PF00075,INST014,2025-08-18,Arbitrage Sortant,22.12,207.6068,4592.26,8.8,4601.06,EUR,1.0,4601.06,Exécuté,OTC,OPE002
TRX001585,PF00076,INST004,2024-06-21,Arbitrage Sortant,455.81,21.3994,9754.06,13.06,9767.12,EUR,1.0,9767.12,Exécuté,SIX,OPE003
TRX001586,PF00075,INST009,2023-07-22,Frais,480.03,269.8739,129547.57,604.35,128943.22,EUR,1.0,128943.22,Exécuté,Euronext,OPE003
TRX001587,PF00062,INST009,2024-04-11,Arbitrage Entrant,250.98,97.4428,24456.19,120.55,24576.74,EUR,1.0,24576.74,Exécuté,SIX,OPE005
TRX001588,PF00016,INST011,2026-02-11,Arbitrage Entrant,170.62,151.9511,25925.9,92.2,26018.1,EUR,1.0,26018.1,Exécuté,NYSE,OPE002
TRX001589,PF00054,INST013,2023-10-22,Arbitrage Sortant,178.18,415.9775,74118.87,150.53,74269.4,EUR,1.0,74269.4,Exécuté,SIX,OPE002
TRX001590,PF00037,INST013,2025-02-16,Achat,45.94,358.5397,16471.31,46.43,16424.88,EUR,1.0,16424.88,Exécuté,OTC,OPE001
TRX001591,PF00051,INST004,2024-07-16,Frais,46.62,342.6037,15972.18,47.44,15924.74,USD,0.981,15622.17,Exécuté,NYSE,OPE001
TRX001592,PF00105,INST014,2025-01-17,Achat,361.96,478.5432,173213.5,809.34,172404.16,EUR,1.0,172404.16,Exécuté,SIX,OPE001
TRX001593,PF00119,INST009,2023-08-09,Arbitrage Sortant,204.19,280.7494,57326.22,255.45,57581.67,EUR,1.0,57581.67,Exécuté,NYSE,OPE002
TRX001596,PF00055,INST007,2025-04-25,Dividende,305.26,179.4384,54775.37,248.87,55024.24,EUR,1.0,55024.24,Exécuté,OTC,OPE001
TRX001597,PF00032,INST014,2024-05-21,Frais,320.0,291.7638,93364.42,134.02,93230.4,EUR,1.0,93230.4,Exécuté,NYSE,OPE004
TRX001598,PF00136,INST008,2025-07-18,Dividende,419.19,297.413,124672.56,501.94,125174.5,EUR,1.0,125174.5,Exécuté,NYSE,OPE002
TRX001599,PF00056,INST010,2023-09-16,Frais,253.42,46.0158,11661.32,32.71,11628.61,EUR,1.0,11628.61,Exécuté,SIX,OPE001
TRX001600,PF00024,INST005,2023-06-24,Achat,348.01,430.0659,149667.23,325.64,149341.59,EUR,1.0,149341.59,Exécuté,Xetra,OPE001
TRX001603,PF00100,INST007,2024-12-12,Frais,45.1,436.9052,19704.42,21.85,19682.57,USD,1.037,20410.83,Exécuté,Xetra,OPE002
TRX001606,PF00011,INST002,2025-08-27,Vente,152.7,281.7201,43018.66,179.61,43198.27,EUR,1.0,43198.27,Exécuté,Xetra,OPE003
TRX001607,PF00061,INST008,2025-02-13,Arbitrage Sortant,333.89,279.6412,93369.4,427.16,93796.56,USD,0.9815,92061.32,Exécuté,NYSE,OPE003
TRX001611,PF00076,INST014,2025-05-15,Frais,321.23,382.1524,122758.82,489.08,122269.74,EUR,1.0,122269.74,Exécuté,OTC,OPE003
TRX001613,PF00006,INST013,2025-11-04,Frais,443.78,289.046,128272.83,534.79,127738.04,USD,1.0907,139323.88,Exécuté,Euronext,OPE002
TRX001616,PF00080,INST009,2024-09-22,Arbitrage Entrant,114.83,307.2982,35287.05,81.27,35368.32,EUR,1.0,35368.32,Exécuté,OTC,OPE002
TRX001618,PF00145,INST010,2024-03-11,Coupon,171.33,279.1336,47823.96,210.23,48034.19,USD,0.9812,47131.15,Exécuté,OTC,OPE002
TRX001622,PF00080,INST014,2025-02-02,Frais,136.68,450.507,61575.3,272.07,61303.23,USD,0.9957,61039.63,Exécuté,Euronext,OPE001
TRX001623,PF00132,INST007,2026-01-11,Frais,195.95,443.7646,86955.67,108.73,86846.94,EUR,1.0,86846.94,Exécuté,SIX,OPE005
TRX001624,PF00052,INST002,2024-02-16,Achat,334.49,409.0137,136810.99,320.05,136490.94,EUR,1.0,136490.94,Exécuté,Euronext,OPE004
TRX001625,PF00136,INST001,2025-02-11,Frais,324.49,49.2512,15981.52,56.25,15925.27,EUR,1.0,15925.27,Exécuté,Euronext,OPE004
TRX001628,PF00042,INST001,2023-05-19,Arbitrage Entrant,471.52,443.8634,209290.47,817.09,210107.56,EUR,1.0,210107.56,Exécuté,OTC,OPE002
TRX001630,PF00145,INST012,2025-05-20,Frais,34.33,391.0925,13426.21,14.65,13411.56,EUR,1.0,13411.56,Exécuté,NYSE,OPE002
TRX001631,PF00052,INST008,2025-12-15,Vente,45.5,75.0062,3412.78,16.13,3428.91,EUR,1.0,3428.91,Exécuté,NYSE,OPE003
TRX001632,PF00103,INST002,2026-01-06,Coupon,272.8,48.7839,13308.25,13.87,13322.12,USD,1.0356,13796.39,Exécuté,OTC,OPE002
TRX001633,PF00001,INST007,2024-06-10,Achat,110.22,216.7308,23888.07,102.73,23785.34,EUR,1.0,23785.34,Exécuté,SIX,OPE004
TRX001634,PF00140,INST010,2026-02-15,Dividende,188.61,103.2897,19481.47,54.35,19535.82,EUR,1.0,19535.82,Exécuté,Xetra,OPE005
TRX001635,PF00013,INST012,2024-06-11,Vente,432.41,168.2811,72766.43,113.76,72880.19,EUR,1.0,72880.19,Exécuté,OTC,OPE001
TRX001636,PF00025,INST007,2024-12-06,Dividende,143.1,35.9211,5140.31,14.43,5154.74,EUR,1.0,5154.74,Exécuté,SIX,OPE004
TRX001637,PF00137,INST002,2026-05-04,Vente,452.62,373.0491,168849.48,506.32,169355.8,USD,1.083,183412.33,Exécuté,Euronext,OPE002
TRX001638,PF00024,INST015,2025-05-22,Coupon,447.24,298.6066,133548.82,575.5,134124.32,EUR,1.0,134124.32,Exécuté,Xetra,OPE005
TRX001639,PF00108,INST003,2025-09-16,Frais,273.52,369.9285,101182.84,300.03,100882.81,EUR,1.0,100882.81,Exécuté,SIX,OPE002
TRX001643,PF00094,INST013,2026-03-24,Achat,188.68,80.3784,15165.8,55.14,15110.66,USD,0.9361,14145.09,Exécuté,Xetra,OPE002
TRX001644,PF00023,INST007,2025-10-21,Arbitrage Entrant,436.85,189.3598,82721.83,339.92,83061.75,EUR,1.0,83061.75,Exécuté,Xetra,OPE004
TRX001646,PF00146,INST007,2024-11-16,Coupon,377.73,477.8967,180515.92,583.09,181099.01,EUR,1.0,181099.01,Exécuté,SIX,OPE005
TRX001647,PF00139,INST005,2025-09-04,Arbitrage Sortant,273.82,17.9215,4907.27,8.02,4915.29,EUR,1.0,4915.29,Exécuté,Euronext,OPE005
TRX001649,PF00077,INST015,2026-05-08,Frais,169.52,370.3581,62783.11,191.41,62591.7,EUR,1.0,62591.7,Exécuté,Xetra,OPE003
TRX001653,PF00127,INST007,2023-06-15,Frais,75.81,315.5842,23924.44,111.52,23812.92,EUR,1.0,23812.92,Exécuté,NYSE,OPE003
TRX001655,PF00048,INST011,2026-04-03,Arbitrage Entrant,396.41,190.6536,75576.99,285.83,75862.82,EUR,1.0,75862.82,Exécuté,SIX,OPE004
TRX001657,PF00096,INST005,2025-09-06,Dividende,92.1,266.5566,24549.86,69.79,24619.65,EUR,1.0,24619.65,Exécuté,NYSE,OPE003
TRX001659,PF00140,INST015,2024-03-12,Frais,467.33,176.6912,82573.1,136.88,82436.22,EUR,1.0,82436.22,Exécuté,NYSE,OPE005
TRX001662,PF00094,INST001,2025-06-14,Arbitrage Entrant,245.33,138.7962,34050.87,86.66,34137.53,EUR,1.0,34137.53,Exécuté,OTC,OPE003
TRX001664,PF00148,INST002,2025-10-18,Arbitrage Sortant,57.49,245.7965,14130.84,41.5,14172.34,EUR,1.0,14172.34,Exécuté,OTC,OPE003
TRX001665,PF00149,INST004,2025-05-26,Dividende,396.93,52.145,20697.91,50.85,20748.76,EUR,1.0,20748.76,Exécuté,Euronext,OPE003
TRX001666,PF00076,INST008,2026-01-08,Achat,164.06,170.6054,27989.52,39.99,27949.53,USD,0.9732,27200.48,Exécuté,SIX,OPE004
TRX001669,PF00032,INST012,2025-02-23,Frais,262.34,285.1279,74800.45,255.84,74544.61,USD,1.0516,78391.11,Exécuté,Xetra,OPE003
TRX001670,PF00034,INST004,2025-06-04,Arbitrage Sortant,257.61,283.3244,72987.2,296.91,73284.11,EUR,1.0,73284.11,Exécuté,NYSE,OPE003
TRX001672,PF00072,INST005,2025-05-13,Arbitrage Sortant,84.63,251.4288,21278.42,50.04,21328.46,EUR,1.0,21328.46,Exécuté,OTC,OPE003
TRX001673,PF00109,INST006,2025-07-18,Arbitrage Sortant,433.53,395.9278,171646.58,749.46,172396.04,EUR,1.0,172396.04,Exécuté,OTC,OPE002
TRX001674,PF00078,INST010,2025-04-22,Achat,483.85,408.0848,197451.83,535.57,196916.26,EUR,1.0,196916.26,Exécuté,NYSE,OPE001
TRX001675,PF00011,INST001,2025-01-24,Vente,401.01,192.5268,77205.17,148.1,77353.27,USD,0.9145,70739.57,Exécuté,NYSE,OPE001
TRX001679,PF00106,INST003,2024-01-29,Arbitrage Entrant,4.18,189.4841,792.04,2.42,794.46,USD,1.0838,861.04,Exécuté,NYSE,OPE001
TRX001680,PF00135,INST004,2024-08-13,Arbitrage Sortant,406.97,356.7072,145169.13,614.2,145783.33,EUR,1.0,145783.33,Exécuté,NYSE,OPE001
TRX001682,PF00097,INST012,2025-02-22,Achat,442.86,264.5994,117180.49,311.87,116868.62,EUR,1.0,116868.62,Exécuté,NYSE,OPE005
TRX001687,PF00118,INST011,2026-02-04,Vente,99.96,395.7337,39557.54,154.8,39712.34,USD,1.0913,43338.08,Exécuté,Xetra,OPE002
TRX001688,PF00045,INST003,2024-06-19,Frais,477.64,455.7244,217672.2,404.09,217268.11,EUR,1.0,217268.11,Exécuté,Euronext,OPE004
TRX001689,PF00084,INST011,2024-03-29,Arbitrage Sortant,293.0,323.7752,94866.13,184.52,95050.65,USD,0.9473,90041.48,Exécuté,Xetra,OPE003
TRX001690,PF00063,INST013,2026-04-22,Frais,427.99,274.6801,117560.34,268.13,117292.21,EUR,1.0,117292.21,Exécuté,SIX,OPE001
TRX001691,PF00126,INST012,2025-09-30,Arbitrage Entrant,232.05,374.3934,86877.99,258.24,87136.23,USD,1.0616,92503.82,Exécuté,NYSE,OPE001
TRX001693,PF00115,INST010,2023-07-14,Arbitrage Sortant,424.12,295.3102,125246.96,126.59,125373.55,USD,0.988,123869.07,Exécuté,Euronext,OPE003
TRX001694,PF00064,INST011,2024-12-27,Frais,234.79,268.23,62977.72,188.35,62789.37,EUR,1.0,62789.37,Exécuté,SIX,OPE003
TRX001695,PF00036,INST010,2024-01-03,Frais,472.96,264.283,124995.29,190.33,124804.96,EUR,1.0,124804.96,Exécuté,NYSE,OPE003
TRX001696,PF00102,INST012,2023-09-23,Arbitrage Sortant,363.33,36.6024,13298.75,23.32,13322.07,EUR,1.0,13322.07,Exécuté,Xetra,OPE005
TRX001697,PF00126,INST010,2023-06-15,Arbitrage Sortant,469.92,443.5645,208439.83,640.85,209080.68,EUR,1.0,209080.68,Exécuté,NYSE,OPE003
TRX001698,PF00132,INST006,2024-03-14,Vente,119.16,272.1449,32428.79,152.32,32581.11,EUR,1.0,32581.11,Exécuté,Euronext,OPE003
TRX001699,PF00078,INST004,2026-05-16,Coupon,323.06,409.1896,132192.79,584.39,132777.18,EUR,1.0,132777.18,Exécuté,SIX,OPE001
TRX001700,PF00089,INST014,2024-03-15,Arbitrage Sortant,82.34,112.9252,9298.26,36.37,9334.63,EUR,1.0,9334.63,Exécuté,NYSE,OPE005
TRX001701,PF00043,INST013,2024-11-26,Arbitrage Entrant,470.97,377.1464,177624.64,649.4,178274.04,EUR,1.0,178274.04,Exécuté,NYSE,OPE004
TRX001703,PF00022,INST004,2024-02-29,Arbitrage Entrant,297.15,55.5353,16502.31,80.36,16582.67,USD,0.9796,16244.38,Exécuté,NYSE,OPE001
TRX001705,PF00030,INST010,2024-05-06,Arbitrage Sortant,373.26,53.7259,20053.73,29.09,20082.82,EUR,1.0,20082.82,Exécuté,NYSE,OPE002
TRX001706,PF00011,INST002,2025-09-18,Frais,361.11,228.7806,82614.96,321.54,82293.42,EUR,1.0,82293.42,Exécuté,NYSE,OPE005
TRX001707,PF00055,INST001,2026-01-01,Dividende,286.37,221.4098,63405.12,148.95,63554.07,EUR,1.0,63554.07,Exécuté,SIX,OPE003
TRX001708,PF00134,INST002,2024-08-03,Vente,382.42,148.202,56675.41,79.45,56754.86,EUR,1.0,56754.86,Exécuté,OTC,OPE004
TRX001709,PF00135,INST003,2024-02-03,Dividende,430.06,292.4505,125771.26,290.1,126061.36,USD,0.93,117237.06,Exécuté,SIX,OPE002
TRX001711,PF00055,INST012,2024-01-03,Arbitrage Entrant,284.87,179.167,51039.3,210.12,51249.42,EUR,1.0,51249.42,Exécuté,Euronext,OPE002
TRX001714,PF00032,INST006,2024-05-16,Frais,81.81,123.0953,10070.43,30.0,10040.43,EUR,1.0,10040.43,Exécuté,OTC,OPE005
TRX001716,PF00033,INST014,2025-06-08,Dividende,265.99,473.1247,125846.44,179.73,126026.17,EUR,1.0,126026.17,Exécuté,NYSE,OPE001
TRX001719,PF00114,INST010,2026-03-26,Arbitrage Entrant,389.41,180.5357,70302.41,150.46,70452.87,USD,1.0892,76737.27,Exécuté,SIX,OPE001
TRX001720,PF00036,INST014,2025-10-25,Arbitrage Sortant,126.3,222.7506,28133.4,40.58,28173.98,EUR,1.0,28173.98,Exécuté,OTC,OPE001
TRX001723,PF00008,INST014,2024-11-11,Arbitrage Entrant,54.98,177.9323,9782.72,12.16,9794.88,EUR,1.0,9794.88,Exécuté,OTC,OPE001
TRX001724,PF00105,INST008,2025-12-22,Achat,124.0,236.3536,29307.85,56.18,29251.67,EUR,1.0,29251.67,Exécuté,Xetra,OPE003
TRX001727,PF00008,INST004,2025-04-15,Achat,281.07,173.5437,48777.93,243.84,48534.09,USD,1.0214,49572.72,Exécuté,SIX,OPE003
TRX001729,PF00122,INST001,2025-08-15,Achat,29.73,140.3421,4172.37,11.1,4161.27,EUR,1.0,4161.27,Exécuté,Xetra,OPE005
TRX001730,PF00007,INST013,2024-05-22,Achat,397.76,34.783,13835.29,46.4,13788.89,EUR,1.0,13788.89,Exécuté,Xetra,OPE001
TRX001735,PF00075,INST002,2025-10-17,Coupon,454.13,478.1715,217152.02,346.09,217498.11,EUR,1.0,217498.11,Exécuté,Euronext,OPE004
TRX001736,PF00123,INST010,2025-02-14,Dividende,124.87,417.1491,52089.41,210.9,52300.31,EUR,1.0,52300.31,Exécuté,NYSE,OPE005
TRX001737,PF00075,INST010,2023-12-09,Frais,456.07,497.8786,227067.49,632.22,226435.27,EUR,1.0,226435.27,Exécuté,Xetra,OPE002
TRX001739,PF00023,INST007,2024-03-17,Achat,420.67,333.7704,140407.19,510.67,139896.52,EUR,1.0,139896.52,Exécuté,OTC,OPE001
TRX001740,PF00061,INST006,2023-11-12,Arbitrage Entrant,351.21,311.4526,109385.27,333.82,109719.09,EUR,1.0,109719.09,Exécuté,Euronext,OPE001
TRX001743,PF00132,INST012,2024-02-05,Vente,285.97,225.7733,64564.39,195.46,64759.85,EUR,1.0,64759.85,Exécuté,OTC,OPE002
TRX001744,PF00016,INST013,2023-10-01,Achat,130.49,32.9429,4298.72,12.45,4286.27,EUR,1.0,4286.27,Exécuté,NYSE,OPE002
TRX001745,PF00098,INST010,2024-04-22,Achat,150.48,207.5825,31237.01,126.77,31110.24,EUR,1.0,31110.24,Exécuté,OTC,OPE004
TRX001748,PF00091,INST007,2023-08-21,Achat,247.68,280.4055,69450.83,138.38,69312.45,EUR,1.0,69312.45,Exécuté,OTC,OPE005
TRX001749,PF00058,INST006,2025-08-14,Arbitrage Entrant,189.32,62.4344,11820.08,55.84,11875.92,EUR,1.0,11875.92,Exécuté,Xetra,OPE001
TRX001751,PF00069,INST008,2024-02-18,Frais,156.88,41.7324,6546.98,6.85,6540.13,EUR,1.0,6540.13,Exécuté,SIX,OPE002
TRX001757,PF00048,INST004,2024-05-19,Achat,459.26,167.3966,76878.56,234.03,76644.53,EUR,1.0,76644.53,Exécuté,Euronext,OPE002
TRX001763,PF00138,INST010,2026-05-06,Arbitrage Sortant,457.65,352.4516,161299.47,536.66,161836.13,EUR,1.0,161836.13,Exécuté,OTC,OPE004
TRX001764,PF00146,INST005,2025-02-02,Arbitrage Entrant,446.37,54.245,24213.34,57.17,24270.51,EUR,1.0,24270.51,Exécuté,Euronext,OPE001
TRX001765,PF00032,INST010,2025-10-27,Vente,361.47,342.9663,123972.03,153.03,124125.06,EUR,1.0,124125.06,Exécuté,NYSE,OPE004
TRX001766,PF00012,INST006,2025-10-22,Achat,36.12,48.5171,1752.44,6.54,1745.9,EUR,1.0,1745.9,Exécuté,OTC,OPE005
TRX001768,PF00096,INST010,2023-09-27,Achat,190.11,13.7624,2616.37,2.88,2613.49,EUR,1.0,2613.49,Exécuté,Xetra,OPE005
TRX001770,PF00111,INST008,2024-05-20,Coupon,25.95,396.6972,10294.29,21.09,10315.38,EUR,1.0,10315.38,Exécuté,Xetra,OPE004
TRX001771,PF00094,INST008,2025-06-09,Arbitrage Sortant,222.1,273.3838,60718.54,67.81,60786.35,EUR,1.0,60786.35,Exécuté,Xetra,OPE002
TRX001772,PF00050,INST013,2024-12-31,Frais,402.83,24.1568,9731.08,14.82,9716.26,EUR,1.0,9716.26,Exécuté,SIX,OPE004
TRX001773,PF00034,INST014,2023-12-13,Arbitrage Entrant,92.98,215.1796,20007.4,76.08,20083.48,EUR,1.0,20083.48,Exécuté,SIX,OPE003
TRX001774,PF00089,INST004,2025-02-16,Achat,5.57,466.6386,2599.18,7.02,2592.16,USD,0.9237,2394.38,Exécuté,Xetra,OPE002
TRX001777,PF00133,INST011,2025-07-19,Coupon,496.69,12.9985,6456.22,29.81,6486.03,EUR,1.0,6486.03,Exécuté,SIX,OPE005
TRX001778,PF00133,INST007,2025-06-17,Coupon,355.77,495.9021,176427.09,266.65,176693.74,EUR,1.0,176693.74,Exécuté,OTC,OPE005
TRX001780,PF00109,INST002,2024-04-24,Vente,365.49,460.5657,168332.16,204.34,168536.5,EUR,1.0,168536.5,Exécuté,SIX,OPE003
TRX001782,PF00044,INST006,2025-05-11,Dividende,474.05,95.6659,45350.42,68.55,45418.97,USD,1.0007,45450.76,Exécuté,Xetra,OPE003
TRX001784,PF00051,INST014,2026-04-21,Achat,56.59,472.7875,26755.04,43.25,26711.79,EUR,1.0,26711.79,Exécuté,OTC,OPE005
TRX001785,PF00126,INST011,2023-05-23,Frais,366.99,491.8118,180490.01,505.91,179984.1,EUR,1.0,179984.1,Exécuté,NYSE,OPE003
TRX001786,PF00043,INST008,2024-06-20,Vente,16.32,435.1288,7101.3,22.87,7124.17,EUR,1.0,7124.17,Exécuté,Euronext,OPE004
TRX001787,PF00091,INST012,2026-04-14,Achat,327.87,39.7813,13043.09,57.22,12985.87,EUR,1.0,12985.87,Exécuté,Euronext,OPE003
TRX001789,PF00069,INST010,2025-07-23,Vente,166.18,122.464,20351.07,45.23,20396.3,EUR,1.0,20396.3,Exécuté,OTC,OPE001
TRX001790,PF00102,INST008,2026-03-31,Coupon,253.07,261.9524,66292.29,84.05,66376.34,EUR,1.0,66376.34,Exécuté,NYSE,OPE003
TRX001791,PF00066,INST005,2025-02-22,Arbitrage Entrant,477.8,138.2099,66036.69,178.96,66215.65,USD,1.0639,70446.83,Exécuté,Euronext,OPE004
TRX001792,PF00056,INST008,2026-05-11,Arbitrage Entrant,392.35,62.505,24523.84,87.48,24611.32,EUR,1.0,24611.32,Exécuté,OTC,OPE001
TRX001794,PF00109,INST010,2024-10-15,Frais,257.73,85.9517,22152.33,100.72,22051.61,EUR,1.0,22051.61,Exécuté,Xetra,OPE004
TRX001795,PF00149,INST012,2023-07-16,Vente,418.92,61.2805,25671.63,111.9,25783.53,USD,0.9508,24514.98,Exécuté,Euronext,OPE001
TRX001796,PF00139,INST012,2023-12-26,Coupon,355.53,95.7645,34047.15,52.05,34099.2,USD,1.0663,36359.98,Exécuté,OTC,OPE004
TRX001799,PF00143,INST015,2025-02-08,Vente,84.72,69.352,5875.5,25.06,5900.56,EUR,1.0,5900.56,Exécuté,NYSE,OPE002
TRX001800,PF00001,INST001,2025-07-20,Achat,346.14,199.1105,68920.11,188.56,68731.55,EUR,1.0,68731.55,Exécuté,Euronext,OPE005
TRX001801,PF00143,INST015,2025-12-20,Arbitrage Sortant,338.69,360.2843,122024.69,181.43,122206.12,EUR,1.0,122206.12,Exécuté,NYSE,OPE003
TRX001802,PF00099,INST013,2025-08-10,Achat,145.09,459.4619,66663.33,129.39,66533.94,EUR,1.0,66533.94,Exécuté,NYSE,OPE001
TRX001803,PF00131,INST013,2024-10-10,Achat,393.3,145.4182,57192.98,236.33,56956.65,USD,0.939,53482.29,Exécuté,SIX,OPE005
TRX001807,PF00019,INST001,2024-11-17,Arbitrage Entrant,197.1,191.7745,37798.75,168.96,37967.71,EUR,1.0,37967.71,Exécuté,Xetra,OPE001
TRX001812,PF00019,INST006,2026-03-13,Achat,186.13,299.7673,55795.69,96.1,55699.59,EUR,1.0,55699.59,Exécuté,OTC,OPE004
TRX001813,PF00097,INST001,2024-01-01,Arbitrage Entrant,297.76,71.9871,21434.88,102.31,21537.19,USD,0.9863,21242.13,Exécuté,SIX,OPE005
TRX001815,PF00095,INST015,2023-10-19,Vente,470.43,394.1429,185416.64,453.31,185869.95,EUR,1.0,185869.95,Exécuté,SIX,OPE004
TRX001819,PF00116,INST001,2023-10-24,Arbitrage Sortant,353.86,497.8946,176184.98,799.09,176984.07,EUR,1.0,176984.07,Exécuté,NYSE,OPE001
TRX001822,PF00017,INST011,2024-03-16,Coupon,110.56,355.0221,39251.24,92.97,39344.21,EUR,1.0,39344.21,Exécuté,SIX,OPE002
TRX001824,PF00002,INST001,2025-02-18,Achat,243.25,329.4553,80140.0,372.62,79767.38,USD,0.9322,74359.15,Exécuté,SIX,OPE002
TRX001825,PF00024,INST003,2024-08-27,Coupon,37.17,471.3828,17521.3,55.52,17576.82,EUR,1.0,17576.82,Exécuté,SIX,OPE001
TRX001826,PF00016,INST013,2024-09-26,Dividende,471.54,324.3254,152932.4,613.6,153546.0,EUR,1.0,153546.0,Exécuté,Euronext,OPE005
TRX001827,PF00096,INST001,2025-11-01,Frais,89.82,237.2727,21311.83,90.13,21221.7,EUR,1.0,21221.7,Exécuté,NYSE,OPE004
TRX001828,PF00021,INST012,2023-11-02,Achat,372.19,121.4323,45195.89,192.89,45003.0,EUR,1.0,45003.0,Exécuté,OTC,OPE002
TRX001829,PF00052,INST001,2024-07-17,Achat,231.73,406.7344,94252.56,318.06,93934.5,EUR,1.0,93934.5,Exécuté,SIX,OPE003
TRX001830,PF00023,INST015,2025-07-04,Frais,287.43,163.0066,46852.99,180.17,46672.82,EUR,1.0,46672.82,Exécuté,NYSE,OPE005
TRX001831,PF00134,INST008,2024-05-16,Coupon,296.96,290.8113,86359.32,385.23,86744.55,EUR,1.0,86744.55,Exécuté,NYSE,OPE005
TRX001832,PF00066,INST005,2025-03-19,Coupon,383.23,212.5756,81465.35,320.22,81785.57,USD,1.0955,89596.09,Exécuté,Xetra,OPE005
TRX001833,PF00022,INST004,2023-11-26,Arbitrage Sortant,362.95,44.6544,16207.31,32.92,16240.23,EUR,1.0,16240.23,Exécuté,Xetra,OPE005
TRX001836,PF00110,INST008,2026-04-28,Vente,294.55,117.3244,34557.9,133.77,34691.67,EUR,1.0,34691.67,Exécuté,OTC,OPE005
TRX001839,PF00086,INST006,2023-08-20,Achat,182.75,204.5623,37383.76,68.19,37315.57,USD,1.0458,39024.62,Exécuté,OTC,OPE001
TRX001840,PF00139,INST015,2026-05-03,Dividende,451.25,169.0307,76275.1,89.24,76364.34,EUR,1.0,76364.34,Exécuté,OTC,OPE001
TRX001841,PF00060,INST002,2024-01-10,Achat,498.39,236.7229,117980.33,357.49,117622.84,EUR,1.0,117622.84,Exécuté,OTC,OPE001
TRX001842,PF00037,INST006,2023-12-16,Arbitrage Sortant,148.17,471.7904,69905.18,260.6,70165.78,EUR,1.0,70165.78,Exécuté,NYSE,OPE001
TRX001843,PF00104,INST012,2023-10-25,Frais,186.1,124.5658,23181.7,98.99,23082.71,EUR,1.0,23082.71,Exécuté,NYSE,OPE001
TRX001844,PF00022,INST011,2025-10-05,Vente,91.94,451.5473,41515.26,171.86,41687.12,EUR,1.0,41687.12,Exécuté,Euronext,OPE002
TRX001845,PF00107,INST013,2024-10-06,Arbitrage Sortant,350.12,34.8792,12211.91,27.82,12239.73,EUR,1.0,12239.73,Exécuté,NYSE,OPE003
TRX001847,PF00049,INST014,2025-03-04,Vente,232.38,279.8648,65034.98,307.16,65342.14,EUR,1.0,65342.14,Exécuté,NYSE,OPE001
TRX001848,PF00013,INST001,2026-05-12,Coupon,144.63,341.9938,49462.56,92.24,49554.8,EUR,1.0,49554.8,Exécuté,NYSE,OPE005
TRX001849,PF00031,INST001,2023-12-01,Dividende,174.76,469.467,82044.05,370.28,82414.33,EUR,1.0,82414.33,Exécuté,OTC,OPE005
TRX001850,PF00073,INST002,2026-05-10,Achat,271.84,317.1619,86217.29,400.0,85817.29,USD,1.0981,94235.97,Exécuté,OTC,OPE005
TRX001851,PF00045,INST009,2025-02-24,Dividende,173.71,377.521,65579.17,304.1,65883.27,EUR,1.0,65883.27,Exécuté,Euronext,OPE003
TRX001852,PF00100,INST002,2024-02-24,Achat,30.6,482.2395,14756.53,48.37,14708.16,EUR,1.0,14708.16,Exécuté,SIX,OPE005
TRX001856,PF00084,INST001,2023-05-24,Vente,81.18,180.49,14652.18,15.3,14667.48,EUR,1.0,14667.48,Exécuté,SIX,OPE003
TRX001857,PF00066,INST003,2024-09-12,Coupon,92.64,61.8263,5727.59,18.04,5745.63,USD,1.0164,5839.86,Exécuté,OTC,OPE002
TRX001860,PF00004,INST003,2024-06-11,Achat,45.1,202.3652,9126.67,17.16,9109.51,USD,1.0233,9321.76,Exécuté,Xetra,OPE003
TRX001861,PF00117,INST006,2023-11-29,Arbitrage Sortant,438.35,285.6607,125219.37,520.89,125740.26,EUR,1.0,125740.26,Exécuté,OTC,OPE002
TRX001862,PF00023,INST003,2026-04-29,Frais,368.74,387.8224,143005.63,321.3,142684.33,EUR,1.0,142684.33,Exécuté,NYSE,OPE002
TRX001863,PF00108,INST011,2023-11-24,Arbitrage Sortant,441.27,400.6964,176815.3,802.56,177617.86,USD,0.9915,176108.11,Exécuté,OTC,OPE002
TRX001865,PF00089,INST014,2024-12-01,Vente,113.6,378.4478,42991.67,44.04,43035.71,USD,0.9863,42446.12,Exécuté,Euronext,OPE005
TRX001866,PF00044,INST002,2025-11-15,Dividende,453.55,266.9721,121085.2,181.38,121266.58,EUR,1.0,121266.58,Exécuté,Xetra,OPE005
TRX001867,PF00025,INST007,2026-01-04,Achat,386.63,256.5351,99184.17,183.07,99001.1,EUR,1.0,99001.1,Exécuté,OTC,OPE005
TRX001868,PF00021,INST012,2023-10-30,Frais,440.48,288.7978,127209.65,363.18,126846.47,EUR,1.0,126846.47,Exécuté,Euronext,OPE004
TRX001870,PF00141,INST007,2026-05-11,Frais,471.36,259.175,122164.73,406.51,121758.22,USD,1.0607,129148.94,Exécuté,Xetra,OPE003
TRX001871,PF00014,INST011,2023-12-07,Achat,497.72,77.67,38657.91,150.36,38507.55,EUR,1.0,38507.55,Exécuté,Euronext,OPE001
TRX001872,PF00046,INST009,2024-04-05,Vente,307.91,272.9607,84047.33,294.26,84341.59,USD,0.9271,78193.09,Exécuté,Euronext,OPE003
TRX001874,PF00108,INST006,2024-09-17,Frais,301.62,106.1787,32025.62,33.33,31992.29,USD,1.0471,33499.13,Exécuté,NYSE,OPE001
TRX001878,PF00117,INST008,2026-02-19,Dividende,199.54,296.4355,59150.74,203.74,59354.48,USD,0.9264,54985.99,Exécuté,Euronext,OPE002
TRX001879,PF00023,INST007,2025-04-01,Arbitrage Entrant,441.85,346.036,152896.01,606.87,153502.88,EUR,1.0,153502.88,Exécuté,SIX,OPE005
TRX001880,PF00011,INST014,2023-10-24,Vente,291.44,478.3355,139406.1,261.06,139667.16,EUR,1.0,139667.16,Exécuté,NYSE,OPE005
TRX001883,PF00099,INST004,2024-05-09,Arbitrage Entrant,197.61,84.9561,16788.17,55.09,16843.26,EUR,1.0,16843.26,Exécuté,Xetra,OPE001
TRX001885,PF00051,INST011,2026-05-07,Dividende,302.72,102.3966,30997.5,58.86,31056.36,EUR,1.0,31056.36,Exécuté,Euronext,OPE003
TRX001886,PF00097,INST003,2024-11-20,Coupon,95.7,424.7896,40652.36,103.31,40755.67,EUR,1.0,40755.67,Exécuté,Euronext,OPE003
TRX001889,PF00026,INST012,2024-01-06,Frais,465.22,82.2843,38280.3,75.05,38205.25,EUR,1.0,38205.25,Exécuté,OTC,OPE005
TRX001890,PF00098,INST005,2026-02-23,Vente,101.31,176.0294,17833.54,34.91,17868.45,USD,1.044,18654.66,Exécuté,SIX,OPE002
TRX001891,PF00094,INST011,2026-02-02,Achat,182.97,125.5666,22974.92,45.54,22929.38,USD,1.0899,24990.73,Exécuté,NYSE,OPE001
TRX001892,PF00021,INST012,2023-11-28,Arbitrage Sortant,183.56,337.5459,61959.93,185.76,62145.69,EUR,1.0,62145.69,Exécuté,Xetra,OPE003
TRX001893,PF00120,INST013,2025-05-23,Arbitrage Entrant,195.81,348.0162,68145.05,252.17,68397.22,EUR,1.0,68397.22,Exécuté,SIX,OPE004
TRX001894,PF00069,INST012,2024-08-26,Arbitrage Sortant,471.43,458.9314,216354.03,506.7,216860.73,USD,0.9721,210810.32,Exécuté,SIX,OPE003
TRX001895,PF00145,INST008,2025-10-23,Arbitrage Sortant,136.16,199.463,27158.88,106.26,27265.14,EUR,1.0,27265.14,Exécuté,SIX,OPE002
TRX001897,PF00079,INST009,2024-09-21,Achat,407.57,100.8287,41094.75,106.7,40988.05,USD,0.9646,39537.07,Exécuté,OTC,OPE004
TRX001899,PF00062,INST006,2023-08-16,Arbitrage Sortant,358.98,493.7766,177255.92,365.64,177621.56,EUR,1.0,177621.56,Exécuté,Xetra,OPE001
TRX001900,PF00068,INST011,2023-08-11,Frais,292.18,131.4281,38400.66,176.22,38224.44,EUR,1.0,38224.44,Exécuté,Xetra,OPE003
TRX001901,PF00080,INST004,2025-05-14,Arbitrage Entrant,404.99,231.8745,93906.85,248.91,94155.76,EUR,1.0,94155.76,Exécuté,Euronext,OPE001
TRX001902,PF00008,INST009,2024-07-15,Arbitrage Entrant,343.44,69.7711,23962.19,114.07,24076.26,EUR,1.0,24076.26,Exécuté,NYSE,OPE001
TRX001903,PF00021,INST006,2023-06-15,Arbitrage Entrant,274.94,55.2653,15194.64,71.87,15266.51,EUR,1.0,15266.51,Exécuté,NYSE,OPE002
TRX001904,PF00093,INST014,2023-10-09,Arbitrage Entrant,140.4,449.168,63063.19,172.27,63235.46,EUR,1.0,63235.46,Exécuté,Xetra,OPE004
TRX001907,PF00120,INST001,2024-12-14,Achat,140.05,40.3532,5651.47,24.36,5627.11,EUR,1.0,5627.11,Exécuté,SIX,OPE005
TRX001908,PF00017,INST001,2025-05-03,Dividende,163.42,264.3806,43205.08,213.27,43418.35,EUR,1.0,43418.35,Exécuté,NYSE,OPE004
TRX001909,PF00046,INST012,2023-10-07,Vente,33.79,101.2912,3422.63,9.76,3432.39,USD,0.924,3171.53,Exécuté,OTC,OPE003
TRX001911,PF00043,INST015,2024-10-23,Achat,100.03,107.0766,10710.87,37.38,10673.49,EUR,1.0,10673.49,Exécuté,OTC,OPE004
TRX001912,PF00046,INST015,2024-04-12,Arbitrage Entrant,14.37,325.9889,4684.46,15.47,4699.93,EUR,1.0,4699.93,Exécuté,Xetra,OPE002
TRX001913,PF00096,INST010,2025-12-22,Dividende,413.8,431.3054,178474.17,665.98,179140.15,USD,0.9297,166546.6,Exécuté,SIX,OPE002
TRX001914,PF00049,INST015,2025-08-06,Frais,302.09,95.4101,28822.44,61.95,28760.49,EUR,1.0,28760.49,Exécuté,Xetra,OPE002
TRX001918,PF00144,INST011,2026-02-02,Vente,353.34,482.1922,170377.79,506.36,170884.15,EUR,1.0,170884.15,Exécuté,OTC,OPE003
TRX001919,PF00104,INST008,2024-12-25,Vente,162.83,379.3383,61767.66,94.14,61861.8,USD,1.0959,67794.35,Exécuté,NYSE,OPE002
TRX001920,PF00042,INST015,2025-11-28,Arbitrage Entrant,254.67,321.0228,81754.88,328.45,82083.33,EUR,1.0,82083.33,Exécuté,NYSE,OPE003
TRX001921,PF00144,INST011,2024-05-06,Arbitrage Sortant,370.54,85.5987,31717.74,135.2,31852.94,USD,0.9357,29804.8,Exécuté,SIX,OPE001
TRX001922,PF00097,INST003,2025-01-30,Arbitrage Sortant,444.33,496.5224,220619.8,518.49,221138.29,EUR,1.0,221138.29,Exécuté,SIX,OPE002
TRX001923,PF00123,INST014,2024-10-24,Arbitrage Sortant,123.08,428.991,52800.21,77.03,52877.24,EUR,1.0,52877.24,Exécuté,SIX,OPE004
TRX001924,PF00071,INST002,2025-05-06,Arbitrage Sortant,118.92,247.9277,29483.56,66.66,29550.22,EUR,1.0,29550.22,Exécuté,OTC,OPE003
TRX001926,PF00059,INST010,2025-11-10,Arbitrage Sortant,360.33,331.857,119578.03,304.26,119882.29,EUR,1.0,119882.29,Exécuté,SIX,OPE001
TRX001927,PF00093,INST006,2025-04-10,Dividende,284.77,401.6483,114377.39,542.96,114920.35,EUR,1.0,114920.35,Exécuté,Euronext,OPE004
TRX001928,PF00069,INST002,2024-03-09,Achat,283.55,459.9729,130425.32,308.96,130116.36,EUR,1.0,130116.36,Exécuté,Euronext,OPE005
TRX001930,PF00048,INST001,2026-05-16,Coupon,401.91,407.4897,163774.19,175.67,163949.86,USD,0.9869,161802.12,Exécuté,Euronext,OPE001
TRX001932,PF00119,INST009,2024-07-18,Frais,323.99,208.9319,67691.85,221.05,67470.8,EUR,1.0,67470.8,Exécuté,Euronext,OPE002
TRX001934,PF00087,INST012,2025-03-16,Frais,481.95,272.0349,131107.22,380.29,130726.93,EUR,1.0,130726.93,Exécuté,NYSE,OPE002
TRX001935,PF00147,INST015,2025-12-30,Arbitrage Entrant,346.79,109.4775,37965.7,129.48,38095.18,EUR,1.0,38095.18,Exécuté,Xetra,OPE002
TRX001936,PF00008,INST009,2025-12-03,Arbitrage Entrant,362.82,293.327,106424.9,248.98,106673.88,USD,0.9249,98662.67,Exécuté,NYSE,OPE001
TRX001937,PF00018,INST006,2025-04-26,Arbitrage Sortant,12.74,181.0617,2306.73,9.76,2316.49,EUR,1.0,2316.49,Exécuté,OTC,OPE004
TRX001939,PF00140,INST011,2023-06-06,Arbitrage Sortant,218.19,206.4477,45044.82,148.18,45193.0,EUR,1.0,45193.0,Exécuté,Euronext,OPE004
TRX001940,PF00052,INST007,2025-12-16,Dividende,213.89,495.3978,105960.64,214.86,106175.5,EUR,1.0,106175.5,Exécuté,Euronext,OPE004
TRX001941,PF00063,INST006,2024-03-07,Dividende,349.82,240.4273,84106.28,96.77,84203.05,EUR,1.0,84203.05,Exécuté,OTC,OPE004
TRX001942,PF00048,INST008,2023-06-17,Coupon,40.46,442.5386,17905.11,58.4,17963.51,EUR,1.0,17963.51,Exécuté,OTC,OPE004
TRX001943,PF00058,INST006,2025-02-02,Vente,25.72,191.7712,4932.36,14.13,4946.49,EUR,1.0,4946.49,Exécuté,Xetra,OPE003
TRX001944,PF00029,INST003,2025-04-18,Frais,81.39,212.6275,17305.75,31.59,17274.16,EUR,1.0,17274.16,Exécuté,Euronext,OPE003
TRX001946,PF00073,INST007,2023-06-22,Arbitrage Entrant,217.88,156.2832,34050.98,79.05,34130.03,EUR,1.0,34130.03,Exécuté,NYSE,OPE003
TRX001947,PF00066,INST013,2024-02-22,Achat,396.06,159.6227,63220.17,93.9,63126.27,USD,1.0506,66320.46,Exécuté,Xetra,OPE003
TRX001948,PF00149,INST008,2026-03-30,Dividende,113.98,441.6496,50339.22,226.94,50566.16,EUR,1.0,50566.16,Exécuté,OTC,OPE005
TRX001949,PF00044,INST003,2025-09-24,Vente,24.82,170.8121,4239.56,11.36,4250.92,EUR,1.0,4250.92,Exécuté,OTC,OPE005
TRX001951,PF00016,INST012,2025-09-27,Vente,58.46,244.5812,14298.22,16.78,14315.0,EUR,1.0,14315.0,Exécuté,OTC,OPE003
TRX001952,PF00050,INST005,2025-08-09,Arbitrage Entrant,355.17,212.2713,75392.4,176.92,75569.32,USD,1.0718,80995.2,Exécuté,Euronext,OPE002
TRX001953,PF00003,INST001,2025-11-17,Dividende,139.79,222.0903,31046.0,68.85,31114.85,EUR,1.0,31114.85,Exécuté,OTC,OPE002
TRX001954,PF00146,INST001,2024-12-30,Arbitrage Sortant,14.67,449.647,6596.32,29.67,6625.99,EUR,1.0,6625.99,Exécuté,Euronext,OPE002
TRX001955,PF00119,INST006,2023-09-14,Arbitrage Sortant,197.35,184.5571,36422.34,139.42,36561.76,EUR,1.0,36561.76,Exécuté,Xetra,OPE005
TRX001956,PF00087,INST011,2025-12-15,Arbitrage Entrant,419.95,482.2828,202534.66,652.47,203187.13,EUR,1.0,203187.13,Exécuté,OTC,OPE005
TRX001958,PF00022,INST002,2024-02-10,Vente,467.34,279.8577,130788.7,155.93,130944.63,USD,0.9593,125615.18,Exécuté,NYSE,OPE004
TRX001961,PF00102,INST013,2026-02-02,Arbitrage Sortant,270.6,23.73,6421.34,20.6,6441.94,EUR,1.0,6441.94,Exécuté,OTC,OPE003
TRX001963,PF00017,INST008,2026-04-03,Dividende,94.97,28.3945,2696.63,4.94,2701.57,EUR,1.0,2701.57,Exécuté,NYSE,OPE002
TRX001965,PF00047,INST008,2024-07-11,Arbitrage Sortant,169.05,437.3489,73933.83,346.69,74280.52,USD,0.9398,69808.83,Exécuté,OTC,OPE002
TRX001966,PF00060,INST001,2025-04-28,Vente,9.1,171.7926,1563.31,5.15,1568.46,EUR,1.0,1568.46,Exécuté,NYSE,OPE001
TRX001968,PF00003,INST008,2024-10-26,Arbitrage Sortant,214.01,390.1938,83505.38,287.15,83792.53,EUR,1.0,83792.53,Exécuté,NYSE,OPE001
TRX001971,PF00018,INST013,2024-10-17,Frais,404.94,400.61,162223.01,757.43,161465.58,EUR,1.0,161465.58,Exécuté,SIX,OPE002
TRX001973,PF00119,INST012,2025-04-11,Arbitrage Sortant,479.26,417.5316,200106.19,581.34,200687.53,EUR,1.0,200687.53,Exécuté,Xetra,OPE004
TRX001974,PF00028,INST010,2024-11-16,Arbitrage Sortant,416.37,468.5004,195069.51,337.76,195407.27,EUR,1.0,195407.27,Exécuté,SIX,OPE003
TRX001975,PF00139,INST004,2023-09-21,Frais,436.33,225.9461,98587.06,409.58,98177.48,EUR,1.0,98177.48,Exécuté,Xetra,OPE005
TRX001977,PF00073,INST012,2024-07-12,Dividende,457.51,365.1065,167039.87,265.55,167305.42,USD,0.9971,166820.23,Exécuté,SIX,OPE005
TRX001979,PF00011,INST004,2026-02-15,Arbitrage Entrant,173.98,347.2964,60422.63,160.95,60583.58,EUR,1.0,60583.58,Exécuté,SIX,OPE001
TRX001982,PF00045,INST003,2025-11-03,Coupon,472.73,376.7348,178093.84,356.03,178449.87,EUR,1.0,178449.87,Exécuté,NYSE,OPE001
TRX001983,PF00093,INST014,2025-01-08,Dividende,75.68,65.3636,4946.72,8.43,4955.15,EUR,1.0,4955.15,Exécuté,OTC,OPE004
TRX001984,PF00050,INST015,2026-05-18,Vente,370.28,10.7388,3976.36,12.56,3988.92,USD,0.9405,3751.58,Exécuté,Xetra,OPE003
TRX001985,PF00114,INST015,2024-04-09,Arbitrage Sortant,10.24,256.0796,2622.26,8.06,2630.32,EUR,1.0,2630.32,Exécuté,Xetra,OPE004
TRX001986,PF00006,INST013,2026-02-25,Vente,6.15,193.3536,1189.12,4.44,1193.56,EUR,1.0,1193.56,Exécuté,OTC,OPE003
TRX001987,PF00049,INST013,2023-07-18,Arbitrage Entrant,224.65,136.1155,30578.35,116.44,30694.79,USD,0.9795,30065.55,Exécuté,NYSE,OPE005
TRX001988,PF00082,INST007,2023-06-08,Vente,134.74,231.6518,31212.76,93.39,31306.15,EUR,1.0,31306.15,Exécuté,NYSE,OPE003
TRX001989,PF00146,INST003,2026-02-21,Achat,209.76,444.0529,93144.54,223.28,92921.26,EUR,1.0,92921.26,Exécuté,OTC,OPE002
TRX001990,PF00008,INST011,2026-04-22,Dividende,286.78,464.4488,133194.63,213.6,133408.23,EUR,1.0,133408.23,Exécuté,Euronext,OPE003
TRX001991,PF00106,INST004,2024-07-16,Achat,76.67,165.6956,12703.88,51.19,12652.69,EUR,1.0,12652.69,Exécuté,SIX,OPE002
TRX001992,PF00119,INST011,2023-08-03,Arbitrage Entrant,406.37,326.4188,132646.81,224.1,132870.91,EUR,1.0,132870.91,Exécuté,Euronext,OPE004
TRX001993,PF00097,INST002,2024-11-01,Dividende,331.96,315.5162,104738.76,116.08,104854.84,EUR,1.0,104854.84,Exécuté,NYSE,OPE002
TRX001994,PF00028,INST004,2024-05-19,Arbitrage Entrant,269.62,427.1533,115169.07,135.26,115304.33,USD,1.0409,120020.28,Exécuté,Euronext,OPE001
TRX001995,PF00046,INST014,2023-10-02,Vente,48.09,416.1295,20011.67,82.62,20094.29,EUR,1.0,20094.29,Exécuté,OTC,OPE001
TRX001996,PF00096,INST009,2023-05-19,Vente,435.0,276.2855,120184.19,377.76,120561.95,EUR,1.0,120561.95,Exécuté,Euronext,OPE001
TRX001997,PF00150,INST002,2024-08-14,Frais,164.03,282.5733,46350.5,57.19,46293.31,EUR,1.0,46293.31,Exécuté,NYSE,OPE001
TRX001999,PF00063,INST014,2025-09-30,Dividende,260.87,390.2098,101794.03,492.59,102286.62,EUR,1.0,102286.62,Exécuté,SIX,OPE003
TRX002001,PF00038,INST003,2024-07-16,Achat,97.46,18.3828,1791.59,6.74,1784.85,EUR,1.0,1784.85,Exécuté,NYSE,OPE005
TRX002002,PF00065,INST009,2025-09-20,Vente,398.12,65.2563,25979.84,102.13,26081.97,EUR,1.0,26081.97,Exécuté,SIX,OPE005
TRX002005,PF00044,INST012,2025-01-05,Achat,32.13,180.4394,5797.52,10.36,5787.16,USD,1.0078,5832.3,Exécuté,OTC,OPE004
TRX002008,PF00016,INST008,2024-04-22,Coupon,267.46,221.7758,59316.16,254.5,59570.66,EUR,1.0,59570.66,Exécuté,NYSE,OPE002
TRX002010,PF00130,INST006,2025-08-06,Arbitrage Entrant,57.91,319.2419,18487.3,58.59,18545.89,EUR,1.0,18545.89,Exécuté,SIX,OPE004
TRX002011,PF00027,INST004,2024-12-11,Coupon,276.52,482.9148,133535.6,191.58,133727.18,EUR,1.0,133727.18,Exécuté,NYSE,OPE005
TRX002012,PF00041,INST004,2024-06-07,Vente,358.73,84.6537,30367.82,112.12,30479.94,USD,0.9699,29562.49,Exécuté,SIX,OPE005
TRX002015,PF00069,INST004,2024-10-02,Arbitrage Sortant,38.46,72.4435,2786.18,9.55,2795.73,EUR,1.0,2795.73,Exécuté,SIX,OPE005
TRX002016,PF00029,INST006,2024-11-12,Frais,210.08,428.0821,89931.49,321.33,89610.16,EUR,1.0,89610.16,Exécuté,SIX,OPE002
TRX002018,PF00091,INST010,2024-06-25,Arbitrage Sortant,48.01,168.5997,8094.47,14.7,8109.17,USD,0.9687,7855.35,Exécuté,OTC,OPE003
TRX002020,PF00069,INST011,2025-11-17,Coupon,72.22,312.4978,22568.59,60.76,22629.35,EUR,1.0,22629.35,Exécuté,SIX,OPE005
TRX002023,PF00106,INST008,2023-08-03,Vente,145.2,234.5844,34061.65,162.64,34224.29,EUR,1.0,34224.29,Exécuté,SIX,OPE005
TRX002024,PF00138,INST013,2025-06-18,Frais,54.3,196.6021,10675.49,43.83,10631.66,EUR,1.0,10631.66,Exécuté,Xetra,OPE003
TRX002025,PF00003,INST013,2024-02-03,Frais,84.17,323.6048,27237.82,115.07,27122.75,EUR,1.0,27122.75,Exécuté,NYSE,OPE001
TRX002027,PF00005,INST014,2023-10-06,Frais,90.39,271.9742,24583.75,49.43,24534.32,EUR,1.0,24534.32,Exécuté,Euronext,OPE005
TRX002028,PF00139,INST010,2025-04-25,Frais,95.79,336.2054,32205.12,37.51,32167.61,EUR,1.0,32167.61,Exécuté,OTC,OPE005
TRX002030,PF00061,INST001,2023-12-07,Vente,462.8,229.0683,106012.81,263.15,106275.96,EUR,1.0,106275.96,Exécuté,Euronext,OPE002
TRX002031,PF00012,INST011,2023-08-18,Dividende,360.38,382.2884,137769.09,360.02,138129.11,EUR,1.0,138129.11,Exécuté,Euronext,OPE003
TRX002033,PF00115,INST010,2025-07-10,Achat,251.82,245.1277,61728.06,239.76,61488.3,EUR,1.0,61488.3,Exécuté,OTC,OPE004
TRX002034,PF00042,INST007,2025-08-08,Arbitrage Entrant,402.02,25.3027,10172.19,35.85,10208.04,USD,0.9855,10060.02,Exécuté,Euronext,OPE002
TRX002036,PF00088,INST007,2023-06-23,Frais,451.29,206.4259,93157.94,434.69,92723.25,USD,0.9602,89032.86,Exécuté,SIX,OPE002
TRX002037,PF00033,INST002,2023-09-04,Dividende,455.17,309.5281,140887.91,386.7,141274.61,EUR,1.0,141274.61,Exécuté,Xetra,OPE004
TRX002038,PF00046,INST003,2024-12-20,Arbitrage Sortant,91.22,308.4043,28132.64,65.47,28198.11,USD,1.0864,30634.43,Exécuté,SIX,OPE001
TRX002039,PF00067,INST008,2024-07-09,Dividende,240.72,200.5108,48266.96,152.75,48419.71,EUR,1.0,48419.71,Exécuté,OTC,OPE002
TRX002041,PF00074,INST006,2024-11-08,Arbitrage Entrant,174.5,59.7974,10434.65,39.71,10474.36,EUR,1.0,10474.36,Exécuté,NYSE,OPE004
TRX002042,PF00033,INST011,2024-11-18,Vente,473.31,465.954,220540.69,280.52,220821.21,EUR,1.0,220821.21,Exécuté,NYSE,OPE004
TRX002044,PF00142,INST006,2024-09-03,Vente,91.29,337.6108,30820.49,51.82,30872.31,EUR,1.0,30872.31,Exécuté,Xetra,OPE001
TRX002045,PF00104,INST002,2025-08-24,Frais,164.52,190.4393,31331.07,41.86,31289.21,EUR,1.0,31289.21,Exécuté,Xetra,OPE001
TRX002048,PF00029,INST014,2025-05-05,Arbitrage Sortant,422.21,68.3504,28858.22,95.88,28954.1,EUR,1.0,28954.1,Exécuté,Xetra,OPE003
TRX002049,PF00053,INST001,2023-11-26,Dividende,116.45,260.1671,30296.46,33.97,30330.43,USD,0.925,28055.65,Exécuté,SIX,OPE001
TRX002050,PF00018,INST012,2024-09-25,Vente,120.58,325.7118,39274.33,183.56,39457.89,USD,0.9854,38881.8,Exécuté,OTC,OPE004
TRX002052,PF00074,INST014,2025-07-27,Frais,217.96,164.8252,35925.3,44.92,35880.38,USD,0.9244,33167.82,Exécuté,SIX,OPE003
TRX002053,PF00055,INST015,2023-06-21,Dividende,364.74,246.4892,89904.47,379.68,90284.15,EUR,1.0,90284.15,Exécuté,OTC,OPE005
TRX002055,PF00114,INST012,2023-11-16,Coupon,466.82,300.32,140195.38,363.1,140558.48,EUR,1.0,140558.48,Exécuté,NYSE,OPE002
TRX002056,PF00102,INST003,2023-11-27,Frais,302.7,135.9067,41138.96,103.02,41035.94,EUR,1.0,41035.94,Exécuté,Xetra,OPE001
TRX002058,PF00005,INST009,2025-06-02,Vente,416.5,345.0415,143709.78,339.37,144049.15,EUR,1.0,144049.15,Exécuté,OTC,OPE005
TRX002059,PF00105,INST011,2024-12-23,Frais,145.96,150.87,22020.99,79.32,21941.67,EUR,1.0,21941.67,Exécuté,OTC,OPE005
TRX002063,PF00036,INST005,2025-07-09,Frais,270.68,323.2559,87498.91,405.05,87093.86,EUR,1.0,87093.86,Exécuté,SIX,OPE001
TRX002064,PF00085,INST013,2024-05-16,Frais,265.03,458.793,121593.91,249.36,121344.55,EUR,1.0,121344.55,Exécuté,Xetra,OPE002
TRX002065,PF00109,INST008,2025-06-05,Arbitrage Sortant,437.05,266.3054,116388.78,298.52,116687.3,EUR,1.0,116687.3,Exécuté,NYSE,OPE002
TRX002066,PF00008,INST004,2025-06-03,Frais,251.89,378.4729,95333.54,419.06,94914.48,EUR,1.0,94914.48,Exécuté,OTC,OPE002
TRX002067,PF00126,INST014,2024-09-25,Frais,40.81,473.1774,19310.37,45.31,19265.06,EUR,1.0,19265.06,Exécuté,OTC,OPE005
TRX002070,PF00119,INST012,2023-10-19,Achat,384.63,337.7786,129919.78,231.34,129688.44,EUR,1.0,129688.44,Exécuté,Euronext,OPE001
TRX002073,PF00032,INST001,2024-05-28,Dividende,164.54,440.8666,72540.19,159.4,72699.59,EUR,1.0,72699.59,Exécuté,SIX,OPE001
TRX002074,PF00088,INST015,2026-02-12,Arbitrage Entrant,397.74,270.1555,107451.65,195.84,107647.49,EUR,1.0,107647.49,Exécuté,SIX,OPE001
TRX002076,PF00086,INST009,2026-05-14,Dividende,487.74,488.5204,238270.94,1040.34,239311.28,EUR,1.0,239311.28,Exécuté,Xetra,OPE003
TRX002077,PF00116,INST011,2026-03-14,Vente,43.89,173.813,7628.65,19.4,7648.05,EUR,1.0,7648.05,Exécuté,OTC,OPE004
TRX002078,PF00146,INST003,2024-06-25,Dividende,174.01,439.8382,76536.25,107.54,76643.79,EUR,1.0,76643.79,Exécuté,SIX,OPE005
TRX002079,PF00011,INST011,2024-09-21,Vente,419.32,456.3966,191376.22,552.34,191928.56,USD,0.9914,190277.97,Exécuté,OTC,OPE005
TRX002080,PF00108,INST013,2023-07-09,Arbitrage Entrant,189.73,12.2961,2332.94,10.86,2343.8,EUR,1.0,2343.8,Exécuté,OTC,OPE001
TRX002081,PF00097,INST013,2023-10-04,Dividende,128.96,410.3301,52916.17,197.47,53113.64,EUR,1.0,53113.64,Exécuté,Euronext,OPE005
TRX002083,PF00096,INST002,2025-09-06,Achat,95.27,284.5061,27104.9,27.24,27077.66,EUR,1.0,27077.66,Exécuté,Euronext,OPE003
TRX002084,PF00037,INST008,2025-07-30,Coupon,105.06,75.8172,7965.36,35.28,8000.64,EUR,1.0,8000.64,Exécuté,Xetra,OPE003
TRX002087,PF00130,INST009,2024-10-18,Arbitrage Sortant,429.24,469.8574,201681.59,612.42,202294.01,EUR,1.0,202294.01,Exécuté,Xetra,OPE001
TRX002088,PF00061,INST014,2024-06-28,Arbitrage Sortant,383.69,273.4424,104917.11,479.58,105396.69,USD,1.0692,112690.14,Exécuté,SIX,OPE003
TRX002089,PF00051,INST001,2026-03-07,Arbitrage Entrant,483.95,404.9616,195981.17,948.44,196929.61,EUR,1.0,196929.61,Exécuté,SIX,OPE003
TRX002091,PF00141,INST008,2024-02-13,Coupon,326.3,185.9807,60685.5,184.96,60870.46,USD,0.9429,57394.76,Exécuté,SIX,OPE004
TRX002092,PF00004,INST014,2024-07-28,Dividende,48.05,361.5555,17372.74,59.42,17432.16,EUR,1.0,17432.16,Exécuté,NYSE,OPE005
TRX002093,PF00108,INST001,2025-09-07,Vente,272.93,203.99,55674.99,133.33,55808.32,USD,1.094,61054.3,Exécuté,Euronext,OPE002
TRX002094,PF00060,INST015,2026-01-01,Achat,306.0,364.839,111640.73,270.66,111370.07,EUR,1.0,111370.07,Exécuté,Euronext,OPE003
TRX002095,PF00072,INST002,2024-01-24,Achat,29.24,348.1692,10180.47,38.26,10142.21,EUR,1.0,10142.21,Exécuté,OTC,OPE002
TRX002096,PF00041,INST005,2026-01-26,Dividende,498.92,127.697,63710.59,204.09,63914.68,EUR,1.0,63914.68,Exécuté,OTC,OPE004
TRX002097,PF00080,INST002,2025-12-01,Arbitrage Entrant,461.87,80.6572,37253.14,78.54,37331.68,EUR,1.0,37331.68,Exécuté,OTC,OPE005
TRX002098,PF00122,INST003,2025-03-25,Arbitrage Entrant,195.5,135.3221,26455.47,125.22,26580.69,EUR,1.0,26580.69,Exécuté,NYSE,OPE002
TRX002099,PF00096,INST002,2024-02-17,Coupon,421.15,398.791,167950.83,292.59,168243.42,EUR,1.0,168243.42,Exécuté,NYSE,OPE002
TRX002104,PF00081,INST001,2025-09-07,Achat,48.79,129.2636,6306.77,14.72,6292.05,EUR,1.0,6292.05,Exécuté,SIX,OPE002
TRX002105,PF00119,INST002,2024-12-26,Vente,376.56,26.9576,10151.15,28.48,10179.63,USD,0.9187,9352.03,Exécuté,OTC,OPE004
TRX002106,PF00145,INST001,2025-08-07,Arbitrage Entrant,255.15,443.4538,113147.24,409.63,113556.87,EUR,1.0,113556.87,Exécuté,NYSE,OPE001
TRX002109,PF00063,INST007,2024-01-28,Achat,491.64,80.9029,39775.1,75.67,39699.43,EUR,1.0,39699.43,Exécuté,NYSE,OPE002
TRX002110,PF00093,INST003,2023-10-16,Achat,324.32,17.5444,5690.0,13.48,5676.52,USD,1.0823,6143.7,Exécuté,Euronext,OPE002
TRX002111,PF00005,INST010,2023-07-09,Dividende,153.24,413.4135,63351.48,265.53,63617.01,EUR,1.0,63617.01,Exécuté,SIX,OPE005
TRX002112,PF00006,INST004,2024-11-03,Arbitrage Entrant,92.13,324.3609,29883.37,72.09,29955.46,EUR,1.0,29955.46,Exécuté,NYSE,OPE004
TRX002113,PF00105,INST002,2026-01-01,Arbitrage Entrant,233.34,410.9872,95899.75,372.17,96271.92,EUR,1.0,96271.92,Exécuté,Xetra,OPE003
TRX002115,PF00138,INST010,2023-07-24,Arbitrage Sortant,46.37,404.6574,18763.96,59.33,18823.29,EUR,1.0,18823.29,Exécuté,OTC,OPE005
TRX002116,PF00106,INST005,2026-03-15,Coupon,278.45,397.6702,110731.27,513.04,111244.31,EUR,1.0,111244.31,Exécuté,NYSE,OPE004
TRX002118,PF00143,INST002,2024-10-19,Frais,55.66,25.9392,1443.78,3.13,1440.65,USD,0.9172,1321.36,Exécuté,Euronext,OPE001
TRX002119,PF00104,INST010,2025-02-01,Arbitrage Entrant,363.32,269.2524,97824.78,420.21,98244.99,USD,0.9786,96142.55,Exécuté,NYSE,OPE003
TRX002121,PF00058,INST010,2024-05-12,Frais,205.7,144.4173,29706.64,51.99,29654.65,EUR,1.0,29654.65,Exécuté,Euronext,OPE002
TRX002122,PF00052,INST012,2024-12-16,Arbitrage Entrant,246.34,470.0122,115782.81,184.5,115967.31,EUR,1.0,115967.31,Exécuté,Xetra,OPE001
TRX002123,PF00054,INST013,2025-10-21,Vente,1.99,20.1044,40.01,0.13,40.14,EUR,1.0,40.14,Exécuté,Xetra,OPE004
TRX002124,PF00117,INST004,2023-11-04,Frais,56.5,12.3663,698.7,2.14,696.56,EUR,1.0,696.56,Exécuté,Xetra,OPE001
TRX002128,PF00067,INST007,2025-04-15,Vente,21.27,21.2983,453.01,1.53,454.54,EUR,1.0,454.54,Exécuté,NYSE,OPE004
TRX002130,PF00024,INST011,2025-08-29,Frais,278.09,190.9962,53114.13,108.17,53005.96,USD,1.0518,55751.67,Exécuté,NYSE,OPE001
TRX002131,PF00049,INST011,2023-09-22,Dividende,402.66,335.718,135180.21,172.17,135352.38,USD,0.9648,130587.98,Exécuté,Xetra,OPE004
TRX002132,PF00106,INST001,2024-06-04,Coupon,161.5,472.2903,76274.88,261.53,76536.41,EUR,1.0,76536.41,Exécuté,OTC,OPE003
TRX002133,PF00104,INST007,2024-12-25,Coupon,74.99,36.2976,2721.96,3.36,2725.32,USD,0.9534,2598.32,Exécuté,NYSE,OPE005
TRX002136,PF00035,INST008,2026-04-05,Vente,395.04,185.6704,73347.23,358.21,73705.44,EUR,1.0,73705.44,Exécuté,NYSE,OPE002
TRX002137,PF00089,INST008,2025-12-26,Achat,5.2,52.7231,274.16,0.95,273.21,USD,1.0103,276.02,Exécuté,Euronext,OPE005
TRX002138,PF00030,INST011,2024-07-11,Coupon,469.2,317.8875,149152.82,618.27,149771.09,EUR,1.0,149771.09,Exécuté,OTC,OPE001
TRX002141,PF00023,INST012,2023-09-11,Arbitrage Entrant,453.78,108.2469,49120.28,226.75,49347.03,EUR,1.0,49347.03,Exécuté,Xetra,OPE001
TRX002143,PF00084,INST004,2026-02-20,Arbitrage Sortant,386.18,367.9515,142095.51,695.45,142790.96,EUR,1.0,142790.96,Exécuté,SIX,OPE001
TRX002144,PF00079,INST011,2025-05-13,Vente,447.02,489.45,218793.94,585.46,219379.4,USD,1.0704,234823.71,Exécuté,SIX,OPE001
TRX002145,PF00028,INST010,2025-01-28,Achat,167.12,13.3534,2231.62,6.69,2224.93,USD,1.0928,2431.4,Exécuté,SIX,OPE002
TRX002147,PF00082,INST013,2025-02-04,Achat,374.98,71.8466,26941.04,76.39,26864.65,USD,0.9788,26295.12,Exécuté,OTC,OPE004
TRX002148,PF00108,INST012,2024-12-04,Arbitrage Sortant,194.33,182.0304,35373.97,134.25,35508.22,EUR,1.0,35508.22,Exécuté,NYSE,OPE003
TRX002150,PF00076,INST008,2024-12-22,Coupon,415.1,334.5718,138880.75,460.07,139340.82,USD,0.9723,135481.08,Exécuté,SIX,OPE001
TRX002151,PF00131,INST005,2023-08-25,Frais,283.25,496.7766,140711.97,688.67,140023.3,USD,0.9471,132616.07,Exécuté,NYSE,OPE003
TRX002152,PF00014,INST005,2026-02-22,Arbitrage Entrant,210.22,372.0711,78216.79,196.61,78413.4,USD,1.0895,85431.4,Exécuté,Euronext,OPE003
TRX002154,PF00103,INST011,2025-06-26,Arbitrage Entrant,138.93,148.6969,20658.46,88.28,20746.74,EUR,1.0,20746.74,Exécuté,OTC,OPE004
TRX002155,PF00051,INST009,2024-06-16,Frais,41.07,81.9083,3363.97,6.72,3357.25,EUR,1.0,3357.25,Exécuté,Xetra,OPE002
TRX002157,PF00108,INST009,2025-11-26,Achat,496.54,208.5243,103540.66,462.28,103078.38,EUR,1.0,103078.38,Exécuté,Euronext,OPE001
TRX002158,PF00012,INST003,2023-10-10,Achat,81.34,440.2997,35813.98,80.37,35733.61,EUR,1.0,35733.61,Exécuté,NYSE,OPE002
TRX002159,PF00008,INST002,2024-03-10,Arbitrage Entrant,201.32,162.3681,32687.95,129.96,32817.91,EUR,1.0,32817.91,Exécuté,NYSE,OPE004
TRX002160,PF00037,INST002,2025-12-24,Arbitrage Entrant,365.26,437.4246,159773.71,405.86,160179.57,EUR,1.0,160179.57,Exécuté,NYSE,OPE001
TRX002161,PF00052,INST002,2025-11-18,Frais,223.91,415.7553,93091.77,325.04,92766.73,EUR,1.0,92766.73,Exécuté,Euronext,OPE003
TRX002163,PF00120,INST013,2025-09-15,Arbitrage Entrant,277.83,32.3377,8984.38,35.91,9020.29,EUR,1.0,9020.29,Exécuté,Xetra,OPE005
TRX002168,PF00121,INST014,2024-10-06,Vente,65.76,109.3733,7192.39,24.33,7216.72,EUR,1.0,7216.72,Exécuté,SIX,OPE004
TRX002170,PF00047,INST013,2025-01-24,Dividende,273.97,340.1308,93185.64,360.19,93545.83,EUR,1.0,93545.83,Exécuté,SIX,OPE005
TRX002173,PF00067,INST007,2025-05-13,Arbitrage Entrant,236.61,200.5774,47458.62,131.46,47590.08,EUR,1.0,47590.08,Exécuté,SIX,OPE005
TRX002174,PF00031,INST004,2024-10-01,Frais,425.0,458.0514,194671.85,478.64,194193.21,USD,0.9179,178249.95,Exécuté,Euronext,OPE004
TRX002175,PF00077,INST014,2025-11-16,Vente,194.81,12.1618,2369.24,11.16,2380.4,USD,0.9395,2236.39,Exécuté,OTC,OPE003
TRX002176,PF00041,INST005,2023-12-08,Arbitrage Sortant,106.73,376.5482,40188.99,58.28,40247.27,USD,1.0156,40875.13,Exécuté,OTC,OPE003
TRX002179,PF00100,INST012,2025-01-04,Dividende,202.74,399.1521,80924.1,155.73,81079.83,EUR,1.0,81079.83,Exécuté,Xetra,OPE005
TRX002181,PF00040,INST008,2025-05-09,Frais,410.31,296.7518,121760.23,328.5,121431.73,EUR,1.0,121431.73,Exécuté,SIX,OPE002
TRX002183,PF00026,INST003,2024-04-03,Vente,296.55,384.8877,114138.45,341.39,114479.84,EUR,1.0,114479.84,Exécuté,Xetra,OPE003
TRX002184,PF00040,INST007,2025-09-13,Arbitrage Sortant,469.51,32.3511,15189.16,55.98,15245.14,EUR,1.0,15245.14,Exécuté,NYSE,OPE004
TRX002185,PF00005,INST003,2024-02-25,Dividende,393.6,223.2145,87857.23,347.26,88204.49,EUR,1.0,88204.49,Exécuté,SIX,OPE004
TRX002187,PF00093,INST007,2026-01-30,Arbitrage Sortant,132.52,329.646,43684.69,136.57,43821.26,USD,0.9962,43654.74,Exécuté,NYSE,OPE001
TRX002188,PF00125,INST006,2024-08-12,Dividende,489.37,269.7374,132001.39,541.9,132543.29,EUR,1.0,132543.29,Exécuté,Euronext,OPE003
TRX002189,PF00129,INST014,2023-09-26,Dividende,353.13,339.1423,119761.32,303.39,120064.71,USD,1.0125,121565.52,Exécuté,Xetra,OPE004
TRX002190,PF00136,INST007,2024-12-09,Vente,446.86,101.1089,45181.52,138.47,45319.99,EUR,1.0,45319.99,Exécuté,SIX,OPE004
TRX002191,PF00110,INST005,2024-05-10,Vente,6.13,329.8243,2021.82,5.07,2026.89,USD,0.9288,1882.58,Exécuté,NYSE,OPE003
TRX002192,PF00054,INST012,2026-05-02,Frais,483.48,206.4345,99806.95,266.51,99540.44,USD,0.9716,96713.49,Exécuté,NYSE,OPE005
TRX002193,PF00111,INST012,2026-05-03,Frais,418.11,307.6169,128617.7,337.72,128279.98,EUR,1.0,128279.98,Exécuté,OTC,OPE005
TRX002194,PF00101,INST010,2026-02-25,Arbitrage Entrant,117.64,38.1918,4492.88,10.51,4503.39,EUR,1.0,4503.39,Exécuté,Xetra,OPE001
TRX002196,PF00084,INST010,2026-02-03,Arbitrage Sortant,225.24,476.2569,107272.1,440.46,107712.56,EUR,1.0,107712.56,Exécuté,Xetra,OPE004
TRX002197,PF00116,INST001,2024-12-04,Arbitrage Entrant,237.37,301.7356,71622.98,204.38,71827.36,EUR,1.0,71827.36,Exécuté,Xetra,OPE002
TRX002198,PF00112,INST014,2023-05-30,Achat,293.76,432.701,127110.25,249.77,126860.48,EUR,1.0,126860.48,Exécuté,NYSE,OPE004
TRX002199,PF00054,INST014,2023-08-11,Coupon,375.04,73.8166,27684.18,108.37,27792.55,USD,0.9119,25344.03,Exécuté,NYSE,OPE002
TRX002201,PF00126,INST002,2025-02-25,Coupon,83.03,391.9245,32541.49,53.06,32594.55,EUR,1.0,32594.55,Exécuté,Xetra,OPE003
TRX002204,PF00025,INST015,2025-06-17,Dividende,93.01,204.7851,19047.06,56.79,19103.85,EUR,1.0,19103.85,Exécuté,SIX,OPE005
TRX002205,PF00007,INST014,2025-02-27,Achat,225.84,442.9337,100032.15,403.92,99628.23,USD,1.0612,105725.48,Exécuté,SIX,OPE002
TRX002206,PF00115,INST015,2024-06-05,Arbitrage Sortant,20.63,177.7923,3667.86,3.83,3671.69,EUR,1.0,3671.69,Exécuté,OTC,OPE002
TRX002210,PF00084,INST002,2024-03-18,Arbitrage Entrant,302.21,371.6984,112330.97,213.37,112544.34,EUR,1.0,112544.34,Exécuté,SIX,OPE002
TRX002211,PF00139,INST014,2023-10-04,Achat,80.87,290.57,23498.4,100.78,23397.62,USD,0.9696,22686.33,Exécuté,Xetra,OPE005
TRX002212,PF00110,INST001,2024-02-25,Vente,415.39,362.0779,150403.54,422.67,150826.21,EUR,1.0,150826.21,Exécuté,SIX,OPE002
TRX002213,PF00142,INST011,2025-02-25,Dividende,178.59,110.6504,19761.05,58.43,19819.48,EUR,1.0,19819.48,Exécuté,SIX,OPE001
TRX002214,PF00130,INST014,2026-01-31,Frais,217.99,409.8716,89347.91,238.99,89108.92,EUR,1.0,89108.92,Exécuté,SIX,OPE001
TRX002215,PF00044,INST001,2026-04-06,Frais,6.1,360.2855,2197.74,3.11,2194.63,USD,1.019,2236.33,Exécuté,NYSE,OPE001
TRX002216,PF00096,INST013,2026-02-17,Arbitrage Sortant,472.3,442.2372,208868.63,407.88,209276.51,EUR,1.0,209276.51,Exécuté,Xetra,OPE005
TRX002217,PF00147,INST015,2026-03-29,Achat,292.81,94.9428,27800.2,45.25,27754.95,USD,0.9495,26353.33,Exécuté,Euronext,OPE002
TRX002218,PF00063,INST006,2023-07-01,Achat,21.33,406.6979,8674.87,40.11,8634.76,EUR,1.0,8634.76,Exécuté,Euronext,OPE001
TRX002220,PF00144,INST005,2024-09-17,Arbitrage Entrant,391.9,315.653,123704.41,497.32,124201.73,USD,0.9385,116563.32,Exécuté,Xetra,OPE002
TRX002221,PF00101,INST015,2024-09-17,Vente,296.46,74.8087,22177.79,94.2,22271.99,EUR,1.0,22271.99,Exécuté,OTC,OPE005
TRX002222,PF00060,INST002,2023-08-13,Vente,415.99,396.4435,164916.53,661.42,165577.95,EUR,1.0,165577.95,Exécuté,OTC,OPE001
TRX002223,PF00114,INST013,2025-11-06,Dividende,375.93,202.4827,76119.32,352.49,76471.81,USD,1.0903,83377.21,Exécuté,NYSE,OPE002
TRX002224,PF00128,INST007,2024-04-25,Vente,38.55,235.295,9070.62,30.4,9101.02,EUR,1.0,9101.02,Exécuté,Euronext,OPE001
TRX002225,PF00099,INST003,2025-10-14,Frais,387.66,141.4188,54822.41,75.2,54747.21,USD,1.0803,59143.41,Exécuté,OTC,OPE001
TRX002226,PF00034,INST003,2023-05-20,Coupon,223.72,354.4654,79301.0,110.98,79411.98,EUR,1.0,79411.98,Exécuté,SIX,OPE002
TRX002227,PF00109,INST014,2025-10-15,Dividende,237.25,84.0609,19943.45,87.99,20031.44,EUR,1.0,20031.44,Exécuté,SIX,OPE001
TRX002229,PF00137,INST015,2025-12-13,Dividende,158.39,77.34,12249.88,15.24,12265.12,USD,1.041,12767.99,Exécuté,Xetra,OPE002
TRX002230,PF00085,INST006,2023-09-14,Achat,159.58,142.7438,22779.06,88.36,22690.7,USD,0.9201,20877.71,Exécuté,Xetra,OPE002
TRX002232,PF00065,INST014,2024-10-13,Vente,77.51,55.7779,4323.35,13.75,4337.1,EUR,1.0,4337.1,Exécuté,OTC,OPE001
TRX002234,PF00051,INST004,2024-11-22,Vente,379.02,298.5667,113162.75,559.56,113722.31,EUR,1.0,113722.31,Exécuté,Euronext,OPE003
TRX002235,PF00015,INST003,2023-07-20,Dividende,234.17,276.0218,64636.02,139.57,64775.59,EUR,1.0,64775.59,Exécuté,Euronext,OPE005
TRX002238,PF00150,INST013,2025-08-02,Vente,181.84,462.7491,84146.3,374.37,84520.67,EUR,1.0,84520.67,Exécuté,Euronext,OPE005
TRX002240,PF00104,INST003,2025-11-18,Arbitrage Sortant,441.58,156.9391,69301.17,117.01,69418.18,EUR,1.0,69418.18,Exécuté,OTC,OPE003
TRX002241,PF00047,INST011,2025-09-25,Achat,46.23,473.4244,21886.41,91.3,21795.11,USD,1.0844,23634.62,Exécuté,Xetra,OPE005
TRX002243,PF00011,INST003,2025-08-12,Coupon,199.85,138.5153,27682.28,119.7,27801.98,EUR,1.0,27801.98,Exécuté,OTC,OPE003
TRX002244,PF00111,INST004,2024-06-09,Vente,34.31,419.6174,14397.07,51.66,14448.73,EUR,1.0,14448.73,Exécuté,OTC,OPE001
TRX002245,PF00013,INST012,2026-02-20,Arbitrage Sortant,43.12,117.607,5071.21,12.59,5083.8,USD,1.0077,5122.95,Exécuté,NYSE,OPE002
TRX002246,PF00077,INST014,2024-06-25,Coupon,47.73,475.3225,22687.14,42.85,22729.99,EUR,1.0,22729.99,Exécuté,SIX,OPE001
TRX002247,PF00136,INST003,2024-01-15,Coupon,243.44,28.2632,6880.39,17.89,6898.28,EUR,1.0,6898.28,Exécuté,SIX,OPE001
TRX002248,PF00122,INST007,2024-11-02,Arbitrage Sortant,65.77,147.8763,9725.82,37.3,9763.12,EUR,1.0,9763.12,Exécuté,Euronext,OPE005
TRX002249,PF00084,INST004,2025-02-15,Coupon,87.56,142.9747,12518.86,17.03,12535.89,EUR,1.0,12535.89,Exécuté,NYSE,OPE001
TRX002250,PF00053,INST014,2023-05-28,Vente,393.46,66.1864,26041.7,93.01,26134.71,EUR,1.0,26134.71,Exécuté,Euronext,OPE004
TRX002251,PF00077,INST003,2025-06-11,Vente,357.99,200.6538,71832.05,151.14,71983.19,EUR,1.0,71983.19,Exécuté,NYSE,OPE004
TRX002252,PF00046,INST008,2023-06-09,Coupon,329.59,200.2971,66015.92,161.61,66177.53,EUR,1.0,66177.53,Exécuté,SIX,OPE002
TRX002253,PF00065,INST010,2025-11-10,Dividende,90.85,487.5922,44297.75,189.38,44487.13,EUR,1.0,44487.13,Exécuté,SIX,OPE003
TRX002255,PF00049,INST003,2025-01-12,Dividende,348.97,30.1764,10530.66,17.64,10548.3,USD,0.9891,10433.32,Exécuté,Xetra,OPE001
TRX002257,PF00115,INST010,2025-10-19,Arbitrage Sortant,498.72,91.0988,45432.79,204.29,45637.08,EUR,1.0,45637.08,Exécuté,SIX,OPE002
TRX002258,PF00108,INST009,2023-06-11,Frais,21.69,347.2251,7531.31,12.74,7518.57,EUR,1.0,7518.57,Exécuté,Euronext,OPE001
TRX002260,PF00024,INST007,2024-04-11,Arbitrage Entrant,139.99,167.4307,23438.62,78.75,23517.37,EUR,1.0,23517.37,Exécuté,OTC,OPE002
TRX002261,PF00123,INST009,2024-12-19,Achat,131.66,219.3971,28885.82,64.09,28821.73,EUR,1.0,28821.73,Exécuté,Xetra,OPE002
TRX002262,PF00117,INST009,2025-06-12,Frais,131.7,114.0165,15015.97,18.09,14997.88,EUR,1.0,14997.88,Exécuté,OTC,OPE004
TRX002263,PF00090,INST015,2025-07-13,Coupon,128.95,212.906,27454.23,78.78,27533.01,EUR,1.0,27533.01,Exécuté,SIX,OPE005
TRX002264,PF00018,INST006,2025-11-25,Arbitrage Entrant,149.17,350.0633,52218.94,160.72,52379.66,EUR,1.0,52379.66,Exécuté,NYSE,OPE004
TRX002265,PF00122,INST015,2023-07-11,Arbitrage Entrant,84.3,423.1304,35669.89,37.25,35707.14,EUR,1.0,35707.14,Exécuté,Euronext,OPE004
TRX002266,PF00144,INST007,2024-05-28,Achat,145.74,125.7321,18324.2,48.51,18275.69,EUR,1.0,18275.69,Exécuté,Xetra,OPE001
TRX002269,PF00047,INST007,2024-04-01,Coupon,444.04,242.9337,107872.28,355.82,108228.1,EUR,1.0,108228.1,Exécuté,OTC,OPE001
TRX002272,PF00103,INST001,2024-01-02,Arbitrage Entrant,422.07,401.4218,169428.1,601.59,170029.69,EUR,1.0,170029.69,Exécuté,OTC,OPE002
TRX002273,PF00036,INST014,2025-09-20,Achat,347.54,38.7545,13468.74,48.37,13420.37,EUR,1.0,13420.37,Exécuté,OTC,OPE004
TRX002276,PF00126,INST002,2025-01-28,Frais,77.81,354.1897,27559.5,134.02,27425.48,USD,1.0545,28920.17,Exécuté,SIX,OPE001
TRX002277,PF00118,INST012,2025-10-04,Achat,267.41,412.9557,110428.48,246.46,110182.02,EUR,1.0,110182.02,Exécuté,SIX,OPE005
TRX002278,PF00075,INST003,2025-09-15,Achat,103.92,350.7735,36452.38,114.54,36337.84,USD,1.0945,39771.77,Exécuté,NYSE,OPE003
TRX002280,PF00046,INST002,2025-01-29,Frais,170.65,273.918,46744.11,82.24,46661.87,EUR,1.0,46661.87,Exécuté,OTC,OPE005
TRX002281,PF00042,INST005,2024-04-20,Vente,281.14,261.1885,73430.53,301.29,73731.82,USD,1.0623,78325.31,Exécuté,Euronext,OPE004
TRX002282,PF00138,INST002,2024-07-23,Coupon,236.27,431.4159,101930.63,104.21,102034.84,EUR,1.0,102034.84,Exécuté,NYSE,OPE001
TRX002283,PF00088,INST015,2024-09-15,Arbitrage Entrant,264.32,433.2117,114506.52,461.98,114968.5,EUR,1.0,114968.5,Exécuté,SIX,OPE003
TRX002284,PF00149,INST015,2024-08-28,Arbitrage Entrant,329.43,451.6137,148775.1,538.0,149313.1,EUR,1.0,149313.1,Exécuté,Euronext,OPE002
TRX002285,PF00115,INST013,2024-01-03,Achat,58.1,36.6556,2129.69,7.23,2122.46,USD,0.9825,2085.32,Exécuté,Euronext,OPE004
TRX002287,PF00039,INST009,2025-08-19,Vente,300.72,213.1634,64102.5,108.68,64211.18,EUR,1.0,64211.18,Exécuté,OTC,OPE003
TRX002290,PF00044,INST013,2024-01-09,Coupon,203.67,74.8915,15253.15,49.27,15302.42,USD,1.0681,16344.51,Exécuté,OTC,OPE001
TRX002291,PF00117,INST001,2024-03-07,Arbitrage Entrant,378.95,95.8628,36327.21,170.42,36497.63,USD,1.0345,37756.8,Exécuté,Xetra,OPE003
TRX002292,PF00056,INST006,2024-07-18,Arbitrage Sortant,297.84,318.8049,94952.85,164.79,95117.64,EUR,1.0,95117.64,Exécuté,OTC,OPE004
TRX002293,PF00002,INST002,2025-07-16,Vente,6.47,375.7255,2430.94,10.31,2441.25,USD,0.9597,2342.87,Exécuté,NYSE,OPE004
TRX002294,PF00005,INST010,2023-06-07,Achat,469.46,86.5429,40628.43,76.84,40551.59,EUR,1.0,40551.59,Exécuté,Euronext,OPE002
TRX002295,PF00142,INST015,2025-11-18,Dividende,285.37,208.4838,59495.02,253.77,59748.79,EUR,1.0,59748.79,Exécuté,OTC,OPE004
TRX002296,PF00115,INST001,2024-08-13,Vente,459.23,153.8855,70668.84,176.79,70845.63,USD,1.0689,75726.89,Exécuté,Euronext,OPE003
TRX002297,PF00091,INST004,2025-10-26,Arbitrage Entrant,382.29,135.3627,51747.81,207.8,51955.61,EUR,1.0,51955.61,Exécuté,Xetra,OPE001
TRX002299,PF00064,INST009,2024-05-21,Dividende,138.95,359.0271,49886.82,131.92,50018.74,USD,1.0921,54625.47,Exécuté,SIX,OPE001
TRX002300,PF00098,INST007,2026-01-11,Arbitrage Sortant,232.33,389.9768,90603.31,442.2,91045.51,EUR,1.0,91045.51,Exécuté,OTC,OPE001
TRX002301,PF00034,INST006,2026-04-01,Frais,155.9,410.1323,63939.63,311.46,63628.17,USD,0.927,58983.31,Exécuté,Xetra,OPE002
TRX002305,PF00143,INST009,2024-02-02,Coupon,355.35,230.9605,82071.81,143.56,82215.37,EUR,1.0,82215.37,Exécuté,Xetra,OPE001
TRX002307,PF00084,INST004,2023-12-10,Frais,264.41,102.9037,27208.77,110.41,27098.36,EUR,1.0,27098.36,Exécuté,NYSE,OPE004
TRX002311,PF00009,INST010,2025-08-22,Frais,270.53,325.7694,88130.4,381.72,87748.68,EUR,1.0,87748.68,Exécuté,NYSE,OPE002
TRX002314,PF00067,INST009,2024-08-08,Frais,200.94,458.5331,92137.64,301.62,91836.02,EUR,1.0,91836.02,Exécuté,SIX,OPE005
TRX002316,PF00105,INST002,2026-02-14,Frais,215.88,173.2707,37405.68,109.27,37296.41,EUR,1.0,37296.41,Exécuté,Xetra,OPE002
TRX002317,PF00079,INST008,2025-03-31,Dividende,61.14,90.0497,5505.64,10.47,5516.11,EUR,1.0,5516.11,Exécuté,SIX,OPE005
TRX002318,PF00081,INST014,2023-05-24,Coupon,49.37,35.3966,1747.53,5.17,1752.7,USD,1.0285,1802.65,Exécuté,SIX,OPE003
TRX002319,PF00016,INST004,2026-01-20,Coupon,43.99,292.0434,12846.99,46.93,12893.92,EUR,1.0,12893.92,Exécuté,Xetra,OPE005
TRX002320,PF00150,INST010,2025-06-20,Arbitrage Entrant,36.42,107.1552,3902.59,11.46,3914.05,USD,0.9919,3882.35,Exécuté,Xetra,OPE002
TRX002321,PF00076,INST014,2023-07-15,Dividende,138.26,229.7914,31770.96,101.66,31872.62,EUR,1.0,31872.62,Exécuté,SIX,OPE004
TRX002322,PF00007,INST008,2025-06-10,Arbitrage Entrant,479.43,213.8316,102517.28,155.28,102672.56,USD,0.963,98873.68,Exécuté,Euronext,OPE004
TRX002324,PF00124,INST012,2023-08-22,Vente,480.55,91.5648,44001.46,138.73,44140.19,EUR,1.0,44140.19,Exécuté,Xetra,OPE003
TRX002326,PF00089,INST009,2024-04-23,Arbitrage Entrant,40.45,370.937,15004.4,20.73,15025.13,EUR,1.0,15025.13,Exécuté,Xetra,OPE005
TRX002328,PF00013,INST005,2025-10-23,Achat,294.33,447.2078,131626.67,553.44,131073.23,EUR,1.0,131073.23,Exécuté,Xetra,OPE001
TRX002331,PF00072,INST011,2025-10-30,Arbitrage Entrant,372.13,333.435,124081.17,389.21,124470.38,EUR,1.0,124470.38,Exécuté,SIX,OPE003
TRX002333,PF00061,INST006,2025-05-08,Arbitrage Entrant,209.34,108.0429,22617.7,106.99,22724.69,EUR,1.0,22724.69,Exécuté,Xetra,OPE001
TRX002334,PF00129,INST015,2025-03-24,Frais,450.1,383.4227,172578.56,752.74,171825.82,EUR,1.0,171825.82,Exécuté,OTC,OPE005
TRX002336,PF00139,INST014,2025-12-22,Arbitrage Entrant,411.34,318.3087,130933.1,643.71,131576.81,USD,0.9158,120498.04,Exécuté,NYSE,OPE004
TRX002337,PF00097,INST002,2025-05-21,Achat,168.31,145.0818,24418.72,57.48,24361.24,EUR,1.0,24361.24,Exécuté,NYSE,OPE004
TRX002339,PF00005,INST006,2025-06-12,Vente,300.71,240.488,72317.15,74.35,72391.5,EUR,1.0,72391.5,Exécuté,Xetra,OPE003
TRX002340,PF00076,INST008,2025-11-09,Arbitrage Entrant,349.41,397.0801,138743.76,617.99,139361.75,USD,1.0837,151026.33,Exécuté,Euronext,OPE004
TRX002342,PF00105,INST003,2024-06-09,Arbitrage Sortant,204.32,131.6166,26891.9,102.53,26994.43,EUR,1.0,26994.43,Exécuté,Xetra,OPE002
TRX002346,PF00140,INST010,2025-11-14,Achat,6.46,116.0142,749.45,0.88,748.57,EUR,1.0,748.57,Exécuté,Euronext,OPE002
TRX002348,PF00120,INST012,2024-09-10,Frais,183.97,430.1594,79136.42,260.98,78875.44,USD,1.0938,86273.96,Exécuté,Euronext,OPE005
TRX002349,PF00137,INST007,2024-05-21,Achat,67.39,483.834,32605.57,78.1,32527.47,EUR,1.0,32527.47,Exécuté,Xetra,OPE003
TRX002350,PF00070,INST011,2024-05-06,Frais,475.96,31.4839,14985.08,32.12,14952.96,EUR,1.0,14952.96,Exécuté,Xetra,OPE002
TRX002351,PF00132,INST002,2025-01-29,Achat,279.16,319.0046,89053.32,132.08,88921.24,EUR,1.0,88921.24,Exécuté,Xetra,OPE005
TRX002352,PF00055,INST005,2024-04-16,Arbitrage Sortant,422.79,383.4236,162107.66,420.27,162527.93,EUR,1.0,162527.93,Exécuté,NYSE,OPE005
TRX002355,PF00115,INST014,2026-04-12,Arbitrage Entrant,77.98,216.5837,16889.2,79.14,16968.34,EUR,1.0,16968.34,Exécuté,NYSE,OPE003
TRX002356,PF00017,INST006,2025-05-21,Frais,183.22,44.7931,8206.99,39.55,8167.44,EUR,1.0,8167.44,Exécuté,SIX,OPE002
TRX002359,PF00015,INST012,2024-06-27,Coupon,484.35,368.6422,178551.85,439.5,178991.35,EUR,1.0,178991.35,Exécuté,SIX,OPE005
TRX002362,PF00144,INST008,2025-12-21,Coupon,273.92,13.3886,3667.41,13.74,3681.15,EUR,1.0,3681.15,Exécuté,NYSE,OPE004
TRX002365,PF00035,INST004,2024-02-23,Frais,499.15,208.3875,104016.62,211.81,103804.81,USD,1.0737,111455.22,Exécuté,Xetra,OPE002
TRX002367,PF00041,INST004,2023-06-15,Arbitrage Entrant,267.92,175.6924,47071.51,73.56,47145.07,USD,0.9477,44679.38,Exécuté,Euronext,OPE005
TRX002368,PF00025,INST005,2024-01-18,Arbitrage Entrant,495.8,41.9767,20812.05,72.16,20884.21,USD,1.0522,21974.37,Exécuté,OTC,OPE003
TRX002369,PF00076,INST003,2026-04-11,Vente,480.8,252.3756,121342.19,155.61,121497.8,USD,1.0779,130962.48,Exécuté,SIX,OPE003
TRX002370,PF00083,INST014,2024-09-30,Achat,164.8,141.6772,23348.4,55.3,23293.1,EUR,1.0,23293.1,Exécuté,SIX,OPE003
TRX002371,PF00112,INST010,2026-01-17,Arbitrage Entrant,305.07,44.0256,13430.89,43.04,13473.93,USD,0.9249,12462.04,Exécuté,SIX,OPE003
TRX002374,PF00123,INST001,2026-04-03,Arbitrage Sortant,222.03,111.5943,24777.28,60.61,24837.89,USD,0.9757,24234.33,Exécuté,Xetra,OPE005
TRX002375,PF00081,INST003,2024-07-17,Frais,252.21,159.0754,40120.41,141.25,39979.16,EUR,1.0,39979.16,Exécuté,SIX,OPE003
TRX002376,PF00014,INST003,2023-08-12,Coupon,135.85,340.9448,46317.35,207.23,46524.58,EUR,1.0,46524.58,Exécuté,OTC,OPE002
TRX002377,PF00110,INST008,2024-10-04,Coupon,69.72,288.8956,20141.8,20.34,20162.14,EUR,1.0,20162.14,Exécuté,Euronext,OPE001
TRX002378,PF00063,INST012,2025-03-23,Coupon,96.26,259.0948,24940.47,122.92,25063.39,EUR,1.0,25063.39,Exécuté,SIX,OPE001
TRX002379,PF00073,INST010,2026-03-11,Coupon,134.37,301.5562,40520.11,145.17,40665.28,USD,0.9209,37448.66,Exécuté,OTC,OPE005
TRX002380,PF00125,INST012,2023-08-25,Frais,419.48,356.9531,149734.69,654.11,149080.58,EUR,1.0,149080.58,Exécuté,OTC,OPE005
TRX002381,PF00110,INST001,2025-04-18,Frais,370.31,445.4846,164967.4,702.01,164265.39,EUR,1.0,164265.39,Exécuté,OTC,OPE002
TRX002383,PF00026,INST003,2025-02-14,Achat,79.32,278.5458,22094.25,84.3,22009.95,EUR,1.0,22009.95,Exécuté,Xetra,OPE005
TRX002385,PF00050,INST014,2024-06-23,Frais,486.11,354.5675,172358.81,382.08,171976.73,EUR,1.0,171976.73,Exécuté,NYSE,OPE002
TRX002386,PF00088,INST007,2025-01-23,Arbitrage Entrant,231.09,256.9677,59382.67,176.18,59558.85,USD,1.0818,64430.76,Exécuté,NYSE,OPE004
TRX002387,PF00135,INST011,2025-01-02,Frais,324.82,38.3262,12449.12,45.18,12403.94,EUR,1.0,12403.94,Exécuté,SIX,OPE005
TRX002390,PF00132,INST007,2023-05-31,Arbitrage Entrant,222.47,141.9764,31585.49,129.51,31715.0,EUR,1.0,31715.0,Exécuté,OTC,OPE002
TRX002391,PF00001,INST014,2024-01-03,Frais,429.18,227.9393,97826.99,176.61,97650.38,EUR,1.0,97650.38,Exécuté,OTC,OPE001
TRX002396,PF00015,INST006,2024-06-27,Achat,207.95,182.9211,38038.44,87.5,37950.94,USD,0.935,35484.13,Exécuté,Xetra,OPE003
TRX002397,PF00018,INST013,2024-07-18,Frais,294.78,241.4316,71169.21,155.46,71013.75,USD,1.0603,75295.88,Exécuté,NYSE,OPE005
TRX002399,PF00116,INST001,2023-08-13,Vente,204.7,32.3351,6618.99,23.09,6642.08,EUR,1.0,6642.08,Exécuté,NYSE,OPE005
TRX002402,PF00125,INST014,2025-05-08,Arbitrage Sortant,459.73,448.7087,206284.85,930.46,207215.31,USD,1.0681,221326.67,Exécuté,NYSE,OPE005
TRX002403,PF00069,INST002,2024-04-25,Vente,181.93,308.6025,56144.05,174.41,56318.46,EUR,1.0,56318.46,Exécuté,Euronext,OPE004
TRX002405,PF00058,INST010,2024-03-18,Dividende,338.74,445.2529,150824.97,503.44,151328.41,EUR,1.0,151328.41,Exécuté,SIX,OPE001
TRX002406,PF00044,INST012,2025-05-12,Frais,126.24,82.098,10364.05,46.51,10317.54,EUR,1.0,10317.54,Exécuté,Euronext,OPE003
TRX002408,PF00040,INST001,2023-06-18,Vente,49.09,374.6099,18389.6,67.31,18456.91,EUR,1.0,18456.91,Exécuté,OTC,OPE004
TRX002410,PF00134,INST012,2024-07-13,Vente,101.53,255.4215,25932.94,104.21,26037.15,USD,1.0678,27802.47,Exécuté,OTC,OPE004
TRX002412,PF00141,INST007,2025-10-15,Arbitrage Entrant,311.73,147.1759,45879.14,130.16,46009.3,EUR,1.0,46009.3,Exécuté,OTC,OPE002
TRX002413,PF00026,INST014,2025-04-05,Coupon,97.04,11.219,1088.69,2.84,1091.53,USD,1.0314,1125.8,Exécuté,Xetra,OPE001
TRX002414,PF00136,INST015,2023-12-04,Arbitrage Sortant,382.41,239.6821,91656.83,275.21,91932.04,EUR,1.0,91932.04,Exécuté,SIX,OPE003
TRX002415,PF00088,INST010,2023-09-03,Dividende,207.75,278.8921,57939.83,251.68,58191.51,EUR,1.0,58191.51,Exécuté,NYSE,OPE002
TRX002416,PF00118,INST012,2025-06-04,Vente,110.81,242.141,26831.64,75.16,26906.8,EUR,1.0,26906.8,Exécuté,NYSE,OPE002
TRX002417,PF00121,INST011,2025-12-29,Arbitrage Sortant,287.03,27.5967,7921.08,33.67,7954.75,EUR,1.0,7954.75,Exécuté,Xetra,OPE005
TRX002420,PF00011,INST014,2024-06-24,Coupon,374.72,236.7568,88717.51,112.25,88829.76,EUR,1.0,88829.76,Exécuté,SIX,OPE005
TRX002421,PF00015,INST009,2024-09-09,Frais,151.95,259.8646,39486.43,135.6,39350.83,EUR,1.0,39350.83,Exécuté,SIX,OPE005
TRX002422,PF00054,INST009,2025-06-14,Dividende,275.7,227.214,62642.9,114.1,62757.0,EUR,1.0,62757.0,Exécuté,Euronext,OPE004
TRX002424,PF00023,INST009,2024-09-25,Arbitrage Sortant,273.86,85.7963,23496.17,76.79,23572.96,EUR,1.0,23572.96,Exécuté,OTC,OPE002
TRX002425,PF00007,INST011,2025-05-08,Arbitrage Sortant,244.74,458.5501,112225.55,286.41,112511.96,EUR,1.0,112511.96,Exécuté,Euronext,OPE004
TRX002429,PF00114,INST004,2025-06-05,Arbitrage Entrant,51.68,93.6962,4842.22,20.44,4862.66,USD,0.92,4473.65,Exécuté,Xetra,OPE001
TRX002431,PF00133,INST005,2025-11-23,Arbitrage Entrant,411.26,139.0697,57193.8,128.38,57322.18,USD,0.9209,52788.0,Exécuté,Xetra,OPE001
TRX002432,PF00079,INST015,2024-05-25,Coupon,475.54,329.1863,156541.25,595.83,157137.08,USD,1.0872,170839.43,Exécuté,Euronext,OPE002
TRX002433,PF00103,INST009,2024-05-01,Coupon,57.8,317.6148,18358.14,47.26,18405.4,EUR,1.0,18405.4,Exécuté,OTC,OPE004
TRX002434,PF00116,INST010,2023-09-28,Coupon,269.33,438.1181,117998.35,185.08,118183.43,EUR,1.0,118183.43,Exécuté,Xetra,OPE004
TRX002435,PF00132,INST005,2025-09-18,Dividende,206.59,241.7841,49950.18,211.83,50162.01,EUR,1.0,50162.01,Exécuté,SIX,OPE004
TRX002438,PF00038,INST011,2024-07-27,Coupon,117.53,259.4315,30490.98,147.79,30638.77,USD,1.0421,31928.66,Exécuté,OTC,OPE001
TRX002439,PF00085,INST009,2024-04-07,Dividende,460.96,334.3255,154110.68,550.2,154660.88,USD,0.9453,146200.93,Exécuté,Euronext,OPE004
TRX002441,PF00054,INST005,2024-12-01,Dividende,397.56,424.8139,168889.01,647.87,169536.88,EUR,1.0,169536.88,Exécuté,Euronext,OPE003
TRX002444,PF00145,INST009,2024-09-04,Achat,323.12,471.968,152502.3,696.17,151806.13,EUR,1.0,151806.13,Exécuté,Xetra,OPE003
TRX002446,PF00033,INST010,2024-06-29,Arbitrage Sortant,359.76,71.4337,25698.99,67.34,25766.33,USD,1.0942,28193.52,Exécuté,NYSE,OPE004
TRX002447,PF00090,INST015,2025-02-18,Arbitrage Entrant,15.76,365.7444,5764.13,19.26,5783.39,USD,0.9233,5339.8,Exécuté,SIX,OPE004
TRX002448,PF00116,INST008,2024-03-15,Achat,300.29,195.0014,58556.97,155.88,58401.09,EUR,1.0,58401.09,Exécuté,Euronext,OPE002
TRX002449,PF00081,INST012,2023-11-19,Coupon,457.72,146.1636,66902.0,284.01,67186.01,EUR,1.0,67186.01,Exécuté,NYSE,OPE002
TRX002454,PF00097,INST014,2024-08-16,Achat,55.91,198.0277,11071.73,32.76,11038.97,USD,0.9759,10772.93,Exécuté,OTC,OPE005
TRX002456,PF00068,INST013,2023-10-24,Achat,150.02,32.0408,4806.76,8.97,4797.79,EUR,1.0,4797.79,Exécuté,NYSE,OPE003
TRX002457,PF00088,INST002,2023-08-10,Arbitrage Entrant,361.28,112.0603,40485.15,192.19,40677.34,EUR,1.0,40677.34,Exécuté,Xetra,OPE005
TRX002458,PF00103,INST008,2025-12-10,Vente,91.1,456.1964,41559.49,79.58,41639.07,EUR,1.0,41639.07,Exécuté,SIX,OPE002
TRX002459,PF00060,INST002,2025-06-20,Dividende,462.65,145.2367,67193.76,263.73,67457.49,EUR,1.0,67457.49,Exécuté,SIX,OPE003
TRX002461,PF00082,INST004,2024-02-06,Achat,67.87,347.2198,23565.81,50.86,23514.95,EUR,1.0,23514.95,Exécuté,NYSE,OPE004
TRX002463,PF00026,INST012,2025-11-30,Arbitrage Entrant,268.42,482.8643,129610.44,174.08,129784.52,USD,1.0165,131925.96,Exécuté,Euronext,OPE001
TRX002466,PF00085,INST013,2024-12-06,Coupon,419.64,209.2076,87791.88,280.2,88072.08,EUR,1.0,88072.08,Exécuté,SIX,OPE005
TRX002467,PF00051,INST004,2023-08-04,Arbitrage Sortant,361.02,192.421,69467.83,142.63,69610.46,USD,0.9024,62816.48,Exécuté,Euronext,OPE002
TRX002468,PF00050,INST001,2026-03-04,Vente,479.51,221.5512,106236.02,248.69,106484.71,EUR,1.0,106484.71,Exécuté,Xetra,OPE002
TRX002470,PF00027,INST006,2025-04-17,Achat,128.79,371.8823,47894.72,156.4,47738.32,EUR,1.0,47738.32,Exécuté,SIX,OPE004
TRX002471,PF00064,INST004,2025-03-08,Arbitrage Sortant,370.35,78.9183,29227.39,45.09,29272.48,USD,0.9556,27972.78,Exécuté,Xetra,OPE002
TRX002472,PF00034,INST003,2025-06-11,Arbitrage Entrant,88.87,192.4947,17107.0,26.68,17133.68,EUR,1.0,17133.68,Exécuté,OTC,OPE001
TRX002473,PF00020,INST002,2023-08-27,Arbitrage Sortant,104.66,271.7507,28441.43,52.23,28493.66,EUR,1.0,28493.66,Exécuté,NYSE,OPE002
TRX002475,PF00106,INST011,2023-09-04,Dividende,167.3,116.1234,19427.44,33.86,19461.3,EUR,1.0,19461.3,Exécuté,Xetra,OPE005
TRX002476,PF00114,INST007,2025-03-30,Arbitrage Sortant,3.48,139.2174,484.48,1.48,485.96,EUR,1.0,485.96,Exécuté,Xetra,OPE002
TRX002478,PF00147,INST009,2026-04-02,Arbitrage Entrant,312.92,96.9,30321.95,87.56,30409.51,USD,0.9712,29533.72,Exécuté,Xetra,OPE002
TRX002480,PF00064,INST014,2024-02-20,Arbitrage Entrant,255.94,313.5984,80262.37,214.0,80476.37,EUR,1.0,80476.37,Exécuté,Xetra,OPE004
TRX002482,PF00112,INST012,2023-06-29,Dividende,333.79,175.6513,58630.65,190.24,58820.89,EUR,1.0,58820.89,Exécuté,OTC,OPE005
TRX002484,PF00077,INST002,2023-10-06,Dividende,237.94,86.7606,20643.82,58.44,20702.26,EUR,1.0,20702.26,Exécuté,OTC,OPE002
TRX002485,PF00083,INST005,2023-10-28,Vente,470.15,150.4434,70730.96,225.92,70956.88,EUR,1.0,70956.88,Exécuté,OTC,OPE001
TRX002487,PF00140,INST013,2024-05-23,Arbitrage Entrant,39.5,57.1289,2256.59,10.02,2266.61,EUR,1.0,2266.61,Exécuté,SIX,OPE005
TRX002490,PF00143,INST015,2023-12-22,Vente,193.91,144.7983,28077.84,51.44,28129.28,USD,1.0958,30824.07,Exécuté,SIX,OPE002
TRX002491,PF00077,INST013,2025-06-06,Arbitrage Sortant,221.57,100.1323,22186.31,79.2,22265.51,USD,1.0497,23372.11,Exécuté,SIX,OPE003
TRX002492,PF00089,INST013,2024-06-02,Coupon,103.35,409.8129,42354.16,143.64,42497.8,EUR,1.0,42497.8,Exécuté,OTC,OPE005
TRX002493,PF00077,INST001,2023-06-03,Vente,198.31,290.6021,57629.3,174.19,57803.49,EUR,1.0,57803.49,Exécuté,NYSE,OPE004
TRX002495,PF00056,INST006,2026-02-15,Vente,300.44,26.1021,7842.11,37.83,7879.94,EUR,1.0,7879.94,Exécuté,Xetra,OPE005
TRX002496,PF00008,INST002,2025-03-04,Coupon,388.26,130.9803,50854.41,173.24,51027.65,EUR,1.0,51027.65,Exécuté,NYSE,OPE002
TRX002497,PF00060,INST005,2024-11-19,Dividende,108.51,459.6445,49876.02,133.52,50009.54,EUR,1.0,50009.54,Exécuté,Xetra,OPE005
TRX002498,PF00026,INST005,2023-06-16,Achat,412.94,277.2927,114505.25,431.16,114074.09,EUR,1.0,114074.09,Exécuté,Euronext,OPE004
TRX002499,PF00127,INST010,2023-08-22,Vente,19.81,497.048,9846.52,45.64,9892.16,EUR,1.0,9892.16,Exécuté,SIX,OPE001
TRX002500,PF00073,INST010,2024-06-09,Arbitrage Entrant,355.48,334.8292,119025.08,158.56,119183.64,EUR,1.0,119183.64,Exécuté,Xetra,OPE002
TRX002502,PF00019,INST015,2024-06-21,Frais,301.51,130.7594,39425.27,62.19,39363.08,USD,0.9516,37457.91,Exécuté,Xetra,OPE005
TRX002503,PF00067,INST015,2026-02-08,Vente,498.21,112.6696,56133.12,100.47,56233.59,EUR,1.0,56233.59,Exécuté,SIX,OPE005
TRX002504,PF00025,INST008,2023-06-13,Arbitrage Sortant,469.67,299.9224,140864.55,256.6,141121.15,EUR,1.0,141121.15,Exécuté,Euronext,OPE003
TRX002505,PF00124,INST002,2026-03-24,Arbitrage Sortant,351.24,52.3411,18384.29,54.82,18439.11,USD,1.0754,19829.42,Exécuté,OTC,OPE003
TRX002506,PF00005,INST003,2024-08-14,Dividende,453.2,337.8134,153097.03,155.74,153252.77,EUR,1.0,153252.77,Exécuté,Euronext,OPE001
TRX002507,PF00034,INST014,2025-07-16,Frais,230.23,319.6804,73600.02,166.96,73433.06,EUR,1.0,73433.06,Exécuté,OTC,OPE002
TRX002508,PF00112,INST008,2023-09-14,Arbitrage Sortant,255.53,250.5212,64015.68,139.44,64155.12,EUR,1.0,64155.12,Exécuté,OTC,OPE001
TRX002510,PF00032,INST013,2023-11-25,Frais,499.38,92.9664,46425.56,165.54,46260.02,EUR,1.0,46260.02,Exécuté,Xetra,OPE001
TRX002512,PF00100,INST002,2023-11-25,Coupon,274.39,408.9329,112207.1,263.52,112470.62,EUR,1.0,112470.62,Exécuté,SIX,OPE003
TRX002516,PF00103,INST004,2024-12-15,Dividende,182.67,257.3842,47016.37,213.74,47230.11,USD,0.9897,46743.64,Exécuté,SIX,OPE002
TRX002518,PF00006,INST011,2024-09-02,Achat,42.42,430.9205,18279.65,66.09,18213.56,EUR,1.0,18213.56,Exécuté,NYSE,OPE001
TRX002520,PF00002,INST001,2023-10-01,Arbitrage Entrant,490.25,211.8065,103838.14,328.75,104166.89,EUR,1.0,104166.89,Exécuté,Euronext,OPE004
TRX002521,PF00035,INST009,2023-10-11,Vente,4.85,209.7455,1017.27,1.8,1019.07,EUR,1.0,1019.07,Exécuté,Xetra,OPE002
TRX002522,PF00036,INST004,2024-05-15,Vente,276.55,98.6808,27290.18,87.99,27378.17,EUR,1.0,27378.17,Exécuté,OTC,OPE003
TRX002523,PF00121,INST006,2024-11-11,Arbitrage Sortant,78.62,104.3763,8206.06,41.03,8247.09,EUR,1.0,8247.09,Exécuté,Euronext,OPE003
TRX002524,PF00024,INST001,2025-01-29,Arbitrage Entrant,375.9,141.3085,53117.87,181.74,53299.61,EUR,1.0,53299.61,Exécuté,Xetra,OPE001
TRX002525,PF00030,INST015,2025-07-17,Vente,174.17,24.5536,4276.5,18.87,4295.37,EUR,1.0,4295.37,Exécuté,Xetra,OPE004
TRX002528,PF00007,INST015,2026-01-14,Dividende,52.06,150.9722,7859.61,35.11,7894.72,EUR,1.0,7894.72,Exécuté,Xetra,OPE001
TRX002529,PF00086,INST014,2024-05-04,Arbitrage Sortant,64.0,383.4351,24539.85,99.23,24639.08,EUR,1.0,24639.08,Exécuté,Xetra,OPE004
TRX002530,PF00143,INST007,2024-04-29,Arbitrage Sortant,227.61,369.0543,84000.45,295.28,84295.73,EUR,1.0,84295.73,Exécuté,Euronext,OPE005
TRX002532,PF00119,INST009,2025-03-24,Frais,386.78,337.1409,130399.36,181.18,130218.18,EUR,1.0,130218.18,Exécuté,NYSE,OPE004
TRX002533,PF00148,INST001,2024-11-25,Dividende,407.35,280.7493,114363.23,552.52,114915.75,EUR,1.0,114915.75,Exécuté,OTC,OPE005
TRX002535,PF00146,INST011,2025-04-30,Achat,345.05,186.0502,64196.62,103.54,64093.08,EUR,1.0,64093.08,Exécuté,SIX,OPE001
TRX002536,PF00013,INST007,2024-12-21,Dividende,210.77,127.8904,26955.46,75.73,27031.19,EUR,1.0,27031.19,Exécuté,SIX,OPE001
TRX002539,PF00042,INST011,2024-01-30,Frais,424.59,154.9229,65778.71,145.05,65633.66,EUR,1.0,65633.66,Exécuté,Xetra,OPE001
TRX002541,PF00071,INST002,2025-10-26,Coupon,355.01,160.829,57095.9,221.57,57317.47,EUR,1.0,57317.47,Exécuté,SIX,OPE005
TRX002543,PF00145,INST013,2025-06-23,Coupon,8.46,145.9997,1235.16,3.06,1238.22,EUR,1.0,1238.22,Exécuté,NYSE,OPE002
TRX002544,PF00037,INST010,2025-01-22,Arbitrage Sortant,169.63,303.894,51549.54,125.54,51675.08,USD,1.0697,55276.83,Exécuté,OTC,OPE002
TRX002546,PF00024,INST008,2025-12-06,Vente,50.51,154.7905,7818.47,12.73,7831.2,USD,1.0658,8346.49,Exécuté,Xetra,OPE001
TRX002548,PF00054,INST008,2025-10-18,Arbitrage Sortant,495.27,12.4276,6155.02,11.6,6166.62,USD,1.0639,6560.67,Exécuté,NYSE,OPE001
TRX002549,PF00060,INST010,2024-12-03,Vente,250.56,158.0145,39592.11,163.16,39755.27,EUR,1.0,39755.27,Exécuté,NYSE,OPE002
TRX002552,PF00038,INST003,2023-07-18,Arbitrage Sortant,170.92,360.6156,61636.42,228.55,61864.97,EUR,1.0,61864.97,Exécuté,OTC,OPE003
TRX002553,PF00091,INST010,2023-09-30,Dividende,2.23,230.2536,513.47,2.56,516.03,USD,0.9454,487.85,Exécuté,Xetra,OPE002
TRX002555,PF00085,INST007,2023-11-05,Dividende,221.1,151.0905,33406.11,66.15,33472.26,EUR,1.0,33472.26,Exécuté,OTC,OPE003
TRX002557,PF00110,INST006,2024-01-30,Achat,172.96,332.8284,57566.0,206.8,57359.2,EUR,1.0,57359.2,Exécuté,NYSE,OPE001
TRX002559,PF00016,INST003,2026-01-09,Vente,123.71,340.8345,42164.64,108.07,42272.71,EUR,1.0,42272.71,Exécuté,SIX,OPE004
TRX002562,PF00057,INST015,2024-01-18,Coupon,42.81,150.1728,6428.9,10.34,6439.24,EUR,1.0,6439.24,Exécuté,Euronext,OPE001
TRX002563,PF00008,INST012,2025-10-23,Vente,227.32,174.9595,39771.79,184.28,39956.07,USD,1.0747,42940.79,Exécuté,NYSE,OPE002
TRX002566,PF00146,INST002,2025-06-06,Dividende,447.86,460.4814,206231.2,321.28,206552.48,EUR,1.0,206552.48,Exécuté,Xetra,OPE001
TRX002568,PF00017,INST013,2023-11-16,Vente,244.44,496.7774,121432.27,274.89,121707.16,EUR,1.0,121707.16,Exécuté,NYSE,OPE004
TRX002569,PF00094,INST011,2026-02-03,Coupon,157.69,378.1718,59633.91,206.0,59839.91,EUR,1.0,59839.91,Exécuté,OTC,OPE004
TRX002570,PF00131,INST005,2025-02-15,Frais,213.5,90.6965,19363.7,82.42,19281.28,EUR,1.0,19281.28,Exécuté,Euronext,OPE001
TRX002572,PF00137,INST015,2025-09-14,Dividende,429.52,80.0673,34390.51,126.86,34517.37,EUR,1.0,34517.37,Exécuté,SIX,OPE004
TRX002574,PF00069,INST014,2025-08-19,Vente,37.4,292.0087,10921.13,24.08,10945.21,EUR,1.0,10945.21,Exécuté,NYSE,OPE002
TRX002575,PF00051,INST005,2023-09-21,Coupon,231.27,492.1433,113817.98,427.76,114245.74,EUR,1.0,114245.74,Exécuté,Xetra,OPE004
TRX002576,PF00146,INST008,2023-09-21,Arbitrage Sortant,438.73,193.0544,84698.76,377.42,85076.18,EUR,1.0,85076.18,Exécuté,SIX,OPE001
TRX002577,PF00053,INST004,2025-03-17,Arbitrage Entrant,305.87,75.6376,23135.27,50.21,23185.48,USD,1.0548,24456.04,Exécuté,SIX,OPE002
TRX002579,PF00004,INST007,2023-07-20,Vente,204.09,117.6578,24012.78,37.52,24050.3,EUR,1.0,24050.3,Exécuté,Euronext,OPE001
TRX002581,PF00069,INST003,2026-01-02,Coupon,408.74,388.8851,158952.9,711.9,159664.8,USD,0.9409,150228.61,Exécuté,SIX,OPE004
TRX002584,PF00007,INST009,2024-01-07,Dividende,458.7,147.1666,67505.32,260.62,67765.94,EUR,1.0,67765.94,Exécuté,NYSE,OPE002
TRX002585,PF00067,INST010,2025-08-22,Dividende,382.04,55.855,21338.84,69.47,21408.31,USD,0.9748,20868.82,Exécuté,Euronext,OPE001
TRX002587,PF00135,INST012,2023-09-15,Frais,288.96,381.0927,110120.55,434.01,109686.54,EUR,1.0,109686.54,Exécuté,Euronext,OPE001
TRX002588,PF00073,INST001,2023-05-25,Dividende,121.75,180.7998,22012.38,55.91,22068.29,EUR,1.0,22068.29,Exécuté,NYSE,OPE003
TRX002589,PF00049,INST009,2025-11-03,Arbitrage Entrant,327.61,144.4758,47331.72,169.59,47501.31,EUR,1.0,47501.31,Exécuté,SIX,OPE003
TRX002591,PF00073,INST008,2024-08-10,Achat,244.04,409.6645,99974.52,319.48,99655.04,EUR,1.0,99655.04,Exécuté,OTC,OPE001
TRX002592,PF00040,INST015,2025-11-14,Coupon,395.36,331.9584,131243.07,343.75,131586.82,USD,0.9967,131152.58,Exécuté,SIX,OPE001
TRX002593,PF00028,INST006,2025-10-16,Frais,463.99,217.9037,101105.14,424.17,100680.97,EUR,1.0,100680.97,Exécuté,Euronext,OPE005
TRX002594,PF00147,INST008,2025-01-17,Arbitrage Sortant,415.97,224.885,93545.41,310.25,93855.66,USD,1.0328,96934.13,Exécuté,SIX,OPE001
TRX002595,PF00122,INST014,2025-08-27,Achat,359.99,433.7704,156153.01,364.05,155788.96,USD,0.975,151894.24,Exécuté,Xetra,OPE005
TRX002596,PF00018,INST010,2024-10-21,Dividende,211.57,225.4685,47702.37,76.31,47778.68,EUR,1.0,47778.68,Exécuté,Xetra,OPE002
TRX002597,PF00064,INST010,2024-05-11,Arbitrage Entrant,297.04,382.9314,113745.94,187.95,113933.89,USD,0.9776,111381.77,Exécuté,Euronext,OPE004
TRX002599,PF00125,INST010,2026-04-19,Arbitrage Sortant,104.8,409.2458,42888.96,176.08,43065.04,EUR,1.0,43065.04,Exécuté,OTC,OPE003
TRX002600,PF00053,INST003,2025-05-20,Arbitrage Sortant,231.55,244.705,56661.44,143.75,56805.19,USD,0.951,54021.74,Exécuté,Xetra,OPE001
TRX002601,PF00043,INST006,2025-04-19,Vente,437.52,191.6022,83829.79,184.37,84014.16,EUR,1.0,84014.16,Exécuté,Euronext,OPE005
TRX002602,PF00120,INST014,2024-12-03,Vente,470.75,13.7505,6473.05,30.19,6503.24,EUR,1.0,6503.24,Exécuté,Euronext,OPE004
TRX002605,PF00001,INST013,2023-11-21,Frais,31.68,226.8668,7187.14,9.57,7177.57,EUR,1.0,7177.57,Exécuté,NYSE,OPE003
TRX002606,PF00037,INST004,2023-11-20,Dividende,337.89,249.5413,84317.51,383.96,84701.47,EUR,1.0,84701.47,Exécuté,SIX,OPE004
TRX002607,PF00121,INST002,2024-03-03,Arbitrage Sortant,309.9,464.6806,144004.52,554.02,144558.54,EUR,1.0,144558.54,Exécuté,OTC,OPE005
TRX002609,PF00076,INST001,2023-06-22,Frais,305.09,343.8181,104895.46,324.76,104570.7,USD,0.939,98191.89,Exécuté,Euronext,OPE001
TRX002610,PF00094,INST003,2025-05-21,Vente,468.15,421.4167,197286.23,943.01,198229.24,EUR,1.0,198229.24,Exécuté,NYSE,OPE004
TRX002611,PF00052,INST012,2026-01-27,Vente,64.46,53.2393,3431.81,4.47,3436.28,EUR,1.0,3436.28,Exécuté,OTC,OPE001
TRX002612,PF00118,INST001,2024-03-14,Dividende,346.95,244.338,84773.07,167.26,84940.33,EUR,1.0,84940.33,Exécuté,Xetra,OPE004
TRX002613,PF00030,INST002,2025-02-15,Dividende,19.53,354.0285,6914.18,8.13,6922.31,EUR,1.0,6922.31,Exécuté,SIX,OPE001
TRX002615,PF00117,INST014,2023-08-24,Frais,459.34,109.621,50353.31,114.53,50238.78,USD,0.9716,48812.0,Exécuté,OTC,OPE002
TRX002616,PF00028,INST005,2025-07-16,Frais,202.06,289.3658,58469.25,249.83,58219.42,EUR,1.0,58219.42,Exécuté,OTC,OPE004
TRX002618,PF00109,INST006,2023-11-27,Vente,389.56,79.5736,30998.69,79.71,31078.4,EUR,1.0,31078.4,Exécuté,OTC,OPE002
TRX002621,PF00054,INST014,2023-12-22,Vente,248.26,66.1254,16416.29,79.08,16495.37,USD,1.0459,17252.51,Exécuté,NYSE,OPE003
TRX002622,PF00108,INST014,2023-11-19,Arbitrage Entrant,454.88,196.8808,89557.14,344.89,89902.03,USD,1.0624,95511.92,Exécuté,Euronext,OPE001
TRX002624,PF00080,INST014,2026-03-12,Arbitrage Sortant,266.32,31.9789,8516.62,26.46,8543.08,USD,0.9672,8262.87,Exécuté,Euronext,OPE003
TRX002625,PF00140,INST015,2024-01-17,Frais,378.24,316.2467,119617.15,143.81,119473.34,USD,0.9099,108708.79,Exécuté,NYSE,OPE004
TRX002628,PF00001,INST014,2025-11-28,Dividende,455.77,117.9411,53754.02,267.37,54021.39,EUR,1.0,54021.39,Exécuté,Xetra,OPE005
TRX002629,PF00055,INST011,2024-02-02,Arbitrage Sortant,371.1,14.0998,5232.44,18.06,5250.5,EUR,1.0,5250.5,Exécuté,OTC,OPE004
TRX002630,PF00129,INST005,2024-11-03,Vente,48.24,296.4195,14299.28,21.44,14320.72,EUR,1.0,14320.72,Exécuté,SIX,OPE005
TRX002637,PF00120,INST003,2025-11-07,Coupon,162.04,305.5982,49519.13,147.77,49666.9,EUR,1.0,49666.9,Exécuté,OTC,OPE002
TRX002638,PF00143,INST006,2026-01-10,Arbitrage Entrant,266.57,165.373,44083.48,207.06,44290.54,EUR,1.0,44290.54,Exécuté,SIX,OPE001
TRX002639,PF00100,INST006,2026-03-04,Coupon,276.17,102.3508,28266.22,36.18,28302.4,USD,1.018,28811.84,Exécuté,SIX,OPE003
TRX002642,PF00115,INST009,2025-06-02,Arbitrage Sortant,444.61,181.2946,80605.39,229.9,80835.29,EUR,1.0,80835.29,Exécuté,Euronext,OPE002
TRX002643,PF00051,INST001,2025-12-31,Achat,51.74,439.8224,22756.41,53.7,22702.71,EUR,1.0,22702.71,Exécuté,OTC,OPE004
TRX002644,PF00010,INST008,2026-02-03,Dividende,86.29,379.5753,32753.55,35.76,32789.31,EUR,1.0,32789.31,Exécuté,NYSE,OPE002
TRX002646,PF00004,INST013,2025-03-22,Coupon,319.83,19.7084,6303.34,9.73,6313.07,EUR,1.0,6313.07,Exécuté,SIX,OPE004
TRX002647,PF00036,INST005,2024-05-21,Arbitrage Entrant,402.66,231.1038,93056.26,182.1,93238.36,EUR,1.0,93238.36,Exécuté,Xetra,OPE004
TRX002649,PF00013,INST012,2024-07-21,Coupon,271.83,251.5439,68377.18,125.34,68502.52,EUR,1.0,68502.52,Exécuté,Xetra,OPE002
TRX002650,PF00066,INST006,2025-11-06,Arbitrage Entrant,33.73,196.6004,6631.33,18.01,6649.34,EUR,1.0,6649.34,Exécuté,OTC,OPE002
TRX002652,PF00107,INST014,2024-01-15,Coupon,108.7,489.5323,53212.16,229.85,53442.01,EUR,1.0,53442.01,Exécuté,NYSE,OPE001
TRX002653,PF00118,INST008,2024-11-28,Dividende,262.74,12.242,3216.46,9.75,3226.21,EUR,1.0,3226.21,Exécuté,NYSE,OPE004
TRX002655,PF00009,INST006,2026-05-15,Achat,381.82,397.3183,151704.07,345.36,151358.71,EUR,1.0,151358.71,Exécuté,Euronext,OPE005
TRX002658,PF00037,INST014,2026-01-01,Frais,158.05,321.1187,50752.81,237.95,50514.86,EUR,1.0,50514.86,Exécuté,OTC,OPE001
TRX002659,PF00017,INST007,2025-06-17,Vente,168.21,496.4753,83512.11,120.24,83632.35,EUR,1.0,83632.35,Exécuté,Euronext,OPE003
TRX002660,PF00088,INST001,2026-01-02,Arbitrage Entrant,93.31,285.5402,26643.76,59.86,26703.62,EUR,1.0,26703.62,Exécuté,Euronext,OPE002
TRX002664,PF00029,INST012,2023-06-04,Achat,262.26,252.996,66350.73,206.62,66144.11,EUR,1.0,66144.11,Exécuté,Xetra,OPE003
TRX002666,PF00025,INST002,2023-08-12,Coupon,333.12,462.3482,154017.43,365.96,154383.39,EUR,1.0,154383.39,Exécuté,NYSE,OPE004
TRX002668,PF00064,INST008,2023-05-25,Dividende,193.25,498.8669,96406.03,150.55,96556.58,EUR,1.0,96556.58,Exécuté,SIX,OPE003
TRX002669,PF00109,INST012,2025-09-25,Arbitrage Entrant,381.49,376.1102,143482.28,580.27,144062.55,EUR,1.0,144062.55,Exécuté,NYSE,OPE004
TRX002671,PF00016,INST007,2023-09-05,Frais,117.79,305.7186,36010.59,98.16,35912.43,EUR,1.0,35912.43,Exécuté,OTC,OPE005
TRX002672,PF00087,INST002,2024-05-18,Coupon,372.62,471.1022,175542.1,393.75,175935.85,EUR,1.0,175935.85,Exécuté,OTC,OPE005
TRX002673,PF00139,INST003,2024-05-29,Arbitrage Sortant,63.4,341.818,21671.26,84.39,21755.65,EUR,1.0,21755.65,Exécuté,Euronext,OPE002
TRX002674,PF00056,INST005,2024-01-17,Arbitrage Sortant,115.35,389.9456,44980.22,210.46,45190.68,EUR,1.0,45190.68,Exécuté,OTC,OPE003
TRX002675,PF00024,INST011,2025-10-13,Dividende,325.46,38.0203,12374.09,30.65,12404.74,USD,0.9801,12157.89,Exécuté,Euronext,OPE002
TRX002676,PF00142,INST003,2025-05-19,Arbitrage Sortant,361.45,62.4628,22577.18,45.64,22622.82,EUR,1.0,22622.82,Exécuté,Xetra,OPE004
TRX002684,PF00092,INST003,2024-03-07,Frais,257.41,231.0982,59486.99,59.72,59427.27,EUR,1.0,59427.27,Exécuté,OTC,OPE005
TRX002685,PF00021,INST006,2023-09-05,Arbitrage Sortant,99.05,134.6048,13332.61,30.28,13362.89,EUR,1.0,13362.89,Exécuté,Euronext,OPE002
TRX002686,PF00097,INST012,2025-06-03,Arbitrage Sortant,260.85,284.626,74244.69,239.05,74483.74,EUR,1.0,74483.74,Exécuté,Xetra,OPE003
TRX002687,PF00015,INST003,2023-12-27,Frais,158.79,205.8849,32692.46,132.24,32560.22,EUR,1.0,32560.22,Exécuté,Euronext,OPE003
TRX002688,PF00003,INST010,2025-08-12,Arbitrage Sortant,359.69,110.8006,39853.87,104.91,39958.78,EUR,1.0,39958.78,Exécuté,Xetra,OPE001
TRX002689,PF00138,INST012,2025-05-12,Arbitrage Entrant,73.95,396.5158,29322.34,92.86,29415.2,EUR,1.0,29415.2,Exécuté,Euronext,OPE002
TRX002690,PF00141,INST011,2026-05-11,Vente,223.76,45.1188,10095.78,45.28,10141.06,EUR,1.0,10141.06,Exécuté,NYSE,OPE002
TRX002691,PF00072,INST007,2026-01-14,Achat,51.17,162.1471,8297.07,13.24,8283.83,EUR,1.0,8283.83,Exécuté,OTC,OPE005
TRX002692,PF00044,INST006,2025-12-05,Arbitrage Sortant,118.79,25.4479,3022.96,9.68,3032.64,USD,1.037,3144.85,Exécuté,SIX,OPE005
TRX002693,PF00032,INST012,2025-01-19,Arbitrage Sortant,318.95,118.9092,37926.09,165.52,38091.61,USD,1.0075,38377.3,Exécuté,SIX,OPE002
TRX002695,PF00012,INST001,2024-12-22,Achat,177.44,49.5883,8798.95,33.39,8765.56,EUR,1.0,8765.56,Exécuté,SIX,OPE001
TRX002698,PF00068,INST013,2024-12-21,Arbitrage Entrant,152.66,137.1754,20941.2,51.38,20992.58,EUR,1.0,20992.58,Exécuté,OTC,OPE004
TRX002699,PF00089,INST006,2024-02-11,Coupon,411.53,304.0195,125113.14,352.08,125465.22,EUR,1.0,125465.22,Exécuté,NYSE,OPE004
TRX002700,PF00115,INST012,2024-12-26,Arbitrage Entrant,405.63,347.1683,140821.88,521.45,141343.33,EUR,1.0,141343.33,Exécuté,SIX,OPE002
TRX002702,PF00007,INST006,2026-04-11,Dividende,247.72,234.7955,58163.54,103.67,58267.21,EUR,1.0,58267.21,Exécuté,Euronext,OPE002
TRX002703,PF00036,INST004,2026-03-20,Arbitrage Entrant,327.98,361.5202,118571.4,571.69,119143.09,EUR,1.0,119143.09,Exécuté,Xetra,OPE003
TRX002704,PF00101,INST015,2025-03-19,Coupon,88.78,217.8888,19344.17,75.64,19419.81,EUR,1.0,19419.81,Exécuté,Euronext,OPE001
TRX002705,PF00118,INST007,2025-10-03,Arbitrage Sortant,49.28,156.1132,7693.26,26.96,7720.22,EUR,1.0,7720.22,Exécuté,NYSE,OPE003
TRX002708,PF00006,INST004,2025-02-22,Coupon,276.05,391.9108,108186.98,208.29,108395.27,EUR,1.0,108395.27,Exécuté,OTC,OPE002
TRX002709,PF00125,INST011,2025-08-15,Frais,460.35,121.6403,55997.11,219.27,55777.84,EUR,1.0,55777.84,Exécuté,OTC,OPE002
TRX002710,PF00038,INST013,2023-07-14,Arbitrage Entrant,493.93,300.991,148668.48,541.94,149210.42,USD,0.9965,148688.18,Exécuté,SIX,OPE003
TRX002711,PF00058,INST005,2024-03-18,Achat,22.8,139.469,3179.89,7.98,3171.91,USD,1.0158,3222.03,Exécuté,OTC,OPE004
TRX002712,PF00044,INST003,2023-08-02,Frais,79.28,245.109,19432.24,59.74,19372.5,EUR,1.0,19372.5,Exécuté,OTC,OPE001
TRX002713,PF00115,INST012,2024-06-06,Frais,386.57,473.5401,183056.4,660.47,182395.93,EUR,1.0,182395.93,Exécuté,SIX,OPE005
TRX002715,PF00081,INST003,2024-10-13,Arbitrage Sortant,68.28,250.2629,17087.95,24.63,17112.58,EUR,1.0,17112.58,Exécuté,SIX,OPE003
TRX002717,PF00055,INST011,2024-03-01,Arbitrage Sortant,342.67,479.2087,164210.45,628.31,164838.76,EUR,1.0,164838.76,Exécuté,Euronext,OPE004
TRX002719,PF00027,INST007,2025-10-31,Frais,153.24,211.1552,32357.42,95.52,32261.9,EUR,1.0,32261.9,Exécuté,OTC,OPE002
TRX002722,PF00044,INST002,2024-03-20,Coupon,111.68,491.9981,54946.35,97.69,55044.04,EUR,1.0,55044.04,Exécuté,Euronext,OPE004
TRX002723,PF00135,INST006,2023-08-05,Dividende,289.62,379.6134,109943.63,129.91,110073.54,EUR,1.0,110073.54,Exécuté,SIX,OPE002
TRX002725,PF00141,INST013,2024-10-21,Arbitrage Sortant,62.71,246.0963,15432.7,32.62,15465.32,USD,1.0208,15787.0,Exécuté,NYSE,OPE003
TRX002726,PF00088,INST002,2024-08-23,Coupon,404.55,44.1725,17869.98,60.77,17930.75,USD,0.9645,17294.21,Exécuté,Xetra,OPE004
TRX002730,PF00134,INST011,2025-10-21,Arbitrage Entrant,169.5,479.3872,81256.13,96.25,81352.38,EUR,1.0,81352.38,Exécuté,Xetra,OPE005
TRX002732,PF00085,INST011,2024-04-08,Arbitrage Sortant,462.94,215.0832,99570.62,301.99,99872.61,EUR,1.0,99872.61,Exécuté,NYSE,OPE005
TRX002733,PF00121,INST004,2026-02-13,Coupon,226.96,244.3273,55452.52,85.64,55538.16,EUR,1.0,55538.16,Exécuté,Xetra,OPE001
TRX002734,PF00047,INST005,2023-11-09,Vente,325.58,326.7063,106369.04,419.08,106788.12,EUR,1.0,106788.12,Exécuté,OTC,OPE005
TRX002735,PF00059,INST013,2025-07-07,Arbitrage Sortant,31.6,340.1176,10747.72,21.31,10769.03,USD,0.9868,10626.88,Exécuté,Euronext,OPE001
TRX002736,PF00140,INST002,2024-09-13,Arbitrage Entrant,395.66,152.1927,60216.56,100.73,60317.29,EUR,1.0,60317.29,Exécuté,Euronext,OPE002
TRX002739,PF00148,INST005,2025-03-03,Achat,155.16,182.261,28279.62,98.53,28181.09,EUR,1.0,28181.09,Exécuté,SIX,OPE001
TRX002741,PF00046,INST007,2024-05-05,Arbitrage Sortant,38.97,451.8908,17610.18,72.55,17682.73,EUR,1.0,17682.73,Exécuté,Xetra,OPE004
TRX002742,PF00082,INST010,2025-05-04,Dividende,91.44,293.1745,26807.88,132.98,26940.86,EUR,1.0,26940.86,Exécuté,NYSE,OPE004
TRX002744,PF00060,INST009,2025-01-22,Coupon,47.54,132.5237,6300.18,27.34,6327.52,USD,1.0218,6465.46,Exécuté,OTC,OPE002
TRX002746,PF00049,INST005,2025-08-26,Coupon,96.47,404.9172,39062.36,144.46,39206.82,USD,1.0905,42755.04,Exécuté,NYSE,OPE004
TRX002748,PF00074,INST003,2026-04-08,Dividende,125.3,285.3898,35759.34,90.65,35849.99,USD,1.0109,36240.75,Exécuté,Euronext,OPE004
TRX002750,PF00096,INST010,2025-03-19,Dividende,439.69,461.37,202859.78,887.33,203747.11,EUR,1.0,203747.11,Exécuté,OTC,OPE004
TRX002752,PF00067,INST008,2025-10-30,Achat,401.48,266.2865,106908.7,108.85,106799.85,EUR,1.0,106799.85,Exécuté,NYSE,OPE005
TRX002754,PF00111,INST008,2024-03-17,Frais,269.91,293.9015,79326.95,224.33,79102.62,EUR,1.0,79102.62,Exécuté,SIX,OPE001
TRX002755,PF00111,INST010,2023-11-10,Achat,43.42,137.8225,5984.25,16.52,5967.73,EUR,1.0,5967.73,Exécuté,Euronext,OPE002
TRX002756,PF00135,INST005,2024-03-09,Arbitrage Sortant,475.75,360.7539,171628.67,820.61,172449.28,EUR,1.0,172449.28,Exécuté,SIX,OPE004
TRX002757,PF00092,INST007,2024-10-21,Coupon,364.22,10.0252,3651.38,8.6,3659.98,EUR,1.0,3659.98,Exécuté,Euronext,OPE004
TRX002758,PF00126,INST011,2023-09-12,Dividende,131.12,444.541,58288.22,217.55,58505.77,USD,0.9568,55978.32,Exécuté,Xetra,OPE005
TRX002759,PF00112,INST010,2024-08-15,Frais,164.51,442.6423,72819.08,361.82,72457.26,EUR,1.0,72457.26,Exécuté,Euronext,OPE003
TRX002760,PF00105,INST007,2024-02-10,Arbitrage Sortant,354.0,397.584,140744.74,269.85,141014.59,EUR,1.0,141014.59,Exécuté,Euronext,OPE002
TRX002763,PF00097,INST014,2024-09-05,Arbitrage Sortant,151.13,496.431,75025.62,96.44,75122.06,EUR,1.0,75122.06,Exécuté,OTC,OPE003
TRX002764,PF00147,INST004,2026-04-16,Arbitrage Sortant,374.58,431.1312,161493.12,722.31,162215.43,EUR,1.0,162215.43,Exécuté,Xetra,OPE005
TRX002766,PF00086,INST002,2023-11-08,Arbitrage Sortant,305.58,112.1142,34259.86,138.29,34398.15,EUR,1.0,34398.15,Exécuté,SIX,OPE004
TRX002769,PF00097,INST012,2025-03-10,Arbitrage Entrant,359.65,123.9883,44592.39,140.42,44732.81,USD,0.9392,42013.06,Exécuté,SIX,OPE004
TRX002773,PF00096,INST010,2024-10-28,Dividende,342.39,328.531,112485.73,535.86,113021.59,EUR,1.0,113021.59,Exécuté,OTC,OPE003
TRX002774,PF00049,INST008,2024-07-20,Arbitrage Entrant,230.39,134.3375,30950.02,133.19,31083.21,EUR,1.0,31083.21,Exécuté,SIX,OPE004
TRX002776,PF00091,INST002,2024-07-25,Dividende,298.79,181.8588,54337.59,119.12,54456.71,EUR,1.0,54456.71,Exécuté,SIX,OPE002
TRX002778,PF00105,INST006,2025-12-05,Coupon,179.18,258.0579,46238.81,91.03,46329.84,EUR,1.0,46329.84,Exécuté,Xetra,OPE002
TRX002779,PF00135,INST013,2024-09-17,Dividende,327.69,217.1066,71143.66,141.15,71284.81,USD,1.0828,77187.19,Exécuté,SIX,OPE004
TRX002780,PF00009,INST011,2026-03-03,Arbitrage Entrant,457.8,338.8424,155122.05,163.49,155285.54,EUR,1.0,155285.54,Exécuté,SIX,OPE001
TRX002783,PF00129,INST004,2024-05-17,Arbitrage Entrant,480.87,395.9022,190377.49,401.07,190778.56,EUR,1.0,190778.56,Exécuté,Xetra,OPE003
TRX002786,PF00005,INST012,2024-10-10,Dividende,356.3,190.7415,67961.2,161.23,68122.43,EUR,1.0,68122.43,Exécuté,OTC,OPE005
TRX002787,PF00018,INST005,2025-12-21,Arbitrage Entrant,82.87,124.0085,10276.58,19.8,10296.38,USD,1.0149,10449.8,Exécuté,SIX,OPE004
TRX002788,PF00074,INST014,2023-08-07,Achat,158.46,420.7062,66665.1,248.1,66417.0,EUR,1.0,66417.0,Exécuté,NYSE,OPE001
TRX002789,PF00065,INST001,2024-05-05,Dividende,34.55,439.0786,15170.17,47.45,15217.62,EUR,1.0,15217.62,Exécuté,Xetra,OPE004
TRX002791,PF00043,INST005,2026-04-24,Coupon,150.32,158.1983,23780.37,35.98,23816.35,USD,0.9655,22994.69,Exécuté,Xetra,OPE001
TRX002792,PF00005,INST015,2024-03-11,Arbitrage Entrant,437.01,91.5769,40020.02,155.6,40175.62,EUR,1.0,40175.62,Exécuté,Xetra,OPE001
TRX002794,PF00025,INST004,2024-07-02,Achat,484.72,460.1499,223043.86,291.17,222752.69,USD,0.9017,200856.1,Exécuté,OTC,OPE003
TRX002799,PF00137,INST013,2024-09-23,Frais,46.76,446.849,20894.66,84.87,20809.79,EUR,1.0,20809.79,Exécuté,OTC,OPE001
TRX002800,PF00067,INST014,2026-05-07,Coupon,95.35,72.2963,6893.45,23.62,6917.07,USD,0.9624,6656.99,Exécuté,Euronext,OPE005
TRX002802,PF00017,INST009,2025-06-02,Dividende,78.21,453.2553,35449.1,77.31,35526.41,EUR,1.0,35526.41,Exécuté,SIX,OPE001
TRX002803,PF00051,INST004,2024-03-25,Achat,166.84,324.1455,54080.44,132.48,53947.96,EUR,1.0,53947.96,Exécuté,Xetra,OPE002
TRX002804,PF00010,INST004,2025-10-12,Achat,404.43,155.448,62867.83,175.97,62691.86,EUR,1.0,62691.86,Exécuté,Euronext,OPE005
TRX002806,PF00079,INST006,2024-11-17,Dividende,60.72,283.5973,17220.03,84.29,17304.32,EUR,1.0,17304.32,Exécuté,SIX,OPE005
TRX002807,PF00069,INST006,2024-03-17,Vente,28.48,160.3252,4566.06,6.06,4572.12,EUR,1.0,4572.12,Exécuté,SIX,OPE001
TRX002808,PF00098,INST011,2024-06-22,Coupon,345.32,55.7089,19237.4,23.77,19261.17,USD,0.932,17951.41,Exécuté,NYSE,OPE001
TRX002810,PF00044,INST011,2025-08-25,Arbitrage Sortant,191.13,312.9588,59815.82,246.23,60062.05,USD,0.9061,54422.22,Exécuté,Xetra,OPE004
TRX002811,PF00147,INST013,2024-06-05,Arbitrage Entrant,44.09,11.9023,524.77,1.25,526.02,USD,0.9278,488.04,Exécuté,SIX,OPE002
TRX002812,PF00034,INST009,2023-12-10,Arbitrage Entrant,228.48,354.695,81040.71,132.23,81172.94,EUR,1.0,81172.94,Exécuté,SIX,OPE003
TRX002813,PF00144,INST006,2023-10-03,Frais,247.18,73.1208,18074.0,76.28,17997.72,EUR,1.0,17997.72,Exécuté,NYSE,OPE005
TRX002815,PF00133,INST007,2024-04-25,Achat,403.2,31.5197,12708.74,40.79,12667.95,USD,1.0583,13406.49,Exécuté,Xetra,OPE001
TRX002818,PF00053,INST001,2025-03-05,Achat,450.39,171.3222,77161.81,336.73,76825.08,EUR,1.0,76825.08,Exécuté,NYSE,OPE005
TRX002819,PF00144,INST008,2024-10-12,Frais,254.82,260.1207,66283.96,259.3,66024.66,EUR,1.0,66024.66,Exécuté,SIX,OPE005
TRX002820,PF00061,INST002,2023-11-18,Vente,195.29,479.901,93719.87,249.93,93969.8,USD,1.077,101205.47,Exécuté,OTC,OPE001
TRX002822,PF00115,INST015,2023-09-02,Achat,377.08,311.5454,117477.54,218.19,117259.35,EUR,1.0,117259.35,Exécuté,Xetra,OPE001
TRX002824,PF00019,INST010,2023-09-28,Arbitrage Entrant,376.99,137.2116,51727.4,219.09,51946.49,EUR,1.0,51946.49,Exécuté,NYSE,OPE003
TRX002828,PF00043,INST006,2024-12-30,Arbitrage Sortant,332.1,334.5896,111117.21,406.04,111523.25,USD,1.0051,112092.02,Exécuté,OTC,OPE001
TRX002830,PF00109,INST008,2026-04-22,Coupon,319.93,256.1671,81955.54,282.19,82237.73,EUR,1.0,82237.73,Exécuté,Xetra,OPE005
TRX002831,PF00057,INST008,2026-02-26,Dividende,367.3,291.5207,107075.55,462.97,107538.52,EUR,1.0,107538.52,Exécuté,NYSE,OPE001
TRX002832,PF00060,INST006,2023-07-01,Arbitrage Entrant,101.13,469.4379,47474.25,108.69,47582.94,EUR,1.0,47582.94,Exécuté,OTC,OPE002
TRX002833,PF00129,INST012,2025-07-29,Frais,244.78,273.35,66910.61,189.32,66721.29,EUR,1.0,66721.29,Exécuté,Euronext,OPE003
TRX002834,PF00135,INST007,2024-03-22,Arbitrage Entrant,443.77,464.9869,206347.24,560.06,206907.3,EUR,1.0,206907.3,Exécuté,Euronext,OPE005
TRX002835,PF00127,INST007,2023-10-26,Dividende,167.99,141.4282,23758.52,62.37,23820.89,EUR,1.0,23820.89,Exécuté,Xetra,OPE004
TRX002836,PF00080,INST015,2026-03-13,Achat,306.08,225.8939,69141.6,234.76,68906.84,USD,1.0871,74908.63,Exécuté,Euronext,OPE005
TRX002837,PF00053,INST006,2025-07-20,Arbitrage Entrant,252.65,100.0059,25266.49,109.66,25376.15,EUR,1.0,25376.15,Exécuté,Euronext,OPE001
TRX002838,PF00084,INST010,2024-12-27,Coupon,326.45,86.0645,28095.76,131.71,28227.47,USD,0.9253,26118.88,Exécuté,OTC,OPE002
TRX002840,PF00112,INST011,2023-06-04,Arbitrage Entrant,25.61,50.5782,1295.31,4.58,1299.89,EUR,1.0,1299.89,Exécuté,Euronext,OPE002
TRX002841,PF00051,INST015,2024-08-11,Dividende,277.22,45.2748,12551.08,55.44,12606.52,USD,0.9877,12451.46,Exécuté,Xetra,OPE005
TRX002843,PF00063,INST010,2024-10-28,Vente,446.36,30.0424,13409.73,61.18,13470.91,EUR,1.0,13470.91,Exécuté,SIX,OPE002
TRX002846,PF00094,INST012,2023-08-11,Achat,86.19,51.8907,4472.46,20.24,4452.22,EUR,1.0,4452.22,Exécuté,NYSE,OPE005
TRX002847,PF00063,INST014,2025-06-23,Achat,337.12,232.4545,78365.06,352.56,78012.5,USD,0.9179,71607.67,Exécuté,SIX,OPE002
TRX002848,PF00107,INST005,2025-12-07,Vente,471.25,191.6824,90330.33,262.93,90593.26,EUR,1.0,90593.26,Exécuté,SIX,OPE001
TRX002849,PF00115,INST009,2025-08-11,Frais,388.6,20.9642,8146.69,23.8,8122.89,EUR,1.0,8122.89,Exécuté,OTC,OPE005
TRX002850,PF00026,INST010,2024-06-16,Frais,33.27,246.8045,8211.19,20.37,8190.82,USD,1.0145,8309.59,Exécuté,Xetra,OPE001
TRX002852,PF00134,INST013,2023-12-08,Arbitrage Entrant,380.22,263.5011,100188.39,358.31,100546.7,EUR,1.0,100546.7,Exécuté,SIX,OPE004
TRX002853,PF00112,INST006,2025-09-30,Coupon,390.29,295.351,115272.54,132.19,115404.73,EUR,1.0,115404.73,Exécuté,Xetra,OPE003
TRX002856,PF00014,INST008,2023-07-10,Coupon,473.36,350.0275,165689.02,363.49,166052.51,EUR,1.0,166052.51,Exécuté,NYSE,OPE003
TRX002857,PF00119,INST008,2026-02-06,Achat,497.06,335.3552,166691.66,239.9,166451.76,EUR,1.0,166451.76,Exécuté,SIX,OPE004
TRX002859,PF00045,INST006,2023-10-12,Dividende,234.68,255.2359,59898.76,156.05,60054.81,EUR,1.0,60054.81,Exécuté,Xetra,OPE003
TRX002860,PF00125,INST005,2023-10-28,Achat,197.36,171.1115,33770.57,121.4,33649.17,EUR,1.0,33649.17,Exécuté,OTC,OPE003
TRX002862,PF00078,INST014,2026-04-06,Coupon,181.7,255.7767,46474.63,167.98,46642.61,EUR,1.0,46642.61,Exécuté,NYSE,OPE005
TRX002863,PF00068,INST011,2025-03-01,Arbitrage Entrant,59.66,104.7742,6250.83,10.44,6261.27,USD,1.0483,6563.69,Exécuté,SIX,OPE001
TRX002864,PF00077,INST001,2024-11-24,Coupon,51.78,206.2191,10678.02,36.0,10714.02,EUR,1.0,10714.02,Exécuté,Xetra,OPE004
TRX002867,PF00119,INST001,2025-11-28,Vente,304.63,200.2689,61007.92,65.72,61073.64,EUR,1.0,61073.64,Exécuté,OTC,OPE001
TRX002872,PF00012,INST008,2025-03-03,Achat,227.77,75.0913,17103.55,53.93,17049.62,EUR,1.0,17049.62,Exécuté,NYSE,OPE002
TRX002875,PF00017,INST012,2026-02-12,Dividende,260.56,20.9499,5458.71,20.82,5479.53,EUR,1.0,5479.53,Exécuté,SIX,OPE002
TRX002876,PF00094,INST013,2023-06-21,Arbitrage Entrant,219.04,188.7311,41339.66,175.9,41515.56,EUR,1.0,41515.56,Exécuté,OTC,OPE002
TRX002877,PF00088,INST003,2025-02-16,Arbitrage Entrant,208.13,449.4941,93553.21,269.76,93822.97,EUR,1.0,93822.97,Exécuté,NYSE,OPE005
TRX002878,PF00134,INST007,2025-07-27,Coupon,469.55,60.8063,28551.6,121.09,28672.69,USD,1.0914,31293.37,Exécuté,Euronext,OPE003
TRX002881,PF00097,INST015,2024-04-14,Dividende,350.33,98.6231,34550.63,129.42,34680.05,EUR,1.0,34680.05,Exécuté,Xetra,OPE001
TRX002882,PF00029,INST009,2025-07-29,Achat,398.85,346.891,138357.48,506.79,137850.69,EUR,1.0,137850.69,Exécuté,NYSE,OPE004
TRX002886,PF00063,INST006,2024-05-25,Dividende,487.41,450.7061,219678.66,317.47,219996.13,EUR,1.0,219996.13,Exécuté,OTC,OPE002
TRX002889,PF00096,INST001,2026-02-17,Coupon,211.11,246.5624,52051.79,226.6,52278.39,EUR,1.0,52278.39,Exécuté,Euronext,OPE004
TRX002890,PF00038,INST001,2023-12-06,Dividende,273.25,424.3222,115946.04,299.03,116245.07,EUR,1.0,116245.07,Exécuté,Euronext,OPE005
TRX002891,PF00100,INST014,2026-05-12,Frais,111.96,120.8322,13528.37,58.29,13470.08,USD,0.9774,13165.66,Exécuté,Xetra,OPE004
TRX002892,PF00066,INST010,2025-02-08,Coupon,234.17,63.5022,14870.31,51.32,14921.63,EUR,1.0,14921.63,Exécuté,Xetra,OPE002
TRX002893,PF00006,INST007,2025-06-03,Arbitrage Sortant,455.95,400.0815,182417.16,597.69,183014.85,EUR,1.0,183014.85,Exécuté,NYSE,OPE003
TRX002894,PF00034,INST006,2023-09-05,Arbitrage Sortant,331.34,66.1014,21902.04,106.12,22008.16,EUR,1.0,22008.16,Exécuté,Euronext,OPE005
TRX002898,PF00094,INST013,2023-09-13,Dividende,257.69,79.3666,20451.98,89.42,20541.4,USD,0.9398,19304.81,Exécuté,OTC,OPE002
TRX002901,PF00089,INST002,2025-03-30,Achat,438.16,369.8583,162057.11,359.29,161697.82,EUR,1.0,161697.82,Exécuté,OTC,OPE002
TRX002903,PF00057,INST006,2026-04-18,Arbitrage Sortant,379.43,305.4201,115885.55,162.22,116047.77,EUR,1.0,116047.77,Exécuté,SIX,OPE001
TRX002904,PF00050,INST001,2025-06-13,Dividende,205.99,231.4316,47672.6,58.54,47731.14,EUR,1.0,47731.14,Exécuté,NYSE,OPE003
TRX002907,PF00112,INST014,2025-07-16,Achat,5.69,147.1095,837.05,1.88,835.17,EUR,1.0,835.17,Exécuté,Euronext,OPE004
TRX002908,PF00061,INST001,2024-09-18,Vente,113.67,139.4564,15852.01,66.02,15918.03,EUR,1.0,15918.03,Exécuté,SIX,OPE003
TRX002910,PF00056,INST014,2023-11-26,Achat,271.16,495.5053,134361.22,342.36,134018.86,EUR,1.0,134018.86,Exécuté,NYSE,OPE004
TRX002916,PF00105,INST002,2026-02-25,Vente,260.18,466.4291,121355.52,500.85,121856.37,EUR,1.0,121856.37,Exécuté,OTC,OPE004
TRX002918,PF00058,INST008,2025-11-24,Coupon,295.04,440.8775,130076.5,550.43,130626.93,EUR,1.0,130626.93,Exécuté,Euronext,OPE001
TRX002919,PF00113,INST013,2025-05-29,Vente,494.19,70.3693,34775.8,111.82,34887.62,EUR,1.0,34887.62,Exécuté,NYSE,OPE001
TRX002920,PF00105,INST009,2024-06-09,Arbitrage Entrant,458.23,150.8356,69117.4,114.45,69231.85,USD,1.0369,71786.51,Exécuté,Euronext,OPE002
TRX002921,PF00056,INST010,2023-06-28,Frais,464.61,133.5933,62068.78,156.19,61912.59,EUR,1.0,61912.59,Exécuté,SIX,OPE005
TRX002923,PF00083,INST013,2023-06-06,Vente,299.79,54.2685,16269.15,49.19,16318.34,USD,0.9965,16261.23,Exécuté,Euronext,OPE004
TRX002924,PF00068,INST005,2025-09-14,Frais,443.0,282.2864,125052.88,268.75,124784.13,EUR,1.0,124784.13,Exécuté,NYSE,OPE001
TRX002925,PF00030,INST010,2024-01-29,Arbitrage Entrant,376.97,401.7829,151460.1,626.02,152086.12,EUR,1.0,152086.12,Exécuté,Xetra,OPE003
TRX002928,PF00140,INST007,2025-07-02,Achat,339.69,30.6012,10394.92,40.42,10354.5,USD,0.9338,9669.03,Exécuté,Euronext,OPE004
TRX002930,PF00148,INST011,2024-09-07,Vente,270.43,241.2679,65246.08,202.13,65448.21,EUR,1.0,65448.21,Exécuté,OTC,OPE004
TRX002932,PF00045,INST010,2024-09-09,Arbitrage Sortant,57.44,458.6996,26347.71,87.2,26434.91,EUR,1.0,26434.91,Exécuté,Euronext,OPE004
TRX002933,PF00003,INST004,2026-02-08,Vente,380.36,275.532,104801.35,317.15,105118.5,EUR,1.0,105118.5,Exécuté,Euronext,OPE003
TRX002934,PF00021,INST012,2026-01-30,Achat,90.22,248.9574,22460.94,52.87,22408.07,EUR,1.0,22408.07,Exécuté,Euronext,OPE002
TRX002935,PF00041,INST012,2024-08-23,Arbitrage Entrant,328.39,11.777,3867.45,15.05,3882.5,EUR,1.0,3882.5,Exécuté,Xetra,OPE003
TRX002936,PF00070,INST002,2024-09-20,Coupon,138.44,254.1617,35186.15,54.54,35240.69,EUR,1.0,35240.69,Exécuté,Xetra,OPE004
TRX002937,PF00107,INST003,2024-04-28,Arbitrage Sortant,233.77,328.6146,76820.24,82.32,76902.56,EUR,1.0,76902.56,Exécuté,NYSE,OPE004
TRX002938,PF00147,INST008,2026-03-19,Dividende,138.61,414.366,57435.27,110.23,57545.5,EUR,1.0,57545.5,Exécuté,SIX,OPE005
TRX002941,PF00067,INST006,2025-11-17,Coupon,488.93,85.2293,41671.16,64.1,41735.26,EUR,1.0,41735.26,Exécuté,Xetra,OPE005
TRX002942,PF00088,INST009,2025-06-20,Arbitrage Entrant,50.76,320.7912,16283.36,16.74,16300.1,EUR,1.0,16300.1,Exécuté,Euronext,OPE005
TRX002944,PF00019,INST010,2024-06-15,Vente,24.06,425.709,10242.56,16.58,10259.14,EUR,1.0,10259.14,Exécuté,NYSE,OPE002
TRX002946,PF00042,INST010,2023-05-28,Achat,172.49,482.6866,83258.61,293.61,82965.0,EUR,1.0,82965.0,Exécuté,Euronext,OPE001
TRX002949,PF00106,INST003,2024-08-17,Coupon,66.01,304.6322,20108.77,61.7,20170.47,USD,1.0386,20949.05,Exécuté,Xetra,OPE005
TRX002953,PF00133,INST014,2025-11-22,Arbitrage Entrant,324.15,419.1097,135854.41,469.18,136323.59,EUR,1.0,136323.59,Exécuté,Xetra,OPE005
TRX002954,PF00005,INST011,2023-10-07,Dividende,63.56,240.7412,15301.51,68.19,15369.7,EUR,1.0,15369.7,Exécuté,Euronext,OPE005
TRX002957,PF00057,INST007,2023-08-24,Arbitrage Sortant,300.2,35.9952,10805.76,43.68,10849.44,EUR,1.0,10849.44,Exécuté,Euronext,OPE003
TRX002959,PF00067,INST008,2025-01-07,Arbitrage Sortant,164.8,290.0732,47804.06,198.47,48002.53,EUR,1.0,48002.53,Exécuté,OTC,OPE003
TRX002962,PF00124,INST013,2025-01-24,Coupon,398.83,50.3858,20095.37,48.46,20143.83,EUR,1.0,20143.83,Exécuté,NYSE,OPE004
TRX002963,PF00042,INST012,2026-01-07,Dividende,233.02,391.8925,91318.79,238.41,91557.2,EUR,1.0,91557.2,Exécuté,NYSE,OPE002
TRX002965,PF00080,INST005,2024-11-16,Vente,226.35,249.5564,56487.09,246.74,56733.83,EUR,1.0,56733.83,Exécuté,Xetra,OPE001
TRX002966,PF00073,INST003,2024-02-15,Arbitrage Entrant,125.04,206.2707,25792.09,76.62,25868.71,USD,1.0448,27027.63,Exécuté,SIX,OPE004
TRX002967,PF00094,INST013,2023-07-16,Arbitrage Sortant,134.55,289.7431,38984.93,135.98,39120.91,EUR,1.0,39120.91,Exécuté,OTC,OPE004
TRX002968,PF00005,INST005,2026-04-11,Dividende,426.98,372.2774,158955.0,586.14,159541.14,USD,1.0582,168826.43,Exécuté,NYSE,OPE005
TRX002969,PF00121,INST009,2026-02-19,Arbitrage Entrant,111.99,233.7701,26179.91,52.16,26232.07,EUR,1.0,26232.07,Exécuté,NYSE,OPE001
TRX002970,PF00124,INST004,2024-04-23,Dividende,170.85,318.2449,54372.14,236.68,54608.82,USD,0.9101,49699.49,Exécuté,SIX,OPE003
TRX002972,PF00049,INST012,2025-12-30,Arbitrage Sortant,229.86,36.9327,8489.35,16.3,8505.65,EUR,1.0,8505.65,Exécuté,Euronext,OPE004
TRX002973,PF00013,INST003,2024-02-21,Vente,410.93,170.0602,69882.84,298.78,70181.62,EUR,1.0,70181.62,Exécuté,Xetra,OPE003
TRX002974,PF00084,INST009,2024-03-23,Arbitrage Sortant,249.83,403.9462,100917.88,486.84,101404.72,EUR,1.0,101404.72,Exécuté,Xetra,OPE002
TRX002975,PF00039,INST015,2025-11-18,Arbitrage Entrant,409.09,340.8008,139418.2,667.15,140085.35,EUR,1.0,140085.35,Exécuté,Euronext,OPE001
TRX002977,PF00024,INST014,2025-07-27,Vente,411.33,369.0524,151802.32,689.74,152492.06,EUR,1.0,152492.06,Exécuté,NYSE,OPE003
TRX002978,PF00066,INST015,2026-01-17,Arbitrage Sortant,487.08,312.0705,152003.3,683.7,152687.0,EUR,1.0,152687.0,Exécuté,SIX,OPE003
TRX002979,PF00092,INST008,2023-06-24,Achat,447.17,202.2426,90436.82,378.95,90057.87,USD,1.0918,98325.18,Exécuté,Xetra,OPE004
TRX002981,PF00061,INST006,2025-12-13,Vente,5.62,391.7609,2201.7,6.24,2207.94,EUR,1.0,2207.94,Exécuté,Euronext,OPE003
TRX002983,PF00118,INST015,2023-08-03,Achat,153.73,346.0609,53199.94,200.61,52999.33,EUR,1.0,52999.33,Exécuté,OTC,OPE001
TRX002984,PF00010,INST002,2024-12-11,Achat,40.24,149.4195,6012.64,24.15,5988.49,EUR,1.0,5988.49,Exécuté,NYSE,OPE005
TRX002986,PF00063,INST009,2024-07-07,Frais,57.83,483.7738,27976.64,80.92,27895.72,EUR,1.0,27895.72,Exécuté,OTC,OPE003
TRX002987,PF00108,INST015,2024-08-26,Frais,23.83,181.7535,4331.19,4.94,4326.25,EUR,1.0,4326.25,Exécuté,SIX,OPE005
TRX002988,PF00138,INST013,2025-08-31,Vente,190.72,96.2876,18363.97,20.88,18384.85,EUR,1.0,18384.85,Exécuté,SIX,OPE002
TRX002991,PF00103,INST010,2023-08-12,Coupon,476.2,265.0101,126197.81,428.27,126626.08,EUR,1.0,126626.08,Exécuté,Xetra,OPE003
TRX002995,PF00064,INST015,2024-05-29,Arbitrage Sortant,45.61,33.9191,1547.05,5.42,1552.47,EUR,1.0,1552.47,Exécuté,OTC,OPE002
TRX002996,PF00005,INST012,2024-05-24,Achat,68.22,269.3354,18374.06,89.03,18285.03,EUR,1.0,18285.03,Exécuté,NYSE,OPE002
TRX002999,PF00004,INST014,2025-07-27,Achat,72.65,335.7453,24391.9,37.9,24354.0,EUR,1.0,24354.0,Exécuté,Xetra,OPE003
