TransactionID,PortefeuilleID,InstrumentID,DateTransaction,TypeTransaction,Quantite,PrixUnitaire,MontantBrut,Frais,MontantNet,Devise,TauxChange_EUR,MontantNet_EUR,Statut,Courtier,Operateur
TRX000001,PF00016,INST010,2025-03-03,Frais,281.28,338.3065,95158.85,251.53,94907.32,EUR,1.0,94907.32,Exécuté,Xetra,OPE005
TRX000002,PF00080,INST006,2023-08-02,Achat,289.38,114.242,33059.35,119.9,32939.45,USD,1.0695,35228.74,Exécuté,OTC,OPE003
TRX000003,PF00030,INST013,2023-11-16,Dividende,287.48,405.5385,116584.21,510.71,117094.92,EUR,1.0,117094.92,En attente,Xetra,OPE001
TRX000004,PF00047,INST005,2024-03-26,Arbitrage Entrant,381.44,461.5534,176054.93,423.25,176478.18,USD,1.074,189537.57,En attente,SIX,OPE001
TRX000005,PF00037,INST012,2024-07-01,Arbitrage Entrant,485.93,54.9613,26707.34,83.38,26790.72,EUR,1.0,26790.72,Annulé,SIX,OPE003
TRX000006,PF00041,INST006,2023-10-11,Dividende,361.08,390.6495,141055.72,461.3,141517.02,EUR,1.0,141517.02,Exécuté,NYSE,OPE002
TRX000007,PF00013,INST011,2024-10-06,Achat,136.78,334.35,45732.39,134.57,45597.82,EUR,1.0,45597.82,Annulé,Xetra,OPE002
TRX000008,PF00132,INST002,2024-05-24,Dividende,215.53,148.7908,32068.88,119.1,32187.98,EUR,1.0,32187.98,En attente,Xetra,OPE001
TRX000009,PF00057,INST007,2025-04-15,Frais,28.34,110.1673,3122.14,14.93,3107.21,USD,1.0528,3271.27,Exécuté,Xetra,OPE001
TRX000010,PF00002,INST008,2024-10-06,Arbitrage Entrant,215.9,73.301,15825.69,49.54,15875.23,USD,1.0001,15876.82,Exécuté,Euronext,OPE004
TRX000011,PF00011,INST007,2026-03-13,Achat,230.42,48.1527,11095.35,24.99,11070.36,EUR,1.0,11070.36,En attente,SIX,OPE004
TRX000012,PF00075,INST002,2025-11-30,Coupon,11.41,169.1364,1929.85,8.12,1937.97,EUR,1.0,1937.97,Exécuté,Euronext,OPE004
TRX000013,PF00028,INST004,2026-02-10,Coupon,294.85,266.7416,78648.76,203.15,78851.91,EUR,1.0,78851.91,Exécuté,NYSE,OPE003
TRX000014,PF00044,INST002,2025-03-19,Frais,316.98,269.9964,85583.46,151.96,85431.5,EUR,1.0,85431.5,Exécuté,NYSE,OPE002
TRX000015,PF00027,INST003,2026-03-30,Dividende,99.44,305.1755,30346.65,122.63,30469.28,EUR,1.0,30469.28,Exécuté,SIX,OPE004
TRX000016,PF00145,INST013,2023-08-25,Frais,225.0,462.8356,104138.01,339.28,103798.73,EUR,1.0,103798.73,Exécuté,NYSE,OPE004
TRX000017,PF00018,INST008,2024-06-27,Coupon,316.06,400.2015,126487.69,425.72,126913.41,EUR,1.0,126913.41,En attente,Euronext,OPE003
TRX000018,PF00119,INST008,2025-11-08,Achat,29.39,417.5313,12271.24,16.04,12255.2,EUR,1.0,12255.2,En attente,OTC,OPE005
TRX000019,PF00099,INST008,2025-06-13,Frais,277.6,397.9907,110482.22,506.4,109975.82,EUR,1.0,109975.82,En attente,NYSE,OPE003
TRX000020,PF00122,INST009,2026-02-14,Vente,478.9,230.7563,110509.19,468.99,110978.18,EUR,1.0,110978.18,Exécuté,OTC,OPE002
TRX000021,PF00011,INST004,2023-05-31,Arbitrage Entrant,219.44,225.3167,49443.5,152.83,49596.33,USD,0.9728,48247.31,Exécuté,SIX,OPE004
TRX000022,PF00087,INST011,2025-01-17,Frais,27.13,319.1344,8658.12,20.25,8637.87,EUR,1.0,8637.87,Exécuté,OTC,OPE004
TRX000023,PF00073,INST005,2026-05-07,Arbitrage Entrant,425.93,482.5609,205537.16,701.05,206238.21,USD,0.9667,199370.48,En attente,NYSE,OPE003
TRX000024,PF00080,INST011,2024-02-03,Arbitrage Entrant,331.41,73.1863,24254.67,93.02,24347.69,EUR,1.0,24347.69,Exécuté,OTC,OPE004
TRX000025,PF00085,INST014,2024-04-25,Vente,335.39,416.1899,139585.93,552.08,140138.01,EUR,1.0,140138.01,Annulé,OTC,OPE003
TRX000026,PF00005,INST006,2024-06-01,Dividende,90.95,114.9544,10455.1,50.09,10505.19,EUR,1.0,10505.19,Exécuté,NYSE,OPE002
TRX000027,PF00040,INST002,2025-01-17,Dividende,422.37,59.559,25155.93,102.72,25258.65,EUR,1.0,25258.65,Exécuté,OTC,OPE002
TRX000028,PF00097,INST003,2026-03-03,Vente,91.24,349.4944,31887.87,111.57,31999.44,USD,1.0442,33413.82,Exécuté,SIX,OPE003
TRX000029,PF00061,INST008,2024-01-29,Frais,143.18,376.7829,53947.78,150.82,53796.96,USD,0.9619,51747.3,Annulé,NYSE,OPE003
TRX000030,PF00147,INST008,2026-02-23,Coupon,384.95,391.2808,150623.54,453.62,151077.16,EUR,1.0,151077.16,Exécuté,NYSE,OPE005
TRX000031,PF00036,INST014,2025-07-13,Dividende,27.04,245.4894,6638.03,16.49,6654.52,EUR,1.0,6654.52,En attente,Euronext,OPE003
TRX000032,PF00022,INST013,2023-10-29,Vente,137.12,453.6,62197.63,98.86,62296.49,EUR,1.0,62296.49,Exécuté,NYSE,OPE004
TRX000033,PF00090,INST015,2024-05-28,Achat,208.03,204.2624,42492.71,106.06,42386.65,EUR,1.0,42386.65,Exécuté,Xetra,OPE002
TRX000034,PF00008,INST006,2024-04-26,Achat,419.75,328.4807,137879.77,574.34,137305.43,USD,0.9077,124632.14,Annulé,NYSE,OPE004
TRX000035,PF00115,INST010,2023-06-14,Achat,453.02,19.3119,8748.68,16.3,8732.38,USD,1.0098,8817.96,En attente,OTC,OPE004
TRX000036,PF00029,INST013,2024-10-25,Dividende,119.58,69.7057,8335.41,16.29,8351.7,EUR,1.0,8351.7,Exécuté,Euronext,OPE004
TRX000037,PF00138,INST001,2025-05-31,Arbitrage Entrant,258.17,128.5497,33187.68,52.25,33239.93,EUR,1.0,33239.93,Exécuté,OTC,OPE003
TRX000038,PF00062,INST010,2024-08-17,Coupon,94.47,337.4253,31876.57,98.62,31975.19,EUR,1.0,31975.19,Exécuté,OTC,OPE005
TRX000039,PF00130,INST013,2024-11-05,Frais,277.52,201.3223,55870.96,160.94,55710.02,EUR,1.0,55710.02,Exécuté,Xetra,OPE001
TRX000040,PF00092,INST013,2025-08-22,Achat,173.06,369.1411,63883.56,224.42,63659.14,EUR,1.0,63659.14,Exécuté,Euronext,OPE003
TRX000041,PF00140,INST006,2024-10-25,Arbitrage Sortant,321.76,416.888,134137.88,501.51,134639.39,EUR,1.0,134639.39,Exécuté,NYSE,OPE001
TRX000042,PF00118,INST001,2023-08-18,Dividende,101.59,397.6435,40396.6,183.53,40580.13,EUR,1.0,40580.13,Exécuté,OTC,OPE004
TRX000043,PF00140,INST008,2024-02-21,Dividende,19.27,326.9812,6300.93,13.51,6314.44,EUR,1.0,6314.44,Exécuté,Xetra,OPE001
TRX000044,PF00095,INST007,2025-07-02,Coupon,371.91,448.3724,166754.18,424.65,167178.83,USD,0.9992,167045.09,Annulé,Xetra,OPE005
TRX000045,PF00069,INST013,2025-09-19,Achat,363.81,48.6742,17708.16,60.38,17647.78,USD,1.0091,17808.37,Exécuté,Euronext,OPE001
TRX000046,PF00084,INST011,2026-04-02,Dividende,153.94,305.2846,46995.51,127.1,47122.61,EUR,1.0,47122.61,Exécuté,SIX,OPE001
TRX000047,PF00091,INST010,2024-01-20,Coupon,138.0,490.2134,67649.45,324.15,67973.6,EUR,1.0,67973.6,Annulé,Xetra,OPE005
TRX000048,PF00041,INST001,2025-08-22,Vente,424.49,342.2635,145287.43,399.93,145687.36,USD,0.9134,133070.83,Exécuté,Xetra,OPE004
TRX000049,PF00146,INST001,2023-12-25,Frais,77.57,230.4621,17876.95,44.4,17832.55,EUR,1.0,17832.55,Exécuté,OTC,OPE002
TRX000050,PF00136,INST006,2025-01-30,Coupon,157.88,146.558,23138.58,112.04,23250.62,EUR,1.0,23250.62,Exécuté,SIX,OPE005
TRX000051,PF00100,INST015,2023-07-28,Frais,59.76,389.7326,23290.42,88.88,23201.54,USD,1.0993,25505.45,Exécuté,SIX,OPE002
TRX000052,PF00032,INST003,2026-05-06,Arbitrage Sortant,37.95,94.6016,3590.13,13.83,3603.96,EUR,1.0,3603.96,Exécuté,Xetra,OPE001
TRX000053,PF00141,INST009,2024-04-23,Dividende,445.77,427.1674,190418.41,732.58,191150.99,USD,1.0587,202371.55,En attente,NYSE,OPE001
TRX000054,PF00052,INST013,2024-06-12,Vente,119.13,252.0707,30029.18,73.38,30102.56,EUR,1.0,30102.56,Annulé,OTC,OPE002
TRX000055,PF00023,INST002,2023-11-02,Dividende,199.68,361.2975,72143.88,210.27,72354.15,EUR,1.0,72354.15,Annulé,OTC,OPE001
TRX000056,PF00033,INST006,2023-08-30,Arbitrage Entrant,38.01,238.2583,9056.2,27.8,9084.0,USD,1.0756,9770.75,En attente,OTC,OPE002
TRX000057,PF00034,INST007,2023-11-22,Frais,455.45,37.1523,16921.02,25.32,16895.7,USD,0.9608,16233.39,Exécuté,Xetra,OPE002
TRX000058,PF00089,INST009,2023-11-02,Dividende,423.12,132.7966,56188.9,198.92,56387.82,EUR,1.0,56387.82,Exécuté,Xetra,OPE005
TRX000059,PF00137,INST002,2025-12-19,Frais,320.85,299.9861,96250.54,319.8,95930.74,USD,1.0317,98971.74,En attente,Xetra,OPE005
TRX000060,PF00011,INST014,2023-10-24,Arbitrage Sortant,15.16,32.2763,489.31,1.74,491.05,EUR,1.0,491.05,Exécuté,OTC,OPE004
TRX000061,PF00008,INST008,2023-09-15,Arbitrage Entrant,273.24,324.5346,88675.83,195.83,88871.66,USD,1.0609,94283.94,Annulé,Xetra,OPE004
TRX000062,PF00019,INST012,2023-08-03,Achat,79.88,213.6547,17066.74,48.77,17017.97,EUR,1.0,17017.97,En attente,NYSE,OPE003
TRX000063,PF00082,INST012,2025-12-30,Arbitrage Sortant,173.34,205.3711,35599.03,143.91,35742.94,EUR,1.0,35742.94,Exécuté,NYSE,OPE004
TRX000064,PF00032,INST005,2023-06-01,Coupon,124.71,57.4377,7163.06,15.48,7178.54,EUR,1.0,7178.54,En attente,SIX,OPE002
TRX000065,PF00041,INST014,2025-08-15,Dividende,466.94,363.3529,169664.0,298.5,169962.5,USD,0.9997,169911.51,En attente,SIX,OPE004
TRX000066,PF00079,INST008,2024-03-06,Achat,45.93,202.6887,9309.49,26.34,9283.15,USD,0.943,8754.01,Exécuté,Euronext,OPE001
TRX000067,PF00073,INST008,2024-05-27,Frais,441.29,330.5874,145884.91,420.49,145464.42,EUR,1.0,145464.42,Exécuté,SIX,OPE002
TRX000068,PF00068,INST012,2025-11-08,Dividende,382.16,189.3093,72346.44,188.27,72534.71,USD,0.9725,70540.01,Exécuté,Euronext,OPE004
TRX000069,PF00130,INST008,2025-08-23,Arbitrage Sortant,275.38,414.4025,114118.16,398.61,114516.77,EUR,1.0,114516.77,Exécuté,Euronext,OPE004
TRX000070,PF00096,INST013,2024-03-03,Dividende,279.36,189.1471,52840.13,83.33,52923.46,EUR,1.0,52923.46,En attente,Euronext,OPE001
TRX000071,PF00010,INST003,2025-07-06,Arbitrage Entrant,167.19,242.1346,40482.48,114.48,40596.96,USD,0.9656,39200.42,En attente,Xetra,OPE002
TRX000072,PF00101,INST010,2023-10-24,Arbitrage Entrant,421.46,300.9251,126827.89,384.19,127212.08,EUR,1.0,127212.08,En attente,Xetra,OPE004
TRX000073,PF00005,INST006,2024-07-18,Dividende,337.23,490.15,165293.28,551.22,165844.5,EUR,1.0,165844.5,En attente,SIX,OPE003
TRX000074,PF00149,INST010,2024-02-03,Vente,360.98,295.9264,106823.51,179.68,107003.19,EUR,1.0,107003.19,Exécuté,NYSE,OPE001
TRX000075,PF00147,INST012,2023-09-25,Achat,96.2,226.1089,21751.68,58.19,21693.49,EUR,1.0,21693.49,Exécuté,SIX,OPE005
TRX000076,PF00121,INST014,2025-02-23,Arbitrage Sortant,368.18,40.5178,14917.84,23.16,14941.0,USD,1.0122,15123.28,Annulé,OTC,OPE004
TRX000077,PF00081,INST003,2025-07-20,Coupon,456.15,177.7402,81076.19,195.97,81272.16,EUR,1.0,81272.16,En attente,SIX,OPE002
TRX000078,PF00064,INST005,2025-08-01,Frais,149.95,471.3279,70675.62,348.36,70327.26,EUR,1.0,70327.26,Exécuté,SIX,OPE003
TRX000079,PF00123,INST006,2023-06-02,Frais,466.92,399.7486,186650.62,390.81,186259.81,EUR,1.0,186259.81,En attente,OTC,OPE004
TRX000080,PF00102,INST014,2025-01-23,Dividende,477.35,404.2618,192974.37,417.17,193391.54,EUR,1.0,193391.54,Exécuté,Xetra,OPE004
TRX000081,PF00066,INST012,2023-12-24,Coupon,107.78,415.6963,44803.75,93.39,44897.14,EUR,1.0,44897.14,Exécuté,Euronext,OPE005
TRX000082,PF00062,INST004,2023-07-15,Achat,335.25,270.2103,90588.0,321.75,90266.25,EUR,1.0,90266.25,Exécuté,SIX,OPE003
TRX000083,PF00121,INST002,2024-09-22,Arbitrage Entrant,385.61,12.5389,4835.13,15.48,4850.61,USD,0.9814,4760.39,Annulé,SIX,OPE002
TRX000084,PF00074,INST006,2024-11-28,Dividende,323.3,454.8891,147065.65,199.69,147265.34,USD,1.007,148296.2,Exécuté,NYSE,OPE004
TRX000085,PF00046,INST015,2025-03-22,Achat,498.59,204.5273,101975.27,304.04,101671.23,EUR,1.0,101671.23,Exécuté,Euronext,OPE003
TRX000086,PF00146,INST010,2024-02-14,Achat,464.3,174.1706,80867.41,227.84,80639.57,EUR,1.0,80639.57,Exécuté,OTC,OPE004
TRX000087,PF00070,INST004,2025-03-16,Arbitrage Sortant,57.21,89.6222,5127.29,14.54,5141.83,EUR,1.0,5141.83,Exécuté,Euronext,OPE003
TRX000088,PF00076,INST010,2026-05-09,Arbitrage Entrant,378.88,95.9925,36369.64,160.92,36530.56,EUR,1.0,36530.56,Annulé,OTC,OPE003
TRX000089,PF00023,INST007,2023-11-02,Arbitrage Entrant,48.6,491.0257,23863.85,69.44,23933.29,USD,0.9014,21573.47,Annulé,NYSE,OPE004
TRX000090,PF00069,INST006,2024-11-21,Dividende,291.65,290.7099,84785.54,173.49,84959.03,EUR,1.0,84959.03,Exécuté,Euronext,OPE001
TRX000091,PF00120,INST005,2023-08-28,Vente,203.3,256.235,52092.58,238.61,52331.19,EUR,1.0,52331.19,Exécuté,Xetra,OPE003
TRX000092,PF00057,INST004,2026-03-13,Vente,239.61,232.9395,55814.63,276.58,56091.21,EUR,1.0,56091.21,Annulé,OTC,OPE004
TRX000093,PF00138,INST013,2024-12-07,Arbitrage Entrant,412.98,383.3112,158299.86,589.09,158888.95,EUR,1.0,158888.95,En attente,SIX,OPE005
TRX000094,PF00093,INST002,2026-03-23,Frais,56.99,416.0993,23713.5,109.36,23604.14,USD,1.0145,23946.4,Exécuté,NYSE,OPE003
TRX000095,PF00134,INST008,2025-08-10,Achat,340.47,361.2898,123008.34,363.53,122644.81,EUR,1.0,122644.81,Exécuté,SIX,OPE002
TRX000096,PF00132,INST007,2025-08-28,Coupon,282.39,283.8106,80145.28,295.82,80441.1,EUR,1.0,80441.1,Exécuté,SIX,OPE003
TRX000097,PF00001,INST012,2024-11-27,Vente,289.58,32.192,9322.16,22.17,9344.33,EUR,1.0,9344.33,En attente,Euronext,OPE001
TRX000098,PF00121,INST001,2023-10-30,Dividende,205.02,386.7963,79300.98,322.22,79623.2,EUR,1.0,79623.2,Exécuté,SIX,OPE004
TRX000099,PF00097,INST007,2026-04-25,Achat,341.68,334.2783,114216.21,360.6,113855.61,EUR,1.0,113855.61,Exécuté,NYSE,OPE005
TRX000100,PF00101,INST009,2025-06-01,Vente,364.2,119.1182,43382.85,43.99,43426.84,EUR,1.0,43426.84,Exécuté,SIX,OPE005
TRX000101,PF00109,INST009,2024-12-25,Coupon,411.86,131.2809,54069.35,128.94,54198.29,EUR,1.0,54198.29,Exécuté,Euronext,OPE001
TRX000102,PF00108,INST010,2025-04-07,Arbitrage Sortant,468.18,445.6303,208635.19,409.48,209044.67,EUR,1.0,209044.67,Exécuté,OTC,OPE001
TRX000103,PF00115,INST010,2023-10-11,Arbitrage Entrant,351.94,33.8514,11913.66,47.2,11960.86,EUR,1.0,11960.86,Annulé,NYSE,OPE005
TRX000104,PF00056,INST013,2025-10-24,Arbitrage Sortant,388.26,78.6664,30543.02,151.92,30694.94,USD,1.0632,32634.86,En attente,Xetra,OPE005
TRX000105,PF00083,INST004,2023-06-14,Dividende,438.25,492.9908,216053.22,666.53,216719.75,EUR,1.0,216719.75,Exécuté,Xetra,OPE001
TRX000106,PF00143,INST010,2025-11-27,Arbitrage Entrant,455.88,316.7366,144393.88,391.13,144785.01,EUR,1.0,144785.01,Exécuté,Xetra,OPE004
TRX000107,PF00135,INST006,2024-01-16,Arbitrage Entrant,208.75,83.1166,17350.59,43.48,17394.07,EUR,1.0,17394.07,Exécuté,NYSE,OPE003
TRX000108,PF00037,INST013,2023-06-11,Coupon,457.46,285.5691,130636.44,636.35,131272.79,USD,0.9777,128345.41,Exécuté,NYSE,OPE003
TRX000109,PF00021,INST015,2025-11-28,Coupon,423.72,55.3074,23434.85,91.36,23526.21,USD,0.9103,21415.91,Annulé,OTC,OPE005
TRX000110,PF00011,INST014,2024-12-18,Achat,94.89,383.2312,36364.81,141.72,36223.09,USD,0.9959,36074.58,Exécuté,Xetra,OPE001
TRX000111,PF00055,INST015,2023-09-11,Vente,481.08,67.4849,32465.64,162.27,32627.91,EUR,1.0,32627.91,Exécuté,OTC,OPE002
TRX000112,PF00102,INST015,2024-08-31,Vente,276.49,390.0018,107831.6,272.02,108103.62,EUR,1.0,108103.62,Exécuté,Xetra,OPE003
TRX000113,PF00132,INST015,2024-09-01,Coupon,233.54,403.3801,94205.39,366.43,94571.82,EUR,1.0,94571.82,Exécuté,Xetra,OPE003
TRX000114,PF00106,INST001,2026-03-31,Frais,432.18,373.2137,161295.5,171.76,161123.74,EUR,1.0,161123.74,Exécuté,NYSE,OPE002
TRX000115,PF00085,INST004,2025-10-30,Coupon,285.32,130.4077,37207.92,119.16,37327.08,EUR,1.0,37327.08,Exécuté,SIX,OPE004
TRX000116,PF00118,INST003,2025-01-18,Arbitrage Entrant,397.69,92.9402,36961.39,143.46,37104.85,EUR,1.0,37104.85,Exécuté,OTC,OPE001
TRX000117,PF00135,INST001,2025-01-31,Arbitrage Sortant,423.5,473.1422,200375.72,735.95,201111.67,EUR,1.0,201111.67,Annulé,NYSE,OPE002
TRX000118,PF00018,INST012,2026-01-24,Vente,5.56,257.8091,1433.42,3.57,1436.99,EUR,1.0,1436.99,Annulé,Euronext,OPE001
TRX000119,PF00137,INST009,2025-09-27,Coupon,6.91,269.4146,1861.65,3.91,1865.56,EUR,1.0,1865.56,Exécuté,OTC,OPE004
TRX000120,PF00046,INST002,2024-01-20,Achat,262.67,128.0747,33641.38,117.04,33524.34,EUR,1.0,33524.34,Exécuté,Xetra,OPE004
TRX000121,PF00021,INST006,2024-03-14,Coupon,230.04,129.1719,29714.7,112.59,29827.29,EUR,1.0,29827.29,Exécuté,Euronext,OPE001
TRX000122,PF00104,INST007,2023-05-21,Coupon,276.8,37.4963,10378.98,10.77,10389.75,USD,0.9165,9522.21,Annulé,Xetra,OPE005
TRX000123,PF00025,INST015,2025-05-31,Frais,459.66,122.5856,56347.7,259.49,56088.21,EUR,1.0,56088.21,Exécuté,Euronext,OPE001
TRX000124,PF00072,INST015,2024-03-13,Frais,282.19,26.1219,7371.34,34.76,7336.58,EUR,1.0,7336.58,Exécuté,NYSE,OPE005
TRX000125,PF00037,INST013,2025-03-23,Arbitrage Sortant,356.64,205.165,73170.05,95.69,73265.74,USD,1.0128,74203.54,En attente,SIX,OPE005
TRX000126,PF00085,INST007,2024-02-14,Arbitrage Sortant,370.13,397.3441,147068.97,552.57,147621.54,EUR,1.0,147621.54,En attente,Xetra,OPE001
TRX000127,PF00026,INST007,2024-12-16,Vente,419.5,176.8904,74205.52,302.46,74507.98,EUR,1.0,74507.98,Exécuté,Euronext,OPE003
TRX000128,PF00116,INST008,2024-01-15,Vente,178.55,471.16,84125.62,229.44,84355.06,EUR,1.0,84355.06,Exécuté,OTC,OPE003
TRX000129,PF00064,INST012,2024-06-20,Achat,41.94,85.5683,3588.73,13.8,3574.93,USD,1.0479,3746.17,Exécuté,Xetra,OPE001
TRX000130,PF00024,INST001,2024-10-31,Dividende,222.92,383.0598,85391.69,120.31,85512.0,EUR,1.0,85512.0,Exécuté,SIX,OPE004
TRX000131,PF00143,INST009,2024-03-03,Frais,204.61,22.8683,4679.08,11.3,4667.78,EUR,1.0,4667.78,En attente,OTC,OPE003
TRX000132,PF00099,INST001,2025-03-17,Dividende,207.49,391.7929,81293.11,316.99,81610.1,USD,1.0144,82785.29,Exécuté,SIX,OPE002
TRX000133,PF00036,INST005,2024-08-04,Dividende,134.93,81.5081,10997.89,18.35,11016.24,EUR,1.0,11016.24,Annulé,Xetra,OPE004
TRX000134,PF00020,INST006,2024-07-10,Dividende,472.17,363.2407,171511.36,511.65,172023.01,USD,0.9916,170578.02,Exécuté,Xetra,OPE001
TRX000135,PF00102,INST006,2025-01-19,Arbitrage Sortant,310.48,403.9975,125433.14,290.77,125723.91,EUR,1.0,125723.91,Annulé,OTC,OPE002
TRX000136,PF00077,INST006,2024-04-18,Frais,473.69,108.4172,51356.14,115.9,51240.24,EUR,1.0,51240.24,Exécuté,Xetra,OPE004
TRX000137,PF00148,INST013,2024-09-03,Vente,163.62,147.3471,24108.93,99.89,24208.82,EUR,1.0,24208.82,Exécuté,OTC,OPE002
TRX000138,PF00140,INST003,2025-10-11,Arbitrage Entrant,384.04,23.1889,8905.47,34.81,8940.28,USD,0.9877,8830.31,Exécuté,Euronext,OPE004
TRX000139,PF00128,INST003,2025-09-29,Arbitrage Entrant,152.11,133.814,20354.45,32.9,20387.35,EUR,1.0,20387.35,Annulé,Euronext,OPE004
TRX000140,PF00123,INST010,2024-12-18,Coupon,267.65,462.5129,123791.58,554.4,124345.98,EUR,1.0,124345.98,En attente,Euronext,OPE003
TRX000141,PF00138,INST010,2026-02-01,Arbitrage Entrant,457.29,63.591,29079.53,57.95,29137.48,EUR,1.0,29137.48,Exécuté,OTC,OPE001
TRX000142,PF00145,INST011,2025-04-13,Arbitrage Entrant,323.73,483.7375,156600.34,364.31,156964.65,EUR,1.0,156964.65,Exécuté,Euronext,OPE001
TRX000143,PF00067,INST004,2025-05-13,Frais,373.68,283.4168,105907.19,397.22,105509.97,USD,0.9892,104370.46,Annulé,SIX,OPE005
TRX000144,PF00129,INST003,2023-07-06,Dividende,498.85,246.5578,122995.36,268.34,123263.7,EUR,1.0,123263.7,Exécuté,NYSE,OPE003
TRX000145,PF00080,INST006,2025-11-22,Coupon,392.35,265.3463,104108.62,249.15,104357.77,EUR,1.0,104357.77,Annulé,SIX,OPE003
TRX000146,PF00018,INST005,2025-08-17,Achat,405.28,66.3918,26907.27,118.3,26788.97,EUR,1.0,26788.97,Exécuté,NYSE,OPE005
TRX000147,PF00045,INST009,2026-02-21,Vente,166.16,218.921,36375.91,103.61,36479.52,EUR,1.0,36479.52,Exécuté,NYSE,OPE004
TRX000148,PF00102,INST001,2025-01-26,Arbitrage Entrant,307.44,106.689,32800.47,110.5,32910.97,EUR,1.0,32910.97,Exécuté,NYSE,OPE002
TRX000149,PF00072,INST013,2025-06-19,Arbitrage Entrant,404.56,40.6562,16447.87,23.14,16471.01,USD,0.9732,16029.59,Exécuté,SIX,OPE001
TRX000150,PF00068,INST011,2023-11-30,Arbitrage Sortant,245.25,483.299,118529.08,267.12,118796.2,EUR,1.0,118796.2,En attente,SIX,OPE005
TRX000151,PF00030,INST006,2024-03-23,Dividende,422.91,312.5077,132162.63,562.35,132724.98,EUR,1.0,132724.98,En attente,OTC,OPE001
TRX000152,PF00035,INST006,2025-07-05,Achat,120.05,67.305,8079.97,20.15,8059.82,USD,1.0022,8077.55,Annulé,OTC,OPE002
TRX000153,PF00148,INST007,2025-06-24,Coupon,93.69,321.3958,30111.57,113.63,30225.2,USD,1.011,30557.68,Annulé,Xetra,OPE002
TRX000154,PF00048,INST006,2025-09-18,Arbitrage Sortant,226.05,36.2695,8198.72,19.97,8218.69,EUR,1.0,8218.69,Annulé,NYSE,OPE002
TRX000155,PF00099,INST009,2024-08-15,Frais,326.88,210.4758,68800.33,204.12,68596.21,EUR,1.0,68596.21,Annulé,NYSE,OPE001
TRX000156,PF00145,INST001,2026-05-16,Arbitrage Sortant,380.77,153.1241,58305.06,122.41,58427.47,EUR,1.0,58427.47,Exécuté,SIX,OPE005
TRX000157,PF00127,INST009,2023-11-30,Frais,57.49,65.9613,3792.12,15.55,3776.57,EUR,1.0,3776.57,En attente,Euronext,OPE004
TRX000158,PF00140,INST004,2026-01-28,Coupon,52.11,416.7347,21716.05,86.98,21803.03,EUR,1.0,21803.03,Exécuté,SIX,OPE003
TRX000159,PF00090,INST014,2026-05-08,Arbitrage Sortant,44.4,433.9923,19269.26,28.32,19297.58,USD,0.942,18178.32,En attente,Xetra,OPE005
TRX000160,PF00110,INST003,2025-08-01,Frais,70.48,111.2436,7840.45,14.33,7826.12,EUR,1.0,7826.12,En attente,Xetra,OPE005
TRX000161,PF00072,INST010,2024-08-01,Frais,85.02,489.7101,41635.15,90.37,41544.78,EUR,1.0,41544.78,En attente,Euronext,OPE002
TRX000162,PF00106,INST015,2025-02-06,Achat,496.25,434.8533,215795.95,325.32,215470.63,USD,0.9499,204675.55,Exécuté,NYSE,OPE004
TRX000163,PF00126,INST003,2025-01-27,Frais,316.57,317.6283,100551.59,251.45,100300.14,EUR,1.0,100300.14,Exécuté,SIX,OPE005
TRX000164,PF00072,INST012,2025-05-18,Dividende,227.89,249.1418,56776.92,188.94,56965.86,EUR,1.0,56965.86,Annulé,Xetra,OPE001
TRX000165,PF00137,INST007,2025-06-02,Vente,484.1,414.1753,200502.26,597.27,201099.53,EUR,1.0,201099.53,Exécuté,Xetra,OPE005
TRX000166,PF00148,INST003,2025-10-12,Frais,426.36,396.2688,168953.17,773.23,168179.94,EUR,1.0,168179.94,Exécuté,Euronext,OPE004
TRX000167,PF00005,INST002,2023-06-17,Arbitrage Sortant,79.83,233.6939,18655.78,92.67,18748.45,EUR,1.0,18748.45,Exécuté,NYSE,OPE003
TRX000168,PF00041,INST014,2023-08-30,Dividende,47.58,186.6133,8879.06,11.81,8890.87,USD,0.9104,8094.25,Exécuté,NYSE,OPE004
TRX000169,PF00024,INST012,2025-09-27,Achat,1.54,243.6353,375.2,0.57,374.63,USD,1.0039,376.09,Annulé,Euronext,OPE001
TRX000170,PF00088,INST014,2025-05-31,Achat,494.09,216.9338,107184.82,163.85,107020.97,EUR,1.0,107020.97,Exécuté,SIX,OPE001
TRX000171,PF00027,INST002,2025-01-09,Dividende,184.41,156.6351,28885.08,73.1,28958.18,USD,1.0283,29777.7,Exécuté,Euronext,OPE005
TRX000172,PF00145,INST001,2023-07-22,Frais,325.36,225.6487,73417.06,285.57,73131.49,USD,1.084,79274.54,En attente,SIX,OPE002
TRX000173,PF00023,INST015,2024-06-13,Achat,70.87,70.347,4985.49,19.54,4965.95,EUR,1.0,4965.95,Annulé,Xetra,OPE002
TRX000174,PF00064,INST005,2023-08-27,Arbitrage Entrant,43.04,281.1643,12101.31,41.14,12142.45,EUR,1.0,12142.45,Exécuté,Xetra,OPE002
TRX000175,PF00133,INST010,2024-08-29,Frais,95.13,201.958,19212.26,68.87,19143.39,USD,0.999,19124.25,Exécuté,NYSE,OPE004
TRX000176,PF00019,INST009,2026-03-11,Achat,493.45,467.623,230748.57,352.57,230396.0,EUR,1.0,230396.0,Exécuté,OTC,OPE002
TRX000177,PF00121,INST013,2023-05-28,Achat,9.33,43.091,402.04,0.82,401.22,EUR,1.0,401.22,Exécuté,SIX,OPE005
TRX000178,PF00074,INST011,2026-04-18,Arbitrage Entrant,251.02,213.5617,53608.26,204.1,53812.36,EUR,1.0,53812.36,En attente,OTC,OPE005
TRX000179,PF00040,INST005,2024-08-09,Achat,155.64,260.5393,40550.34,73.51,40476.83,USD,1.0073,40772.31,Annulé,OTC,OPE001
TRX000180,PF00080,INST012,2026-01-10,Coupon,365.25,424.7694,155147.02,191.08,155338.1,EUR,1.0,155338.1,Annulé,Euronext,OPE004
TRX000181,PF00015,INST005,2024-06-14,Arbitrage Entrant,371.11,372.9225,138395.27,204.52,138599.79,USD,1.0403,144185.36,Exécuté,SIX,OPE003
TRX000182,PF00134,INST009,2025-01-25,Arbitrage Sortant,411.43,137.031,56378.66,140.24,56518.9,EUR,1.0,56518.9,Exécuté,Euronext,OPE003
TRX000183,PF00110,INST005,2026-01-16,Frais,32.87,359.0384,11801.59,39.02,11762.57,EUR,1.0,11762.57,Annulé,SIX,OPE005
TRX000184,PF00093,INST001,2023-07-06,Coupon,429.82,91.7719,39445.4,64.27,39509.67,EUR,1.0,39509.67,En attente,Euronext,OPE002
TRX000185,PF00131,INST001,2025-02-21,Achat,429.49,16.0212,6880.95,8.15,6872.8,EUR,1.0,6872.8,Annulé,NYSE,OPE002
TRX000186,PF00010,INST009,2023-12-16,Arbitrage Sortant,457.06,372.9263,170449.69,456.38,170906.07,EUR,1.0,170906.07,Exécuté,SIX,OPE003
TRX000187,PF00070,INST014,2026-02-24,Achat,286.2,68.5065,19606.56,72.41,19534.15,EUR,1.0,19534.15,Exécuté,NYSE,OPE005
TRX000188,PF00012,INST007,2026-02-02,Achat,438.62,434.3558,190517.14,780.0,189737.14,EUR,1.0,189737.14,Exécuté,Euronext,OPE005
TRX000189,PF00117,INST001,2026-05-14,Dividende,101.13,286.2653,28950.01,64.14,29014.15,USD,0.9928,28805.25,En attente,SIX,OPE002
TRX000190,PF00140,INST013,2023-11-04,Arbitrage Sortant,123.32,13.1252,1618.6,4.27,1622.87,USD,1.0083,1636.34,Exécuté,Xetra,OPE001
TRX000191,PF00097,INST014,2025-06-08,Arbitrage Entrant,363.88,60.935,22173.03,69.16,22242.19,USD,0.984,21886.31,Exécuté,NYSE,OPE003
TRX000192,PF00024,INST001,2024-08-28,Vente,448.75,264.682,118776.05,451.75,119227.8,EUR,1.0,119227.8,Annulé,Euronext,OPE005
TRX000193,PF00025,INST009,2024-10-31,Vente,318.97,203.2321,64824.94,218.3,65043.24,EUR,1.0,65043.24,Annulé,NYSE,OPE002
TRX000194,PF00075,INST005,2023-11-20,Arbitrage Sortant,158.19,402.4002,63655.69,242.08,63897.77,EUR,1.0,63897.77,Exécuté,SIX,OPE003
TRX000195,PF00060,INST002,2025-03-29,Vente,68.92,387.3718,26697.66,38.33,26735.99,EUR,1.0,26735.99,Exécuté,SIX,OPE004
TRX000196,PF00081,INST007,2024-12-09,Achat,268.43,482.671,129563.38,237.17,129326.21,EUR,1.0,129326.21,Annulé,Xetra,OPE001
TRX000197,PF00024,INST003,2023-07-05,Arbitrage Sortant,343.34,414.9295,142461.89,539.58,143001.47,EUR,1.0,143001.47,Exécuté,Xetra,OPE002
TRX000198,PF00024,INST012,2025-05-04,Vente,484.23,204.1598,98860.3,118.22,98978.52,EUR,1.0,98978.52,Exécuté,NYSE,OPE001
TRX000199,PF00104,INST014,2024-06-24,Coupon,278.42,279.5592,77834.87,107.33,77942.2,EUR,1.0,77942.2,Exécuté,Euronext,OPE001
TRX000200,PF00016,INST014,2024-01-07,Arbitrage Sortant,491.3,74.0505,36381.01,156.25,36537.26,EUR,1.0,36537.26,Exécuté,OTC,OPE005
TRX000201,PF00067,INST015,2024-04-06,Arbitrage Sortant,38.42,498.6091,19156.56,34.31,19190.87,EUR,1.0,19190.87,Exécuté,Euronext,OPE003
TRX000202,PF00032,INST001,2025-04-01,Coupon,26.27,462.8245,12158.4,33.22,12191.62,EUR,1.0,12191.62,Annulé,Euronext,OPE004
TRX000203,PF00110,INST003,2023-08-05,Dividende,108.14,101.704,10998.27,23.31,11021.58,USD,0.9069,9995.47,En attente,OTC,OPE002
TRX000204,PF00076,INST008,2025-06-05,Coupon,441.51,244.7252,108048.62,145.96,108194.58,EUR,1.0,108194.58,Exécuté,SIX,OPE002
TRX000205,PF00135,INST004,2025-03-04,Arbitrage Entrant,497.05,276.3918,137380.54,148.11,137528.65,EUR,1.0,137528.65,Exécuté,SIX,OPE005
TRX000206,PF00125,INST006,2023-06-23,Frais,251.69,200.3068,50415.22,86.68,50328.54,EUR,1.0,50328.54,En attente,NYSE,OPE001
TRX000207,PF00072,INST001,2024-12-15,Arbitrage Sortant,495.77,269.4218,133571.25,543.28,134114.53,USD,1.0948,146828.59,Exécuté,NYSE,OPE002
TRX000208,PF00069,INST009,2025-03-07,Arbitrage Sortant,395.83,371.1595,146916.06,595.92,147511.98,USD,1.0151,149739.41,Annulé,Xetra,OPE002
TRX000209,PF00046,INST004,2024-02-18,Frais,159.68,371.6715,59348.51,144.52,59203.99,EUR,1.0,59203.99,Exécuté,OTC,OPE005
TRX000210,PF00037,INST010,2024-12-14,Vente,418.51,407.0966,170374.0,831.69,171205.69,EUR,1.0,171205.69,Exécuté,SIX,OPE001
TRX000211,PF00024,INST001,2024-08-17,Vente,301.23,19.7647,5953.72,17.34,5971.06,EUR,1.0,5971.06,En attente,NYSE,OPE002
TRX000212,PF00088,INST012,2026-03-02,Vente,459.47,423.6992,194677.07,446.66,195123.73,EUR,1.0,195123.73,Exécuté,OTC,OPE002
TRX000213,PF00029,INST014,2026-01-26,Frais,430.47,480.6738,206915.65,516.12,206399.53,EUR,1.0,206399.53,En attente,Euronext,OPE003
TRX000214,PF00078,INST006,2024-09-01,Vente,487.95,368.8525,179981.58,494.49,180476.07,EUR,1.0,180476.07,Exécuté,NYSE,OPE005
TRX000215,PF00092,INST004,2024-02-17,Arbitrage Entrant,294.89,95.9223,28286.53,63.0,28349.53,EUR,1.0,28349.53,Exécuté,NYSE,OPE001
TRX000216,PF00147,INST007,2024-02-25,Arbitrage Sortant,497.15,482.9401,240093.67,271.19,240364.86,EUR,1.0,240364.86,En attente,NYSE,OPE005
TRX000217,PF00027,INST015,2024-01-17,Coupon,71.18,375.2182,26708.03,52.13,26760.16,EUR,1.0,26760.16,Exécuté,Euronext,OPE003
TRX000218,PF00115,INST001,2024-10-29,Dividende,105.63,349.6563,36934.19,88.71,37022.9,EUR,1.0,37022.9,Exécuté,Euronext,OPE004
TRX000219,PF00113,INST012,2024-02-15,Coupon,484.58,443.4305,214877.55,638.69,215516.24,EUR,1.0,215516.24,Exécuté,OTC,OPE004
TRX000220,PF00026,INST014,2026-02-14,Coupon,394.58,293.2472,115709.48,466.65,116176.13,USD,0.9325,108334.24,Exécuté,Euronext,OPE003
TRX000221,PF00006,INST006,2025-04-01,Dividende,475.88,46.3582,22060.94,37.07,22098.01,EUR,1.0,22098.01,Exécuté,Euronext,OPE005
TRX000222,PF00024,INST006,2024-02-18,Frais,492.65,447.6808,220549.95,842.06,219707.89,EUR,1.0,219707.89,Exécuté,OTC,OPE004
TRX000223,PF00041,INST001,2025-11-13,Achat,166.22,487.4552,81024.8,213.67,80811.13,EUR,1.0,80811.13,Exécuté,Xetra,OPE002
TRX000224,PF00025,INST001,2023-11-07,Coupon,286.31,421.5287,120687.88,194.83,120882.71,EUR,1.0,120882.71,Exécuté,SIX,OPE001
TRX000225,PF00076,INST014,2025-03-04,Arbitrage Entrant,312.92,245.3609,76778.33,106.56,76884.89,USD,0.9342,71825.86,Exécuté,Euronext,OPE004
TRX000226,PF00030,INST005,2023-11-14,Arbitrage Sortant,199.34,249.6574,49766.71,181.36,49948.07,EUR,1.0,49948.07,En attente,SIX,OPE002
TRX000227,PF00095,INST015,2023-12-20,Coupon,185.33,228.4299,42334.91,86.92,42421.83,EUR,1.0,42421.83,Exécuté,NYSE,OPE003
TRX000228,PF00145,INST001,2025-06-23,Vente,376.37,337.0595,126859.08,170.35,127029.43,EUR,1.0,127029.43,En attente,SIX,OPE005
TRX000229,PF00059,INST009,2023-11-23,Achat,420.56,411.0186,172857.98,462.31,172395.67,EUR,1.0,172395.67,En attente,NYSE,OPE004
TRX000230,PF00077,INST002,2026-02-12,Coupon,451.49,360.0098,162540.82,488.99,163029.81,USD,0.9241,150655.85,Annulé,NYSE,OPE002
TRX000231,PF00055,INST013,2026-02-11,Vente,63.97,217.4537,13910.51,68.9,13979.41,EUR,1.0,13979.41,Exécuté,NYSE,OPE005
TRX000232,PF00067,INST006,2023-07-21,Arbitrage Entrant,457.17,42.8359,19583.29,49.98,19633.27,EUR,1.0,19633.27,En attente,Xetra,OPE003
TRX000233,PF00134,INST008,2024-07-06,Arbitrage Sortant,7.17,353.2019,2532.46,8.48,2540.94,EUR,1.0,2540.94,Exécuté,SIX,OPE002
TRX000234,PF00038,INST010,2024-06-10,Frais,291.76,482.7675,140852.25,197.31,140654.94,EUR,1.0,140654.94,En attente,Euronext,OPE003
TRX000235,PF00138,INST015,2024-01-26,Dividende,439.07,139.4269,61218.17,221.56,61439.73,EUR,1.0,61439.73,Exécuté,NYSE,OPE003
TRX000236,PF00104,INST003,2024-12-24,Frais,304.72,349.894,106619.7,123.16,106496.54,EUR,1.0,106496.54,Exécuté,Euronext,OPE004
TRX000237,PF00069,INST015,2024-08-21,Dividende,11.1,410.5191,4556.76,10.08,4566.84,EUR,1.0,4566.84,Annulé,Euronext,OPE002
TRX000238,PF00035,INST005,2024-05-13,Arbitrage Entrant,222.11,414.6534,92098.67,191.35,92290.02,EUR,1.0,92290.02,En attente,Euronext,OPE002
TRX000239,PF00114,INST004,2023-08-16,Arbitrage Sortant,204.18,247.3856,50511.19,154.87,50666.06,EUR,1.0,50666.06,Exécuté,OTC,OPE002
TRX000240,PF00017,INST005,2024-08-02,Arbitrage Entrant,253.89,76.4684,19414.56,85.52,19500.08,EUR,1.0,19500.08,Exécuté,NYSE,OPE002
TRX000241,PF00015,INST004,2023-07-26,Achat,228.77,459.8352,105196.5,401.7,104794.8,EUR,1.0,104794.8,Exécuté,SIX,OPE005
TRX000242,PF00102,INST011,2023-06-26,Achat,340.91,128.5497,43823.88,129.51,43694.37,EUR,1.0,43694.37,Exécuté,SIX,OPE005
TRX000243,PF00142,INST006,2023-08-24,Dividende,82.59,448.301,37025.18,147.95,37173.13,EUR,1.0,37173.13,Exécuté,Euronext,OPE004
TRX000244,PF00013,INST003,2024-08-16,Arbitrage Sortant,286.56,482.8096,138353.92,612.69,138966.61,USD,1.0355,143899.92,Exécuté,SIX,OPE005
TRX000245,PF00006,INST014,2024-09-21,Arbitrage Sortant,483.6,344.2779,166492.79,482.23,166975.02,USD,1.0295,171900.78,En attente,Euronext,OPE002
TRX000246,PF00065,INST010,2025-06-26,Arbitrage Sortant,471.56,359.2428,169404.53,650.09,170054.62,EUR,1.0,170054.62,Annulé,SIX,OPE003
TRX000247,PF00118,INST005,2023-08-14,Vente,233.88,341.8261,79946.29,343.55,80289.84,EUR,1.0,80289.84,En attente,Euronext,OPE001
TRX000248,PF00131,INST011,2023-06-13,Arbitrage Sortant,419.85,285.114,119705.11,404.02,120109.13,EUR,1.0,120109.13,Exécuté,Euronext,OPE004
TRX000249,PF00017,INST006,2026-04-26,Dividende,320.66,432.1309,138567.09,283.31,138850.4,EUR,1.0,138850.4,Exécuté,NYSE,OPE005
TRX000250,PF00062,INST015,2024-12-16,Achat,402.91,403.1582,162436.47,552.31,161884.16,EUR,1.0,161884.16,Exécuté,Euronext,OPE004
TRX000251,PF00076,INST005,2026-03-05,Coupon,202.89,370.9987,75271.93,250.81,75522.74,USD,0.9686,73151.33,Exécuté,OTC,OPE004
TRX000252,PF00092,INST009,2024-04-26,Dividende,422.86,421.913,178410.13,803.91,179214.04,USD,0.9588,171830.42,Annulé,NYSE,OPE003
TRX000253,PF00144,INST013,2025-04-28,Vente,473.51,450.7997,213458.17,772.24,214230.41,USD,0.9711,208039.15,Exécuté,SIX,OPE003
TRX000254,PF00096,INST005,2024-10-15,Frais,147.73,427.0948,63094.71,181.85,62912.86,EUR,1.0,62912.86,Annulé,NYSE,OPE005
TRX000255,PF00031,INST014,2023-06-15,Arbitrage Entrant,191.45,156.1943,29903.4,36.37,29939.77,USD,0.9275,27769.14,Exécuté,Xetra,OPE004
TRX000256,PF00146,INST015,2026-03-12,Coupon,72.47,432.573,31348.57,53.96,31402.53,EUR,1.0,31402.53,Annulé,Xetra,OPE002
TRX000257,PF00081,INST011,2025-02-22,Achat,3.35,144.0287,482.5,1.95,480.55,USD,1.0153,487.9,Exécuté,SIX,OPE001
TRX000258,PF00034,INST010,2023-09-21,Coupon,317.11,207.6628,65851.95,320.13,66172.08,EUR,1.0,66172.08,Exécuté,Euronext,OPE005
TRX000259,PF00052,INST012,2024-03-21,Dividende,475.08,447.0831,212400.24,855.42,213255.66,USD,0.9036,192697.81,Exécuté,NYSE,OPE002
TRX000260,PF00089,INST005,2026-02-14,Vente,52.25,256.6349,13409.17,29.83,13439.0,EUR,1.0,13439.0,Exécuté,Xetra,OPE003
TRX000261,PF00117,INST012,2025-01-12,Frais,298.59,175.5392,52414.25,238.58,52175.67,USD,0.9685,50532.14,Annulé,Xetra,OPE002
TRX000262,PF00043,INST015,2024-06-18,Arbitrage Sortant,202.29,121.925,24664.21,96.4,24760.61,USD,0.9422,23329.45,Exécuté,OTC,OPE005
TRX000263,PF00044,INST002,2025-09-24,Dividende,355.84,398.1423,141674.96,354.3,142029.26,EUR,1.0,142029.26,En attente,OTC,OPE001
TRX000264,PF00013,INST011,2024-10-12,Achat,327.13,19.6735,6435.79,24.19,6411.6,EUR,1.0,6411.6,Annulé,SIX,OPE001
TRX000265,PF00141,INST005,2023-07-28,Coupon,351.23,110.6925,38878.53,145.52,39024.05,EUR,1.0,39024.05,Exécuté,SIX,OPE001
TRX000266,PF00134,INST005,2026-01-27,Frais,303.21,77.2101,23410.87,101.2,23309.67,EUR,1.0,23309.67,En attente,OTC,OPE001
TRX000267,PF00073,INST002,2024-06-04,Arbitrage Sortant,54.03,107.3369,5799.41,10.43,5809.84,EUR,1.0,5809.84,En attente,NYSE,OPE003
TRX000268,PF00105,INST005,2026-01-06,Vente,20.66,253.2138,5231.4,9.58,5240.98,EUR,1.0,5240.98,Exécuté,NYSE,OPE001
TRX000269,PF00004,INST011,2025-04-08,Achat,453.53,419.2638,190148.71,699.0,189449.71,USD,1.0899,206481.24,En attente,Euronext,OPE001
TRX000270,PF00066,INST011,2025-01-25,Vente,228.92,488.8726,111912.72,230.15,112142.87,EUR,1.0,112142.87,Exécuté,NYSE,OPE001
TRX000271,PF00075,INST006,2024-10-05,Arbitrage Sortant,338.71,218.7377,74088.65,108.44,74197.09,EUR,1.0,74197.09,Exécuté,NYSE,OPE002
TRX000272,PF00085,INST006,2024-09-25,Coupon,477.59,141.4716,67565.42,265.69,67831.11,EUR,1.0,67831.11,Exécuté,NYSE,OPE001
TRX000273,PF00103,INST007,2025-01-09,Coupon,136.64,199.0006,27191.44,119.72,27311.16,EUR,1.0,27311.16,Exécuté,Euronext,OPE002
TRX000274,PF00016,INST014,2026-01-16,Vente,52.75,456.5011,24080.43,70.57,24151.0,EUR,1.0,24151.0,Exécuté,OTC,OPE004
TRX000275,PF00092,INST010,2023-10-08,Achat,431.43,441.1756,190336.39,744.05,189592.34,USD,0.9966,188947.73,Annulé,Euronext,OPE004
TRX000276,PF00113,INST001,2025-07-08,Achat,131.54,163.9766,21569.48,82.36,21487.12,USD,1.0956,23541.29,Exécuté,OTC,OPE005
TRX000277,PF00025,INST007,2025-06-24,Arbitrage Entrant,363.6,246.1455,89498.5,327.1,89825.6,EUR,1.0,89825.6,Exécuté,OTC,OPE005
TRX000278,PF00014,INST001,2024-09-27,Arbitrage Entrant,467.25,257.7281,120423.45,346.48,120769.93,EUR,1.0,120769.93,Exécuté,Euronext,OPE004
TRX000279,PF00083,INST004,2023-07-26,Dividende,485.1,34.6719,16819.34,31.8,16851.14,EUR,1.0,16851.14,Annulé,NYSE,OPE001
TRX000280,PF00118,INST008,2024-08-02,Arbitrage Sortant,286.94,53.1297,15245.04,45.64,15290.68,EUR,1.0,15290.68,Exécuté,SIX,OPE001
TRX000281,PF00027,INST007,2026-03-24,Coupon,18.88,279.0584,5268.62,22.67,5291.29,EUR,1.0,5291.29,En attente,OTC,OPE002
TRX000282,PF00117,INST006,2025-05-31,Dividende,412.83,410.1285,169313.35,741.13,170054.48,EUR,1.0,170054.48,En attente,OTC,OPE005
TRX000283,PF00122,INST012,2023-07-03,Arbitrage Entrant,182.28,231.7409,42241.73,58.71,42300.44,USD,0.9004,38087.32,Exécuté,Xetra,OPE005
TRX000284,PF00134,INST006,2025-10-09,Arbitrage Entrant,54.05,449.4698,24293.84,72.15,24365.99,EUR,1.0,24365.99,Exécuté,Xetra,OPE005
TRX000285,PF00051,INST004,2023-09-12,Achat,465.18,202.5193,94207.93,266.44,93941.49,USD,1.0434,98018.55,Exécuté,SIX,OPE001
TRX000286,PF00032,INST013,2025-08-15,Coupon,229.24,298.7649,68488.87,206.62,68695.49,EUR,1.0,68695.49,Exécuté,OTC,OPE001
TRX000287,PF00142,INST015,2025-03-15,Coupon,419.57,246.6367,103481.36,313.89,103795.25,USD,1.0384,107780.99,Exécuté,NYSE,OPE001
TRX000288,PF00100,INST011,2024-01-13,Frais,303.47,167.7034,50892.95,230.32,50662.63,EUR,1.0,50662.63,En attente,NYSE,OPE003
TRX000289,PF00102,INST006,2025-07-24,Dividende,226.97,75.3522,17102.69,45.34,17148.03,EUR,1.0,17148.03,En attente,Xetra,OPE005
TRX000290,PF00056,INST004,2024-08-27,Vente,312.46,152.384,47613.9,113.38,47727.28,USD,1.0963,52323.42,Exécuté,OTC,OPE005
TRX000291,PF00083,INST012,2023-06-25,Achat,380.63,285.5173,108676.45,362.03,108314.42,EUR,1.0,108314.42,En attente,Xetra,OPE004
TRX000292,PF00004,INST009,2025-04-07,Achat,13.61,81.2101,1105.27,4.07,1101.2,USD,0.9534,1049.88,Exécuté,Xetra,OPE003
TRX000293,PF00038,INST014,2025-09-27,Achat,345.61,154.6189,53437.84,214.52,53223.32,EUR,1.0,53223.32,Exécuté,SIX,OPE001
TRX000294,PF00144,INST014,2026-04-06,Vente,371.46,285.0226,105874.49,206.5,106080.99,EUR,1.0,106080.99,Exécuté,SIX,OPE004
TRX000295,PF00107,INST013,2023-11-24,Arbitrage Entrant,157.01,280.5411,44047.76,46.33,44094.09,EUR,1.0,44094.09,Exécuté,OTC,OPE004
TRX000296,PF00058,INST015,2025-04-10,Arbitrage Entrant,352.61,327.3399,115423.32,464.05,115887.37,USD,1.0552,122284.35,Exécuté,Xetra,OPE004
TRX000297,PF00046,INST011,2024-08-05,Achat,94.3,95.1596,8973.55,27.42,8946.13,EUR,1.0,8946.13,Exécuté,SIX,OPE003
TRX000298,PF00143,INST005,2026-04-20,Vente,81.3,424.547,34515.67,35.3,34550.97,EUR,1.0,34550.97,Exécuté,Euronext,OPE002
TRX000299,PF00083,INST010,2023-09-30,Achat,387.06,316.4297,122477.28,535.54,121941.74,EUR,1.0,121941.74,Annulé,OTC,OPE005
TRX000300,PF00092,INST002,2025-03-29,Arbitrage Sortant,354.13,267.4436,94709.8,457.25,95167.05,EUR,1.0,95167.05,En attente,NYSE,OPE004
TRX000301,PF00140,INST009,2026-03-14,Coupon,46.88,118.3871,5549.99,10.29,5560.28,EUR,1.0,5560.28,Exécuté,Xetra,OPE003
TRX000302,PF00056,INST013,2023-11-23,Frais,265.72,498.3492,132421.35,568.72,131852.63,EUR,1.0,131852.63,Exécuté,Xetra,OPE004
TRX000303,PF00062,INST015,2024-03-25,Arbitrage Entrant,307.24,314.3545,96582.28,467.03,97049.31,EUR,1.0,97049.31,Annulé,Euronext,OPE004
TRX000304,PF00066,INST009,2024-10-11,Arbitrage Entrant,142.13,456.5546,64890.11,278.28,65168.39,EUR,1.0,65168.39,En attente,OTC,OPE004
TRX000305,PF00125,INST001,2023-08-02,Dividende,449.24,104.3311,46869.7,143.21,47012.91,EUR,1.0,47012.91,Exécuté,OTC,OPE005
TRX000306,PF00002,INST011,2023-11-03,Achat,106.18,318.4621,33814.31,62.65,33751.66,EUR,1.0,33751.66,Exécuté,NYSE,OPE005
TRX000307,PF00112,INST011,2024-05-02,Arbitrage Sortant,469.94,375.9765,176686.4,285.35,176971.75,EUR,1.0,176971.75,Exécuté,Euronext,OPE001
TRX000308,PF00019,INST001,2025-08-31,Vente,397.31,283.4613,112622.01,371.64,112993.65,USD,1.0822,122281.73,Annulé,SIX,OPE004
TRX000309,PF00104,INST007,2024-07-17,Dividende,9.43,339.9164,3205.41,10.06,3215.47,EUR,1.0,3215.47,En attente,Euronext,OPE001
TRX000310,PF00092,INST015,2023-10-19,Frais,53.96,395.577,21345.33,47.08,21298.25,EUR,1.0,21298.25,Exécuté,SIX,OPE004
TRX000311,PF00102,INST014,2024-10-08,Arbitrage Entrant,16.38,86.5985,1418.48,2.67,1421.15,EUR,1.0,1421.15,En attente,Xetra,OPE002
TRX000312,PF00077,INST011,2023-08-25,Arbitrage Sortant,433.7,327.4909,142032.8,685.96,142718.76,EUR,1.0,142718.76,En attente,OTC,OPE002
TRX000313,PF00032,INST001,2024-05-30,Achat,286.79,203.1,58247.05,185.81,58061.24,EUR,1.0,58061.24,Exécuté,NYSE,OPE003
TRX000314,PF00055,INST007,2023-12-05,Arbitrage Entrant,425.88,79.803,33986.5,59.0,34045.5,EUR,1.0,34045.5,Exécuté,Euronext,OPE002
TRX000315,PF00146,INST014,2025-05-16,Achat,425.84,466.8612,198808.17,989.52,197818.65,EUR,1.0,197818.65,En attente,Euronext,OPE003
TRX000316,PF00018,INST005,2023-07-21,Achat,99.51,294.4919,29304.89,140.84,29164.05,EUR,1.0,29164.05,Exécuté,NYSE,OPE001
TRX000317,PF00073,INST010,2024-05-08,Achat,450.16,165.7151,74598.31,209.07,74389.24,EUR,1.0,74389.24,En attente,NYSE,OPE005
TRX000318,PF00146,INST006,2026-02-18,Arbitrage Sortant,158.85,219.8706,34926.44,35.6,34962.04,USD,1.0571,36958.37,Annulé,Xetra,OPE003
TRX000319,PF00035,INST011,2024-01-06,Arbitrage Entrant,166.45,245.1774,40809.78,113.51,40923.29,EUR,1.0,40923.29,Annulé,OTC,OPE001
TRX000320,PF00045,INST011,2025-11-18,Frais,41.9,147.5018,6180.33,26.61,6153.72,USD,0.9526,5862.03,Exécuté,Euronext,OPE001
TRX000321,PF00130,INST011,2024-06-11,Achat,406.51,293.6614,119376.3,486.67,118889.63,USD,1.0813,128555.36,En attente,Xetra,OPE005
TRX000322,PF00139,INST008,2025-09-20,Arbitrage Entrant,387.82,189.2511,73395.36,138.95,73534.31,EUR,1.0,73534.31,Exécuté,SIX,OPE005
TRX000323,PF00131,INST002,2026-05-14,Coupon,182.57,15.1899,2773.22,5.42,2778.64,USD,1.0514,2921.46,Exécuté,SIX,OPE002
TRX000324,PF00046,INST010,2023-09-16,Frais,330.05,484.1904,159807.04,630.23,159176.81,EUR,1.0,159176.81,Exécuté,Euronext,OPE002
TRX000325,PF00125,INST004,2025-03-03,Achat,132.91,124.6691,16569.77,60.88,16508.89,EUR,1.0,16508.89,Annulé,SIX,OPE004
TRX000326,PF00012,INST001,2025-12-29,Arbitrage Entrant,162.71,354.8308,57734.52,178.14,57912.66,EUR,1.0,57912.66,Exécuté,OTC,OPE005
TRX000327,PF00146,INST003,2025-06-06,Coupon,327.18,188.9954,61835.51,223.43,62058.94,EUR,1.0,62058.94,En attente,Xetra,OPE004
TRX000328,PF00058,INST009,2024-08-17,Coupon,177.1,435.1825,77070.82,227.16,77297.98,EUR,1.0,77297.98,En attente,Euronext,OPE005
TRX000329,PF00036,INST008,2023-11-07,Vente,115.77,262.1252,30346.23,64.43,30410.66,USD,0.9374,28506.95,Exécuté,OTC,OPE001
TRX000330,PF00059,INST007,2026-01-02,Arbitrage Sortant,165.78,65.536,10864.56,40.21,10904.77,EUR,1.0,10904.77,Exécuté,OTC,OPE002
TRX000331,PF00106,INST001,2024-01-12,Vente,22.53,291.0084,6556.42,10.78,6567.2,EUR,1.0,6567.2,En attente,NYSE,OPE001
TRX000332,PF00043,INST005,2025-07-22,Vente,258.8,208.6736,54004.73,263.38,54268.11,EUR,1.0,54268.11,Exécuté,Euronext,OPE002
TRX000333,PF00115,INST010,2025-02-14,Coupon,433.78,93.5777,40592.13,175.42,40767.55,USD,1.0589,43168.76,Exécuté,OTC,OPE005
TRX000334,PF00068,INST003,2023-07-06,Arbitrage Entrant,343.11,461.9525,158500.52,536.7,159037.22,EUR,1.0,159037.22,Exécuté,SIX,OPE004
TRX000335,PF00034,INST002,2023-11-03,Achat,101.97,431.1999,43969.45,132.68,43836.77,EUR,1.0,43836.77,Exécuté,OTC,OPE001
TRX000336,PF00046,INST008,2023-09-01,Frais,300.31,440.0988,132166.07,413.11,131752.96,EUR,1.0,131752.96,Exécuté,SIX,OPE002
TRX000337,PF00139,INST014,2025-10-17,Achat,448.59,389.6865,174809.47,628.78,174180.69,EUR,1.0,174180.69,Exécuté,Euronext,OPE005
TRX000338,PF00110,INST004,2025-05-23,Arbitrage Sortant,241.58,386.6491,93406.69,224.37,93631.06,EUR,1.0,93631.06,Annulé,NYSE,OPE003
TRX000339,PF00123,INST013,2024-11-27,Vente,455.13,51.0706,23243.76,78.87,23322.63,EUR,1.0,23322.63,Exécuté,NYSE,OPE001
TRX000340,PF00002,INST010,2025-06-16,Frais,59.8,13.5251,808.8,2.93,805.87,EUR,1.0,805.87,Annulé,Xetra,OPE001
TRX000341,PF00040,INST007,2026-03-19,Arbitrage Entrant,293.1,138.0384,40459.06,127.22,40586.28,EUR,1.0,40586.28,En attente,Xetra,OPE004
TRX000342,PF00053,INST007,2023-12-18,Frais,392.11,246.4092,96619.51,239.7,96379.81,EUR,1.0,96379.81,Exécuté,Xetra,OPE005
TRX000343,PF00089,INST013,2024-03-02,Arbitrage Entrant,199.67,77.6536,15505.09,69.08,15574.17,EUR,1.0,15574.17,Exécuté,SIX,OPE002
TRX000344,PF00026,INST004,2024-05-27,Frais,200.88,175.8345,35321.63,113.11,35208.52,EUR,1.0,35208.52,Exécuté,SIX,OPE001
TRX000345,PF00024,INST014,2026-01-21,Vente,236.36,304.1203,71881.87,97.22,71979.09,EUR,1.0,71979.09,Exécuté,Xetra,OPE001
TRX000346,PF00010,INST012,2025-06-08,Coupon,465.41,206.316,96021.53,348.05,96369.58,EUR,1.0,96369.58,En attente,Euronext,OPE002
TRX000347,PF00127,INST008,2025-07-18,Achat,101.65,331.8733,33734.92,142.21,33592.71,EUR,1.0,33592.71,Exécuté,Euronext,OPE005
TRX000348,PF00131,INST009,2025-01-16,Arbitrage Entrant,116.6,93.0466,10849.23,12.41,10861.64,USD,1.031,11198.35,Exécuté,Euronext,OPE003
TRX000349,PF00103,INST006,2024-01-02,Arbitrage Entrant,198.18,297.1793,58894.99,180.86,59075.85,EUR,1.0,59075.85,Exécuté,OTC,OPE003
TRX000350,PF00144,INST015,2024-09-30,Frais,174.7,482.011,84207.32,177.34,84029.98,USD,0.991,83273.71,Annulé,OTC,OPE001
TRX000351,PF00067,INST003,2023-11-11,Coupon,253.61,283.729,71956.51,216.78,72173.29,EUR,1.0,72173.29,Exécuté,OTC,OPE003
TRX000352,PF00138,INST014,2025-07-06,Arbitrage Sortant,287.87,350.154,100798.83,490.31,101289.14,EUR,1.0,101289.14,Exécuté,Xetra,OPE004
TRX000353,PF00118,INST015,2026-01-29,Frais,431.15,246.1654,106134.21,215.59,105918.62,EUR,1.0,105918.62,Exécuté,NYSE,OPE003
TRX000354,PF00106,INST006,2025-05-13,Frais,268.29,353.4011,94813.98,194.69,94619.29,EUR,1.0,94619.29,Exécuté,SIX,OPE003
TRX000355,PF00020,INST009,2025-10-27,Vente,238.8,183.2336,43756.18,200.28,43956.46,EUR,1.0,43956.46,Exécuté,NYSE,OPE004
TRX000356,PF00052,INST004,2023-09-06,Arbitrage Entrant,121.79,140.0486,17056.52,32.69,17089.21,USD,1.0673,18239.31,Exécuté,NYSE,OPE001
TRX000357,PF00031,INST015,2026-01-24,Achat,338.23,335.0778,113333.36,391.6,112941.76,EUR,1.0,112941.76,Annulé,Xetra,OPE005
TRX000358,PF00081,INST008,2025-07-11,Frais,434.52,250.4946,108844.91,537.43,108307.48,EUR,1.0,108307.48,Annulé,NYSE,OPE005
TRX000359,PF00033,INST001,2025-06-01,Frais,399.84,244.3768,97711.62,309.07,97402.55,EUR,1.0,97402.55,Annulé,NYSE,OPE004
TRX000360,PF00031,INST012,2026-03-18,Frais,230.58,347.7132,80175.71,83.97,80091.74,USD,0.9759,78161.53,Exécuté,Xetra,OPE003
TRX000361,PF00067,INST003,2025-04-09,Frais,132.16,142.01,18768.04,90.73,18677.31,EUR,1.0,18677.31,Exécuté,NYSE,OPE004
TRX000362,PF00109,INST004,2023-08-26,Coupon,350.66,192.4317,67478.1,298.07,67776.17,EUR,1.0,67776.17,Annulé,NYSE,OPE005
TRX000363,PF00034,INST010,2023-11-07,Arbitrage Entrant,115.05,58.9362,6780.61,14.1,6794.71,USD,1.0111,6870.13,Annulé,NYSE,OPE002
TRX000364,PF00039,INST008,2026-03-15,Arbitrage Sortant,5.86,216.5451,1268.95,1.95,1270.9,EUR,1.0,1270.9,Annulé,Xetra,OPE003
TRX000365,PF00144,INST014,2025-05-08,Frais,24.81,58.4977,1451.33,2.4,1448.93,USD,1.0628,1539.92,Annulé,Euronext,OPE004
TRX000366,PF00086,INST005,2026-04-22,Dividende,180.79,283.1708,51194.45,217.07,51411.52,EUR,1.0,51411.52,Exécuté,SIX,OPE001
TRX000367,PF00090,INST014,2024-07-28,Arbitrage Entrant,481.6,107.4895,51766.94,171.02,51937.96,USD,1.0959,56918.81,Exécuté,Xetra,OPE003
TRX000368,PF00131,INST008,2025-06-12,Arbitrage Sortant,368.53,445.9199,164334.86,414.83,164749.69,EUR,1.0,164749.69,Annulé,NYSE,OPE002
TRX000369,PF00087,INST007,2023-11-29,Arbitrage Entrant,306.54,208.3386,63864.11,295.58,64159.69,EUR,1.0,64159.69,Exécuté,Xetra,OPE002
TRX000370,PF00081,INST006,2024-12-15,Arbitrage Entrant,146.39,141.0615,20649.99,73.9,20723.89,EUR,1.0,20723.89,Annulé,Xetra,OPE005
TRX000371,PF00134,INST008,2025-12-11,Coupon,84.49,428.5638,36209.36,54.32,36263.68,USD,1.0324,37438.62,Exécuté,NYSE,OPE002
TRX000372,PF00102,INST002,2025-04-24,Achat,32.83,440.5586,14463.54,46.19,14417.35,EUR,1.0,14417.35,Annulé,OTC,OPE001
TRX000373,PF00027,INST005,2024-04-18,Frais,78.48,330.868,25966.52,117.94,25848.58,EUR,1.0,25848.58,Exécuté,NYSE,OPE003
TRX000374,PF00114,INST011,2024-03-04,Vente,66.51,420.8737,27992.31,31.19,28023.5,EUR,1.0,28023.5,Exécuté,SIX,OPE004
TRX000375,PF00139,INST015,2024-08-06,Dividende,274.72,76.2063,20935.39,100.36,21035.75,USD,1.0182,21418.6,Annulé,OTC,OPE004
TRX000376,PF00135,INST011,2023-12-14,Arbitrage Entrant,267.36,455.3723,121748.34,356.31,122104.65,USD,1.0609,129540.82,Annulé,Xetra,OPE003
TRX000377,PF00106,INST005,2025-05-23,Vente,152.48,10.0452,1531.69,6.53,1538.22,USD,0.9688,1490.23,Annulé,OTC,OPE001
TRX000378,PF00126,INST013,2025-11-04,Coupon,150.51,385.2759,57987.88,243.08,58230.96,USD,1.0594,61689.88,En attente,Xetra,OPE002
TRX000379,PF00106,INST015,2025-12-28,Frais,219.12,132.4491,29022.25,112.02,28910.23,EUR,1.0,28910.23,Annulé,NYSE,OPE003
TRX000380,PF00021,INST007,2025-06-17,Arbitrage Entrant,120.54,384.6238,46362.55,215.11,46577.66,EUR,1.0,46577.66,Exécuté,OTC,OPE003
TRX000381,PF00106,INST004,2025-12-04,Arbitrage Sortant,35.16,76.9458,2705.41,3.9,2709.31,EUR,1.0,2709.31,En attente,SIX,OPE003
TRX000382,PF00126,INST004,2025-03-29,Dividende,10.68,34.3197,366.53,1.15,367.68,USD,1.0945,402.43,Exécuté,Xetra,OPE002
TRX000383,PF00113,INST012,2025-04-10,Achat,117.17,83.835,9822.95,29.22,9793.73,EUR,1.0,9793.73,Annulé,Xetra,OPE004
TRX000384,PF00096,INST008,2023-06-29,Arbitrage Entrant,395.92,171.8218,68027.69,297.57,68325.26,USD,0.9112,62257.98,Annulé,Euronext,OPE005
TRX000385,PF00121,INST003,2025-10-01,Vente,447.95,132.5389,59370.8,149.99,59520.79,EUR,1.0,59520.79,Exécuté,NYSE,OPE004
TRX000386,PF00114,INST004,2024-05-18,Arbitrage Entrant,497.27,107.5981,53505.31,210.88,53716.19,EUR,1.0,53716.19,En attente,NYSE,OPE004
TRX000387,PF00100,INST011,2025-12-31,Dividende,468.17,87.7196,41067.69,160.7,41228.39,EUR,1.0,41228.39,Exécuté,SIX,OPE003
TRX000388,PF00051,INST006,2025-02-28,Achat,431.97,116.7162,50417.9,73.19,50344.71,EUR,1.0,50344.71,Exécuté,Euronext,OPE002
TRX000389,PF00071,INST010,2024-05-28,Achat,198.51,129.1138,25630.38,124.96,25505.42,EUR,1.0,25505.42,En attente,NYSE,OPE003
TRX000390,PF00023,INST004,2026-01-11,Vente,250.46,346.1129,86687.44,204.04,86891.48,EUR,1.0,86891.48,Exécuté,Xetra,OPE002
TRX000391,PF00138,INST013,2023-11-04,Achat,63.79,124.0106,7910.64,38.97,7871.67,EUR,1.0,7871.67,Annulé,NYSE,OPE001
TRX000392,PF00097,INST006,2025-05-03,Arbitrage Entrant,68.23,450.3449,30727.03,90.37,30817.4,EUR,1.0,30817.4,En attente,Xetra,OPE005
TRX000393,PF00126,INST004,2024-02-23,Frais,94.13,180.3557,16976.88,66.71,16910.17,EUR,1.0,16910.17,En attente,OTC,OPE002
TRX000394,PF00018,INST009,2024-06-30,Vente,225.24,411.5151,92689.66,293.49,92983.15,EUR,1.0,92983.15,Exécuté,OTC,OPE004
TRX000395,PF00048,INST015,2025-11-12,Achat,310.25,188.3968,58450.11,203.45,58246.66,EUR,1.0,58246.66,Exécuté,OTC,OPE004
TRX000396,PF00049,INST009,2024-10-25,Arbitrage Entrant,249.28,280.2192,69853.04,241.14,70094.18,EUR,1.0,70094.18,Annulé,Xetra,OPE001
TRX000397,PF00025,INST009,2024-07-07,Arbitrage Entrant,34.27,419.2447,14367.52,21.83,14389.35,EUR,1.0,14389.35,Exécuté,Euronext,OPE004
TRX000398,PF00050,INST002,2023-06-05,Achat,285.94,419.7868,120033.84,435.93,119597.91,EUR,1.0,119597.91,Exécuté,Xetra,OPE002
TRX000399,PF00019,INST001,2023-09-05,Vente,328.22,464.9178,152595.32,660.48,153255.8,EUR,1.0,153255.8,Exécuté,Xetra,OPE005
TRX000400,PF00107,INST014,2023-11-28,Dividende,397.33,38.567,15323.83,53.14,15376.97,EUR,1.0,15376.97,Exécuté,Xetra,OPE001
TRX000401,PF00056,INST009,2023-08-23,Achat,51.51,123.1988,6345.97,16.13,6329.84,USD,1.0052,6362.76,Exécuté,OTC,OPE002
TRX000402,PF00143,INST012,2025-01-12,Frais,208.18,61.7019,12845.1,45.66,12799.44,EUR,1.0,12799.44,Annulé,SIX,OPE001
TRX000403,PF00043,INST013,2026-04-05,Vente,275.43,257.2995,70868.0,257.26,71125.26,EUR,1.0,71125.26,Exécuté,Xetra,OPE005
TRX000404,PF00084,INST014,2024-09-27,Dividende,206.76,320.288,66222.75,285.06,66507.81,EUR,1.0,66507.81,En attente,NYSE,OPE005
TRX000405,PF00140,INST004,2024-10-06,Coupon,383.09,463.812,177681.74,358.27,178040.01,EUR,1.0,178040.01,Annulé,SIX,OPE001
TRX000406,PF00009,INST005,2024-05-14,Frais,9.13,76.192,695.63,3.17,692.46,EUR,1.0,692.46,Exécuté,NYSE,OPE002
TRX000407,PF00081,INST001,2025-09-12,Arbitrage Sortant,411.15,347.9624,143064.74,300.98,143365.72,USD,0.9189,131738.76,Annulé,Xetra,OPE002
TRX000408,PF00036,INST005,2025-09-17,Dividende,444.92,132.4299,58920.71,119.31,59040.02,EUR,1.0,59040.02,Exécuté,OTC,OPE004
TRX000409,PF00146,INST015,2024-09-27,Vente,367.4,364.5545,133937.32,558.74,134496.06,USD,0.9977,134186.72,En attente,Euronext,OPE005
TRX000410,PF00077,INST001,2023-10-11,Arbitrage Entrant,404.36,196.9576,79641.78,328.16,79969.94,EUR,1.0,79969.94,Exécuté,SIX,OPE004
TRX000411,PF00031,INST014,2025-10-13,Arbitrage Sortant,114.13,329.8618,37647.13,128.35,37775.48,EUR,1.0,37775.48,Annulé,Euronext,OPE003
TRX000412,PF00135,INST001,2025-04-04,Dividende,270.42,83.2942,22524.42,67.79,22592.21,USD,0.9306,21024.31,Annulé,SIX,OPE005
TRX000413,PF00148,INST009,2023-08-31,Achat,111.82,151.9937,16995.94,43.8,16952.14,USD,0.9672,16396.11,Annulé,OTC,OPE001
TRX000414,PF00141,INST007,2025-04-05,Dividende,43.45,255.8933,11118.56,45.53,11164.09,USD,1.0524,11749.09,Annulé,OTC,OPE002
TRX000415,PF00125,INST007,2024-04-08,Arbitrage Entrant,286.09,284.9721,81527.67,406.69,81934.36,USD,0.9485,77714.74,Exécuté,SIX,OPE003
TRX000416,PF00148,INST002,2023-08-03,Achat,336.2,217.5349,73135.23,175.03,72960.2,EUR,1.0,72960.2,Exécuté,OTC,OPE001
TRX000417,PF00079,INST003,2024-10-29,Dividende,308.49,495.178,152757.46,422.96,153180.42,USD,0.9881,151357.57,Exécuté,NYSE,OPE003
TRX000418,PF00040,INST013,2024-05-05,Arbitrage Entrant,426.53,65.0622,27750.98,33.8,27784.78,USD,1.0738,29835.3,Exécuté,Euronext,OPE003
TRX000419,PF00029,INST005,2023-09-19,Coupon,236.12,172.6196,40758.94,161.41,40920.35,USD,0.9408,38497.87,En attente,Xetra,OPE005
TRX000420,PF00124,INST010,2025-08-20,Arbitrage Entrant,496.16,350.5849,173946.2,638.91,174585.11,EUR,1.0,174585.11,En attente,OTC,OPE001
TRX000421,PF00066,INST003,2024-05-20,Achat,142.72,396.7024,56617.37,196.57,56420.8,EUR,1.0,56420.8,Annulé,Euronext,OPE001
TRX000422,PF00100,INST011,2024-10-15,Dividende,331.83,457.3057,151747.75,370.4,152118.15,EUR,1.0,152118.15,Exécuté,Xetra,OPE004
TRX000423,PF00060,INST007,2026-04-22,Frais,488.33,58.8058,28716.64,64.95,28651.69,EUR,1.0,28651.69,Exécuté,NYSE,OPE005
TRX000424,PF00118,INST009,2023-08-15,Arbitrage Entrant,11.72,131.2221,1537.92,4.79,1542.71,EUR,1.0,1542.71,Annulé,SIX,OPE002
TRX000425,PF00005,INST006,2025-03-19,Arbitrage Entrant,176.6,316.3632,55869.74,108.66,55978.4,EUR,1.0,55978.4,Exécuté,Xetra,OPE004
TRX000426,PF00008,INST009,2026-02-14,Dividende,113.57,177.4752,20155.86,51.83,20207.69,USD,0.9176,18542.58,Annulé,OTC,OPE005
TRX000427,PF00059,INST007,2025-03-28,Vente,286.88,218.9678,62817.48,141.31,62958.79,EUR,1.0,62958.79,Annulé,OTC,OPE002
TRX000428,PF00053,INST011,2024-06-19,Vente,290.93,345.1838,100424.32,181.69,100606.01,USD,0.9618,96762.86,En attente,NYSE,OPE004
TRX000429,PF00038,INST011,2024-12-14,Frais,458.64,165.5731,75938.45,245.23,75693.22,EUR,1.0,75693.22,Exécuté,Xetra,OPE002
TRX000430,PF00008,INST013,2023-05-24,Dividende,440.19,212.8797,93707.52,247.86,93955.38,EUR,1.0,93955.38,Exécuté,NYSE,OPE002
TRX000431,PF00028,INST003,2026-02-07,Vente,14.07,493.1182,6938.17,24.06,6962.23,USD,1.0193,7096.6,Exécuté,Euronext,OPE003
TRX000432,PF00021,INST012,2025-10-03,Arbitrage Sortant,238.82,256.139,61171.12,209.13,61380.25,EUR,1.0,61380.25,Exécuté,SIX,OPE004
TRX000433,PF00122,INST003,2024-05-25,Vente,97.44,25.7925,2513.22,10.2,2523.42,EUR,1.0,2523.42,Exécuté,SIX,OPE002
TRX000434,PF00052,INST013,2023-11-12,Vente,34.0,464.2806,15785.54,78.02,15863.56,EUR,1.0,15863.56,Exécuté,SIX,OPE002
TRX000435,PF00110,INST007,2024-03-27,Arbitrage Sortant,21.87,370.3126,8098.74,20.42,8119.16,EUR,1.0,8119.16,Annulé,OTC,OPE005
TRX000436,PF00138,INST009,2023-07-04,Arbitrage Entrant,438.02,395.5907,173276.64,534.14,173810.78,EUR,1.0,173810.78,Annulé,Euronext,OPE002
TRX000437,PF00133,INST009,2023-06-10,Coupon,491.93,29.2333,14380.74,36.67,14417.41,EUR,1.0,14417.41,Exécuté,Xetra,OPE004
TRX000438,PF00102,INST015,2026-04-05,Dividende,387.06,150.0981,58096.97,96.79,58193.76,EUR,1.0,58193.76,En attente,Euronext,OPE005
TRX000439,PF00037,INST008,2024-09-08,Arbitrage Sortant,323.4,54.316,17565.79,52.74,17618.53,USD,1.0557,18599.88,En attente,NYSE,OPE004
TRX000440,PF00106,INST006,2023-12-20,Coupon,13.43,232.3036,3119.84,14.31,3134.15,USD,1.0765,3373.91,Exécuté,Xetra,OPE003
TRX000441,PF00042,INST012,2025-10-28,Arbitrage Entrant,62.65,65.9408,4131.19,11.56,4142.75,EUR,1.0,4142.75,Exécuté,OTC,OPE004
TRX000442,PF00131,INST010,2026-04-03,Vente,189.96,196.4974,37326.65,152.03,37478.68,EUR,1.0,37478.68,En attente,NYSE,OPE002
TRX000443,PF00038,INST003,2025-02-10,Arbitrage Sortant,356.31,215.595,76818.65,171.93,76990.58,EUR,1.0,76990.58,Exécuté,NYSE,OPE001
TRX000444,PF00034,INST004,2023-06-19,Achat,311.66,134.0244,41770.04,118.4,41651.64,EUR,1.0,41651.64,En attente,Euronext,OPE005
TRX000445,PF00127,INST004,2026-02-14,Vente,294.84,243.0989,71675.28,189.27,71864.55,EUR,1.0,71864.55,En attente,OTC,OPE001
TRX000446,PF00063,INST015,2024-02-03,Frais,139.78,318.0314,44454.43,190.29,44264.14,USD,0.9098,40271.51,Exécuté,Euronext,OPE003
TRX000447,PF00010,INST003,2025-01-04,Arbitrage Sortant,17.18,293.2654,5038.3,17.2,5055.5,EUR,1.0,5055.5,Exécuté,Euronext,OPE001
TRX000448,PF00107,INST003,2025-12-12,Vente,336.37,309.434,104084.31,391.99,104476.3,USD,1.0933,114223.94,En attente,Xetra,OPE001
TRX000449,PF00024,INST013,2023-12-18,Dividende,162.09,449.7896,72906.4,312.12,73218.52,EUR,1.0,73218.52,En attente,Euronext,OPE003
TRX000450,PF00121,INST003,2023-10-12,Achat,347.62,144.4651,50218.96,156.09,50062.87,USD,1.0392,52025.33,En attente,Euronext,OPE001
TRX000451,PF00147,INST012,2024-07-29,Arbitrage Entrant,264.94,52.9582,14030.75,54.67,14085.42,EUR,1.0,14085.42,Annulé,OTC,OPE003
TRX000452,PF00067,INST009,2024-09-04,Frais,497.52,183.3881,91239.25,138.58,91100.67,EUR,1.0,91100.67,En attente,SIX,OPE004
TRX000453,PF00047,INST015,2024-07-19,Frais,117.13,152.3392,17843.49,31.66,17811.83,EUR,1.0,17811.83,Exécuté,SIX,OPE001
TRX000454,PF00054,INST013,2026-03-29,Frais,499.49,212.8802,106331.53,248.3,106083.23,USD,0.9023,95718.9,Exécuté,Xetra,OPE003
TRX000455,PF00018,INST005,2024-10-14,Dividende,253.84,168.7227,42828.57,43.88,42872.45,EUR,1.0,42872.45,Exécuté,SIX,OPE005
TRX000456,PF00008,INST014,2024-03-03,Vente,97.81,418.5744,40940.76,191.98,41132.74,EUR,1.0,41132.74,Annulé,Euronext,OPE002
TRX000457,PF00124,INST003,2026-02-11,Arbitrage Entrant,230.85,433.9599,100179.64,459.19,100638.83,EUR,1.0,100638.83,Annulé,Euronext,OPE005
TRX000458,PF00077,INST010,2025-05-15,Arbitrage Entrant,339.42,282.0368,95728.93,102.9,95831.83,EUR,1.0,95831.83,Exécuté,Euronext,OPE002
TRX000459,PF00072,INST014,2025-12-05,Achat,170.24,193.868,33004.09,103.54,32900.55,USD,1.0142,33367.74,Annulé,NYSE,OPE005
TRX000460,PF00030,INST014,2025-12-25,Arbitrage Sortant,376.02,355.5804,133705.34,301.91,134007.25,EUR,1.0,134007.25,Exécuté,SIX,OPE001
TRX000461,PF00128,INST015,2024-03-01,Vente,186.42,416.4342,77631.66,171.61,77803.27,EUR,1.0,77803.27,Exécuté,Euronext,OPE003
TRX000462,PF00010,INST013,2025-11-15,Vente,456.76,227.4493,103889.74,114.25,104003.99,EUR,1.0,104003.99,En attente,NYSE,OPE002
TRX000463,PF00088,INST015,2025-07-03,Coupon,366.49,266.5777,97698.06,400.77,98098.83,USD,1.0539,103386.36,Exécuté,OTC,OPE002
TRX000464,PF00053,INST012,2025-12-26,Achat,230.22,359.7019,82810.57,255.83,82554.74,EUR,1.0,82554.74,Exécuté,Euronext,OPE005
TRX000465,PF00023,INST006,2026-01-02,Coupon,444.7,60.5204,26913.42,109.4,27022.82,EUR,1.0,27022.82,Exécuté,OTC,OPE003
TRX000466,PF00054,INST006,2025-10-21,Vente,97.08,145.5583,14130.8,32.17,14162.97,EUR,1.0,14162.97,Exécuté,Xetra,OPE002
TRX000467,PF00041,INST005,2025-10-13,Achat,8.61,315.243,2714.24,8.3,2705.94,USD,1.0085,2728.94,En attente,Xetra,OPE003
TRX000468,PF00037,INST012,2024-08-12,Arbitrage Sortant,142.35,129.9643,18500.42,23.77,18524.19,EUR,1.0,18524.19,En attente,SIX,OPE001
TRX000469,PF00034,INST001,2024-07-14,Coupon,451.74,34.7234,15685.95,39.75,15725.7,EUR,1.0,15725.7,Annulé,SIX,OPE002
TRX000470,PF00115,INST010,2025-07-31,Dividende,156.91,410.5466,64418.87,248.12,64666.99,EUR,1.0,64666.99,Annulé,OTC,OPE002
TRX000471,PF00024,INST014,2024-10-18,Arbitrage Sortant,459.92,239.4552,110130.24,310.82,110441.06,EUR,1.0,110441.06,Annulé,NYSE,OPE002
TRX000472,PF00037,INST014,2026-03-30,Frais,129.77,188.0902,24408.47,42.31,24366.16,EUR,1.0,24366.16,Exécuté,SIX,OPE004
TRX000473,PF00008,INST002,2023-12-31,Coupon,57.33,244.5395,14019.45,61.45,14080.9,EUR,1.0,14080.9,Exécuté,OTC,OPE005
TRX000474,PF00033,INST009,2025-03-24,Achat,203.44,359.9938,73237.14,104.58,73132.56,EUR,1.0,73132.56,Exécuté,OTC,OPE004
TRX000475,PF00103,INST010,2023-08-17,Coupon,120.05,129.4086,15535.5,25.42,15560.92,EUR,1.0,15560.92,Annulé,Euronext,OPE003
TRX000476,PF00054,INST014,2023-08-12,Arbitrage Entrant,295.89,394.3138,116673.51,319.85,116993.36,EUR,1.0,116993.36,En attente,NYSE,OPE002
TRX000477,PF00020,INST012,2023-12-17,Arbitrage Entrant,287.52,248.4489,71434.03,240.64,71674.67,EUR,1.0,71674.67,Exécuté,OTC,OPE001
TRX000478,PF00114,INST003,2023-11-20,Dividende,477.99,44.1077,21083.04,30.25,21113.29,EUR,1.0,21113.29,Exécuté,SIX,OPE001
TRX000479,PF00024,INST004,2023-07-15,Arbitrage Sortant,70.32,294.5763,20714.61,83.27,20797.88,EUR,1.0,20797.88,Exécuté,NYSE,OPE004
TRX000480,PF00137,INST005,2024-09-06,Coupon,308.17,229.1083,70604.3,128.69,70732.99,EUR,1.0,70732.99,Exécuté,OTC,OPE003
TRX000481,PF00112,INST012,2024-11-14,Dividende,495.15,295.5362,146334.75,504.26,146839.01,EUR,1.0,146839.01,Exécuté,Xetra,OPE001
TRX000482,PF00095,INST015,2023-09-30,Frais,483.98,10.4132,5039.78,16.33,5023.45,EUR,1.0,5023.45,Exécuté,Xetra,OPE001
TRX000483,PF00061,INST007,2024-04-10,Arbitrage Entrant,295.49,316.355,93479.74,359.63,93839.37,EUR,1.0,93839.37,Annulé,SIX,OPE005
TRX000484,PF00055,INST011,2023-12-29,Vente,237.96,102.2312,24326.94,61.75,24388.69,EUR,1.0,24388.69,Annulé,NYSE,OPE003
TRX000485,PF00033,INST003,2026-04-23,Achat,36.8,17.6968,651.24,2.53,648.71,EUR,1.0,648.71,Annulé,NYSE,OPE001
TRX000486,PF00036,INST011,2025-02-12,Arbitrage Sortant,208.51,233.454,48677.49,202.29,48879.78,EUR,1.0,48879.78,En attente,NYSE,OPE004
TRX000487,PF00131,INST007,2024-05-12,Frais,410.22,198.5102,81432.85,154.96,81277.89,EUR,1.0,81277.89,En attente,Euronext,OPE005
TRX000488,PF00128,INST014,2024-06-26,Arbitrage Entrant,119.14,255.8471,30481.62,80.57,30562.19,EUR,1.0,30562.19,Exécuté,Euronext,OPE005
TRX000489,PF00124,INST012,2024-03-25,Dividende,57.47,245.9511,14134.81,53.18,14187.99,USD,1.046,14840.64,En attente,Xetra,OPE004
TRX000490,PF00133,INST002,2024-08-10,Frais,445.07,53.3387,23739.46,68.6,23670.86,EUR,1.0,23670.86,En attente,OTC,OPE003
TRX000491,PF00014,INST015,2025-06-23,Dividende,267.98,15.2839,4095.78,11.53,4107.31,EUR,1.0,4107.31,En attente,Xetra,OPE004
TRX000492,PF00091,INST013,2025-03-27,Dividende,145.32,27.3099,3968.67,18.62,3987.29,EUR,1.0,3987.29,En attente,Xetra,OPE001
TRX000493,PF00122,INST010,2023-10-08,Vente,286.86,331.5967,95121.83,206.13,95327.96,EUR,1.0,95327.96,Exécuté,SIX,OPE001
TRX000494,PF00033,INST009,2025-06-11,Achat,425.87,146.1459,62239.15,95.24,62143.91,EUR,1.0,62143.91,Exécuté,Xetra,OPE001
TRX000495,PF00029,INST010,2026-03-19,Vente,455.16,372.0939,169362.26,615.91,169978.17,EUR,1.0,169978.17,Exécuté,Xetra,OPE002
TRX000496,PF00125,INST003,2024-05-02,Arbitrage Sortant,264.17,26.2144,6925.06,34.18,6959.24,USD,1.0191,7092.16,Exécuté,SIX,OPE004
TRX000497,PF00099,INST004,2025-04-10,Arbitrage Entrant,220.65,322.4116,71140.12,131.14,71271.26,EUR,1.0,71271.26,Exécuté,Xetra,OPE001
TRX000498,PF00014,INST003,2023-06-24,Coupon,199.97,157.6699,31529.25,125.63,31654.88,USD,0.976,30895.16,Annulé,SIX,OPE003
TRX000499,PF00038,INST009,2023-05-22,Arbitrage Sortant,217.93,151.5082,33018.18,138.32,33156.5,EUR,1.0,33156.5,Exécuté,OTC,OPE001
TRX000500,PF00025,INST015,2024-08-17,Frais,319.07,478.53,152684.57,416.39,152268.18,EUR,1.0,152268.18,Exécuté,Xetra,OPE003
TRX000501,PF00026,INST005,2025-04-03,Arbitrage Entrant,292.5,235.9432,69013.39,255.43,69268.82,USD,1.0469,72517.53,En attente,NYSE,OPE005
TRX000502,PF00087,INST011,2024-12-17,Arbitrage Entrant,496.61,163.5022,81196.83,84.63,81281.46,EUR,1.0,81281.46,Exécuté,Euronext,OPE004
TRX000503,PF00026,INST009,2024-10-06,Achat,343.06,182.243,62520.28,243.89,62276.39,EUR,1.0,62276.39,Exécuté,Euronext,OPE001
TRX000504,PF00024,INST001,2024-01-24,Frais,328.65,419.375,137827.59,661.84,137165.75,EUR,1.0,137165.75,Exécuté,Euronext,OPE005
TRX000505,PF00034,INST007,2024-12-22,Arbitrage Entrant,382.17,327.4739,125150.7,527.23,125677.93,USD,1.0792,135631.62,Exécuté,Xetra,OPE003
TRX000506,PF00120,INST011,2024-02-25,Achat,319.75,462.1207,147763.09,311.12,147451.97,EUR,1.0,147451.97,Exécuté,Xetra,OPE002
TRX000507,PF00019,INST005,2025-10-27,Arbitrage Sortant,32.13,200.4093,6439.15,32.09,6471.24,EUR,1.0,6471.24,Exécuté,NYSE,OPE004
TRX000508,PF00018,INST008,2025-01-15,Vente,305.54,97.4367,29770.81,88.37,29859.18,USD,1.0081,30101.04,Annulé,NYSE,OPE005
TRX000509,PF00028,INST015,2023-10-15,Coupon,357.98,60.6107,21697.42,28.03,21725.45,EUR,1.0,21725.45,Annulé,Euronext,OPE004
TRX000510,PF00039,INST011,2024-01-20,Arbitrage Entrant,1.43,28.5395,40.81,0.1,40.91,USD,1.04,42.55,Annulé,OTC,OPE001
TRX000511,PF00132,INST012,2025-12-01,Arbitrage Sortant,245.85,223.6683,54988.85,240.64,55229.49,EUR,1.0,55229.49,En attente,NYSE,OPE001
TRX000512,PF00099,INST012,2025-01-08,Arbitrage Sortant,390.14,69.3898,27071.74,85.04,27156.78,EUR,1.0,27156.78,Exécuté,Xetra,OPE004
TRX000513,PF00015,INST011,2026-01-24,Arbitrage Entrant,46.24,271.9669,12575.75,60.91,12636.66,EUR,1.0,12636.66,Annulé,Xetra,OPE002
TRX000514,PF00046,INST009,2024-01-24,Achat,483.79,333.7597,161469.61,354.5,161115.11,EUR,1.0,161115.11,Exécuté,Xetra,OPE004
TRX000515,PF00022,INST015,2024-05-22,Arbitrage Entrant,219.55,102.8376,22578.0,25.8,22603.8,EUR,1.0,22603.8,En attente,NYSE,OPE004
TRX000516,PF00100,INST002,2023-06-02,Arbitrage Sortant,270.74,160.7881,43531.77,136.51,43668.28,EUR,1.0,43668.28,Exécuté,Euronext,OPE003
TRX000517,PF00015,INST006,2024-07-14,Arbitrage Sortant,360.78,208.6988,75294.35,139.05,75433.4,EUR,1.0,75433.4,En attente,NYSE,OPE005
TRX000518,PF00060,INST015,2025-10-11,Achat,19.4,79.3793,1539.96,5.57,1534.39,EUR,1.0,1534.39,En attente,Euronext,OPE002
TRX000519,PF00034,INST001,2023-08-02,Vente,316.7,453.2846,143555.23,614.84,144170.07,EUR,1.0,144170.07,Annulé,OTC,OPE002
TRX000520,PF00017,INST014,2025-06-12,Arbitrage Sortant,54.06,253.6003,13709.63,57.54,13767.17,USD,0.9126,12563.92,Exécuté,SIX,OPE003
TRX000521,PF00103,INST006,2026-03-12,Achat,487.95,292.2238,142590.6,220.92,142369.68,USD,1.0528,149886.8,En attente,NYSE,OPE003
TRX000522,PF00017,INST002,2024-02-15,Dividende,71.48,213.4256,15255.66,57.75,15313.41,USD,0.9877,15125.06,En attente,Euronext,OPE002
TRX000523,PF00026,INST013,2023-12-12,Arbitrage Sortant,316.47,194.3042,61491.45,100.29,61591.74,EUR,1.0,61591.74,Exécuté,Euronext,OPE001
TRX000524,PF00046,INST015,2024-12-16,Achat,353.66,300.928,106426.2,227.21,106198.99,EUR,1.0,106198.99,Exécuté,NYSE,OPE002
TRX000525,PF00070,INST009,2024-05-06,Coupon,206.6,469.6639,97032.56,334.0,97366.56,EUR,1.0,97366.56,En attente,NYSE,OPE004
TRX000526,PF00023,INST011,2025-11-29,Arbitrage Sortant,391.51,180.4482,70647.27,71.94,70719.21,USD,0.9384,66362.91,En attente,Euronext,OPE005
TRX000527,PF00093,INST014,2024-12-09,Arbitrage Sortant,493.4,258.695,127640.11,364.65,128004.76,USD,0.9553,122282.95,Exécuté,Euronext,OPE002
TRX000528,PF00122,INST008,2023-07-06,Vente,80.72,462.1098,37301.5,45.36,37346.86,EUR,1.0,37346.86,Exécuté,NYSE,OPE004
TRX000529,PF00065,INST006,2025-02-19,Frais,402.77,381.6199,153705.05,180.34,153524.71,EUR,1.0,153524.71,En attente,NYSE,OPE002
TRX000530,PF00008,INST008,2023-06-10,Frais,58.92,448.5888,26430.85,102.7,26328.15,EUR,1.0,26328.15,Annulé,NYSE,OPE003
TRX000531,PF00059,INST013,2024-11-05,Achat,163.74,58.0514,9505.34,37.56,9467.78,USD,0.9751,9232.03,Exécuté,Euronext,OPE004
TRX000532,PF00150,INST008,2024-05-08,Achat,445.35,81.0212,36082.79,170.01,35912.78,EUR,1.0,35912.78,Exécuté,SIX,OPE003
TRX000533,PF00035,INST008,2025-02-06,Arbitrage Entrant,97.88,185.7092,18177.22,37.79,18215.01,EUR,1.0,18215.01,Exécuté,Euronext,OPE005
TRX000534,PF00016,INST005,2023-09-16,Vente,56.44,238.1118,13439.03,35.92,13474.95,EUR,1.0,13474.95,Exécuté,Xetra,OPE005
TRX000535,PF00041,INST013,2025-06-12,Arbitrage Sortant,319.36,309.6488,98889.44,166.11,99055.55,USD,0.9173,90863.66,En attente,SIX,OPE002
TRX000536,PF00122,INST014,2024-11-23,Coupon,140.31,367.7087,51593.21,203.52,51796.73,USD,0.9496,49186.17,Annulé,OTC,OPE002
TRX000537,PF00039,INST015,2023-12-10,Frais,449.23,214.7082,96453.36,113.52,96339.84,EUR,1.0,96339.84,En attente,Euronext,OPE004
TRX000538,PF00136,INST007,2025-05-30,Coupon,405.05,351.3602,142318.45,198.11,142516.56,EUR,1.0,142516.56,Exécuté,Euronext,OPE005
TRX000539,PF00004,INST012,2023-09-19,Arbitrage Entrant,203.9,116.8232,23820.25,57.97,23878.22,USD,1.0295,24582.63,Exécuté,Euronext,OPE004
TRX000540,PF00079,INST003,2025-05-26,Arbitrage Entrant,230.18,289.4866,66634.03,222.2,66856.23,EUR,1.0,66856.23,Annulé,NYSE,OPE004
TRX000541,PF00048,INST013,2024-11-04,Arbitrage Sortant,185.84,237.5049,44137.91,155.97,44293.88,EUR,1.0,44293.88,Annulé,Xetra,OPE005
TRX000542,PF00009,INST005,2024-08-14,Coupon,376.69,352.0469,132612.55,457.51,133070.06,USD,1.0575,140721.59,Exécuté,OTC,OPE003
TRX000543,PF00015,INST009,2024-03-30,Arbitrage Entrant,182.63,35.2657,6440.57,16.31,6456.88,EUR,1.0,6456.88,En attente,Euronext,OPE003
TRX000544,PF00094,INST003,2026-03-14,Arbitrage Entrant,279.84,42.8329,11986.36,46.0,12032.36,USD,0.9277,11162.42,Exécuté,NYSE,OPE005
TRX000545,PF00030,INST011,2024-12-12,Coupon,368.95,378.6158,139690.3,626.44,140316.74,USD,1.0506,147416.77,Exécuté,Xetra,OPE003
TRX000546,PF00069,INST009,2025-11-05,Arbitrage Entrant,212.04,36.6854,7778.77,19.38,7798.15,EUR,1.0,7798.15,Annulé,OTC,OPE005
TRX000547,PF00032,INST008,2026-01-21,Arbitrage Entrant,266.42,414.4357,110413.96,507.66,110921.62,EUR,1.0,110921.62,En attente,Xetra,OPE001
TRX000548,PF00049,INST015,2024-06-10,Coupon,44.57,201.4344,8977.93,15.4,8993.33,EUR,1.0,8993.33,Exécuté,NYSE,OPE003
TRX000549,PF00029,INST012,2024-01-09,Vente,248.67,438.7466,109103.12,336.34,109439.46,EUR,1.0,109439.46,Exécuté,SIX,OPE005
TRX000550,PF00034,INST008,2023-07-07,Dividende,210.64,371.4775,78248.02,84.97,78332.99,USD,0.9126,71486.69,Exécuté,OTC,OPE003
TRX000551,PF00106,INST010,2025-09-01,Dividende,328.22,395.5439,129825.42,382.28,130207.7,EUR,1.0,130207.7,Annulé,Xetra,OPE005
TRX000552,PF00034,INST015,2025-03-21,Arbitrage Sortant,153.94,396.7412,61074.34,116.48,61190.82,EUR,1.0,61190.82,Exécuté,Euronext,OPE002
TRX000553,PF00091,INST005,2023-07-06,Coupon,478.15,313.1288,149722.54,246.02,149968.56,EUR,1.0,149968.56,Exécuté,NYSE,OPE002
TRX000554,PF00042,INST004,2024-03-01,Achat,21.53,165.1467,3555.61,5.35,3550.26,EUR,1.0,3550.26,Exécuté,NYSE,OPE002
TRX000555,PF00144,INST012,2025-02-14,Achat,333.11,489.2311,162967.77,259.41,162708.36,EUR,1.0,162708.36,En attente,NYSE,OPE005
TRX000556,PF00078,INST002,2024-02-22,Achat,202.88,254.7143,51676.44,81.73,51594.71,EUR,1.0,51594.71,Exécuté,NYSE,OPE001
TRX000557,PF00140,INST009,2024-01-28,Dividende,323.97,154.8229,50157.97,229.92,50387.89,USD,1.0599,53406.12,Annulé,Xetra,OPE001
TRX000558,PF00123,INST015,2024-10-30,Achat,70.57,279.9704,19757.51,44.11,19713.4,EUR,1.0,19713.4,En attente,NYSE,OPE004
TRX000559,PF00092,INST002,2025-02-25,Dividende,28.46,324.2432,9227.96,30.76,9258.72,USD,1.0563,9779.99,Exécuté,NYSE,OPE001
TRX000560,PF00022,INST009,2024-12-13,Arbitrage Sortant,223.28,339.0633,75706.05,102.17,75808.22,EUR,1.0,75808.22,Exécuté,SIX,OPE003
TRX000561,PF00131,INST001,2024-02-19,Arbitrage Entrant,181.17,82.4935,14945.35,65.99,15011.34,EUR,1.0,15011.34,Annulé,Xetra,OPE001
TRX000562,PF00073,INST006,2025-05-20,Dividende,154.73,228.3323,35329.86,114.61,35444.47,USD,1.0456,37060.74,Annulé,SIX,OPE004
TRX000563,PF00074,INST003,2025-11-03,Arbitrage Sortant,364.27,449.8846,163879.46,641.49,164520.95,EUR,1.0,164520.95,Exécuté,OTC,OPE005
TRX000564,PF00023,INST003,2023-05-23,Vente,152.31,494.3074,75287.96,233.48,75521.44,EUR,1.0,75521.44,Exécuté,OTC,OPE004
TRX000565,PF00023,INST001,2024-12-30,Coupon,319.76,143.9311,46023.41,78.22,46101.63,EUR,1.0,46101.63,En attente,NYSE,OPE002
TRX000566,PF00048,INST014,2024-09-29,Coupon,145.44,250.387,36416.29,156.27,36572.56,EUR,1.0,36572.56,En attente,Xetra,OPE004
TRX000567,PF00144,INST012,2023-05-30,Coupon,113.04,397.6976,44955.74,72.65,45028.39,EUR,1.0,45028.39,Annulé,Euronext,OPE003
TRX000568,PF00107,INST003,2023-12-23,Coupon,453.49,325.9451,147812.84,164.63,147977.47,EUR,1.0,147977.47,Annulé,Euronext,OPE005
TRX000569,PF00093,INST010,2025-02-23,Coupon,283.22,435.4895,123339.34,433.17,123772.51,EUR,1.0,123772.51,Exécuté,Xetra,OPE005
TRX000570,PF00148,INST001,2023-08-02,Arbitrage Sortant,130.51,295.0107,38501.85,61.01,38562.86,EUR,1.0,38562.86,Exécuté,Xetra,OPE002
TRX000571,PF00014,INST005,2024-11-12,Dividende,210.34,456.9313,96110.93,232.97,96343.9,EUR,1.0,96343.9,Exécuté,OTC,OPE001
TRX000572,PF00132,INST004,2023-12-10,Arbitrage Sortant,314.39,384.6978,120945.14,410.61,121355.75,USD,1.0087,122411.55,Exécuté,Xetra,OPE003
TRX000573,PF00093,INST002,2026-04-25,Frais,290.44,413.4243,120074.95,126.27,119948.68,EUR,1.0,119948.68,Exécuté,SIX,OPE004
TRX000574,PF00088,INST015,2025-04-05,Vente,52.11,85.7319,4467.49,8.42,4475.91,USD,1.059,4739.99,En attente,OTC,OPE005
TRX000575,PF00137,INST012,2025-04-17,Frais,351.43,403.2643,141719.17,378.3,141340.87,EUR,1.0,141340.87,Exécuté,NYSE,OPE001
TRX000576,PF00123,INST006,2025-06-08,Dividende,345.83,78.1169,27015.17,74.77,27089.94,EUR,1.0,27089.94,Exécuté,Xetra,OPE001
TRX000577,PF00031,INST004,2025-10-15,Vente,428.55,79.7561,34179.48,65.16,34244.64,USD,0.942,32258.45,Exécuté,SIX,OPE001
TRX000578,PF00020,INST001,2024-11-26,Arbitrage Sortant,242.64,221.3113,53698.97,95.87,53794.84,EUR,1.0,53794.84,En attente,OTC,OPE001
TRX000579,PF00121,INST002,2023-10-11,Dividende,22.6,157.8064,3566.42,3.71,3570.13,EUR,1.0,3570.13,Exécuté,OTC,OPE002
TRX000580,PF00052,INST003,2023-09-07,Arbitrage Entrant,176.42,54.4819,9611.7,42.13,9653.83,EUR,1.0,9653.83,En attente,Xetra,OPE003
TRX000581,PF00042,INST014,2024-10-01,Frais,390.62,310.3487,121228.41,366.07,120862.34,EUR,1.0,120862.34,Exécuté,OTC,OPE001
TRX000582,PF00136,INST004,2024-12-20,Arbitrage Entrant,96.58,148.1098,14304.44,65.9,14370.34,EUR,1.0,14370.34,Exécuté,NYSE,OPE005
TRX000583,PF00122,INST006,2025-07-19,Arbitrage Entrant,295.1,225.4363,66526.25,321.39,66847.64,USD,1.0669,71319.75,Annulé,SIX,OPE002
TRX000584,PF00132,INST004,2024-03-10,Coupon,57.31,492.4602,28222.89,42.18,28265.07,EUR,1.0,28265.07,En attente,NYSE,OPE004
TRX000585,PF00093,INST012,2024-04-20,Dividende,279.01,29.8982,8341.9,19.29,8361.19,EUR,1.0,8361.19,Annulé,Xetra,OPE004
TRX000586,PF00080,INST011,2025-04-22,Arbitrage Sortant,222.53,281.4188,62624.13,135.42,62759.55,EUR,1.0,62759.55,Exécuté,Euronext,OPE004
TRX000587,PF00095,INST003,2026-04-19,Achat,499.36,250.9077,125293.27,178.0,125115.27,EUR,1.0,125115.27,En attente,Euronext,OPE001
TRX000588,PF00037,INST007,2026-04-16,Coupon,347.82,489.0097,170087.35,674.52,170761.87,USD,0.9129,155888.51,Exécuté,Xetra,OPE002
TRX000589,PF00104,INST002,2023-06-12,Vente,419.22,365.3482,153161.27,323.79,153485.06,EUR,1.0,153485.06,Annulé,Xetra,OPE004
TRX000590,PF00104,INST008,2025-05-02,Frais,140.17,386.3198,54150.45,77.55,54072.9,EUR,1.0,54072.9,Annulé,SIX,OPE002
TRX000591,PF00035,INST001,2024-03-13,Achat,369.16,416.8531,153885.49,460.51,153424.98,EUR,1.0,153424.98,Exécuté,SIX,OPE005
TRX000592,PF00084,INST003,2024-06-26,Dividende,311.36,57.2035,17810.88,23.26,17834.14,EUR,1.0,17834.14,Annulé,NYSE,OPE003
TRX000593,PF00128,INST008,2025-06-12,Frais,131.57,178.3717,23468.36,104.17,23364.19,EUR,1.0,23364.19,Exécuté,SIX,OPE001
TRX000594,PF00099,INST008,2024-06-16,Dividende,426.58,226.8525,96770.74,110.7,96881.44,USD,1.0113,97976.2,Exécuté,NYSE,OPE004
TRX000595,PF00111,INST003,2024-03-21,Dividende,358.15,248.8529,89126.67,128.12,89254.79,EUR,1.0,89254.79,En attente,OTC,OPE005
TRX000596,PF00121,INST008,2025-12-26,Frais,427.32,258.2757,110366.37,283.15,110083.22,EUR,1.0,110083.22,En attente,SIX,OPE005
TRX000597,PF00091,INST013,2024-06-03,Dividende,160.92,23.792,3828.61,4.52,3833.13,EUR,1.0,3833.13,Exécuté,OTC,OPE001
TRX000598,PF00088,INST007,2024-10-08,Achat,214.65,496.0533,106477.84,281.92,106195.92,EUR,1.0,106195.92,Exécuté,NYSE,OPE002
TRX000599,PF00080,INST010,2024-07-02,Achat,455.28,42.0951,19165.06,42.54,19122.52,EUR,1.0,19122.52,Exécuté,Euronext,OPE005
TRX000600,PF00084,INST001,2026-05-06,Coupon,329.23,217.0118,71446.79,218.56,71665.35,EUR,1.0,71665.35,Exécuté,Euronext,OPE004
TRX000601,PF00006,INST006,2025-06-28,Coupon,285.61,167.9865,47978.62,66.73,48045.35,EUR,1.0,48045.35,Exécuté,NYSE,OPE003
TRX000602,PF00128,INST009,2024-09-19,Arbitrage Sortant,382.69,176.3743,67496.68,233.49,67730.17,EUR,1.0,67730.17,Annulé,NYSE,OPE004
TRX000603,PF00020,INST014,2026-01-04,Arbitrage Sortant,268.38,150.8042,40472.83,48.17,40521.0,EUR,1.0,40521.0,Exécuté,OTC,OPE001
TRX000604,PF00149,INST002,2026-02-17,Frais,169.08,42.9622,7264.05,30.54,7233.51,EUR,1.0,7233.51,Annulé,NYSE,OPE003
TRX000605,PF00020,INST011,2023-12-29,Arbitrage Sortant,151.62,404.0221,61257.83,167.33,61425.16,EUR,1.0,61425.16,Exécuté,SIX,OPE004
TRX000606,PF00065,INST010,2024-01-26,Frais,227.16,384.0867,87249.13,150.28,87098.85,EUR,1.0,87098.85,En attente,NYSE,OPE005
TRX000607,PF00128,INST004,2024-10-02,Arbitrage Entrant,481.1,373.6819,179778.36,515.82,180294.18,EUR,1.0,180294.18,En attente,Euronext,OPE005
TRX000608,PF00052,INST006,2023-12-22,Coupon,74.72,83.7316,6256.43,23.41,6279.84,EUR,1.0,6279.84,Annulé,SIX,OPE003
TRX000609,PF00017,INST011,2023-06-24,Vente,423.14,140.798,59577.27,127.98,59705.25,USD,0.9513,56797.6,En attente,NYSE,OPE004
TRX000610,PF00062,INST002,2026-04-16,Vente,96.77,130.3374,12612.75,54.35,12667.1,EUR,1.0,12667.1,Annulé,OTC,OPE004
TRX000611,PF00109,INST011,2025-10-22,Achat,101.79,143.6289,14619.99,16.32,14603.67,EUR,1.0,14603.67,En attente,NYSE,OPE001
TRX000612,PF00125,INST013,2023-06-11,Achat,28.61,449.2877,12854.12,28.99,12825.13,EUR,1.0,12825.13,Exécuté,SIX,OPE003
TRX000613,PF00024,INST007,2024-06-26,Arbitrage Sortant,362.39,78.8745,28583.33,41.38,28624.71,EUR,1.0,28624.71,En attente,OTC,OPE005
TRX000614,PF00065,INST008,2025-01-26,Achat,119.8,69.9156,8375.89,35.4,8340.49,EUR,1.0,8340.49,En attente,SIX,OPE002
TRX000615,PF00109,INST004,2025-11-27,Vente,54.3,114.9132,6239.79,13.09,6252.88,EUR,1.0,6252.88,Exécuté,OTC,OPE001
TRX000616,PF00126,INST009,2026-03-22,Dividende,350.11,65.3511,22880.07,72.83,22952.9,EUR,1.0,22952.9,Exécuté,Xetra,OPE002
TRX000617,PF00093,INST008,2024-01-15,Arbitrage Entrant,184.5,161.004,29705.24,106.39,29811.63,EUR,1.0,29811.63,Exécuté,NYSE,OPE003
TRX000618,PF00142,INST007,2025-01-02,Dividende,319.84,353.3022,113000.18,521.23,113521.41,EUR,1.0,113521.41,En attente,NYSE,OPE004
TRX000619,PF00100,INST001,2025-08-24,Coupon,463.83,459.7841,213261.66,469.93,213731.59,USD,0.9595,205075.46,Exécuté,SIX,OPE003
TRX000620,PF00105,INST013,2024-03-22,Achat,137.74,49.2463,6783.19,27.93,6755.26,EUR,1.0,6755.26,Annulé,SIX,OPE003
TRX000621,PF00109,INST015,2025-01-30,Arbitrage Sortant,51.1,88.5682,4525.84,9.25,4535.09,EUR,1.0,4535.09,Exécuté,SIX,OPE005
TRX000622,PF00141,INST012,2025-09-24,Dividende,227.18,23.4019,5316.44,6.42,5322.86,USD,1.026,5461.25,Exécuté,Euronext,OPE004
TRX000623,PF00052,INST011,2025-03-19,Dividende,157.55,50.2937,7923.77,12.93,7936.7,USD,1.0694,8487.51,Annulé,Xetra,OPE004
TRX000624,PF00123,INST014,2023-05-31,Arbitrage Entrant,67.62,95.0047,6424.22,21.66,6445.88,EUR,1.0,6445.88,Exécuté,NYSE,OPE001
TRX000625,PF00107,INST006,2025-01-08,Vente,197.35,194.8868,38460.91,166.87,38627.78,USD,0.9041,34923.38,Exécuté,OTC,OPE005
TRX000626,PF00059,INST015,2024-07-20,Achat,487.09,107.1504,52191.89,198.59,51993.3,USD,0.91,47313.9,En attente,SIX,OPE005
TRX000627,PF00067,INST003,2024-04-28,Achat,479.06,93.3602,44725.14,146.21,44578.93,EUR,1.0,44578.93,En attente,SIX,OPE004
TRX000628,PF00127,INST002,2025-02-05,Vente,357.07,103.3666,36909.11,164.16,37073.27,EUR,1.0,37073.27,Exécuté,SIX,OPE004
TRX000629,PF00034,INST007,2023-08-31,Arbitrage Sortant,104.1,115.6276,12036.83,51.71,12088.54,USD,0.9837,11891.5,Annulé,NYSE,OPE001
TRX000630,PF00075,INST005,2024-01-17,Vente,309.22,454.5908,140568.57,348.41,140916.98,EUR,1.0,140916.98,Exécuté,Euronext,OPE004
TRX000631,PF00035,INST014,2025-07-29,Dividende,487.23,204.8018,99785.58,184.49,99970.07,EUR,1.0,99970.07,Annulé,OTC,OPE003
TRX000632,PF00019,INST002,2026-01-01,Frais,30.32,173.1026,5248.47,10.18,5238.29,EUR,1.0,5238.29,En attente,OTC,OPE001
TRX000633,PF00002,INST005,2023-07-11,Frais,310.21,158.2286,49084.09,126.58,48957.51,EUR,1.0,48957.51,Exécuté,OTC,OPE001
TRX000634,PF00149,INST003,2023-07-29,Dividende,85.76,251.4915,21567.91,50.83,21618.74,EUR,1.0,21618.74,Exécuté,Euronext,OPE003
TRX000635,PF00136,INST007,2025-06-12,Vente,130.94,163.5021,21408.96,105.21,21514.17,EUR,1.0,21514.17,Exécuté,Xetra,OPE004
TRX000636,PF00073,INST015,2025-06-27,Dividende,306.85,383.1663,117574.58,241.62,117816.2,EUR,1.0,117816.2,Annulé,NYSE,OPE003
TRX000637,PF00126,INST013,2023-12-21,Vente,278.28,462.1979,128620.43,456.17,129076.6,EUR,1.0,129076.6,Exécuté,NYSE,OPE002
TRX000638,PF00014,INST004,2024-07-06,Vente,18.9,137.5097,2598.93,9.94,2608.87,EUR,1.0,2608.87,Exécuté,SIX,OPE001
TRX000639,PF00114,INST006,2024-11-18,Arbitrage Entrant,280.87,234.3023,65808.49,95.42,65903.91,USD,0.9247,60941.35,Exécuté,NYSE,OPE003
TRX000640,PF00047,INST014,2024-03-05,Vente,375.22,413.0602,154988.45,504.18,155492.63,USD,1.0167,158089.36,Exécuté,OTC,OPE005
TRX000641,PF00047,INST007,2023-08-19,Achat,123.83,254.0743,31462.02,43.33,31418.69,EUR,1.0,31418.69,Exécuté,Xetra,OPE001
TRX000642,PF00101,INST006,2024-05-31,Frais,464.65,61.9743,28796.36,66.06,28730.3,EUR,1.0,28730.3,Exécuté,SIX,OPE004
TRX000643,PF00117,INST011,2026-02-28,Dividende,297.51,12.8446,3821.4,18.64,3840.04,EUR,1.0,3840.04,Exécuté,OTC,OPE002
TRX000644,PF00055,INST014,2023-08-14,Achat,400.98,148.6475,59604.67,249.9,59354.77,EUR,1.0,59354.77,En attente,OTC,OPE004
TRX000645,PF00024,INST007,2026-05-16,Dividende,89.83,482.8742,43376.59,193.55,43570.14,EUR,1.0,43570.14,Exécuté,NYSE,OPE002
TRX000646,PF00100,INST013,2025-04-21,Coupon,143.18,378.7537,54229.95,196.11,54426.06,EUR,1.0,54426.06,Exécuté,SIX,OPE004
TRX000647,PF00080,INST015,2025-02-27,Arbitrage Entrant,302.15,185.9317,56179.26,77.78,56257.04,EUR,1.0,56257.04,En attente,NYSE,OPE004
TRX000648,PF00115,INST015,2023-12-16,Coupon,238.74,285.898,68255.29,183.76,68439.05,EUR,1.0,68439.05,Exécuté,OTC,OPE002
TRX000649,PF00112,INST011,2024-02-05,Coupon,47.38,261.5373,12391.64,60.63,12452.27,USD,1.0295,12819.61,Exécuté,SIX,OPE005
TRX000650,PF00135,INST002,2025-09-13,Dividende,234.64,48.7997,11450.36,48.16,11498.52,EUR,1.0,11498.52,Exécuté,NYSE,OPE003
TRX000651,PF00064,INST009,2024-08-17,Coupon,148.45,33.3869,4956.29,6.47,4962.76,EUR,1.0,4962.76,En attente,Euronext,OPE005
TRX000652,PF00109,INST007,2024-08-14,Achat,232.86,362.9519,84516.98,359.31,84157.67,EUR,1.0,84157.67,Exécuté,OTC,OPE001
TRX000653,PF00129,INST001,2025-02-13,Achat,370.52,236.8107,87743.1,363.67,87379.43,EUR,1.0,87379.43,Exécuté,Euronext,OPE004
TRX000654,PF00077,INST006,2024-01-16,Frais,362.32,381.1036,138081.46,386.6,137694.86,EUR,1.0,137694.86,Exécuté,NYSE,OPE002
TRX000655,PF00048,INST002,2023-07-12,Arbitrage Entrant,491.11,137.0657,67314.34,248.63,67562.97,EUR,1.0,67562.97,En attente,Euronext,OPE001
TRX000656,PF00102,INST002,2026-01-19,Achat,86.7,243.7887,21136.48,79.63,21056.85,EUR,1.0,21056.85,Exécuté,OTC,OPE005
TRX000657,PF00093,INST012,2025-04-13,Arbitrage Entrant,481.61,340.8001,164132.74,692.4,164825.14,EUR,1.0,164825.14,Exécuté,NYSE,OPE001
TRX000658,PF00049,INST002,2025-09-15,Arbitrage Sortant,8.93,485.555,4336.01,19.23,4355.24,USD,0.9962,4338.69,Exécuté,NYSE,OPE004
TRX000659,PF00138,INST004,2024-03-22,Achat,151.16,237.0785,35836.79,103.78,35733.01,EUR,1.0,35733.01,Exécuté,NYSE,OPE002
TRX000660,PF00114,INST008,2024-05-10,Coupon,10.79,230.263,2484.54,4.9,2489.44,EUR,1.0,2489.44,En attente,SIX,OPE001
TRX000661,PF00086,INST001,2023-10-18,Achat,315.57,359.4155,113420.75,557.8,112862.95,EUR,1.0,112862.95,En attente,OTC,OPE005
TRX000662,PF00075,INST001,2023-11-07,Coupon,200.44,261.5443,52423.94,204.37,52628.31,EUR,1.0,52628.31,Exécuté,Euronext,OPE005
TRX000663,PF00005,INST007,2023-07-21,Frais,158.61,41.1202,6522.07,29.82,6492.25,EUR,1.0,6492.25,Annulé,Euronext,OPE004
TRX000664,PF00089,INST008,2026-05-17,Arbitrage Entrant,218.68,89.0534,19474.2,76.04,19550.24,EUR,1.0,19550.24,Exécuté,SIX,OPE002
TRX000665,PF00130,INST004,2026-04-14,Frais,454.63,176.185,80098.99,273.01,79825.98,EUR,1.0,79825.98,Exécuté,Xetra,OPE004
TRX000666,PF00107,INST014,2025-02-04,Arbitrage Entrant,326.6,186.5252,60919.13,176.01,61095.14,USD,1.0244,62585.86,Exécuté,Euronext,OPE004
TRX000667,PF00034,INST003,2023-09-21,Vente,79.0,251.171,19842.51,82.82,19925.33,EUR,1.0,19925.33,Exécuté,NYSE,OPE002
TRX000668,PF00143,INST001,2024-02-13,Achat,180.03,137.7959,24807.4,91.98,24715.42,USD,1.0656,26336.75,En attente,Euronext,OPE001
TRX000669,PF00087,INST007,2024-03-31,Achat,309.16,69.1371,21374.43,40.53,21333.9,EUR,1.0,21333.9,Exécuté,Xetra,OPE001
TRX000670,PF00143,INST005,2026-03-28,Vente,426.85,438.1109,187007.64,639.03,187646.67,EUR,1.0,187646.67,Exécuté,SIX,OPE004
TRX000671,PF00029,INST002,2025-02-25,Arbitrage Sortant,305.68,393.2566,120210.68,575.75,120786.43,EUR,1.0,120786.43,En attente,Euronext,OPE002
TRX000672,PF00031,INST014,2024-06-09,Vente,455.58,86.9459,39610.81,85.9,39696.71,EUR,1.0,39696.71,En attente,SIX,OPE001
TRX000673,PF00040,INST011,2025-09-17,Dividende,167.97,77.5085,13019.1,57.21,13076.31,EUR,1.0,13076.31,Annulé,Euronext,OPE002
TRX000674,PF00122,INST006,2026-04-18,Dividende,253.01,51.7646,13096.96,32.61,13129.57,EUR,1.0,13129.57,Exécuté,NYSE,OPE002
TRX000675,PF00136,INST007,2024-10-16,Arbitrage Sortant,114.86,402.8667,46273.27,122.79,46396.06,EUR,1.0,46396.06,Annulé,OTC,OPE003
TRX000676,PF00008,INST008,2023-06-26,Vente,385.31,361.6366,139342.2,427.7,139769.9,EUR,1.0,139769.9,Exécuté,Xetra,OPE003
TRX000677,PF00103,INST013,2025-10-01,Vente,217.6,202.7005,44107.63,50.65,44158.28,USD,1.0805,47713.02,Exécuté,OTC,OPE003
TRX000678,PF00108,INST007,2023-09-19,Arbitrage Entrant,350.69,438.0377,153615.44,596.98,154212.42,EUR,1.0,154212.42,Exécuté,Euronext,OPE003
TRX000679,PF00136,INST010,2024-11-24,Vente,350.45,228.6326,80124.29,145.87,80270.16,EUR,1.0,80270.16,Exécuté,SIX,OPE002
TRX000680,PF00078,INST002,2025-08-05,Achat,269.18,201.0968,54131.24,209.79,53921.45,USD,1.0041,54142.53,En attente,Xetra,OPE002
TRX000681,PF00024,INST009,2024-10-24,Frais,156.81,176.9474,27747.12,98.3,27648.82,EUR,1.0,27648.82,Exécuté,OTC,OPE005
TRX000682,PF00067,INST004,2023-12-23,Arbitrage Sortant,387.3,365.9895,141747.73,701.34,142449.07,EUR,1.0,142449.07,Exécuté,Xetra,OPE003
TRX000683,PF00130,INST006,2026-04-07,Achat,24.82,328.9716,8165.08,12.24,8152.84,EUR,1.0,8152.84,En attente,Euronext,OPE004
TRX000684,PF00087,INST004,2023-10-08,Arbitrage Sortant,373.13,294.981,110066.26,424.7,110490.96,USD,0.9701,107187.28,Exécuté,OTC,OPE002
TRX000685,PF00097,INST009,2024-04-12,Arbitrage Entrant,124.57,170.645,21257.25,70.78,21328.03,EUR,1.0,21328.03,Annulé,Euronext,OPE002
TRX000686,PF00109,INST014,2025-04-25,Coupon,41.89,40.4749,1695.49,7.72,1703.21,EUR,1.0,1703.21,Exécuté,SIX,OPE001
TRX000687,PF00095,INST011,2026-01-25,Frais,201.97,283.8945,57338.17,235.96,57102.21,EUR,1.0,57102.21,En attente,SIX,OPE004
TRX000688,PF00113,INST012,2023-08-14,Coupon,366.13,214.292,78458.73,129.56,78588.29,USD,0.997,78352.53,Annulé,NYSE,OPE005
TRX000689,PF00136,INST002,2023-07-02,Arbitrage Entrant,107.11,241.9442,25914.64,103.3,26017.94,EUR,1.0,26017.94,Exécuté,OTC,OPE004
TRX000690,PF00029,INST002,2025-08-21,Dividende,286.31,29.7382,8514.34,13.74,8528.08,EUR,1.0,8528.08,Exécuté,Xetra,OPE003
TRX000691,PF00076,INST008,2024-06-19,Achat,395.81,79.6485,31525.67,105.88,31419.79,EUR,1.0,31419.79,Exécuté,Xetra,OPE002
TRX000692,PF00047,INST014,2025-07-01,Arbitrage Entrant,244.91,69.9407,17129.18,41.02,17170.2,EUR,1.0,17170.2,Annulé,SIX,OPE005
TRX000693,PF00080,INST010,2023-07-04,Coupon,450.24,392.8612,176881.83,513.12,177394.95,USD,1.0524,186690.45,En attente,SIX,OPE004
TRX000694,PF00115,INST003,2024-03-19,Arbitrage Sortant,364.2,53.7643,19580.96,68.52,19649.48,EUR,1.0,19649.48,Annulé,NYSE,OPE004
TRX000695,PF00087,INST009,2023-09-28,Achat,479.08,446.1212,213727.74,842.87,212884.87,EUR,1.0,212884.87,Exécuté,Euronext,OPE005
TRX000696,PF00080,INST009,2023-08-13,Arbitrage Entrant,62.77,284.0829,17831.88,31.56,17863.44,EUR,1.0,17863.44,En attente,OTC,OPE002
TRX000697,PF00122,INST009,2023-07-07,Achat,61.02,468.7291,28601.85,49.17,28552.68,EUR,1.0,28552.68,Exécuté,NYSE,OPE002
TRX000698,PF00149,INST008,2024-09-08,Achat,403.65,307.3589,124065.42,323.46,123741.96,EUR,1.0,123741.96,Annulé,Euronext,OPE003
TRX000699,PF00112,INST003,2024-08-07,Coupon,13.0,268.6719,3492.73,8.83,3501.56,EUR,1.0,3501.56,Exécuté,Euronext,OPE005
TRX000700,PF00044,INST005,2024-03-15,Vente,92.15,386.4693,35613.15,57.58,35670.73,EUR,1.0,35670.73,Exécuté,Euronext,OPE005
TRX000701,PF00084,INST003,2023-08-10,Achat,356.94,156.0319,55694.03,77.69,55616.34,USD,0.9826,54648.62,Exécuté,Xetra,OPE004
TRX000702,PF00031,INST001,2026-02-22,Vente,120.57,302.5323,36476.32,70.98,36547.3,EUR,1.0,36547.3,Exécuté,Xetra,OPE001
TRX000703,PF00082,INST008,2024-08-15,Frais,204.13,247.244,50469.92,132.73,50337.19,USD,1.0827,54500.08,Exécuté,Xetra,OPE005
TRX000704,PF00026,INST004,2025-11-30,Arbitrage Sortant,277.8,394.755,109662.94,243.28,109906.22,EUR,1.0,109906.22,Annulé,Euronext,OPE005
TRX000705,PF00053,INST013,2024-03-03,Vente,187.28,492.8013,92291.83,380.99,92672.82,EUR,1.0,92672.82,En attente,SIX,OPE001
TRX000706,PF00001,INST014,2023-08-14,Coupon,480.6,314.1577,150984.19,545.39,151529.58,USD,0.9001,136391.77,Annulé,Xetra,OPE005
TRX000707,PF00065,INST014,2026-02-07,Arbitrage Entrant,190.7,182.1948,34744.55,122.61,34867.16,EUR,1.0,34867.16,Exécuté,NYSE,OPE005
TRX000708,PF00145,INST002,2023-10-03,Dividende,45.77,352.2304,16121.59,69.68,16191.27,EUR,1.0,16191.27,Annulé,NYSE,OPE005
TRX000709,PF00130,INST013,2025-06-08,Dividende,442.08,473.2501,209214.4,740.76,209955.16,EUR,1.0,209955.16,Exécuté,NYSE,OPE003
TRX000710,PF00088,INST004,2023-09-07,Coupon,479.54,170.944,81974.49,381.68,82356.17,USD,1.0293,84769.21,Exécuté,OTC,OPE004
TRX000711,PF00002,INST015,2023-07-20,Achat,336.68,212.4499,71527.63,327.67,71199.96,EUR,1.0,71199.96,Annulé,OTC,OPE001
TRX000712,PF00020,INST009,2025-11-16,Achat,446.39,409.8677,182960.84,508.76,182452.08,EUR,1.0,182452.08,Exécuté,SIX,OPE005
TRX000713,PF00092,INST007,2025-08-30,Vente,419.73,407.8162,171172.69,844.77,172017.46,EUR,1.0,172017.46,Annulé,Xetra,OPE002
TRX000714,PF00114,INST001,2025-01-12,Vente,371.83,381.6263,141900.11,528.18,142428.29,EUR,1.0,142428.29,Exécuté,Euronext,OPE005
TRX000715,PF00078,INST013,2025-04-08,Arbitrage Entrant,111.35,490.2584,54590.27,265.81,54856.08,EUR,1.0,54856.08,Exécuté,SIX,OPE005
TRX000716,PF00054,INST001,2024-01-03,Vente,492.15,322.8337,158882.61,229.39,159112.0,EUR,1.0,159112.0,En attente,OTC,OPE004
TRX000717,PF00044,INST009,2024-05-11,Vente,330.26,287.1965,94849.52,353.74,95203.26,USD,0.9131,86930.1,Exécuté,Euronext,OPE002
TRX000718,PF00067,INST015,2024-03-16,Frais,427.88,441.6915,188990.96,740.01,188250.95,EUR,1.0,188250.95,Exécuté,Euronext,OPE005
TRX000719,PF00065,INST011,2025-10-14,Frais,441.67,10.9579,4839.78,13.11,4826.67,EUR,1.0,4826.67,Exécuté,SIX,OPE004
TRX000720,PF00071,INST002,2025-08-17,Arbitrage Entrant,259.63,252.8316,65642.67,201.46,65844.13,EUR,1.0,65844.13,Exécuté,Euronext,OPE003
TRX000721,PF00108,INST009,2025-09-01,Coupon,158.8,202.0109,32079.33,75.03,32154.36,EUR,1.0,32154.36,Exécuté,SIX,OPE001
TRX000722,PF00064,INST004,2023-07-18,Vente,165.28,40.7936,6742.37,23.61,6765.98,EUR,1.0,6765.98,Annulé,SIX,OPE001
TRX000723,PF00086,INST014,2025-10-08,Dividende,124.33,242.0525,30094.39,145.51,30239.9,EUR,1.0,30239.9,Exécuté,OTC,OPE002
TRX000724,PF00019,INST013,2023-07-12,Frais,310.16,384.4083,119228.08,417.46,118810.62,EUR,1.0,118810.62,Exécuté,Euronext,OPE001
TRX000725,PF00097,INST006,2026-04-26,Arbitrage Sortant,346.99,393.4967,136539.42,170.4,136709.82,EUR,1.0,136709.82,Exécuté,Xetra,OPE005
TRX000726,PF00111,INST002,2023-11-28,Achat,339.1,284.0364,96316.74,209.94,96106.8,EUR,1.0,96106.8,Annulé,Euronext,OPE005
TRX000727,PF00106,INST004,2024-05-15,Arbitrage Sortant,300.19,333.2648,100042.76,104.29,100147.05,EUR,1.0,100147.05,Annulé,SIX,OPE005
TRX000728,PF00026,INST006,2024-06-06,Arbitrage Entrant,468.85,393.6353,184555.91,519.77,185075.68,EUR,1.0,185075.68,En attente,NYSE,OPE001
TRX000729,PF00027,INST001,2024-02-14,Frais,356.94,300.5144,107265.61,468.01,106797.6,USD,1.0275,109734.53,Exécuté,Xetra,OPE004
TRX000730,PF00124,INST012,2025-09-07,Frais,222.87,129.1447,28782.48,120.54,28661.94,EUR,1.0,28661.94,Exécuté,Xetra,OPE005
TRX000731,PF00112,INST009,2026-01-12,Arbitrage Entrant,377.43,162.4822,61325.66,278.47,61604.13,USD,0.9295,57261.04,Exécuté,OTC,OPE003
TRX000732,PF00075,INST006,2024-09-08,Achat,259.32,332.2616,86162.08,136.0,86026.08,USD,1.0014,86146.52,En attente,Euronext,OPE004
TRX000733,PF00089,INST004,2025-05-30,Vente,320.64,108.618,34827.28,44.36,34871.64,USD,1.0336,36043.33,Annulé,OTC,OPE003
TRX000734,PF00149,INST010,2023-06-21,Dividende,308.44,215.1607,66364.17,109.44,66473.61,EUR,1.0,66473.61,Exécuté,SIX,OPE002
TRX000735,PF00001,INST011,2025-04-14,Vente,346.92,238.603,82776.15,153.35,82929.5,EUR,1.0,82929.5,Exécuté,SIX,OPE002
TRX000736,PF00103,INST003,2023-07-06,Arbitrage Sortant,494.95,187.7804,92941.91,120.35,93062.26,EUR,1.0,93062.26,En attente,Euronext,OPE002
TRX000737,PF00075,INST008,2023-12-20,Vente,316.04,457.2273,144502.12,352.53,144854.65,EUR,1.0,144854.65,Exécuté,NYSE,OPE003
TRX000738,PF00045,INST004,2026-02-11,Dividende,359.7,176.5106,63490.86,204.31,63695.17,USD,0.9392,59822.5,Exécuté,Xetra,OPE001
TRX000739,PF00006,INST014,2023-06-06,Arbitrage Entrant,69.48,330.8859,22989.95,104.38,23094.33,EUR,1.0,23094.33,Exécuté,Xetra,OPE004
TRX000740,PF00062,INST006,2024-02-24,Arbitrage Sortant,186.8,93.9663,17552.9,54.55,17607.45,EUR,1.0,17607.45,Exécuté,Euronext,OPE002
TRX000741,PF00034,INST013,2023-07-26,Vente,96.65,195.3158,18877.27,47.14,18924.41,EUR,1.0,18924.41,Exécuté,Euronext,OPE005
TRX000742,PF00049,INST014,2024-12-10,Frais,147.8,82.7978,12237.51,24.34,12213.17,EUR,1.0,12213.17,Exécuté,OTC,OPE005
TRX000743,PF00126,INST004,2025-08-12,Arbitrage Entrant,41.62,240.627,10014.9,36.59,10051.49,EUR,1.0,10051.49,Exécuté,OTC,OPE004
TRX000744,PF00131,INST006,2024-10-23,Coupon,259.93,97.7093,25397.58,97.78,25495.36,EUR,1.0,25495.36,Annulé,SIX,OPE003
TRX000745,PF00149,INST007,2025-05-21,Arbitrage Entrant,460.67,296.1515,136428.11,156.4,136584.51,USD,1.079,147374.69,Annulé,NYSE,OPE004
TRX000746,PF00056,INST005,2025-10-19,Coupon,444.47,289.9715,128883.63,611.17,129494.8,EUR,1.0,129494.8,Exécuté,OTC,OPE001
TRX000747,PF00035,INST013,2024-01-25,Achat,148.23,264.2222,39165.66,75.23,39090.43,EUR,1.0,39090.43,Annulé,OTC,OPE005
TRX000748,PF00087,INST007,2025-08-05,Coupon,234.31,210.3869,49295.75,207.93,49503.68,EUR,1.0,49503.68,Exécuté,SIX,OPE001
TRX000749,PF00046,INST008,2025-02-10,Vente,133.55,47.1853,6301.6,29.02,6330.62,EUR,1.0,6330.62,En attente,OTC,OPE005
TRX000750,PF00021,INST013,2024-05-21,Dividende,463.38,58.2205,26978.22,34.68,27012.9,EUR,1.0,27012.9,En attente,NYSE,OPE003
TRX000751,PF00051,INST011,2025-04-04,Dividende,125.76,375.1536,47179.32,192.21,47371.53,EUR,1.0,47371.53,Exécuté,OTC,OPE002
TRX000752,PF00140,INST015,2024-08-16,Dividende,5.26,156.7423,824.46,3.54,828.0,EUR,1.0,828.0,Annulé,OTC,OPE001
TRX000753,PF00121,INST011,2023-08-05,Frais,494.65,476.2295,235566.92,1051.07,234515.85,USD,0.9454,221711.28,Exécuté,SIX,OPE002
TRX000754,PF00133,INST010,2025-04-21,Arbitrage Sortant,276.76,239.6818,66334.33,282.42,66616.75,EUR,1.0,66616.75,Exécuté,Xetra,OPE002
TRX000755,PF00110,INST013,2025-06-14,Arbitrage Entrant,209.43,224.9536,47112.03,207.85,47319.88,EUR,1.0,47319.88,Exécuté,NYSE,OPE005
TRX000756,PF00033,INST005,2025-12-24,Arbitrage Entrant,5.83,407.0967,2373.37,10.29,2383.66,EUR,1.0,2383.66,Exécuté,SIX,OPE004
TRX000757,PF00104,INST013,2025-06-11,Arbitrage Sortant,345.57,156.8222,54193.05,181.43,54374.48,EUR,1.0,54374.48,Exécuté,NYSE,OPE003
TRX000758,PF00146,INST011,2025-03-31,Arbitrage Sortant,301.9,307.8403,92936.99,415.22,93352.21,EUR,1.0,93352.21,Exécuté,SIX,OPE001
TRX000759,PF00137,INST007,2025-06-17,Vente,237.91,171.1323,40714.09,197.37,40911.46,EUR,1.0,40911.46,Exécuté,NYSE,OPE001
TRX000760,PF00142,INST003,2023-05-22,Achat,413.41,305.6483,126358.06,139.92,126218.14,USD,0.9139,115350.76,Annulé,Xetra,OPE002
TRX000761,PF00060,INST005,2025-03-04,Arbitrage Entrant,262.67,232.7852,61145.69,151.31,61297.0,EUR,1.0,61297.0,Exécuté,Xetra,OPE004
TRX000762,PF00101,INST003,2024-12-28,Achat,65.44,215.0225,14071.07,55.9,14015.17,EUR,1.0,14015.17,Exécuté,NYSE,OPE002
TRX000763,PF00080,INST007,2023-12-04,Arbitrage Sortant,355.13,242.6422,86169.52,294.25,86463.77,EUR,1.0,86463.77,En attente,NYSE,OPE005
TRX000764,PF00118,INST005,2024-09-01,Vente,4.71,79.9191,376.42,0.47,376.89,EUR,1.0,376.89,En attente,NYSE,OPE005
TRX000765,PF00085,INST015,2025-08-11,Frais,439.74,235.5002,103558.86,342.21,103216.65,EUR,1.0,103216.65,Exécuté,SIX,OPE003
TRX000766,PF00077,INST007,2023-06-16,Frais,411.89,426.4235,175639.58,467.24,175172.34,USD,1.08,189186.13,Annulé,SIX,OPE004
TRX000767,PF00047,INST012,2023-07-20,Frais,48.67,352.3359,17148.19,20.14,17128.05,USD,0.9548,16353.86,En attente,Xetra,OPE001
TRX000768,PF00056,INST015,2025-08-26,Coupon,206.23,383.3118,79050.39,117.38,79167.77,EUR,1.0,79167.77,Exécuté,Euronext,OPE005
TRX000769,PF00084,INST007,2024-09-26,Coupon,83.25,111.6123,9291.72,10.95,9302.67,EUR,1.0,9302.67,Exécuté,SIX,OPE004
TRX000770,PF00088,INST012,2025-12-18,Coupon,428.03,204.3704,87476.66,91.23,87567.89,EUR,1.0,87567.89,Exécuté,Xetra,OPE004
TRX000771,PF00125,INST008,2024-01-27,Achat,42.19,331.9411,14004.6,53.98,13950.62,EUR,1.0,13950.62,Exécuté,SIX,OPE003
TRX000772,PF00042,INST003,2025-08-21,Arbitrage Sortant,10.01,59.2524,593.12,1.29,594.41,EUR,1.0,594.41,Exécuté,Euronext,OPE001
TRX000773,PF00070,INST003,2025-05-07,Coupon,179.69,116.1695,20874.5,23.75,20898.25,USD,0.9884,20655.83,Exécuté,OTC,OPE001
TRX000774,PF00100,INST012,2025-11-12,Dividende,222.55,303.1206,67459.49,80.59,67540.08,EUR,1.0,67540.08,Exécuté,NYSE,OPE003
TRX000775,PF00062,INST004,2023-08-01,Achat,9.0,23.6926,213.23,0.23,213.0,USD,1.036,220.67,Exécuté,NYSE,OPE001
TRX000776,PF00043,INST012,2025-02-17,Vente,22.96,261.125,5995.43,25.56,6020.99,EUR,1.0,6020.99,En attente,NYSE,OPE005
TRX000777,PF00054,INST015,2025-05-30,Frais,198.14,219.6613,43523.69,83.98,43439.71,EUR,1.0,43439.71,Exécuté,Xetra,OPE002
TRX000778,PF00004,INST007,2025-09-08,Arbitrage Entrant,158.8,200.7015,31871.4,90.36,31961.76,EUR,1.0,31961.76,Exécuté,OTC,OPE003
TRX000779,PF00012,INST002,2024-05-04,Vente,206.14,386.0971,79590.06,238.64,79828.7,EUR,1.0,79828.7,En attente,OTC,OPE002
TRX000780,PF00065,INST002,2024-07-24,Frais,162.85,319.1282,51970.03,132.75,51837.28,USD,0.9664,50095.55,Exécuté,SIX,OPE001
TRX000781,PF00086,INST001,2024-03-12,Frais,456.14,229.9667,104897.01,319.32,104577.69,USD,1.0007,104650.89,Exécuté,NYSE,OPE001
TRX000782,PF00032,INST005,2025-08-22,Vente,369.22,381.0504,140691.43,489.47,141180.9,EUR,1.0,141180.9,Exécuté,Xetra,OPE004
TRX000783,PF00076,INST004,2024-11-06,Vente,188.5,324.5991,61186.93,119.45,61306.38,EUR,1.0,61306.38,Exécuté,NYSE,OPE003
TRX000784,PF00082,INST011,2024-07-04,Arbitrage Sortant,380.49,265.2277,100916.49,495.53,101412.02,EUR,1.0,101412.02,Exécuté,NYSE,OPE003
TRX000785,PF00088,INST004,2024-06-26,Vente,270.12,454.2497,122701.93,449.09,123151.02,USD,1.0603,130577.03,Exécuté,OTC,OPE004
TRX000786,PF00134,INST006,2024-03-05,Vente,221.74,12.9609,2873.95,12.87,2886.82,EUR,1.0,2886.82,Exécuté,Euronext,OPE002
TRX000787,PF00053,INST003,2024-06-25,Achat,87.66,278.9351,24451.45,102.23,24349.22,USD,0.9473,23066.02,Exécuté,SIX,OPE004
TRX000788,PF00080,INST003,2023-06-24,Arbitrage Entrant,99.57,217.7682,21683.18,74.23,21757.41,EUR,1.0,21757.41,Exécuté,OTC,OPE004
TRX000789,PF00052,INST005,2024-12-09,Arbitrage Sortant,390.86,49.2078,19233.36,94.06,19327.42,EUR,1.0,19327.42,Annulé,NYSE,OPE004
TRX000790,PF00113,INST007,2026-04-24,Frais,305.09,222.3809,67846.19,110.15,67736.04,EUR,1.0,67736.04,Exécuté,SIX,OPE004
TRX000791,PF00022,INST013,2025-12-24,Dividende,298.0,84.8714,25291.68,98.8,25390.48,EUR,1.0,25390.48,Annulé,SIX,OPE003
TRX000792,PF00117,INST005,2024-02-25,Coupon,281.51,245.6137,69142.71,161.31,69304.02,EUR,1.0,69304.02,Exécuté,NYSE,OPE002
TRX000793,PF00002,INST001,2025-12-09,Arbitrage Sortant,250.85,365.4192,91665.41,271.86,91937.27,EUR,1.0,91937.27,Annulé,Xetra,OPE004
TRX000794,PF00126,INST005,2024-07-06,Arbitrage Entrant,493.77,44.9048,22172.64,100.66,22273.3,EUR,1.0,22273.3,Annulé,OTC,OPE002
TRX000795,PF00050,INST013,2025-04-01,Coupon,478.59,387.9225,185655.83,743.79,186399.62,EUR,1.0,186399.62,En attente,SIX,OPE003
TRX000796,PF00015,INST011,2024-01-01,Coupon,463.33,370.4755,171652.41,338.05,171990.46,EUR,1.0,171990.46,Exécuté,Euronext,OPE002
TRX000797,PF00067,INST010,2024-05-15,Coupon,472.19,82.21,38818.74,77.24,38895.98,USD,0.9025,35103.62,Exécuté,SIX,OPE004
TRX000798,PF00021,INST009,2024-12-13,Vente,438.13,91.2536,39980.94,108.25,40089.19,EUR,1.0,40089.19,En attente,OTC,OPE004
TRX000799,PF00079,INST012,2025-01-03,Coupon,376.48,462.9171,174279.03,780.36,175059.39,EUR,1.0,175059.39,En attente,Xetra,OPE002
TRX000800,PF00069,INST012,2026-03-29,Vente,465.08,205.0054,95343.91,212.85,95556.76,USD,1.0633,101605.5,Exécuté,Euronext,OPE001
TRX000801,PF00107,INST009,2024-01-02,Coupon,327.61,369.1907,120950.57,203.5,121154.07,EUR,1.0,121154.07,Exécuté,NYSE,OPE002
TRX000802,PF00125,INST003,2024-03-31,Frais,474.29,230.8238,109477.42,466.1,109011.32,USD,0.9402,102492.44,Exécuté,NYSE,OPE003
TRX000803,PF00105,INST008,2023-09-10,Arbitrage Entrant,456.57,63.5058,28994.84,102.81,29097.65,EUR,1.0,29097.65,Exécuté,Euronext,OPE004
TRX000804,PF00032,INST005,2024-12-21,Achat,171.73,296.9667,50998.09,148.49,50849.6,EUR,1.0,50849.6,Exécuté,Euronext,OPE003
TRX000805,PF00002,INST011,2023-06-30,Frais,394.81,30.5111,12046.09,22.22,12023.87,EUR,1.0,12023.87,Annulé,OTC,OPE005
TRX000806,PF00069,INST015,2024-04-05,Coupon,237.14,175.1447,41533.81,112.88,41646.69,EUR,1.0,41646.69,Exécuté,Xetra,OPE002
TRX000807,PF00093,INST011,2025-08-03,Coupon,189.84,38.0484,7223.11,17.51,7240.62,EUR,1.0,7240.62,Exécuté,Euronext,OPE004
TRX000808,PF00103,INST012,2023-06-07,Arbitrage Sortant,444.1,78.0429,34658.85,118.1,34776.95,EUR,1.0,34776.95,Exécuté,Xetra,OPE004
TRX000809,PF00122,INST009,2024-08-11,Coupon,330.45,11.5333,3811.18,13.54,3824.72,EUR,1.0,3824.72,Exécuté,Xetra,OPE001
TRX000810,PF00084,INST011,2025-02-06,Coupon,117.55,247.4227,29084.54,115.08,29199.62,EUR,1.0,29199.62,Exécuté,SIX,OPE004
TRX000811,PF00026,INST012,2023-08-10,Coupon,147.64,105.5877,15588.97,24.52,15613.49,EUR,1.0,15613.49,Exécuté,SIX,OPE001
TRX000812,PF00078,INST014,2025-03-16,Arbitrage Entrant,498.16,493.7376,245960.32,705.22,246665.54,EUR,1.0,246665.54,Exécuté,SIX,OPE005
TRX000813,PF00062,INST004,2023-07-28,Vente,86.05,472.6628,40672.63,154.54,40827.17,EUR,1.0,40827.17,Annulé,Euronext,OPE002
TRX000814,PF00084,INST015,2025-02-18,Coupon,383.39,117.9843,45234.0,91.85,45325.85,EUR,1.0,45325.85,Exécuté,NYSE,OPE005
TRX000815,PF00126,INST002,2025-05-30,Arbitrage Sortant,346.2,437.2509,151376.26,715.57,152091.83,EUR,1.0,152091.83,Exécuté,SIX,OPE004
TRX000816,PF00144,INST014,2026-01-18,Coupon,404.42,119.5399,48344.33,70.72,48415.05,EUR,1.0,48415.05,Exécuté,Euronext,OPE003
TRX000817,PF00049,INST012,2025-01-15,Achat,286.85,72.4346,20777.87,46.82,20731.05,EUR,1.0,20731.05,En attente,Euronext,OPE003
TRX000818,PF00016,INST010,2026-04-10,Frais,95.74,200.1913,19166.32,51.65,19114.67,EUR,1.0,19114.67,Exécuté,OTC,OPE005
TRX000819,PF00057,INST002,2024-10-20,Coupon,5.59,427.6574,2390.6,5.41,2396.01,EUR,1.0,2396.01,Exécuté,SIX,OPE004
TRX000820,PF00038,INST010,2024-04-15,Dividende,73.79,336.0218,24795.05,104.27,24899.32,EUR,1.0,24899.32,En attente,Xetra,OPE003
TRX000821,PF00129,INST012,2024-02-15,Achat,137.45,425.3579,58465.44,192.7,58272.74,USD,0.999,58214.47,Annulé,Euronext,OPE003
TRX000822,PF00040,INST014,2025-06-14,Arbitrage Entrant,106.1,369.0025,39151.17,166.07,39317.24,EUR,1.0,39317.24,Exécuté,SIX,OPE004
TRX000823,PF00077,INST014,2025-04-02,Arbitrage Entrant,456.28,88.0047,40154.78,43.62,40198.4,EUR,1.0,40198.4,Exécuté,SIX,OPE004
TRX000824,PF00090,INST013,2024-03-05,Coupon,196.14,268.6438,52691.79,112.35,52804.14,USD,1.0402,54926.87,En attente,SIX,OPE001
TRX000825,PF00034,INST006,2024-10-22,Arbitrage Sortant,395.85,434.2692,171905.46,209.12,172114.58,EUR,1.0,172114.58,Annulé,NYSE,OPE005
TRX000826,PF00036,INST008,2025-11-29,Arbitrage Entrant,241.74,449.6369,108695.22,199.9,108895.12,USD,1.0471,114024.08,Exécuté,Xetra,OPE005
TRX000827,PF00027,INST011,2024-01-05,Arbitrage Sortant,494.25,82.3267,40689.97,195.38,40885.35,EUR,1.0,40885.35,Exécuté,Euronext,OPE001
TRX000828,PF00092,INST008,2023-11-03,Vente,472.59,67.5,31899.82,97.67,31997.49,EUR,1.0,31997.49,En attente,SIX,OPE002
TRX000829,PF00104,INST004,2023-08-09,Achat,60.28,204.356,12318.58,27.23,12291.35,USD,1.0306,12667.47,Annulé,Euronext,OPE004
TRX000830,PF00098,INST005,2023-12-05,Arbitrage Entrant,326.94,189.9883,62114.77,91.93,62206.7,EUR,1.0,62206.7,Exécuté,SIX,OPE005
TRX000831,PF00058,INST001,2026-04-25,Frais,286.92,290.589,83375.8,174.66,83201.14,EUR,1.0,83201.14,En attente,NYSE,OPE004
TRX000832,PF00124,INST011,2024-04-24,Arbitrage Entrant,217.39,289.9973,63042.51,88.12,63130.63,EUR,1.0,63130.63,En attente,NYSE,OPE004
TRX000833,PF00006,INST007,2026-01-23,Frais,408.91,393.9025,161070.67,502.6,160568.07,EUR,1.0,160568.07,En attente,OTC,OPE005
TRX000834,PF00032,INST013,2023-11-05,Arbitrage Sortant,104.52,332.7054,34774.37,51.09,34825.46,USD,0.9011,31381.22,Annulé,Xetra,OPE001
TRX000835,PF00011,INST003,2024-12-16,Frais,103.91,88.993,9247.26,30.05,9217.21,EUR,1.0,9217.21,Exécuté,Euronext,OPE005
TRX000836,PF00077,INST006,2024-05-26,Frais,86.63,488.7805,42343.05,153.82,42189.23,USD,0.9601,40505.88,En attente,Xetra,OPE005
TRX000837,PF00114,INST003,2025-10-24,Frais,245.73,163.3387,40137.22,186.36,39950.86,EUR,1.0,39950.86,En attente,OTC,OPE005
TRX000838,PF00054,INST012,2025-03-04,Achat,331.65,31.9204,10586.4,12.14,10574.26,USD,0.9599,10150.23,Exécuté,NYSE,OPE005
TRX000839,PF00142,INST004,2025-02-11,Frais,180.17,72.9611,13145.4,45.87,13099.53,EUR,1.0,13099.53,En attente,Xetra,OPE003
TRX000840,PF00098,INST011,2026-02-05,Vente,200.63,50.7945,10190.9,20.55,10211.45,EUR,1.0,10211.45,Exécuté,OTC,OPE002
TRX000841,PF00019,INST011,2024-07-19,Arbitrage Entrant,135.43,320.2287,43368.57,155.36,43523.93,EUR,1.0,43523.93,En attente,OTC,OPE005
TRX000842,PF00042,INST007,2025-01-24,Arbitrage Sortant,77.59,496.3,38507.92,105.3,38613.22,EUR,1.0,38613.22,En attente,NYSE,OPE001
TRX000843,PF00070,INST002,2024-09-05,Frais,55.89,278.7007,15576.58,19.69,15556.89,EUR,1.0,15556.89,Exécuté,Xetra,OPE003
TRX000844,PF00038,INST014,2025-03-13,Arbitrage Sortant,113.66,14.833,1685.92,4.23,1690.15,USD,0.9757,1649.08,Exécuté,Euronext,OPE002
TRX000845,PF00135,INST012,2024-12-06,Dividende,294.82,405.3311,119499.71,165.17,119664.88,EUR,1.0,119664.88,En attente,Xetra,OPE005
TRX000846,PF00070,INST010,2024-01-18,Achat,448.39,93.6662,41998.99,201.01,41797.98,EUR,1.0,41797.98,Exécuté,Xetra,OPE005
TRX000847,PF00142,INST010,2025-09-25,Arbitrage Sortant,201.92,300.232,60622.85,123.44,60746.29,USD,1.0315,62659.8,Exécuté,SIX,OPE005
TRX000848,PF00069,INST001,2025-02-12,Arbitrage Entrant,319.96,191.3738,61231.96,251.67,61483.63,EUR,1.0,61483.63,Annulé,NYSE,OPE004
TRX000849,PF00091,INST013,2025-06-14,Coupon,251.61,145.1533,36522.02,99.01,36621.03,USD,0.961,35192.81,Exécuté,Xetra,OPE004
TRX000850,PF00081,INST014,2025-01-22,Achat,317.7,47.5797,15116.07,29.63,15086.44,EUR,1.0,15086.44,Exécuté,OTC,OPE001
TRX000851,PF00022,INST012,2023-11-18,Dividende,277.53,251.4968,69797.91,313.91,70111.82,EUR,1.0,70111.82,En attente,NYSE,OPE004
TRX000852,PF00128,INST009,2024-09-15,Arbitrage Entrant,498.98,445.1595,222125.69,842.2,222967.89,EUR,1.0,222967.89,Exécuté,OTC,OPE002
TRX000853,PF00002,INST012,2025-03-19,Coupon,351.59,377.3373,132668.02,262.27,132930.29,EUR,1.0,132930.29,En attente,SIX,OPE002
TRX000854,PF00135,INST015,2025-11-02,Vente,88.23,189.855,16750.91,25.68,16776.59,EUR,1.0,16776.59,Exécuté,SIX,OPE004
TRX000855,PF00098,INST003,2024-05-05,Dividende,484.89,175.5997,85146.54,316.43,85462.97,EUR,1.0,85462.97,Exécuté,Xetra,OPE004
TRX000856,PF00076,INST005,2024-09-27,Vente,2.11,319.2765,673.67,1.73,675.4,EUR,1.0,675.4,En attente,Euronext,OPE004
TRX000857,PF00125,INST001,2024-07-16,Dividende,3.94,235.5734,928.16,2.04,930.2,EUR,1.0,930.2,Exécuté,Xetra,OPE002
TRX000858,PF00103,INST006,2025-03-01,Achat,51.57,251.1026,12949.36,17.34,12932.02,USD,0.9821,12700.54,Annulé,Euronext,OPE002
TRX000859,PF00065,INST004,2025-10-10,Coupon,198.28,156.6496,31060.48,84.28,31144.76,USD,1.0073,31372.12,Exécuté,Euronext,OPE004
TRX000860,PF00113,INST003,2023-10-22,Vente,177.52,222.6405,39523.14,96.32,39619.46,USD,0.9221,36533.1,Exécuté,Euronext,OPE002
TRX000861,PF00102,INST007,2023-05-22,Arbitrage Entrant,166.28,25.4872,4238.01,15.53,4253.54,EUR,1.0,4253.54,Exécuté,Euronext,OPE004
TRX000862,PF00126,INST009,2025-06-23,Coupon,400.11,360.0173,144046.52,331.24,144377.76,EUR,1.0,144377.76,En attente,SIX,OPE002
TRX000863,PF00029,INST002,2026-03-22,Arbitrage Sortant,11.55,86.2156,995.79,2.99,998.78,USD,0.9104,909.29,Exécuté,SIX,OPE005
TRX000864,PF00003,INST007,2023-10-16,Coupon,145.44,248.1053,36084.43,145.91,36230.34,USD,1.0235,37081.75,En attente,NYSE,OPE002
TRX000865,PF00072,INST013,2024-02-08,Achat,432.22,497.186,214893.73,427.51,214466.22,EUR,1.0,214466.22,Exécuté,SIX,OPE001
TRX000866,PF00129,INST010,2025-04-14,Vente,95.15,428.8872,40808.62,143.47,40952.09,USD,0.9459,38736.58,Exécuté,SIX,OPE001
TRX000867,PF00071,INST004,2024-01-04,Vente,213.73,312.069,66698.51,90.96,66789.47,EUR,1.0,66789.47,Annulé,SIX,OPE005
TRX000868,PF00079,INST012,2024-08-02,Arbitrage Entrant,490.08,118.6699,58157.74,157.28,58315.02,EUR,1.0,58315.02,En attente,SIX,OPE001
TRX000869,PF00078,INST002,2023-07-14,Dividende,182.42,472.0694,86114.9,331.23,86446.13,USD,0.964,83334.07,Exécuté,NYSE,OPE001
TRX000870,PF00001,INST001,2025-12-03,Arbitrage Entrant,372.63,113.869,42431.01,122.55,42553.56,EUR,1.0,42553.56,Annulé,NYSE,OPE003
TRX000871,PF00126,INST006,2026-01-08,Dividende,152.87,57.4747,8786.16,9.27,8795.43,USD,0.9662,8498.14,Exécuté,OTC,OPE005
TRX000872,PF00096,INST004,2023-11-29,Arbitrage Entrant,138.7,296.3203,41099.63,55.44,41155.07,EUR,1.0,41155.07,Exécuté,OTC,OPE001
TRX000873,PF00011,INST010,2024-09-02,Arbitrage Entrant,408.89,104.5345,42743.11,118.96,42862.07,EUR,1.0,42862.07,Exécuté,OTC,OPE005
TRX000874,PF00088,INST005,2024-10-05,Arbitrage Entrant,237.63,382.8841,90984.75,285.17,91269.92,USD,0.9088,82946.1,Exécuté,SIX,OPE005
TRX000875,PF00065,INST015,2026-03-22,Arbitrage Sortant,426.87,454.3393,193943.82,950.42,194894.24,EUR,1.0,194894.24,Annulé,Euronext,OPE004
TRX000876,PF00018,INST008,2023-09-13,Coupon,262.36,476.6977,125066.41,520.72,125587.13,USD,1.0198,128073.76,Exécuté,Xetra,OPE001
TRX000877,PF00145,INST001,2023-08-22,Arbitrage Sortant,486.26,103.1935,50178.87,213.67,50392.54,EUR,1.0,50392.54,En attente,OTC,OPE001
TRX000878,PF00043,INST008,2024-05-21,Arbitrage Sortant,255.13,285.6243,72871.33,186.62,73057.95,EUR,1.0,73057.95,Exécuté,NYSE,OPE001
TRX000879,PF00041,INST010,2025-07-31,Vente,296.46,14.342,4251.83,20.05,4271.88,EUR,1.0,4271.88,En attente,OTC,OPE003
TRX000880,PF00078,INST014,2023-08-28,Vente,148.89,141.5722,21078.68,31.12,21109.8,USD,0.9091,19190.92,Exécuté,Xetra,OPE001
TRX000881,PF00038,INST015,2025-12-05,Dividende,463.7,142.5131,66083.32,275.07,66358.39,USD,1.0979,72854.88,Exécuté,OTC,OPE001
TRX000882,PF00001,INST011,2024-04-13,Dividende,316.71,486.3871,154043.66,354.03,154397.69,EUR,1.0,154397.69,Exécuté,SIX,OPE005
TRX000883,PF00076,INST006,2025-09-23,Achat,313.35,15.1,4731.59,11.46,4720.13,EUR,1.0,4720.13,Exécuté,Xetra,OPE001
TRX000884,PF00138,INST011,2024-02-03,Arbitrage Sortant,389.31,392.4515,152785.29,217.84,153003.13,EUR,1.0,153003.13,Exécuté,OTC,OPE005
TRX000885,PF00053,INST014,2023-09-05,Coupon,111.1,141.7088,15743.85,52.37,15796.22,EUR,1.0,15796.22,Exécuté,SIX,OPE002
TRX000886,PF00112,INST006,2026-05-04,Vente,451.18,55.9086,25224.84,43.54,25268.38,USD,1.0631,26862.81,Exécuté,NYSE,OPE005
TRX000887,PF00126,INST012,2024-02-23,Vente,324.13,20.3132,6584.12,10.87,6594.99,USD,1.0635,7013.77,En attente,NYSE,OPE001
TRX000888,PF00037,INST002,2023-10-22,Coupon,123.38,455.4742,56196.41,274.33,56470.74,EUR,1.0,56470.74,En attente,NYSE,OPE001
TRX000889,PF00026,INST007,2025-11-28,Coupon,11.34,415.0155,4706.28,19.08,4725.36,EUR,1.0,4725.36,Exécuté,NYSE,OPE001
TRX000890,PF00069,INST003,2023-07-14,Arbitrage Entrant,300.22,398.2762,119570.48,124.06,119694.54,EUR,1.0,119694.54,En attente,Xetra,OPE001
TRX000891,PF00052,INST003,2024-09-07,Coupon,380.08,447.2712,169998.84,724.51,170723.35,EUR,1.0,170723.35,Exécuté,SIX,OPE002
TRX000892,PF00063,INST001,2024-06-28,Frais,346.33,317.4681,109948.73,164.08,109784.65,EUR,1.0,109784.65,Exécuté,OTC,OPE003
TRX000893,PF00027,INST009,2025-07-14,Arbitrage Sortant,208.23,10.5931,2205.8,4.18,2209.98,USD,0.9854,2177.71,Exécuté,Xetra,OPE003
TRX000894,PF00058,INST015,2025-06-01,Arbitrage Entrant,192.99,443.2697,85546.62,367.09,85913.71,EUR,1.0,85913.71,Annulé,NYSE,OPE001
TRX000895,PF00058,INST002,2026-03-27,Dividende,179.3,311.6914,55886.27,82.34,55968.61,EUR,1.0,55968.61,Exécuté,OTC,OPE002
TRX000896,PF00046,INST007,2024-02-18,Frais,168.09,98.8691,16618.91,44.89,16574.02,EUR,1.0,16574.02,En attente,Xetra,OPE003
TRX000897,PF00027,INST005,2023-10-21,Coupon,331.2,467.1121,154707.53,656.41,155363.94,EUR,1.0,155363.94,Exécuté,NYSE,OPE002
TRX000898,PF00082,INST003,2025-05-10,Coupon,223.9,400.4569,89662.3,439.83,90102.13,EUR,1.0,90102.13,Exécuté,OTC,OPE004
TRX000899,PF00072,INST003,2023-12-08,Achat,162.2,72.4925,11758.28,47.86,11710.42,EUR,1.0,11710.42,Exécuté,SIX,OPE004
TRX000900,PF00124,INST012,2024-05-27,Coupon,301.27,321.9361,96989.69,150.61,97140.3,USD,0.9766,94867.22,En attente,SIX,OPE005
TRX000901,PF00137,INST008,2023-08-02,Frais,268.57,122.7561,32968.61,44.0,32924.61,EUR,1.0,32924.61,En attente,OTC,OPE002
TRX000902,PF00023,INST004,2023-12-29,Dividende,2.43,497.0136,1207.74,1.29,1209.03,EUR,1.0,1209.03,Exécuté,Euronext,OPE001
TRX000903,PF00090,INST006,2024-03-09,Arbitrage Sortant,424.82,391.537,166332.75,259.05,166591.8,EUR,1.0,166591.8,Exécuté,OTC,OPE004
TRX000904,PF00063,INST004,2025-01-27,Arbitrage Sortant,113.07,376.0277,42517.45,62.46,42579.91,USD,0.9755,41536.7,Exécuté,SIX,OPE003
TRX000905,PF00014,INST012,2025-09-19,Achat,331.71,46.1474,15307.55,66.58,15240.97,USD,0.906,13808.32,Exécuté,NYSE,OPE001
TRX000906,PF00063,INST002,2024-08-15,Achat,285.02,408.7185,116492.95,186.26,116306.69,USD,0.994,115608.85,Exécuté,OTC,OPE003
TRX000907,PF00121,INST007,2025-08-10,Arbitrage Entrant,169.33,392.8845,66527.13,251.54,66778.67,EUR,1.0,66778.67,Exécuté,NYSE,OPE001
TRX000908,PF00009,INST010,2026-04-27,Arbitrage Sortant,87.62,88.5709,7760.58,20.07,7780.65,EUR,1.0,7780.65,Annulé,OTC,OPE003
TRX000909,PF00147,INST009,2026-03-13,Dividende,354.97,217.5984,77240.9,125.69,77366.59,EUR,1.0,77366.59,En attente,SIX,OPE002
TRX000910,PF00055,INST007,2024-12-30,Frais,28.94,202.2226,5852.32,25.11,5827.21,EUR,1.0,5827.21,Annulé,SIX,OPE003
TRX000911,PF00104,INST014,2023-12-09,Coupon,83.25,403.6362,33602.71,120.52,33723.23,USD,0.954,32171.96,Exécuté,Euronext,OPE003
TRX000912,PF00086,INST001,2023-12-11,Vente,141.82,275.3683,39052.73,49.26,39101.99,EUR,1.0,39101.99,Exécuté,NYSE,OPE005
TRX000913,PF00052,INST011,2024-02-04,Achat,120.93,51.6693,6248.37,20.5,6227.87,EUR,1.0,6227.87,En attente,SIX,OPE001
TRX000914,PF00013,INST006,2024-01-13,Achat,471.81,14.1546,6678.28,16.21,6662.07,EUR,1.0,6662.07,Annulé,OTC,OPE002
TRX000915,PF00081,INST013,2024-06-07,Coupon,363.12,487.1869,176907.31,674.13,177581.44,EUR,1.0,177581.44,Exécuté,SIX,OPE005
TRX000916,PF00026,INST009,2023-05-31,Arbitrage Sortant,387.76,21.6058,8377.87,35.06,8412.93,EUR,1.0,8412.93,En attente,Euronext,OPE003
TRX000917,PF00042,INST003,2025-01-15,Arbitrage Entrant,232.09,443.7499,102989.91,141.42,103131.33,USD,1.0769,111062.13,Exécuté,NYSE,OPE005
TRX000918,PF00133,INST012,2026-02-14,Frais,326.05,465.8113,151877.77,359.29,151518.48,USD,0.9678,146639.58,Exécuté,OTC,OPE004
TRX000919,PF00011,INST015,2025-07-03,Arbitrage Entrant,387.31,199.9408,77439.07,142.12,77581.19,EUR,1.0,77581.19,Exécuté,OTC,OPE004
TRX000920,PF00025,INST013,2026-04-07,Achat,72.17,436.5242,31503.95,100.45,31403.5,EUR,1.0,31403.5,Annulé,Euronext,OPE004
TRX000921,PF00081,INST003,2024-02-02,Dividende,81.57,147.2575,12011.79,29.47,12041.26,EUR,1.0,12041.26,Exécuté,NYSE,OPE004
TRX000922,PF00067,INST008,2026-03-12,Dividende,381.81,226.6022,86518.99,406.35,86925.34,EUR,1.0,86925.34,En attente,SIX,OPE001
TRX000923,PF00094,INST014,2024-01-21,Dividende,201.07,429.9305,86446.13,403.58,86849.71,USD,0.9882,85824.88,En attente,OTC,OPE003
TRX000924,PF00096,INST002,2024-11-28,Arbitrage Entrant,207.18,230.5452,47764.35,215.4,47979.75,EUR,1.0,47979.75,En attente,Euronext,OPE002
TRX000925,PF00144,INST001,2024-08-13,Vente,426.68,152.4237,65036.14,106.19,65142.33,EUR,1.0,65142.33,Exécuté,NYSE,OPE004
TRX000926,PF00119,INST011,2024-02-25,Achat,175.12,239.5595,41951.66,131.75,41819.91,EUR,1.0,41819.91,Exécuté,Euronext,OPE002
TRX000927,PF00028,INST015,2024-08-25,Coupon,384.34,107.7408,41409.1,95.86,41504.96,EUR,1.0,41504.96,Exécuté,OTC,OPE004
TRX000928,PF00055,INST012,2025-09-30,Arbitrage Entrant,238.63,146.4038,34936.34,40.29,34976.63,USD,1.0897,38114.03,Exécuté,NYSE,OPE003
TRX000929,PF00146,INST001,2025-05-05,Frais,387.33,40.5761,15716.34,66.55,15649.79,EUR,1.0,15649.79,Annulé,NYSE,OPE001
TRX000930,PF00055,INST014,2023-10-20,Achat,476.37,344.999,164347.17,341.74,164005.43,USD,0.9167,150343.78,Exécuté,Xetra,OPE004
TRX000931,PF00021,INST005,2024-05-15,Arbitrage Sortant,356.39,436.9317,155718.09,482.59,156200.68,EUR,1.0,156200.68,Exécuté,Euronext,OPE001
TRX000932,PF00110,INST006,2023-11-16,Arbitrage Sortant,149.16,107.3166,16007.34,76.32,16083.66,EUR,1.0,16083.66,Annulé,OTC,OPE002
TRX000933,PF00112,INST006,2025-01-05,Arbitrage Entrant,285.59,413.2777,118027.98,382.84,118410.82,USD,0.9156,108416.95,En attente,OTC,OPE002
TRX000934,PF00083,INST011,2025-03-17,Arbitrage Sortant,469.55,373.9898,175606.91,693.1,176300.01,EUR,1.0,176300.01,Exécuté,NYSE,OPE004
TRX000935,PF00038,INST008,2023-07-05,Arbitrage Sortant,158.89,398.0882,63252.23,233.77,63486.0,EUR,1.0,63486.0,En attente,Euronext,OPE004
TRX000936,PF00033,INST011,2023-06-20,Coupon,319.82,293.4047,93836.69,107.53,93944.22,USD,0.984,92441.11,En attente,NYSE,OPE005
TRX000937,PF00097,INST004,2023-06-09,Dividende,105.67,103.6679,10954.59,40.73,10995.32,EUR,1.0,10995.32,Exécuté,Xetra,OPE001
TRX000938,PF00078,INST015,2024-02-16,Dividende,251.54,435.2015,109470.59,415.69,109886.28,EUR,1.0,109886.28,Annulé,SIX,OPE003
TRX000939,PF00091,INST014,2025-02-19,Frais,213.5,487.2944,104037.35,243.79,103793.56,USD,0.9918,102942.45,Exécuté,NYSE,OPE005
TRX000940,PF00042,INST009,2023-10-08,Coupon,191.4,424.0949,81171.76,304.74,81476.5,EUR,1.0,81476.5,Exécuté,OTC,OPE001
TRX000941,PF00023,INST013,2025-10-08,Arbitrage Sortant,52.8,328.316,17335.08,60.07,17395.15,EUR,1.0,17395.15,Exécuté,SIX,OPE005
TRX000942,PF00140,INST002,2024-01-31,Arbitrage Entrant,222.61,294.8045,65626.43,74.19,65700.62,EUR,1.0,65700.62,Annulé,NYSE,OPE002
TRX000943,PF00117,INST009,2026-03-29,Coupon,58.14,429.6079,24977.4,119.95,25097.35,EUR,1.0,25097.35,Annulé,SIX,OPE004
TRX000944,PF00002,INST006,2024-11-30,Arbitrage Sortant,112.74,148.9662,16794.45,75.88,16870.33,EUR,1.0,16870.33,Exécuté,SIX,OPE002
TRX000945,PF00002,INST015,2024-01-29,Coupon,17.3,22.8609,395.49,1.65,397.14,EUR,1.0,397.14,Exécuté,NYSE,OPE005
TRX000946,PF00111,INST004,2025-08-01,Frais,486.77,104.4036,50820.54,181.82,50638.72,EUR,1.0,50638.72,En attente,SIX,OPE002
TRX000947,PF00100,INST012,2024-02-11,Vente,202.16,165.8812,33534.54,54.79,33589.33,USD,0.9199,30898.82,Exécuté,OTC,OPE001
TRX000948,PF00148,INST013,2023-09-27,Coupon,421.67,317.386,133832.15,273.14,134105.29,USD,1.0897,146134.53,Exécuté,Euronext,OPE001
TRX000949,PF00007,INST007,2024-05-23,Achat,314.82,300.7112,94669.9,105.2,94564.7,EUR,1.0,94564.7,En attente,SIX,OPE001
TRX000950,PF00034,INST008,2025-07-29,Arbitrage Entrant,316.12,185.4795,58633.78,114.86,58748.64,USD,0.9594,56363.45,En attente,NYSE,OPE004
TRX000951,PF00067,INST011,2024-11-27,Achat,138.21,468.1382,64701.38,227.09,64474.29,EUR,1.0,64474.29,Exécuté,SIX,OPE005
TRX000952,PF00032,INST002,2024-07-26,Vente,141.95,448.3563,63644.18,87.26,63731.44,EUR,1.0,63731.44,Exécuté,NYSE,OPE004
TRX000953,PF00026,INST008,2025-08-05,Arbitrage Sortant,11.96,46.0522,550.78,2.66,553.44,EUR,1.0,553.44,Exécuté,SIX,OPE004
TRX000954,PF00081,INST011,2023-08-28,Coupon,404.47,98.1052,39680.61,41.29,39721.9,USD,1.0319,40989.03,En attente,Euronext,OPE001
TRX000955,PF00088,INST006,2024-01-25,Coupon,497.46,303.9965,151226.1,154.26,151380.36,EUR,1.0,151380.36,Exécuté,NYSE,OPE005
TRX000956,PF00008,INST009,2023-07-27,Achat,259.48,382.8709,99347.34,185.31,99162.03,EUR,1.0,99162.03,Exécuté,NYSE,OPE001
TRX000957,PF00084,INST003,2024-03-02,Vente,42.64,348.8848,14876.45,22.41,14898.86,EUR,1.0,14898.86,Annulé,NYSE,OPE001
TRX000958,PF00090,INST012,2023-12-08,Frais,326.31,238.8514,77939.6,330.16,77609.44,EUR,1.0,77609.44,En attente,SIX,OPE002
TRX000959,PF00065,INST003,2023-11-26,Vente,343.84,444.7843,152934.63,324.88,153259.51,EUR,1.0,153259.51,Exécuté,OTC,OPE005
TRX000960,PF00080,INST003,2026-01-01,Arbitrage Sortant,103.71,363.8096,37730.69,103.15,37833.84,EUR,1.0,37833.84,Annulé,OTC,OPE003
TRX000961,PF00082,INST010,2026-03-26,Achat,304.04,220.3634,66999.29,218.99,66780.3,EUR,1.0,66780.3,Exécuté,SIX,OPE002
TRX000962,PF00009,INST009,2023-10-05,Dividende,293.85,153.802,45194.72,194.64,45389.36,EUR,1.0,45389.36,Annulé,Euronext,OPE001
TRX000963,PF00047,INST013,2026-01-19,Dividende,215.26,101.0983,21762.42,43.12,21805.54,USD,1.0314,22490.23,Exécuté,NYSE,OPE003
TRX000964,PF00032,INST001,2025-06-02,Dividende,344.46,361.2333,124430.42,230.83,124661.25,EUR,1.0,124661.25,Exécuté,OTC,OPE001
TRX000965,PF00099,INST005,2024-01-26,Frais,106.88,116.5571,12457.62,40.41,12417.21,EUR,1.0,12417.21,En attente,SIX,OPE004
TRX000966,PF00082,INST014,2026-01-18,Dividende,99.88,34.3333,3429.21,10.2,3439.41,EUR,1.0,3439.41,Exécuté,SIX,OPE001
TRX000967,PF00032,INST008,2025-12-05,Vente,301.11,299.6738,90234.78,175.57,90410.35,EUR,1.0,90410.35,Exécuté,Euronext,OPE005
TRX000968,PF00002,INST015,2026-04-22,Coupon,142.9,422.405,60361.67,157.62,60519.29,EUR,1.0,60519.29,Exécuté,Euronext,OPE001
TRX000969,PF00121,INST002,2024-04-30,Arbitrage Sortant,401.45,364.3943,146286.09,307.01,146593.1,EUR,1.0,146593.1,Annulé,Euronext,OPE005
TRX000970,PF00081,INST008,2024-08-17,Frais,24.49,156.2375,3826.26,18.89,3807.37,EUR,1.0,3807.37,Exécuté,Xetra,OPE005
TRX000971,PF00027,INST001,2026-04-14,Vente,24.87,15.0941,375.39,0.53,375.92,EUR,1.0,375.92,Annulé,NYSE,OPE002
TRX000972,PF00023,INST004,2025-10-16,Arbitrage Entrant,451.24,190.751,86074.48,396.93,86471.41,EUR,1.0,86471.41,Exécuté,Xetra,OPE001
TRX000973,PF00029,INST001,2025-04-09,Dividende,38.45,171.3712,6589.22,22.74,6611.96,EUR,1.0,6611.96,Exécuté,NYSE,OPE002
TRX000974,PF00150,INST008,2025-02-20,Achat,64.02,432.3285,27677.67,111.05,27566.62,EUR,1.0,27566.62,Annulé,Euronext,OPE005
TRX000975,PF00136,INST004,2024-03-16,Frais,239.49,250.1509,59908.64,127.14,59781.5,EUR,1.0,59781.5,Exécuté,Euronext,OPE003
TRX000976,PF00076,INST012,2025-02-27,Achat,177.15,419.4156,74299.47,146.33,74153.14,USD,1.039,77045.11,Exécuté,SIX,OPE001
TRX000977,PF00055,INST001,2026-01-29,Arbitrage Entrant,108.85,411.0706,44745.03,78.38,44823.41,EUR,1.0,44823.41,Exécuté,NYSE,OPE005
TRX000978,PF00136,INST009,2024-05-14,Arbitrage Sortant,157.37,472.7469,74396.18,285.24,74681.42,USD,1.0696,79879.25,Exécuté,NYSE,OPE002
TRX000979,PF00094,INST007,2024-04-03,Coupon,434.06,261.5974,113548.97,467.83,114016.8,USD,0.9137,104177.15,Annulé,NYSE,OPE003
TRX000980,PF00148,INST011,2023-05-20,Achat,74.5,439.3362,32730.55,130.27,32600.28,USD,0.9033,29447.83,Annulé,NYSE,OPE003
TRX000981,PF00008,INST008,2024-07-02,Arbitrage Entrant,265.91,182.4588,48517.62,71.48,48589.1,EUR,1.0,48589.1,Exécuté,SIX,OPE002
TRX000982,PF00039,INST007,2025-01-01,Frais,215.99,173.5324,37481.26,103.65,37377.61,EUR,1.0,37377.61,Exécuté,Euronext,OPE004
TRX000983,PF00109,INST004,2024-01-09,Dividende,95.54,96.5561,9224.97,19.41,9244.38,EUR,1.0,9244.38,En attente,SIX,OPE001
TRX000984,PF00013,INST011,2024-01-04,Vente,479.53,117.5941,56389.9,68.38,56458.28,EUR,1.0,56458.28,En attente,Xetra,OPE002
TRX000985,PF00017,INST009,2024-08-22,Achat,138.45,442.4741,61260.54,232.67,61027.87,EUR,1.0,61027.87,Annulé,SIX,OPE001
TRX000986,PF00057,INST012,2023-09-10,Arbitrage Sortant,439.88,141.4508,62221.38,113.42,62334.8,USD,0.9695,60433.59,Exécuté,OTC,OPE003
TRX000987,PF00001,INST002,2024-08-03,Vente,252.12,353.2309,89056.57,258.89,89315.46,EUR,1.0,89315.46,Exécuté,NYSE,OPE003
TRX000988,PF00018,INST003,2026-01-01,Vente,166.75,233.056,38862.09,188.44,39050.53,EUR,1.0,39050.53,Annulé,Xetra,OPE001
TRX000989,PF00046,INST005,2026-03-07,Achat,86.19,382.5278,32970.07,34.25,32935.82,EUR,1.0,32935.82,Annulé,OTC,OPE001
TRX000990,PF00126,INST014,2023-12-09,Vente,236.81,32.1365,7610.24,8.14,7618.38,EUR,1.0,7618.38,Exécuté,OTC,OPE005
TRX000991,PF00043,INST013,2026-02-05,Vente,387.85,58.9963,22881.71,96.46,22978.17,EUR,1.0,22978.17,Annulé,SIX,OPE003
TRX000992,PF00140,INST005,2025-02-19,Arbitrage Entrant,243.76,188.5018,45949.2,48.44,45997.64,EUR,1.0,45997.64,Exécuté,Xetra,OPE005
TRX000993,PF00124,INST002,2025-08-03,Dividende,343.21,366.8256,125898.21,136.34,126034.55,EUR,1.0,126034.55,Exécuté,NYSE,OPE003
TRX000994,PF00128,INST001,2026-03-10,Vente,289.21,350.945,101496.8,276.36,101773.16,USD,1.0489,106749.87,Exécuté,SIX,OPE001
TRX000995,PF00071,INST015,2026-02-08,Arbitrage Entrant,339.72,450.6185,153084.12,428.19,153512.31,USD,0.9531,146312.58,Exécuté,Xetra,OPE004
TRX000996,PF00107,INST005,2023-10-09,Dividende,96.1,293.9632,28249.86,107.56,28357.42,EUR,1.0,28357.42,Annulé,SIX,OPE005
TRX000997,PF00089,INST005,2024-02-27,Achat,484.77,254.4742,123361.46,461.63,122899.83,EUR,1.0,122899.83,Exécuté,OTC,OPE003
TRX000998,PF00143,INST011,2023-07-07,Vente,152.52,151.2474,23068.25,96.87,23165.12,EUR,1.0,23165.12,Annulé,Euronext,OPE002
TRX000999,PF00073,INST014,2024-02-27,Frais,62.59,249.2996,15603.66,15.92,15587.74,EUR,1.0,15587.74,Exécuté,Euronext,OPE003
TRX001000,PF00036,INST006,2024-08-20,Dividende,392.85,255.9767,100560.45,486.12,101046.57,USD,1.0907,110211.49,Exécuté,NYSE,OPE002
TRX001001,PF00111,INST010,2023-06-11,Achat,146.11,25.747,3761.89,17.8,3744.09,USD,1.0623,3977.35,Annulé,SIX,OPE004
TRX001002,PF00026,INST015,2025-08-02,Dividende,460.18,302.549,139227.0,235.74,139462.74,EUR,1.0,139462.74,Exécuté,OTC,OPE002
TRX001003,PF00052,INST005,2026-01-12,Vente,208.74,107.7664,22495.16,49.94,22545.1,EUR,1.0,22545.1,En attente,SIX,OPE005
TRX001004,PF00047,INST007,2026-04-13,Arbitrage Sortant,438.08,224.0775,98163.87,152.59,98316.46,EUR,1.0,98316.46,Exécuté,OTC,OPE003
TRX001005,PF00120,INST006,2024-05-09,Coupon,233.81,481.109,112488.1,320.04,112808.14,EUR,1.0,112808.14,Annulé,Euronext,OPE002
TRX001006,PF00078,INST013,2024-04-28,Vente,290.58,192.8245,56030.94,195.19,56226.13,EUR,1.0,56226.13,Exécuté,SIX,OPE002
TRX001007,PF00104,INST011,2023-09-16,Achat,231.94,383.8678,89034.3,273.52,88760.78,EUR,1.0,88760.78,Exécuté,Euronext,OPE003
TRX001008,PF00028,INST006,2023-11-17,Frais,49.6,152.3827,7558.18,22.11,7536.07,EUR,1.0,7536.07,Exécuté,Euronext,OPE005
TRX001009,PF00131,INST012,2024-06-17,Arbitrage Entrant,27.46,110.4816,3033.82,4.78,3038.6,EUR,1.0,3038.6,Exécuté,NYSE,OPE002
TRX001010,PF00078,INST011,2024-06-26,Dividende,359.85,468.9003,168733.77,712.47,169446.24,USD,0.9229,156381.93,Exécuté,NYSE,OPE005
TRX001011,PF00031,INST009,2024-12-02,Achat,124.36,60.7674,7557.03,8.3,7548.73,EUR,1.0,7548.73,Annulé,Euronext,OPE001
TRX001012,PF00077,INST007,2026-04-04,Coupon,491.37,411.9328,202411.42,883.91,203295.33,EUR,1.0,203295.33,En attente,SIX,OPE005
TRX001013,PF00032,INST007,2026-04-26,Vente,318.46,100.5558,32023.0,136.87,32159.87,USD,0.9342,30043.75,En attente,NYSE,OPE004
TRX001014,PF00123,INST005,2026-04-24,Dividende,334.1,479.9548,160352.9,476.55,160829.45,EUR,1.0,160829.45,Annulé,SIX,OPE001
TRX001015,PF00119,INST007,2024-02-06,Arbitrage Sortant,212.99,23.7056,5049.06,14.28,5063.34,EUR,1.0,5063.34,Exécuté,OTC,OPE003
TRX001016,PF00009,INST011,2024-05-27,Arbitrage Entrant,446.72,313.7395,140153.71,164.05,140317.76,EUR,1.0,140317.76,Exécuté,SIX,OPE004
TRX001017,PF00071,INST001,2025-10-14,Vente,179.52,429.3614,77078.96,232.23,77311.19,EUR,1.0,77311.19,En attente,SIX,OPE005
TRX001018,PF00017,INST003,2024-10-01,Arbitrage Entrant,76.55,331.4074,25369.24,82.52,25451.76,EUR,1.0,25451.76,Exécuté,Xetra,OPE003
TRX001019,PF00101,INST002,2024-10-19,Arbitrage Sortant,322.92,194.4961,62806.68,181.32,62988.0,USD,1.0152,63945.42,En attente,OTC,OPE003
TRX001020,PF00034,INST012,2025-10-02,Dividende,294.84,294.5551,86846.63,289.89,87136.52,EUR,1.0,87136.52,Exécuté,Euronext,OPE001
TRX001021,PF00041,INST004,2024-03-21,Achat,332.97,254.7226,84814.98,315.28,84499.7,EUR,1.0,84499.7,Exécuté,NYSE,OPE001
TRX001022,PF00045,INST012,2024-10-11,Coupon,378.15,215.8275,81615.17,102.63,81717.8,EUR,1.0,81717.8,Exécuté,Euronext,OPE001
TRX001023,PF00114,INST013,2023-05-28,Dividende,303.66,421.9329,128124.14,601.44,128725.58,EUR,1.0,128725.58,Exécuté,SIX,OPE004
TRX001024,PF00035,INST011,2024-05-12,Frais,278.68,105.9018,29512.71,87.49,29425.22,EUR,1.0,29425.22,Exécuté,NYSE,OPE002
TRX001025,PF00112,INST014,2024-10-26,Frais,404.53,104.2249,42162.1,140.33,42021.77,EUR,1.0,42021.77,Exécuté,Euronext,OPE002
TRX001026,PF00002,INST006,2024-12-31,Arbitrage Sortant,204.61,277.8246,56845.69,73.21,56918.9,USD,1.0365,58996.44,En attente,SIX,OPE002
TRX001027,PF00054,INST010,2025-04-24,Arbitrage Sortant,237.39,182.532,43331.27,150.53,43481.8,USD,1.0603,46103.75,Annulé,SIX,OPE004
TRX001028,PF00019,INST010,2024-06-13,Achat,64.47,263.451,16984.69,23.84,16960.85,EUR,1.0,16960.85,Exécuté,Euronext,OPE005
TRX001029,PF00139,INST006,2026-01-09,Achat,112.79,470.9026,53113.1,249.05,52864.05,EUR,1.0,52864.05,Annulé,Xetra,OPE001
TRX001030,PF00041,INST005,2025-09-05,Achat,267.68,128.2852,34339.38,105.46,34233.92,EUR,1.0,34233.92,Annulé,OTC,OPE001
TRX001031,PF00140,INST012,2025-06-08,Achat,291.8,469.0942,136881.69,676.16,136205.53,EUR,1.0,136205.53,Exécuté,Xetra,OPE004
TRX001032,PF00067,INST004,2023-08-30,Dividende,444.13,39.1021,17366.42,31.55,17397.97,EUR,1.0,17397.97,Exécuté,NYSE,OPE004
TRX001033,PF00019,INST013,2024-06-07,Frais,452.26,354.5145,160332.73,651.32,159681.41,EUR,1.0,159681.41,Exécuté,Euronext,OPE004
TRX001034,PF00021,INST015,2023-05-28,Frais,239.91,73.4376,17618.41,68.59,17549.82,EUR,1.0,17549.82,Exécuté,SIX,OPE005
TRX001035,PF00058,INST011,2025-04-22,Dividende,216.33,158.675,34326.16,151.01,34477.17,USD,0.9043,31177.7,Exécuté,Euronext,OPE002
TRX001036,PF00137,INST010,2024-10-31,Arbitrage Sortant,190.31,344.9616,65649.64,70.4,65720.04,EUR,1.0,65720.04,Exécuté,SIX,OPE004
TRX001037,PF00033,INST007,2024-02-20,Arbitrage Entrant,213.99,77.5075,16585.83,45.64,16631.47,EUR,1.0,16631.47,Exécuté,NYSE,OPE003
TRX001038,PF00112,INST015,2024-03-23,Achat,119.85,55.0755,6600.8,6.87,6593.93,EUR,1.0,6593.93,En attente,OTC,OPE001
TRX001039,PF00004,INST014,2023-10-25,Arbitrage Entrant,125.71,37.873,4761.01,5.84,4766.85,EUR,1.0,4766.85,Exécuté,Xetra,OPE001
TRX001040,PF00081,INST006,2026-01-21,Frais,327.95,129.6797,42528.46,92.27,42436.19,EUR,1.0,42436.19,Annulé,Euronext,OPE001
TRX001041,PF00020,INST005,2024-04-29,Frais,103.72,355.575,36880.24,156.88,36723.36,USD,0.9887,36308.39,Exécuté,Xetra,OPE005
TRX001042,PF00075,INST014,2024-03-02,Arbitrage Entrant,122.86,447.5595,54987.16,125.12,55112.28,EUR,1.0,55112.28,Exécuté,Xetra,OPE004
TRX001043,PF00125,INST005,2025-11-01,Achat,102.57,77.1944,7917.83,38.83,7879.0,USD,0.961,7571.72,En attente,NYSE,OPE001
TRX001044,PF00096,INST012,2023-09-07,Arbitrage Sortant,394.18,27.5752,10869.59,21.09,10890.68,EUR,1.0,10890.68,Annulé,Euronext,OPE001
TRX001045,PF00128,INST014,2026-03-28,Achat,135.88,298.2377,40524.54,89.22,40435.32,EUR,1.0,40435.32,Exécuté,Xetra,OPE005
TRX001046,PF00099,INST008,2023-05-25,Achat,431.52,198.485,85650.25,100.87,85549.38,USD,0.9759,83487.64,Annulé,OTC,OPE001
TRX001047,PF00079,INST001,2023-07-03,Frais,381.74,469.2397,179127.56,831.19,178296.37,EUR,1.0,178296.37,Exécuté,OTC,OPE002
TRX001048,PF00008,INST006,2025-09-19,Arbitrage Entrant,414.79,222.6972,92372.57,250.35,92622.92,EUR,1.0,92622.92,Exécuté,OTC,OPE004
TRX001049,PF00074,INST014,2025-03-25,Frais,232.29,290.5753,67497.74,220.93,67276.81,EUR,1.0,67276.81,Exécuté,SIX,OPE004
TRX001050,PF00061,INST003,2026-03-30,Achat,141.07,344.4734,48594.86,101.93,48492.93,USD,1.0543,51126.1,Exécuté,Xetra,OPE005
TRX001051,PF00102,INST001,2025-07-27,Frais,137.86,141.6862,19532.86,39.11,19493.75,EUR,1.0,19493.75,Exécuté,Xetra,OPE005
TRX001052,PF00083,INST014,2024-12-09,Dividende,423.95,227.4663,96434.34,103.09,96537.43,EUR,1.0,96537.43,Annulé,Euronext,OPE003
TRX001053,PF00123,INST011,2024-11-23,Arbitrage Sortant,278.75,210.2193,58598.63,194.45,58793.08,EUR,1.0,58793.08,Exécuté,OTC,OPE005
TRX001054,PF00081,INST002,2025-09-10,Coupon,90.72,385.3286,34957.01,73.57,35030.58,EUR,1.0,35030.58,Exécuté,NYSE,OPE002
TRX001055,PF00038,INST014,2024-01-21,Frais,328.33,124.0095,40716.04,147.33,40568.71,USD,1.0369,42065.7,Annulé,OTC,OPE003
TRX001056,PF00011,INST009,2026-03-25,Arbitrage Entrant,114.75,476.3349,54659.43,271.54,54930.97,EUR,1.0,54930.97,Exécuté,Xetra,OPE005
TRX001057,PF00012,INST010,2025-05-20,Vente,175.52,47.9648,8418.78,23.36,8442.14,EUR,1.0,8442.14,Exécuté,NYSE,OPE003
TRX001058,PF00147,INST006,2023-10-02,Arbitrage Sortant,411.52,213.8251,87993.31,313.92,88307.23,EUR,1.0,88307.23,Exécuté,Euronext,OPE003
TRX001059,PF00093,INST006,2023-08-17,Coupon,448.8,193.6106,86892.44,414.47,87306.91,EUR,1.0,87306.91,En attente,Euronext,OPE002
TRX001060,PF00095,INST001,2026-05-15,Dividende,465.22,456.8176,212520.68,234.23,212754.91,USD,1.0616,225860.61,En attente,OTC,OPE005
TRX001061,PF00089,INST004,2025-12-31,Coupon,415.53,25.9738,10792.89,42.15,10835.04,EUR,1.0,10835.04,Exécuté,Euronext,OPE002
TRX001062,PF00145,INST009,2024-10-25,Frais,315.53,369.6361,116631.28,368.07,116263.21,EUR,1.0,116263.21,En attente,Euronext,OPE005
TRX001063,PF00121,INST011,2026-01-20,Frais,260.65,165.3003,43085.52,76.7,43008.82,EUR,1.0,43008.82,Exécuté,Xetra,OPE002
TRX001064,PF00093,INST004,2026-02-13,Coupon,158.09,486.4745,76906.75,290.11,77196.86,EUR,1.0,77196.86,Annulé,Xetra,OPE001
TRX001065,PF00091,INST009,2026-02-20,Frais,39.15,187.5255,7341.62,21.56,7320.06,USD,0.9898,7245.4,Annulé,NYSE,OPE005
TRX001066,PF00033,INST015,2025-02-09,Frais,123.23,455.5402,56136.22,207.5,55928.72,USD,1.0211,57108.82,Exécuté,Xetra,OPE003
TRX001067,PF00031,INST002,2025-09-04,Coupon,211.09,491.7914,103812.25,343.0,104155.25,USD,1.08,112487.67,Annulé,Euronext,OPE002
TRX001068,PF00031,INST007,2024-10-26,Dividende,382.99,358.5771,137331.44,395.44,137726.88,EUR,1.0,137726.88,Exécuté,Euronext,OPE004
TRX001069,PF00007,INST012,2024-07-23,Vente,494.98,74.8651,37056.73,165.55,37222.28,EUR,1.0,37222.28,Annulé,Xetra,OPE002
TRX001070,PF00103,INST012,2026-01-02,Frais,121.48,153.762,18679.01,43.84,18635.17,EUR,1.0,18635.17,En attente,OTC,OPE005
TRX001071,PF00028,INST012,2026-02-15,Achat,37.8,461.1546,17431.64,83.67,17347.97,EUR,1.0,17347.97,Annulé,SIX,OPE003
TRX001072,PF00123,INST012,2024-05-06,Vente,366.99,364.6167,133810.68,449.37,134260.05,EUR,1.0,134260.05,Exécuté,Euronext,OPE005
TRX001073,PF00095,INST011,2023-09-09,Arbitrage Entrant,227.31,167.0141,37963.98,64.8,38028.78,EUR,1.0,38028.78,Exécuté,NYSE,OPE003
TRX001074,PF00127,INST006,2025-12-24,Achat,282.5,449.6778,127033.98,421.67,126612.31,EUR,1.0,126612.31,Exécuté,Xetra,OPE004
TRX001075,PF00082,INST013,2024-12-26,Vente,476.8,30.5479,14565.24,69.62,14634.86,USD,0.9861,14431.44,Exécuté,OTC,OPE005
TRX001076,PF00081,INST002,2024-11-07,Dividende,143.11,68.09,9744.36,20.42,9764.78,EUR,1.0,9764.78,Exécuté,NYSE,OPE003
TRX001077,PF00067,INST010,2023-09-21,Arbitrage Sortant,53.95,123.5205,6663.93,14.09,6678.02,EUR,1.0,6678.02,Exécuté,OTC,OPE005
TRX001078,PF00044,INST001,2024-06-13,Frais,451.37,480.3298,216806.46,684.96,216121.5,USD,0.9013,194790.31,Exécuté,Xetra,OPE002
TRX001079,PF00073,INST010,2025-11-20,Coupon,366.31,265.238,97159.33,420.13,97579.46,EUR,1.0,97579.46,Exécuté,Euronext,OPE004
TRX001080,PF00111,INST008,2025-04-18,Dividende,44.35,77.0408,3416.76,7.22,3423.98,EUR,1.0,3423.98,Exécuté,Euronext,OPE002
TRX001081,PF00020,INST006,2024-09-11,Vente,254.02,145.2929,36907.3,130.01,37037.31,EUR,1.0,37037.31,Exécuté,Euronext,OPE004
TRX001082,PF00026,INST015,2025-06-28,Arbitrage Entrant,397.3,165.5883,65788.23,287.21,66075.44,EUR,1.0,66075.44,Exécuté,NYSE,OPE002
TRX001083,PF00097,INST014,2025-08-06,Vente,337.0,139.9902,47176.7,75.75,47252.45,USD,1.0467,49459.14,Exécuté,NYSE,OPE002
TRX001084,PF00023,INST009,2025-05-20,Arbitrage Sortant,361.92,114.9526,41603.64,113.88,41717.52,EUR,1.0,41717.52,En attente,OTC,OPE002
TRX001085,PF00046,INST001,2023-11-16,Coupon,344.3,310.5553,106924.19,376.81,107301.0,USD,1.0275,110251.78,Annulé,OTC,OPE002
TRX001086,PF00077,INST014,2026-05-18,Vente,437.64,337.3081,147619.52,437.08,148056.6,EUR,1.0,148056.6,En attente,Xetra,OPE005
TRX001087,PF00124,INST005,2024-11-14,Achat,110.25,481.8303,53121.79,243.68,52878.11,EUR,1.0,52878.11,Annulé,SIX,OPE003
TRX001088,PF00064,INST011,2025-03-07,Coupon,58.79,237.7206,13975.59,31.8,14007.39,EUR,1.0,14007.39,Exécuté,SIX,OPE002
TRX001089,PF00124,INST014,2024-12-29,Arbitrage Sortant,432.14,304.5188,131594.75,493.33,132088.08,EUR,1.0,132088.08,Exécuté,Xetra,OPE005
TRX001090,PF00056,INST015,2025-04-16,Arbitrage Sortant,391.63,39.7936,15584.37,63.7,15648.07,EUR,1.0,15648.07,Exécuté,SIX,OPE004
TRX001091,PF00114,INST007,2024-01-18,Coupon,131.09,36.7703,4820.22,14.18,4834.4,USD,0.968,4679.7,Exécuté,Xetra,OPE004
TRX001092,PF00105,INST004,2025-04-20,Frais,437.94,272.6464,119402.76,491.73,118911.03,EUR,1.0,118911.03,En attente,OTC,OPE003
TRX001093,PF00034,INST010,2024-12-10,Frais,10.94,363.8921,3980.98,16.76,3964.22,EUR,1.0,3964.22,Exécuté,Xetra,OPE005
TRX001094,PF00017,INST011,2024-06-05,Achat,259.81,187.4279,48695.64,87.35,48608.29,USD,1.0676,51894.21,Annulé,NYSE,OPE003
TRX001095,PF00042,INST015,2023-12-26,Dividende,166.42,115.6514,19246.71,75.7,19322.41,EUR,1.0,19322.41,Exécuté,Euronext,OPE005
TRX001096,PF00027,INST009,2025-06-08,Coupon,395.88,30.7197,12161.31,25.93,12187.24,EUR,1.0,12187.24,Exécuté,NYSE,OPE001
TRX001097,PF00070,INST012,2026-04-23,Achat,406.68,195.1498,79363.52,206.58,79156.94,EUR,1.0,79156.94,Exécuté,Euronext,OPE001
TRX001098,PF00130,INST012,2024-05-07,Arbitrage Entrant,381.43,213.5362,81449.11,86.25,81535.36,USD,0.9191,74939.15,En attente,SIX,OPE002
TRX001099,PF00080,INST013,2023-06-15,Dividende,213.15,374.3068,79783.49,176.21,79959.7,EUR,1.0,79959.7,Exécuté,Euronext,OPE003
TRX001100,PF00148,INST008,2023-11-10,Coupon,146.33,55.6006,8136.04,39.6,8175.64,EUR,1.0,8175.64,Annulé,Xetra,OPE005
TRX001101,PF00130,INST004,2024-01-27,Coupon,9.59,253.5471,2431.52,6.26,2437.78,EUR,1.0,2437.78,En attente,Euronext,OPE004
TRX001102,PF00058,INST010,2025-02-19,Achat,199.28,123.7366,24658.23,61.13,24597.1,EUR,1.0,24597.1,Exécuté,Xetra,OPE002
TRX001103,PF00022,INST002,2025-08-13,Frais,85.46,433.7656,37069.61,109.7,36959.91,USD,0.9168,33884.85,Annulé,OTC,OPE004
TRX001104,PF00134,INST012,2025-04-10,Arbitrage Sortant,283.75,123.8906,35153.96,143.06,35297.02,EUR,1.0,35297.02,Annulé,Xetra,OPE003
TRX001105,PF00039,INST001,2024-01-30,Dividende,344.81,303.3777,104607.66,469.24,105076.9,EUR,1.0,105076.9,Exécuté,OTC,OPE004
TRX001106,PF00140,INST008,2024-10-26,Dividende,479.78,125.5123,60218.29,171.35,60389.64,EUR,1.0,60389.64,En attente,OTC,OPE001
TRX001107,PF00027,INST007,2026-03-26,Arbitrage Entrant,39.67,72.3684,2870.85,3.03,2873.88,EUR,1.0,2873.88,Exécuté,NYSE,OPE004
TRX001108,PF00030,INST001,2024-12-19,Coupon,248.1,316.8208,78603.24,243.54,78846.78,USD,1.0498,82773.35,En attente,SIX,OPE004
TRX001109,PF00003,INST005,2025-04-21,Achat,218.3,154.1696,33655.22,157.77,33497.45,EUR,1.0,33497.45,En attente,Xetra,OPE005
TRX001110,PF00096,INST010,2024-03-17,Arbitrage Entrant,83.81,152.1964,12755.58,47.71,12803.29,EUR,1.0,12803.29,En attente,OTC,OPE003
TRX001111,PF00121,INST008,2024-03-09,Vente,468.17,464.269,217356.82,843.46,218200.28,USD,0.9328,203537.22,Annulé,Euronext,OPE003
TRX001112,PF00107,INST003,2025-11-29,Vente,235.78,496.7221,117117.14,119.74,117236.88,USD,0.9399,110190.94,Exécuté,OTC,OPE004
TRX001113,PF00085,INST002,2026-01-25,Achat,312.86,301.2827,94259.31,119.43,94139.88,USD,0.969,91221.54,Exécuté,NYSE,OPE003
TRX001114,PF00073,INST014,2024-09-27,Arbitrage Sortant,213.66,367.3683,78491.91,193.8,78685.71,EUR,1.0,78685.71,Exécuté,OTC,OPE005
TRX001115,PF00052,INST002,2024-03-20,Frais,77.06,368.0225,28359.81,60.12,28299.69,EUR,1.0,28299.69,En attente,Euronext,OPE002
TRX001116,PF00134,INST010,2024-09-06,Arbitrage Entrant,383.26,171.7785,65835.83,269.13,66104.96,EUR,1.0,66104.96,En attente,SIX,OPE002
TRX001117,PF00044,INST001,2025-12-14,Arbitrage Sortant,116.68,116.0573,13541.57,63.89,13605.46,USD,0.9287,12635.39,Annulé,Euronext,OPE003
TRX001118,PF00020,INST015,2024-09-28,Achat,69.35,405.5448,28124.53,75.98,28048.55,EUR,1.0,28048.55,Exécuté,Xetra,OPE005
TRX001119,PF00031,INST004,2026-04-20,Frais,197.23,389.2206,76765.98,293.63,76472.35,EUR,1.0,76472.35,Exécuté,OTC,OPE003
TRX001120,PF00136,INST002,2025-02-06,Frais,421.25,478.1265,201410.79,963.14,200447.65,EUR,1.0,200447.65,Exécuté,SIX,OPE005
TRX001121,PF00114,INST008,2025-12-08,Arbitrage Entrant,394.69,345.8301,136495.68,441.1,136936.78,EUR,1.0,136936.78,Exécuté,NYSE,OPE001
TRX001122,PF00094,INST014,2024-05-04,Coupon,385.6,179.5359,69229.04,186.66,69415.7,USD,0.9765,67784.43,Exécuté,Euronext,OPE002
TRX001123,PF00114,INST006,2026-02-11,Frais,98.25,297.2323,29203.07,67.57,29135.5,EUR,1.0,29135.5,Exécuté,OTC,OPE001
TRX001124,PF00070,INST001,2025-06-21,Arbitrage Entrant,138.2,244.5801,33800.97,39.74,33840.71,EUR,1.0,33840.71,Exécuté,Euronext,OPE005
TRX001125,PF00008,INST014,2024-12-22,Arbitrage Entrant,463.86,498.6435,231300.77,816.25,232117.02,EUR,1.0,232117.02,Exécuté,SIX,OPE005
TRX001126,PF00027,INST001,2023-10-04,Dividende,15.39,448.1899,6897.64,11.12,6908.76,USD,1.0742,7421.39,Exécuté,Euronext,OPE004
TRX001127,PF00031,INST001,2025-05-12,Coupon,319.1,40.5395,12936.15,17.98,12954.13,EUR,1.0,12954.13,Exécuté,OTC,OPE001
TRX001128,PF00086,INST014,2023-07-31,Arbitrage Entrant,424.27,165.0753,70036.5,268.75,70305.25,EUR,1.0,70305.25,En attente,Euronext,OPE004
TRX001129,PF00107,INST014,2025-05-05,Arbitrage Entrant,335.15,41.8279,14018.62,60.28,14078.9,USD,1.0458,14723.71,Exécuté,NYSE,OPE004
TRX001130,PF00012,INST005,2023-07-11,Frais,100.14,257.6783,25803.9,43.66,25760.24,EUR,1.0,25760.24,Exécuté,Xetra,OPE005
TRX001131,PF00090,INST002,2024-08-06,Dividende,233.66,419.6918,98065.19,131.84,98197.03,EUR,1.0,98197.03,Exécuté,Euronext,OPE001
TRX001132,PF00047,INST012,2023-07-28,Achat,93.64,299.6628,28060.42,136.46,27923.96,USD,1.0577,29535.17,Exécuté,Xetra,OPE004
TRX001133,PF00021,INST015,2023-10-26,Arbitrage Entrant,471.68,160.8133,75852.42,282.44,76134.86,USD,1.0495,79903.54,Exécuté,Xetra,OPE001
TRX001134,PF00098,INST012,2025-07-24,Dividende,89.82,78.8088,7078.61,16.01,7094.62,USD,1.0671,7570.67,Exécuté,NYSE,OPE002
TRX001135,PF00076,INST005,2024-02-08,Arbitrage Entrant,220.36,55.2819,12181.92,29.49,12211.41,EUR,1.0,12211.41,Exécuté,OTC,OPE004
TRX001136,PF00044,INST001,2023-10-01,Arbitrage Sortant,293.03,86.2951,25287.05,82.81,25369.86,EUR,1.0,25369.86,Exécuté,Xetra,OPE002
TRX001137,PF00088,INST012,2023-06-22,Frais,276.25,374.1346,103354.68,214.54,103140.14,USD,0.9516,98148.16,Annulé,Xetra,OPE001
TRX001138,PF00030,INST009,2023-09-02,Arbitrage Entrant,315.93,242.8528,76724.49,220.12,76944.61,EUR,1.0,76944.61,Exécuté,OTC,OPE004
TRX001139,PF00009,INST006,2025-06-14,Arbitrage Entrant,53.2,185.8532,9887.39,45.52,9932.91,USD,0.9843,9776.96,Exécuté,Xetra,OPE001
TRX001140,PF00048,INST015,2024-05-03,Dividende,153.83,238.7522,36727.25,64.08,36791.33,EUR,1.0,36791.33,Annulé,OTC,OPE004
TRX001141,PF00148,INST012,2025-08-23,Coupon,365.75,242.0503,88529.9,174.79,88704.69,EUR,1.0,88704.69,En attente,Xetra,OPE004
TRX001142,PF00103,INST005,2025-05-29,Achat,485.41,439.942,213552.25,865.46,212686.79,EUR,1.0,212686.79,Annulé,SIX,OPE003
TRX001143,PF00148,INST007,2025-10-03,Frais,15.25,260.9801,3979.95,18.66,3961.29,USD,1.0903,4318.99,En attente,NYSE,OPE002
TRX001144,PF00086,INST013,2025-11-06,Achat,485.19,161.544,78379.53,318.48,78061.05,EUR,1.0,78061.05,Annulé,SIX,OPE002
TRX001145,PF00118,INST001,2023-06-07,Arbitrage Entrant,74.6,442.6478,33021.53,72.82,33094.35,EUR,1.0,33094.35,Exécuté,NYSE,OPE002
TRX001146,PF00112,INST002,2025-10-01,Arbitrage Entrant,123.12,345.5097,42539.15,186.44,42725.59,EUR,1.0,42725.59,Exécuté,SIX,OPE002
TRX001147,PF00089,INST002,2024-05-06,Coupon,275.36,203.0832,55920.99,103.45,56024.44,EUR,1.0,56024.44,Annulé,SIX,OPE002
TRX001148,PF00025,INST007,2026-03-03,Vente,159.86,468.2786,74859.02,194.6,75053.62,EUR,1.0,75053.62,Exécuté,SIX,OPE005
TRX001149,PF00101,INST009,2026-01-18,Achat,174.09,338.2396,58884.13,287.41,58596.72,EUR,1.0,58596.72,Exécuté,OTC,OPE002
TRX001150,PF00061,INST006,2026-02-02,Dividende,170.59,413.3867,70519.64,242.75,70762.39,EUR,1.0,70762.39,Exécuté,NYSE,OPE002
TRX001151,PF00128,INST004,2025-09-08,Achat,106.4,223.3463,23764.05,56.04,23708.01,USD,0.9851,23354.76,Exécuté,Xetra,OPE004
TRX001152,PF00124,INST001,2023-12-08,Dividende,479.3,216.6511,103840.87,171.77,104012.64,EUR,1.0,104012.64,Annulé,Euronext,OPE003
TRX001153,PF00026,INST011,2024-07-26,Arbitrage Sortant,202.83,405.3887,82224.99,135.14,82360.13,USD,1.0149,83587.3,Annulé,SIX,OPE001
TRX001154,PF00125,INST011,2024-06-01,Arbitrage Entrant,201.45,387.9662,78155.79,172.87,78328.66,EUR,1.0,78328.66,Exécuté,OTC,OPE004
TRX001155,PF00129,INST006,2025-09-23,Arbitrage Sortant,237.3,174.1811,41333.18,129.79,41462.97,EUR,1.0,41462.97,Exécuté,NYSE,OPE004
TRX001156,PF00137,INST013,2025-03-21,Coupon,435.29,49.2045,21418.23,22.01,21440.24,EUR,1.0,21440.24,Exécuté,OTC,OPE005
TRX001157,PF00117,INST007,2026-03-31,Achat,232.92,29.5238,6876.68,30.75,6845.93,EUR,1.0,6845.93,Exécuté,Euronext,OPE005
TRX001158,PF00095,INST005,2025-05-08,Coupon,169.39,155.1108,26274.22,112.37,26386.59,EUR,1.0,26386.59,Exécuté,Xetra,OPE003
TRX001159,PF00107,INST001,2025-09-12,Coupon,162.99,321.6315,52422.72,177.35,52600.07,EUR,1.0,52600.07,Exécuté,OTC,OPE004
TRX001160,PF00064,INST003,2025-07-22,Achat,267.96,71.7668,19230.63,30.36,19200.27,EUR,1.0,19200.27,Annulé,Xetra,OPE003
TRX001161,PF00118,INST012,2024-09-12,Frais,122.81,414.53,50908.43,220.93,50687.5,EUR,1.0,50687.5,Exécuté,Euronext,OPE003
TRX001162,PF00096,INST001,2025-12-05,Vente,305.07,364.667,111248.96,472.8,111721.76,EUR,1.0,111721.76,Annulé,OTC,OPE001
TRX001163,PF00087,INST015,2025-11-17,Arbitrage Entrant,374.88,217.0397,81363.84,88.65,81452.49,EUR,1.0,81452.49,Exécuté,SIX,OPE001
TRX001164,PF00050,INST010,2025-05-19,Dividende,497.46,311.6349,155025.9,489.36,155515.26,USD,1.0389,161564.8,Exécuté,Xetra,OPE005
TRX001165,PF00122,INST004,2026-04-23,Arbitrage Sortant,467.8,144.6455,67665.16,254.11,67919.27,USD,0.9554,64890.07,Exécuté,OTC,OPE004
TRX001166,PF00047,INST011,2024-03-23,Dividende,137.07,209.5196,28718.85,30.87,28749.72,EUR,1.0,28749.72,Exécuté,Xetra,OPE003
TRX001167,PF00119,INST010,2026-04-17,Arbitrage Sortant,487.97,165.8981,80953.3,152.62,81105.92,EUR,1.0,81105.92,Exécuté,NYSE,OPE001
TRX001168,PF00074,INST012,2023-12-11,Arbitrage Entrant,305.05,235.7156,71905.04,192.93,72097.97,EUR,1.0,72097.97,En attente,SIX,OPE004
TRX001169,PF00143,INST001,2024-12-16,Dividende,170.96,179.7195,30724.85,85.34,30810.19,EUR,1.0,30810.19,Annulé,NYSE,OPE005
TRX001170,PF00044,INST011,2025-08-09,Coupon,128.59,25.8106,3318.99,14.63,3333.62,EUR,1.0,3333.62,Annulé,OTC,OPE003
TRX001171,PF00022,INST004,2023-06-27,Arbitrage Entrant,492.45,190.9038,94010.58,203.75,94214.33,EUR,1.0,94214.33,Annulé,SIX,OPE001
TRX001172,PF00040,INST010,2024-05-15,Frais,84.2,182.2969,15349.4,41.84,15307.56,EUR,1.0,15307.56,Exécuté,OTC,OPE004
TRX001173,PF00061,INST007,2024-10-17,Frais,66.72,307.4897,20515.71,90.24,20425.47,EUR,1.0,20425.47,Annulé,NYSE,OPE002
TRX001174,PF00029,INST010,2024-03-07,Dividende,90.13,87.9676,7928.52,32.59,7961.11,EUR,1.0,7961.11,En attente,SIX,OPE003
TRX001175,PF00056,INST007,2025-12-02,Frais,140.16,387.5448,54318.28,191.26,54127.02,EUR,1.0,54127.02,En attente,OTC,OPE005
TRX001176,PF00101,INST004,2025-08-30,Arbitrage Sortant,202.58,380.8458,77151.74,165.5,77317.24,EUR,1.0,77317.24,Exécuté,NYSE,OPE004
TRX001177,PF00074,INST001,2024-02-21,Frais,415.1,383.8381,159331.2,577.54,158753.66,EUR,1.0,158753.66,Annulé,OTC,OPE004
TRX001178,PF00108,INST007,2024-09-28,Vente,318.57,313.2492,99791.8,155.11,99946.91,EUR,1.0,99946.91,En attente,OTC,OPE004
TRX001179,PF00006,INST006,2025-05-05,Frais,125.72,288.96,36328.05,104.9,36223.15,EUR,1.0,36223.15,Exécuté,Euronext,OPE005
TRX001180,PF00100,INST009,2023-10-30,Frais,431.86,426.6514,184253.67,303.19,183950.48,EUR,1.0,183950.48,Exécuté,NYSE,OPE004
TRX001181,PF00052,INST006,2025-04-28,Vente,147.2,448.2784,65986.58,120.63,66107.21,EUR,1.0,66107.21,Annulé,NYSE,OPE005
TRX001182,PF00114,INST004,2025-05-08,Arbitrage Sortant,89.26,236.0891,21073.31,75.14,21148.45,EUR,1.0,21148.45,Exécuté,NYSE,OPE004
TRX001183,PF00018,INST001,2026-02-04,Arbitrage Entrant,17.13,341.6675,5852.76,26.15,5878.91,EUR,1.0,5878.91,Annulé,Euronext,OPE004
TRX001184,PF00067,INST015,2026-04-10,Arbitrage Entrant,269.13,360.7395,97085.82,332.8,97418.62,EUR,1.0,97418.62,Annulé,SIX,OPE001
TRX001185,PF00075,INST013,2026-02-11,Coupon,414.33,365.3238,151364.61,175.53,151540.14,EUR,1.0,151540.14,En attente,SIX,OPE004
TRX001186,PF00032,INST002,2024-02-22,Vente,423.69,381.3908,161591.47,536.36,162127.83,EUR,1.0,162127.83,Exécuté,Xetra,OPE004
TRX001187,PF00087,INST003,2023-12-18,Vente,397.98,112.9416,44948.5,62.41,45010.91,EUR,1.0,45010.91,Annulé,SIX,OPE002
TRX001188,PF00067,INST006,2024-06-30,Dividende,344.91,172.024,59332.8,166.22,59499.02,EUR,1.0,59499.02,En attente,Xetra,OPE005
TRX001189,PF00010,INST013,2023-07-11,Vente,74.86,151.3309,11328.63,21.34,11349.97,EUR,1.0,11349.97,En attente,Xetra,OPE003
TRX001190,PF00079,INST012,2025-10-10,Vente,284.25,159.3233,45287.65,174.46,45462.11,EUR,1.0,45462.11,Exécuté,NYSE,OPE002
TRX001191,PF00075,INST014,2026-04-23,Coupon,129.4,121.6798,15745.37,69.34,15814.71,EUR,1.0,15814.71,Exécuté,OTC,OPE001
TRX001192,PF00067,INST006,2025-12-31,Arbitrage Entrant,254.79,436.414,111193.92,341.06,111534.98,EUR,1.0,111534.98,En attente,NYSE,OPE003
TRX001193,PF00040,INST010,2025-07-05,Arbitrage Sortant,251.05,266.4353,66888.58,168.02,67056.6,EUR,1.0,67056.6,Exécuté,OTC,OPE004
TRX001194,PF00045,INST008,2023-09-24,Coupon,8.1,474.0046,3839.44,9.1,3848.54,EUR,1.0,3848.54,Exécuté,NYSE,OPE002
TRX001195,PF00072,INST010,2026-03-13,Arbitrage Sortant,364.65,68.5998,25014.92,44.72,25059.64,EUR,1.0,25059.64,Annulé,OTC,OPE001
TRX001196,PF00135,INST015,2024-10-04,Vente,370.95,188.1446,69792.24,78.96,69871.2,EUR,1.0,69871.2,Exécuté,OTC,OPE001
TRX001197,PF00070,INST009,2025-04-02,Frais,423.46,273.4873,115810.93,152.61,115658.32,EUR,1.0,115658.32,Annulé,OTC,OPE005
TRX001198,PF00064,INST004,2024-11-08,Dividende,398.84,99.5155,39690.76,188.35,39879.11,USD,0.9457,37713.67,Annulé,NYSE,OPE001
TRX001199,PF00069,INST009,2024-02-24,Dividende,46.59,103.1069,4803.75,20.77,4824.52,EUR,1.0,4824.52,Exécuté,OTC,OPE003
TRX001200,PF00016,INST004,2025-12-18,Vente,122.73,383.2234,47033.01,136.83,47169.84,EUR,1.0,47169.84,En attente,Euronext,OPE003
TRX001201,PF00019,INST004,2025-03-26,Coupon,59.09,50.8592,3005.27,5.38,3010.65,USD,1.0197,3069.96,Exécuté,OTC,OPE001
TRX001202,PF00149,INST007,2026-04-29,Arbitrage Sortant,452.59,362.7909,164195.53,454.91,164650.44,USD,1.0178,167581.22,En attente,SIX,OPE001
TRX001203,PF00065,INST013,2026-03-22,Coupon,301.08,251.3765,75684.44,129.13,75813.57,EUR,1.0,75813.57,En attente,Xetra,OPE003
TRX001204,PF00068,INST014,2025-01-29,Frais,125.26,144.8913,18149.08,58.89,18090.19,EUR,1.0,18090.19,Annulé,Euronext,OPE002
TRX001205,PF00125,INST001,2026-03-23,Dividende,446.79,259.6785,116021.76,346.11,116367.87,USD,0.9131,106255.5,Annulé,Xetra,OPE001
TRX001206,PF00114,INST006,2026-03-19,Arbitrage Entrant,343.79,413.0533,142003.59,251.97,142255.56,EUR,1.0,142255.56,Exécuté,NYSE,OPE003
TRX001207,PF00129,INST005,2026-01-23,Dividende,383.44,241.2191,92493.05,345.83,92838.88,USD,1.0142,94157.19,Exécuté,Xetra,OPE002
TRX001208,PF00050,INST013,2024-04-26,Coupon,393.12,427.6551,168119.77,578.41,168698.18,USD,0.9651,162810.61,En attente,SIX,OPE005
TRX001209,PF00107,INST013,2024-11-24,Arbitrage Entrant,135.42,467.0933,63253.77,182.67,63436.44,EUR,1.0,63436.44,Exécuté,NYSE,OPE003
TRX001210,PF00086,INST012,2024-05-30,Dividende,414.79,164.5199,68241.21,152.32,68393.53,EUR,1.0,68393.53,Annulé,Euronext,OPE004
TRX001211,PF00015,INST007,2025-05-08,Dividende,323.25,78.5658,25396.39,71.81,25468.2,EUR,1.0,25468.2,Exécuté,NYSE,OPE002
TRX001212,PF00066,INST005,2025-03-01,Arbitrage Sortant,187.36,167.7044,31421.1,130.83,31551.93,EUR,1.0,31551.93,En attente,OTC,OPE002
TRX001213,PF00056,INST010,2025-11-24,Frais,220.61,144.2419,31821.21,41.29,31779.92,USD,0.9651,30670.8,Annulé,OTC,OPE004
TRX001214,PF00012,INST013,2025-01-24,Arbitrage Entrant,195.64,480.2685,93959.73,359.49,94319.22,USD,0.956,90169.17,En attente,OTC,OPE004
TRX001215,PF00016,INST002,2023-08-30,Achat,320.17,145.2626,46508.73,115.24,46393.49,EUR,1.0,46393.49,Exécuté,SIX,OPE002
TRX001216,PF00019,INST006,2023-09-07,Arbitrage Sortant,366.49,413.9122,151694.68,681.99,152376.67,EUR,1.0,152376.67,En attente,NYSE,OPE005
TRX001217,PF00023,INST008,2024-10-27,Vente,164.59,277.8267,45727.5,166.57,45894.07,EUR,1.0,45894.07,Exécuté,NYSE,OPE001
TRX001218,PF00081,INST014,2023-09-22,Dividende,452.65,228.4618,103413.23,469.32,103882.55,USD,0.9643,100173.94,Exécuté,SIX,OPE003
TRX001219,PF00086,INST004,2024-10-26,Arbitrage Entrant,485.75,136.9227,66510.2,227.1,66737.3,EUR,1.0,66737.3,Exécuté,Euronext,OPE004
TRX001220,PF00110,INST007,2023-06-08,Arbitrage Sortant,243.69,33.5352,8172.19,25.44,8197.63,EUR,1.0,8197.63,Exécuté,OTC,OPE004
TRX001221,PF00009,INST009,2023-05-21,Arbitrage Sortant,399.34,397.1674,158604.83,470.75,159075.58,EUR,1.0,159075.58,Exécuté,Euronext,OPE005
TRX001222,PF00024,INST009,2025-08-14,Arbitrage Sortant,57.06,87.5297,4994.44,15.25,5009.69,EUR,1.0,5009.69,En attente,SIX,OPE005
TRX001223,PF00049,INST013,2024-07-12,Achat,383.79,221.1639,84880.49,178.88,84701.61,EUR,1.0,84701.61,Exécuté,Xetra,OPE001
TRX001224,PF00047,INST011,2024-07-08,Frais,170.57,268.5798,45811.66,172.73,45638.93,EUR,1.0,45638.93,Exécuté,SIX,OPE005
TRX001225,PF00076,INST001,2025-04-12,Frais,414.28,19.2471,7973.69,15.16,7958.53,EUR,1.0,7958.53,Exécuté,Xetra,OPE002
TRX001226,PF00150,INST011,2024-09-08,Arbitrage Sortant,163.98,234.2991,38420.37,140.68,38561.05,EUR,1.0,38561.05,En attente,NYSE,OPE002
TRX001227,PF00038,INST004,2025-10-07,Dividende,91.61,22.85,2093.29,7.13,2100.42,EUR,1.0,2100.42,Exécuté,OTC,OPE003
TRX001228,PF00018,INST006,2024-11-14,Arbitrage Sortant,158.35,122.7509,19437.61,35.67,19473.28,EUR,1.0,19473.28,Exécuté,SIX,OPE003
TRX001229,PF00060,INST015,2025-03-28,Vente,386.4,23.3753,9032.22,40.74,9072.96,EUR,1.0,9072.96,Exécuté,SIX,OPE001
TRX001230,PF00114,INST014,2024-09-04,Arbitrage Entrant,427.24,112.2063,47939.02,57.38,47996.4,EUR,1.0,47996.4,Annulé,NYSE,OPE002
TRX001231,PF00098,INST010,2025-04-04,Arbitrage Sortant,63.2,484.9295,30647.54,92.76,30740.3,EUR,1.0,30740.3,Exécuté,NYSE,OPE001
TRX001232,PF00126,INST012,2024-06-28,Frais,179.84,497.7252,89510.9,238.14,89272.76,USD,1.097,97932.22,En attente,Xetra,OPE004
TRX001233,PF00066,INST009,2024-10-24,Achat,472.5,17.9113,8463.09,21.33,8441.76,EUR,1.0,8441.76,Annulé,Euronext,OPE003
TRX001234,PF00093,INST005,2023-08-19,Arbitrage Sortant,33.59,473.5109,15905.23,57.39,15962.62,USD,1.0999,17557.29,Exécuté,SIX,OPE004
TRX001235,PF00005,INST005,2024-05-05,Arbitrage Entrant,324.03,168.4028,54567.56,85.29,54652.85,USD,0.9355,51127.74,Exécuté,NYSE,OPE005
TRX001236,PF00040,INST003,2026-01-15,Arbitrage Entrant,235.44,29.1055,6852.6,23.19,6875.79,USD,1.0733,7379.79,Exécuté,Xetra,OPE005
TRX001237,PF00107,INST014,2024-10-07,Vente,210.2,95.5724,20089.32,61.76,20151.08,USD,1.0484,21126.39,Exécuté,Xetra,OPE001
TRX001238,PF00042,INST001,2025-03-25,Coupon,102.83,207.7906,21367.11,53.26,21420.37,EUR,1.0,21420.37,En attente,Xetra,OPE001
TRX001239,PF00007,INST006,2025-01-05,Achat,444.52,26.7692,11899.44,53.41,11846.03,EUR,1.0,11846.03,Exécuté,OTC,OPE004
TRX001240,PF00135,INST003,2023-11-15,Vente,50.96,180.8465,9215.94,17.43,9233.37,EUR,1.0,9233.37,Exécuté,Euronext,OPE004
TRX001241,PF00119,INST007,2025-08-10,Arbitrage Sortant,449.17,225.8038,101424.29,449.07,101873.36,EUR,1.0,101873.36,Exécuté,SIX,OPE004
TRX001242,PF00066,INST003,2024-04-12,Dividende,328.53,189.1355,62136.69,214.65,62351.34,EUR,1.0,62351.34,Annulé,SIX,OPE005
TRX001243,PF00051,INST003,2024-12-18,Vente,257.85,404.6693,104343.98,163.86,104507.84,EUR,1.0,104507.84,Exécuté,SIX,OPE003
TRX001244,PF00027,INST004,2024-07-26,Vente,126.08,367.7148,46361.48,102.2,46463.68,EUR,1.0,46463.68,En attente,OTC,OPE005
TRX001245,PF00148,INST015,2023-12-14,Dividende,380.19,74.5365,28338.03,76.17,28414.2,USD,1.0159,28865.99,Exécuté,SIX,OPE001
TRX001246,PF00051,INST003,2024-02-07,Achat,72.33,26.7159,1932.36,8.08,1924.28,USD,0.9794,1884.64,Exécuté,OTC,OPE004
TRX001247,PF00124,INST014,2025-02-14,Dividende,94.69,436.0677,41291.25,201.63,41492.88,EUR,1.0,41492.88,Annulé,NYSE,OPE004
TRX001248,PF00068,INST009,2025-01-18,Coupon,59.79,146.8595,8780.73,35.77,8816.5,EUR,1.0,8816.5,Exécuté,NYSE,OPE003
TRX001249,PF00088,INST013,2023-10-31,Arbitrage Sortant,244.19,278.9614,68119.58,248.84,68368.42,EUR,1.0,68368.42,En attente,Xetra,OPE001
TRX001250,PF00094,INST007,2024-09-21,Arbitrage Entrant,13.68,276.2262,3778.77,5.21,3783.98,EUR,1.0,3783.98,Exécuté,Euronext,OPE005
TRX001251,PF00076,INST003,2023-08-29,Arbitrage Sortant,174.46,231.7568,40432.29,129.92,40562.21,EUR,1.0,40562.21,En attente,NYSE,OPE004
TRX001252,PF00131,INST004,2026-03-30,Vente,420.17,118.71,49878.38,53.21,49931.59,EUR,1.0,49931.59,En attente,OTC,OPE002
TRX001253,PF00145,INST014,2025-09-13,Frais,263.0,402.1274,105759.51,259.18,105500.33,USD,1.0387,109583.19,En attente,NYSE,OPE003
TRX001254,PF00041,INST002,2025-11-20,Arbitrage Entrant,83.65,320.8132,26836.02,93.19,26929.21,USD,1.0082,27150.03,En attente,SIX,OPE002
TRX001255,PF00072,INST001,2026-03-04,Coupon,148.95,451.4687,67246.26,328.7,67574.96,EUR,1.0,67574.96,Annulé,Xetra,OPE002
TRX001256,PF00077,INST001,2025-07-11,Achat,126.41,282.3211,35688.21,80.17,35608.04,EUR,1.0,35608.04,Exécuté,SIX,OPE002
TRX001257,PF00037,INST008,2024-04-11,Arbitrage Sortant,80.97,486.3266,39377.86,193.18,39571.04,USD,0.9782,38708.39,Exécuté,SIX,OPE004
TRX001258,PF00050,INST004,2026-01-10,Arbitrage Sortant,175.85,120.8895,21258.42,101.96,21360.38,USD,1.0785,23037.17,Exécuté,OTC,OPE002
TRX001259,PF00053,INST008,2026-03-09,Vente,336.45,382.6865,128754.87,134.3,128889.17,EUR,1.0,128889.17,En attente,Xetra,OPE005
TRX001260,PF00027,INST013,2023-10-11,Arbitrage Entrant,299.62,123.7688,37083.61,102.09,37185.7,EUR,1.0,37185.7,En attente,OTC,OPE004
TRX001261,PF00040,INST002,2024-03-30,Arbitrage Sortant,455.34,177.2748,80720.31,168.58,80888.89,EUR,1.0,80888.89,Annulé,Xetra,OPE001
TRX001262,PF00120,INST007,2024-03-31,Frais,85.06,357.7827,30433.0,135.79,30297.21,EUR,1.0,30297.21,Exécuté,NYSE,OPE005
TRX001263,PF00027,INST002,2023-10-26,Arbitrage Entrant,302.05,303.533,91682.14,224.64,91906.78,EUR,1.0,91906.78,Annulé,SIX,OPE001
TRX001264,PF00027,INST014,2024-01-30,Arbitrage Sortant,140.82,364.7857,51369.12,108.05,51477.17,EUR,1.0,51477.17,En attente,Xetra,OPE004
TRX001265,PF00065,INST006,2024-09-16,Achat,7.45,359.4169,2677.66,7.88,2669.78,EUR,1.0,2669.78,Exécuté,OTC,OPE004
TRX001266,PF00069,INST002,2025-09-27,Arbitrage Sortant,413.3,249.0524,102933.36,352.71,103286.07,EUR,1.0,103286.07,En attente,OTC,OPE004
TRX001267,PF00011,INST010,2024-08-13,Achat,295.58,398.864,117896.22,567.82,117328.4,EUR,1.0,117328.4,Exécuté,NYSE,OPE003
TRX001268,PF00149,INST011,2023-08-09,Arbitrage Entrant,451.99,216.6964,97944.61,252.21,98196.82,EUR,1.0,98196.82,Exécuté,SIX,OPE004
TRX001269,PF00147,INST014,2024-08-18,Frais,19.6,205.3594,4025.04,16.99,4008.05,EUR,1.0,4008.05,Exécuté,NYSE,OPE005
TRX001270,PF00047,INST001,2025-10-25,Arbitrage Entrant,473.03,58.4141,27631.62,129.39,27761.01,EUR,1.0,27761.01,Annulé,Xetra,OPE003
TRX001271,PF00089,INST006,2024-03-07,Vente,139.04,394.0178,54784.23,125.9,54910.13,EUR,1.0,54910.13,Exécuté,NYSE,OPE005
TRX001272,PF00141,INST011,2024-11-14,Dividende,370.61,379.1264,140508.04,579.44,141087.48,USD,1.0689,150808.41,Exécuté,Xetra,OPE003
TRX001273,PF00138,INST012,2024-10-04,Arbitrage Sortant,418.28,121.5098,50825.12,219.3,51044.42,EUR,1.0,51044.42,Exécuté,SIX,OPE003
TRX001274,PF00128,INST011,2025-07-27,Vente,378.53,109.0531,41279.87,182.62,41462.49,EUR,1.0,41462.49,Exécuté,Xetra,OPE004
TRX001275,PF00093,INST013,2025-04-11,Vente,479.69,168.1523,80660.98,116.63,80777.61,EUR,1.0,80777.61,En attente,OTC,OPE003
TRX001276,PF00144,INST009,2025-01-26,Vente,199.59,350.8617,70028.49,125.66,70154.15,EUR,1.0,70154.15,En attente,SIX,OPE003
TRX001277,PF00038,INST012,2025-08-12,Dividende,266.88,204.4108,54553.15,255.58,54808.73,EUR,1.0,54808.73,Exécuté,OTC,OPE005
TRX001278,PF00022,INST006,2025-09-18,Vente,221.83,29.9787,6650.18,21.23,6671.41,EUR,1.0,6671.41,Exécuté,SIX,OPE002
TRX001279,PF00057,INST004,2023-09-03,Vente,220.74,407.6474,89984.09,142.31,90126.4,EUR,1.0,90126.4,Exécuté,Euronext,OPE005
TRX001280,PF00124,INST014,2025-08-04,Coupon,207.85,280.1008,58218.95,190.51,58409.46,EUR,1.0,58409.46,Exécuté,OTC,OPE005
TRX001281,PF00103,INST011,2023-08-02,Frais,444.41,489.7742,217660.55,867.85,216792.7,EUR,1.0,216792.7,Exécuté,SIX,OPE003
TRX001282,PF00094,INST015,2025-03-22,Vente,160.76,184.9663,29735.18,143.69,29878.87,USD,0.9643,28812.19,Exécuté,OTC,OPE005
TRX001283,PF00033,INST002,2026-04-29,Arbitrage Sortant,492.77,357.0934,175964.91,552.78,176517.69,EUR,1.0,176517.69,En attente,NYSE,OPE003
TRX001284,PF00142,INST014,2025-05-24,Vente,233.18,291.387,67945.62,82.4,68028.02,EUR,1.0,68028.02,Annulé,OTC,OPE004
TRX001285,PF00017,INST003,2024-09-19,Achat,280.42,283.9081,79613.51,97.94,79515.57,EUR,1.0,79515.57,Annulé,NYSE,OPE001
TRX001286,PF00091,INST002,2024-09-13,Arbitrage Entrant,138.77,133.4859,18523.84,84.95,18608.79,EUR,1.0,18608.79,En attente,SIX,OPE004
TRX001287,PF00035,INST007,2024-04-07,Vente,331.24,161.8144,53599.4,203.08,53802.48,EUR,1.0,53802.48,Exécuté,NYSE,OPE005
TRX001288,PF00131,INST007,2026-02-16,Vente,383.38,490.2875,187966.42,629.22,188595.64,EUR,1.0,188595.64,En attente,Euronext,OPE003
TRX001289,PF00031,INST013,2025-06-17,Achat,307.31,269.5883,82847.18,324.89,82522.29,USD,0.9498,78379.67,En attente,NYSE,OPE002
TRX001290,PF00008,INST011,2026-05-14,Coupon,364.6,172.5772,62921.65,86.62,63008.27,EUR,1.0,63008.27,En attente,SIX,OPE004
TRX001291,PF00098,INST012,2023-10-24,Coupon,70.12,178.2147,12496.41,17.29,12513.7,EUR,1.0,12513.7,Exécuté,SIX,OPE003
TRX001292,PF00128,INST002,2026-03-19,Vente,130.99,108.2976,14185.9,34.11,14220.01,EUR,1.0,14220.01,Exécuté,SIX,OPE001
TRX001293,PF00135,INST005,2025-10-10,Achat,439.77,39.8414,17521.05,56.57,17464.48,EUR,1.0,17464.48,Exécuté,NYSE,OPE001
TRX001294,PF00136,INST001,2025-04-24,Achat,164.1,160.0693,26267.37,110.33,26157.04,EUR,1.0,26157.04,Exécuté,NYSE,OPE002
TRX001295,PF00128,INST003,2023-07-08,Frais,109.97,179.1715,19703.49,88.44,19615.05,USD,1.0199,20005.39,En attente,NYSE,OPE004
TRX001296,PF00046,INST009,2025-04-08,Vente,407.37,228.1022,92921.99,324.14,93246.13,EUR,1.0,93246.13,Exécuté,Xetra,OPE001
TRX001297,PF00090,INST011,2024-11-02,Vente,295.46,92.0188,27187.87,38.03,27225.9,USD,1.0207,27789.48,En attente,Xetra,OPE004
TRX001298,PF00141,INST014,2025-03-10,Coupon,392.25,472.5654,185363.78,681.18,186044.96,EUR,1.0,186044.96,Exécuté,NYSE,OPE003
TRX001299,PF00037,INST004,2024-12-21,Arbitrage Sortant,245.89,399.0864,98131.35,114.46,98245.81,EUR,1.0,98245.81,Annulé,OTC,OPE001
TRX001300,PF00134,INST002,2025-03-08,Arbitrage Entrant,327.75,456.8148,149721.05,486.89,150207.94,EUR,1.0,150207.94,En attente,NYSE,OPE003
TRX001301,PF00083,INST003,2026-04-22,Coupon,382.0,153.55,58656.1,205.61,58861.71,EUR,1.0,58861.71,Annulé,SIX,OPE001
TRX001302,PF00126,INST001,2024-08-26,Coupon,53.05,285.014,15119.99,51.99,15171.98,EUR,1.0,15171.98,Annulé,Xetra,OPE001
TRX001303,PF00136,INST014,2024-10-03,Achat,94.85,53.7019,5093.63,23.27,5070.36,USD,1.0282,5213.34,Exécuté,OTC,OPE001
TRX001304,PF00013,INST005,2025-12-29,Coupon,94.93,482.4517,45799.14,55.41,45854.55,EUR,1.0,45854.55,En attente,OTC,OPE002
TRX001305,PF00131,INST006,2025-08-29,Arbitrage Entrant,349.89,456.2244,159628.36,222.62,159850.98,USD,1.0785,172399.28,Exécuté,Euronext,OPE002
TRX001306,PF00127,INST004,2025-05-18,Frais,320.57,17.6404,5654.98,26.51,5628.47,USD,1.0801,6079.31,Exécuté,Xetra,OPE001
TRX001307,PF00062,INST011,2024-02-11,Arbitrage Sortant,457.71,172.0678,78757.15,134.54,78891.69,EUR,1.0,78891.69,Exécuté,Xetra,OPE004
TRX001308,PF00012,INST003,2024-11-13,Vente,299.78,314.6642,94330.03,191.75,94521.78,EUR,1.0,94521.78,En attente,Xetra,OPE002
TRX001309,PF00070,INST007,2025-05-27,Arbitrage Entrant,6.1,413.5419,2522.61,6.33,2528.94,USD,1.0633,2689.02,Annulé,Xetra,OPE005
TRX001310,PF00003,INST011,2025-08-11,Arbitrage Entrant,198.34,351.0409,69625.45,194.71,69820.16,USD,0.9141,63822.61,Exécuté,Euronext,OPE002
TRX001311,PF00126,INST002,2026-05-10,Vente,268.93,92.0097,24744.17,98.0,24842.17,EUR,1.0,24842.17,Exécuté,OTC,OPE003
TRX001312,PF00073,INST014,2025-03-14,Frais,131.49,382.8848,50345.52,129.87,50215.65,USD,1.09,54735.06,En attente,SIX,OPE002
TRX001313,PF00033,INST009,2025-07-14,Achat,235.01,63.5785,14941.58,28.61,14912.97,EUR,1.0,14912.97,Exécuté,Euronext,OPE001
TRX001314,PF00062,INST007,2024-11-12,Frais,186.08,371.7897,69182.63,191.5,68991.13,EUR,1.0,68991.13,En attente,NYSE,OPE002
TRX001315,PF00082,INST001,2025-12-19,Frais,8.09,84.8282,686.26,3.05,683.21,EUR,1.0,683.21,Exécuté,Xetra,OPE004
TRX001316,PF00052,INST015,2024-08-01,Arbitrage Entrant,29.16,196.2168,5721.68,27.39,5749.07,EUR,1.0,5749.07,Exécuté,NYSE,OPE002
TRX001317,PF00086,INST011,2023-10-24,Arbitrage Entrant,220.0,436.9553,96130.17,122.81,96252.98,USD,1.0203,98206.92,Exécuté,OTC,OPE002
TRX001318,PF00037,INST009,2025-11-17,Dividende,29.3,345.5338,10124.14,26.72,10150.86,EUR,1.0,10150.86,En attente,NYSE,OPE003
TRX001319,PF00095,INST001,2025-03-02,Vente,450.86,345.3151,155688.77,159.36,155848.13,EUR,1.0,155848.13,En attente,Euronext,OPE004
TRX001320,PF00146,INST002,2025-03-02,Arbitrage Sortant,113.03,317.8604,35927.76,116.93,36044.69,EUR,1.0,36044.69,Exécuté,SIX,OPE005
TRX001321,PF00099,INST005,2024-11-19,Arbitrage Entrant,308.41,230.3389,71038.82,283.61,71322.43,EUR,1.0,71322.43,En attente,Xetra,OPE003
TRX001322,PF00117,INST008,2023-10-30,Vente,227.66,440.9277,100381.6,190.26,100571.86,EUR,1.0,100571.86,Exécuté,SIX,OPE003
TRX001323,PF00042,INST006,2025-07-26,Arbitrage Entrant,11.45,404.6707,4633.48,7.3,4640.78,EUR,1.0,4640.78,Annulé,OTC,OPE002
TRX001324,PF00103,INST003,2026-01-09,Arbitrage Sortant,313.62,111.9695,35115.87,92.11,35207.98,EUR,1.0,35207.98,Annulé,SIX,OPE004
TRX001325,PF00100,INST008,2025-09-26,Dividende,169.56,336.033,56977.76,87.32,57065.08,USD,0.9492,54166.17,Exécuté,OTC,OPE002
TRX001326,PF00094,INST015,2025-01-12,Coupon,274.55,384.3485,105522.88,277.82,105800.7,EUR,1.0,105800.7,Exécuté,SIX,OPE002
TRX001327,PF00121,INST002,2025-10-31,Frais,326.47,157.1569,51307.01,222.24,51084.77,EUR,1.0,51084.77,Exécuté,NYSE,OPE002
TRX001328,PF00087,INST009,2023-08-12,Vente,330.17,469.1898,154912.4,422.47,155334.87,EUR,1.0,155334.87,Exécuté,NYSE,OPE004
TRX001329,PF00146,INST011,2024-05-17,Vente,137.39,375.5261,51593.53,167.86,51761.39,USD,1.0282,53221.06,En attente,NYSE,OPE002
TRX001330,PF00106,INST006,2025-02-07,Coupon,123.6,371.8482,45960.44,186.16,46146.6,EUR,1.0,46146.6,Exécuté,OTC,OPE005
TRX001331,PF00136,INST012,2025-01-27,Arbitrage Entrant,438.08,341.3328,149531.07,620.23,150151.3,EUR,1.0,150151.3,Exécuté,Euronext,OPE001
TRX001332,PF00085,INST014,2024-02-04,Achat,157.33,451.8838,71094.88,128.83,70966.05,USD,1.0916,77466.54,Exécuté,Euronext,OPE003
TRX001333,PF00081,INST010,2023-06-29,Arbitrage Sortant,223.86,175.9242,39382.39,66.98,39449.37,EUR,1.0,39449.37,Exécuté,OTC,OPE002
TRX001334,PF00039,INST003,2025-08-01,Coupon,60.1,456.0134,27406.41,72.32,27478.73,EUR,1.0,27478.73,Exécuté,NYSE,OPE001
TRX001335,PF00038,INST015,2025-06-20,Coupon,49.44,29.2954,1448.36,6.55,1454.91,EUR,1.0,1454.91,Annulé,SIX,OPE002
TRX001336,PF00006,INST010,2023-06-09,Arbitrage Entrant,493.9,187.5683,92639.98,256.03,92896.01,USD,0.9895,91920.6,Exécuté,SIX,OPE005
TRX001337,PF00089,INST015,2024-12-06,Dividende,493.92,444.3804,219488.37,279.97,219768.34,USD,1.0248,225218.59,Annulé,NYSE,OPE001
TRX001338,PF00051,INST011,2024-11-11,Dividende,146.88,398.4631,58526.26,242.67,58768.93,EUR,1.0,58768.93,En attente,SIX,OPE001
TRX001339,PF00107,INST003,2026-05-10,Dividende,425.78,104.0913,44319.99,94.0,44413.99,EUR,1.0,44413.99,Annulé,Xetra,OPE002
TRX001340,PF00014,INST011,2025-10-03,Vente,350.56,138.9256,48701.76,242.76,48944.52,EUR,1.0,48944.52,Exécuté,Xetra,OPE004
TRX001341,PF00021,INST006,2024-05-20,Frais,16.66,437.2996,7285.41,34.29,7251.12,EUR,1.0,7251.12,En attente,Euronext,OPE003
TRX001342,PF00098,INST004,2025-09-29,Coupon,190.63,27.6317,5267.43,19.42,5286.85,EUR,1.0,5286.85,Exécuté,Xetra,OPE005
TRX001343,PF00109,INST007,2023-10-28,Arbitrage Entrant,171.72,472.0241,81055.98,314.21,81370.19,USD,0.9978,81191.18,Exécuté,Euronext,OPE004
TRX001344,PF00022,INST013,2024-04-01,Arbitrage Entrant,456.76,432.1248,197377.32,904.63,198281.95,EUR,1.0,198281.95,Exécuté,Euronext,OPE002
TRX001345,PF00020,INST003,2024-08-17,Dividende,33.41,290.2353,9696.76,18.89,9715.65,EUR,1.0,9715.65,Exécuté,Euronext,OPE001
TRX001346,PF00088,INST014,2023-12-09,Frais,36.12,295.5499,10675.26,51.91,10623.35,EUR,1.0,10623.35,Exécuté,Euronext,OPE005
TRX001347,PF00032,INST001,2024-05-24,Arbitrage Entrant,70.22,459.8211,32288.64,151.96,32440.6,USD,0.9183,29790.2,Exécuté,Euronext,OPE004
TRX001348,PF00060,INST004,2024-10-27,Achat,358.77,199.5815,71603.85,250.74,71353.11,USD,0.9952,71010.62,Exécuté,SIX,OPE005
TRX001349,PF00048,INST008,2025-07-06,Dividende,366.05,299.9879,109810.57,487.95,110298.52,EUR,1.0,110298.52,Exécuté,OTC,OPE001
TRX001350,PF00021,INST003,2023-08-21,Vente,132.37,440.3066,58283.38,192.44,58475.82,USD,1.04,60814.85,Exécuté,NYSE,OPE002
TRX001351,PF00083,INST013,2024-03-01,Vente,82.05,321.2955,26362.3,88.82,26451.12,EUR,1.0,26451.12,En attente,Xetra,OPE002
TRX001352,PF00110,INST005,2024-03-03,Arbitrage Sortant,173.03,127.9776,22143.96,22.76,22166.72,EUR,1.0,22166.72,Exécuté,NYSE,OPE001
TRX001353,PF00016,INST002,2026-05-02,Coupon,172.77,369.1279,63774.23,221.89,63996.12,EUR,1.0,63996.12,Exécuté,SIX,OPE001
TRX001354,PF00023,INST006,2024-11-19,Frais,385.92,458.0936,176787.48,670.43,176117.05,EUR,1.0,176117.05,En attente,Xetra,OPE003
TRX001355,PF00116,INST006,2025-10-21,Arbitrage Entrant,405.67,191.5173,77692.82,171.0,77863.82,EUR,1.0,77863.82,Exécuté,OTC,OPE002
TRX001356,PF00059,INST010,2024-03-23,Vente,22.31,182.9185,4080.91,11.67,4092.58,EUR,1.0,4092.58,Exécuté,SIX,OPE004
TRX001357,PF00119,INST008,2023-08-26,Vente,71.9,377.7705,27161.7,72.75,27234.45,EUR,1.0,27234.45,Exécuté,Xetra,OPE004
TRX001358,PF00039,INST007,2025-04-22,Dividende,7.96,397.7738,3166.28,11.55,3177.83,USD,0.9302,2956.02,Exécuté,NYSE,OPE001
TRX001359,PF00005,INST007,2024-07-17,Coupon,75.8,175.2845,13286.57,14.44,13301.01,EUR,1.0,13301.01,Exécuté,Xetra,OPE005
TRX001360,PF00072,INST004,2024-05-19,Vente,243.78,364.6273,88888.84,242.79,89131.63,USD,0.9975,88908.8,Exécuté,Xetra,OPE001
TRX001361,PF00018,INST006,2024-03-12,Arbitrage Entrant,238.87,151.7677,36252.75,70.35,36323.1,EUR,1.0,36323.1,Exécuté,SIX,OPE004
TRX001362,PF00004,INST005,2026-04-24,Arbitrage Entrant,80.14,318.9249,25558.64,95.49,25654.13,EUR,1.0,25654.13,En attente,Euronext,OPE005
TRX001363,PF00034,INST009,2024-08-16,Dividende,171.21,192.9438,33033.91,124.01,33157.92,USD,0.9739,32292.5,Annulé,Euronext,OPE001
TRX001364,PF00115,INST006,2025-02-05,Coupon,123.81,472.8426,58542.64,219.72,58762.36,EUR,1.0,58762.36,Annulé,Xetra,OPE005
TRX001365,PF00088,INST010,2023-12-07,Arbitrage Sortant,166.2,105.2451,17491.74,26.39,17518.13,EUR,1.0,17518.13,En attente,NYSE,OPE005
TRX001366,PF00061,INST014,2023-09-03,Arbitrage Sortant,125.3,286.016,35837.8,163.5,36001.3,EUR,1.0,36001.3,En attente,Euronext,OPE004
TRX001367,PF00038,INST010,2026-02-16,Dividende,41.57,250.5608,10415.81,35.52,10451.33,EUR,1.0,10451.33,Exécuté,SIX,OPE004
TRX001368,PF00050,INST013,2025-09-04,Arbitrage Sortant,138.83,80.1108,11121.78,48.84,11170.62,EUR,1.0,11170.62,Annulé,NYSE,OPE002
TRX001369,PF00001,INST006,2024-04-22,Dividende,412.59,246.451,101683.22,161.12,101844.34,EUR,1.0,101844.34,Exécuté,SIX,OPE003
TRX001370,PF00138,INST004,2025-07-06,Arbitrage Sortant,405.55,102.2156,41453.54,194.62,41648.16,EUR,1.0,41648.16,Exécuté,Euronext,OPE002
TRX001371,PF00135,INST013,2024-06-05,Frais,141.95,397.4476,56417.69,151.87,56265.82,EUR,1.0,56265.82,Exécuté,Xetra,OPE002
TRX001372,PF00037,INST005,2025-02-07,Achat,15.38,325.5543,5007.03,13.45,4993.58,EUR,1.0,4993.58,Annulé,NYSE,OPE004
TRX001373,PF00098,INST009,2025-05-30,Vente,297.33,381.6462,113474.86,162.38,113637.24,EUR,1.0,113637.24,Annulé,Xetra,OPE002
TRX001374,PF00117,INST005,2023-10-08,Vente,293.65,168.1738,49384.24,52.73,49436.97,EUR,1.0,49436.97,Exécuté,OTC,OPE004
TRX001375,PF00095,INST003,2024-05-16,Dividende,416.07,193.7642,80619.47,88.83,80708.3,EUR,1.0,80708.3,Exécuté,SIX,OPE002
TRX001376,PF00084,INST010,2023-07-28,Arbitrage Sortant,380.51,325.3743,123808.17,284.27,124092.44,EUR,1.0,124092.44,En attente,Euronext,OPE002
TRX001377,PF00128,INST002,2025-09-30,Achat,70.82,60.1041,4256.57,7.04,4249.53,USD,0.9184,3902.77,Exécuté,Xetra,OPE003
TRX001378,PF00021,INST007,2024-02-14,Dividende,375.67,251.3033,94407.11,300.26,94707.37,EUR,1.0,94707.37,Annulé,NYSE,OPE005
TRX001379,PF00023,INST014,2024-06-21,Vente,224.8,66.4721,14942.93,69.42,15012.35,EUR,1.0,15012.35,Exécuté,NYSE,OPE001
TRX001380,PF00143,INST001,2023-09-18,Achat,321.81,351.671,113171.24,329.87,112841.37,EUR,1.0,112841.37,Exécuté,NYSE,OPE002
TRX001381,PF00036,INST009,2023-11-20,Dividende,162.15,380.4219,61685.41,227.07,61912.48,EUR,1.0,61912.48,En attente,Xetra,OPE004
TRX001382,PF00007,INST011,2025-05-24,Arbitrage Entrant,348.87,279.5152,97514.47,113.17,97627.64,EUR,1.0,97627.64,Exécuté,NYSE,OPE005
TRX001383,PF00126,INST001,2025-02-07,Dividende,351.21,294.9758,103598.45,256.14,103854.59,USD,0.9794,101715.19,Exécuté,OTC,OPE001
TRX001384,PF00073,INST005,2025-04-17,Frais,187.78,200.3257,37617.16,163.23,37453.93,EUR,1.0,37453.93,Exécuté,NYSE,OPE003
TRX001385,PF00067,INST007,2023-09-17,Achat,325.58,231.3084,75309.39,209.52,75099.87,EUR,1.0,75099.87,Exécuté,NYSE,OPE001
TRX001386,PF00011,INST007,2025-08-03,Arbitrage Sortant,54.26,467.2109,25350.86,46.2,25397.06,EUR,1.0,25397.06,Exécuté,OTC,OPE003
TRX001387,PF00093,INST008,2024-03-10,Achat,324.27,122.6069,39757.74,181.33,39576.41,EUR,1.0,39576.41,Exécuté,OTC,OPE001
TRX001388,PF00080,INST001,2024-08-28,Vente,414.96,431.5754,179086.53,326.91,179413.44,EUR,1.0,179413.44,Exécuté,SIX,OPE004
TRX001389,PF00043,INST015,2024-01-30,Coupon,240.61,302.4028,72761.14,304.14,73065.28,USD,0.9155,66891.26,Exécuté,Euronext,OPE001
TRX001390,PF00013,INST014,2023-09-23,Achat,473.45,465.7781,220522.64,488.19,220034.45,EUR,1.0,220034.45,En attente,NYSE,OPE001
TRX001391,PF00014,INST006,2024-10-31,Vente,323.24,485.7607,157017.29,622.95,157640.24,EUR,1.0,157640.24,Exécuté,Xetra,OPE004
TRX001392,PF00006,INST005,2024-01-07,Arbitrage Sortant,18.46,68.8375,1270.74,1.99,1272.73,EUR,1.0,1272.73,Exécuté,Euronext,OPE001
TRX001393,PF00122,INST003,2023-11-05,Achat,57.18,365.1564,20879.64,58.9,20820.74,EUR,1.0,20820.74,Exécuté,Euronext,OPE005
TRX001394,PF00123,INST002,2026-01-07,Arbitrage Entrant,346.21,115.583,40015.99,103.65,40119.64,EUR,1.0,40119.64,Exécuté,Euronext,OPE004
TRX001395,PF00111,INST014,2023-10-02,Coupon,206.8,486.7245,100654.63,332.87,100987.5,EUR,1.0,100987.5,Exécuté,Xetra,OPE003
TRX001396,PF00123,INST004,2026-02-01,Arbitrage Sortant,134.37,338.9089,45539.19,220.99,45760.18,USD,0.947,43334.89,Annulé,Euronext,OPE001
TRX001397,PF00145,INST014,2024-12-25,Arbitrage Sortant,218.24,476.5518,104002.66,307.24,104309.9,USD,1.0431,108805.66,Exécuté,Xetra,OPE003
TRX001398,PF00023,INST010,2025-10-10,Dividende,228.67,241.5128,55226.73,91.43,55318.16,EUR,1.0,55318.16,En attente,OTC,OPE002
TRX001399,PF00083,INST012,2024-03-12,Arbitrage Entrant,174.05,95.2417,16576.82,43.22,16620.04,EUR,1.0,16620.04,Exécuté,Xetra,OPE002
TRX001400,PF00127,INST011,2024-03-02,Frais,204.51,481.0793,98385.53,132.41,98253.12,EUR,1.0,98253.12,Exécuté,Xetra,OPE003
TRX001401,PF00120,INST008,2025-02-18,Arbitrage Sortant,270.07,343.3655,92732.72,422.77,93155.49,EUR,1.0,93155.49,En attente,NYSE,OPE005
TRX001402,PF00088,INST009,2024-08-13,Arbitrage Entrant,416.17,88.1197,36672.78,153.84,36826.62,USD,1.0954,40339.88,Exécuté,SIX,OPE001
TRX001403,PF00108,INST015,2025-04-25,Achat,495.26,276.5584,136968.31,421.63,136546.68,EUR,1.0,136546.68,Exécuté,OTC,OPE002
TRX001404,PF00059,INST011,2024-04-17,Arbitrage Entrant,394.07,249.6982,98398.57,226.51,98625.08,EUR,1.0,98625.08,En attente,SIX,OPE005
TRX001405,PF00101,INST004,2026-02-06,Frais,176.22,209.9192,36991.96,148.2,36843.76,EUR,1.0,36843.76,Exécuté,SIX,OPE002
TRX001406,PF00049,INST012,2024-08-10,Achat,446.7,484.9474,216626.0,909.77,215716.23,EUR,1.0,215716.23,Exécuté,Euronext,OPE003
TRX001407,PF00062,INST013,2024-10-31,Coupon,152.13,112.5296,17119.13,60.82,17179.95,USD,0.9047,15542.7,Exécuté,Xetra,OPE001
TRX001408,PF00054,INST003,2024-12-26,Arbitrage Sortant,388.26,44.9547,17454.11,35.15,17489.26,EUR,1.0,17489.26,Annulé,Xetra,OPE004
TRX001409,PF00003,INST012,2024-12-11,Frais,150.81,199.9962,30161.43,55.31,30106.12,EUR,1.0,30106.12,En attente,OTC,OPE004
TRX001410,PF00011,INST011,2024-12-28,Coupon,488.53,254.9975,124573.93,299.72,124873.65,EUR,1.0,124873.65,Annulé,SIX,OPE005
TRX001411,PF00026,INST007,2026-01-30,Arbitrage Entrant,293.98,441.5115,129795.55,622.56,130418.11,EUR,1.0,130418.11,Exécuté,SIX,OPE001
TRX001412,PF00125,INST013,2026-05-11,Achat,237.96,276.4301,65779.31,87.61,65691.7,EUR,1.0,65691.7,Annulé,SIX,OPE003
TRX001413,PF00062,INST010,2026-04-24,Coupon,18.14,161.8087,2935.21,12.06,2947.27,EUR,1.0,2947.27,Exécuté,OTC,OPE004
TRX001414,PF00025,INST001,2025-04-15,Arbitrage Entrant,65.06,432.7312,28153.49,116.09,28269.58,EUR,1.0,28269.58,Exécuté,OTC,OPE002
TRX001415,PF00119,INST005,2026-02-28,Arbitrage Entrant,282.96,402.6408,113931.24,358.05,114289.29,EUR,1.0,114289.29,Exécuté,OTC,OPE001
TRX001416,PF00133,INST008,2025-01-28,Vente,451.23,153.7608,69381.49,114.55,69496.04,EUR,1.0,69496.04,En attente,Xetra,OPE004
TRX001417,PF00029,INST011,2026-03-26,Vente,484.31,47.6421,23073.55,67.57,23141.12,USD,0.9011,20852.46,Exécuté,SIX,OPE001
TRX001418,PF00078,INST003,2023-08-25,Vente,170.7,344.6862,58837.93,257.84,59095.77,USD,1.0428,61625.07,Exécuté,Euronext,OPE002
TRX001419,PF00036,INST003,2025-10-08,Arbitrage Entrant,489.42,306.5509,150032.14,164.24,150196.38,EUR,1.0,150196.38,Exécuté,SIX,OPE001
TRX001420,PF00135,INST015,2023-05-20,Arbitrage Entrant,184.78,276.3075,51056.1,136.55,51192.65,EUR,1.0,51192.65,Exécuté,SIX,OPE005
TRX001421,PF00109,INST002,2024-02-01,Achat,44.53,440.1127,19598.22,71.71,19526.51,EUR,1.0,19526.51,Annulé,OTC,OPE002
TRX001422,PF00036,INST002,2023-12-08,Achat,81.84,289.5061,23693.18,86.68,23606.5,EUR,1.0,23606.5,En attente,Xetra,OPE005
TRX001423,PF00068,INST008,2023-11-29,Achat,485.46,331.5687,160963.34,535.76,160427.58,EUR,1.0,160427.58,En attente,Euronext,OPE002
TRX001424,PF00052,INST003,2023-07-28,Dividende,67.47,353.7222,23865.64,24.93,23890.57,EUR,1.0,23890.57,En attente,Euronext,OPE001
TRX001425,PF00135,INST011,2025-02-02,Dividende,293.2,14.3402,4204.55,19.01,4223.56,USD,0.9639,4071.09,Exécuté,SIX,OPE002
TRX001426,PF00049,INST011,2023-09-21,Coupon,239.66,114.92,27541.73,46.54,27588.27,EUR,1.0,27588.27,Exécuté,NYSE,OPE005
TRX001427,PF00038,INST014,2025-12-31,Arbitrage Sortant,34.93,261.5584,9136.23,45.22,9181.45,USD,0.9494,8716.87,Annulé,Xetra,OPE002
TRX001428,PF00068,INST007,2024-12-11,Achat,376.43,31.0254,11678.89,26.65,11652.24,EUR,1.0,11652.24,Exécuté,NYSE,OPE003
TRX001429,PF00101,INST008,2025-07-14,Frais,418.35,120.1133,50249.4,232.66,50016.74,EUR,1.0,50016.74,En attente,OTC,OPE004
TRX001430,PF00041,INST004,2023-08-17,Frais,261.11,253.5954,66216.29,86.1,66130.19,EUR,1.0,66130.19,Annulé,Euronext,OPE005
TRX001431,PF00022,INST012,2024-04-26,Arbitrage Sortant,73.64,324.2861,23880.43,59.18,23939.61,EUR,1.0,23939.61,Exécuté,SIX,OPE003
TRX001432,PF00078,INST014,2025-12-10,Frais,303.04,460.4701,139540.86,616.98,138923.88,EUR,1.0,138923.88,En attente,SIX,OPE004
TRX001433,PF00144,INST015,2025-01-23,Arbitrage Entrant,303.0,333.8943,101169.97,333.45,101503.42,EUR,1.0,101503.42,Exécuté,Euronext,OPE004
TRX001434,PF00088,INST009,2025-04-25,Frais,308.57,40.8378,12601.32,44.31,12557.01,EUR,1.0,12557.01,Exécuté,OTC,OPE005
TRX001435,PF00059,INST006,2025-02-15,Dividende,453.7,287.3473,130369.47,312.11,130681.58,EUR,1.0,130681.58,Exécuté,Xetra,OPE005
TRX001436,PF00106,INST005,2024-01-12,Dividende,299.28,338.1455,101200.19,177.45,101377.64,USD,1.0604,107500.85,Exécuté,NYSE,OPE003
TRX001437,PF00139,INST009,2025-05-15,Dividende,103.03,236.7183,24389.09,75.13,24464.22,EUR,1.0,24464.22,Exécuté,NYSE,OPE002
TRX001438,PF00087,INST003,2024-06-08,Arbitrage Entrant,404.98,193.7493,78464.59,201.38,78665.97,EUR,1.0,78665.97,En attente,SIX,OPE005
TRX001439,PF00088,INST003,2024-05-05,Dividende,303.39,133.7425,40576.14,197.45,40773.59,EUR,1.0,40773.59,Exécuté,Euronext,OPE002
TRX001440,PF00066,INST015,2024-06-23,Coupon,227.93,495.5183,112943.49,376.59,113320.08,EUR,1.0,113320.08,En attente,OTC,OPE004
TRX001441,PF00051,INST005,2023-07-14,Achat,490.81,317.7752,155967.25,461.39,155505.86,EUR,1.0,155505.86,Annulé,SIX,OPE004
TRX001442,PF00081,INST002,2026-02-13,Vente,91.37,187.0541,17091.13,71.87,17163.0,EUR,1.0,17163.0,Exécuté,Euronext,OPE003
TRX001443,PF00028,INST009,2023-12-05,Frais,134.94,394.0966,53179.4,250.1,52929.3,EUR,1.0,52929.3,Exécuté,Euronext,OPE005
TRX001444,PF00016,INST001,2023-08-31,Achat,169.47,315.9364,53541.74,112.9,53428.84,EUR,1.0,53428.84,Exécuté,NYSE,OPE002
TRX001445,PF00147,INST013,2024-02-13,Dividende,464.0,183.2402,85023.45,165.41,85188.86,EUR,1.0,85188.86,En attente,OTC,OPE003
TRX001446,PF00057,INST003,2023-06-15,Arbitrage Sortant,483.23,197.8033,95584.49,302.7,95887.19,EUR,1.0,95887.19,Exécuté,Euronext,OPE005
TRX001447,PF00070,INST013,2024-08-19,Coupon,63.16,130.6345,8250.88,21.66,8272.54,USD,0.9919,8205.53,Exécuté,NYSE,OPE002
TRX001448,PF00072,INST002,2024-08-10,Achat,120.15,161.1622,19363.64,64.26,19299.38,EUR,1.0,19299.38,Annulé,NYSE,OPE002
TRX001449,PF00026,INST014,2024-05-15,Achat,204.86,227.6252,46631.3,74.68,46556.62,EUR,1.0,46556.62,En attente,SIX,OPE001
TRX001450,PF00139,INST013,2024-07-29,Dividende,103.36,339.9225,35134.39,96.5,35230.89,EUR,1.0,35230.89,Exécuté,Euronext,OPE004
TRX001451,PF00130,INST010,2025-03-13,Coupon,419.27,307.2114,128804.52,320.96,129125.48,EUR,1.0,129125.48,En attente,SIX,OPE002
TRX001452,PF00104,INST004,2024-05-16,Vente,157.79,208.5001,32899.23,65.64,32964.87,EUR,1.0,32964.87,Exécuté,SIX,OPE005
TRX001453,PF00121,INST001,2024-10-07,Arbitrage Entrant,467.7,129.5957,60611.91,229.74,60841.65,EUR,1.0,60841.65,Exécuté,SIX,OPE005
TRX001454,PF00089,INST006,2026-02-02,Coupon,11.23,223.783,2513.08,6.99,2520.07,EUR,1.0,2520.07,Exécuté,SIX,OPE003
TRX001455,PF00090,INST004,2024-07-30,Dividende,183.93,498.5785,91703.54,267.24,91970.78,USD,0.9438,86802.02,En attente,OTC,OPE005
TRX001456,PF00136,INST013,2025-08-11,Vente,423.11,489.7891,207234.67,509.44,207744.11,USD,0.918,190709.09,Exécuté,Euronext,OPE005
TRX001457,PF00142,INST001,2025-01-29,Dividende,40.55,466.6849,18924.07,53.22,18977.29,EUR,1.0,18977.29,Exécuté,SIX,OPE003
TRX001458,PF00048,INST004,2026-02-13,Coupon,156.49,265.0489,41477.5,79.94,41557.44,EUR,1.0,41557.44,En attente,Euronext,OPE005
TRX001459,PF00046,INST005,2025-07-31,Frais,235.65,217.3994,51230.17,85.64,51144.53,EUR,1.0,51144.53,Exécuté,OTC,OPE001
TRX001460,PF00018,INST013,2024-08-27,Achat,135.25,393.7404,53253.39,166.99,53086.4,EUR,1.0,53086.4,En attente,Xetra,OPE002
TRX001461,PF00040,INST009,2025-06-14,Vente,123.58,14.2858,1765.44,7.81,1773.25,EUR,1.0,1773.25,En attente,Euronext,OPE005
TRX001462,PF00130,INST015,2024-07-24,Achat,197.51,91.8306,18137.46,52.17,18085.29,USD,0.9484,17152.09,En attente,Xetra,OPE005
TRX001463,PF00072,INST008,2026-01-12,Vente,228.02,358.0025,81631.73,314.59,81946.32,USD,1.028,84240.82,Exécuté,Euronext,OPE004
TRX001464,PF00035,INST001,2025-02-01,Dividende,230.93,401.4306,92702.37,343.94,93046.31,EUR,1.0,93046.31,En attente,OTC,OPE004
TRX001465,PF00135,INST008,2023-07-10,Arbitrage Entrant,471.7,183.4284,86523.18,296.09,86819.27,EUR,1.0,86819.27,Exécuté,OTC,OPE004
TRX001466,PF00043,INST009,2024-05-29,Arbitrage Sortant,250.36,404.371,101238.32,185.02,101423.34,EUR,1.0,101423.34,Exécuté,Euronext,OPE005
TRX001467,PF00106,INST007,2024-04-25,Coupon,150.46,21.6992,3264.86,9.63,3274.49,EUR,1.0,3274.49,Exécuté,SIX,OPE002
TRX001468,PF00116,INST014,2023-10-26,Frais,395.47,377.1204,149139.8,536.35,148603.45,EUR,1.0,148603.45,Annulé,NYSE,OPE002
TRX001469,PF00005,INST015,2023-10-13,Vente,451.93,133.9308,60527.35,157.19,60684.54,EUR,1.0,60684.54,Exécuté,NYSE,OPE004
TRX001470,PF00034,INST007,2024-05-31,Achat,123.44,81.3134,10037.33,35.73,10001.6,EUR,1.0,10001.6,Exécuté,Xetra,OPE001
TRX001471,PF00090,INST008,2025-04-14,Coupon,443.64,437.3353,194019.43,254.65,194274.08,EUR,1.0,194274.08,Exécuté,OTC,OPE005
TRX001472,PF00123,INST001,2025-06-15,Arbitrage Sortant,423.74,43.2003,18305.7,42.58,18348.28,EUR,1.0,18348.28,En attente,NYSE,OPE001
TRX001473,PF00026,INST003,2025-09-26,Arbitrage Entrant,355.84,142.1082,50567.78,55.56,50623.34,USD,1.0261,51944.61,Exécuté,Euronext,OPE004
TRX001474,PF00104,INST006,2024-07-22,Arbitrage Sortant,306.85,179.9936,55231.04,127.37,55358.41,EUR,1.0,55358.41,Exécuté,OTC,OPE005
TRX001475,PF00032,INST015,2026-01-12,Coupon,379.49,222.37,84387.19,257.88,84645.07,EUR,1.0,84645.07,Exécuté,SIX,OPE003
TRX001476,PF00113,INST012,2025-05-07,Arbitrage Entrant,317.97,80.5362,25608.1,103.67,25711.77,USD,0.9186,23618.83,Annulé,Xetra,OPE004
TRX001477,PF00057,INST001,2023-06-29,Achat,152.15,477.2442,72612.71,129.1,72483.61,USD,0.9835,71287.63,Exécuté,SIX,OPE005
TRX001478,PF00146,INST005,2023-11-21,Vente,1.28,42.4518,54.34,0.24,54.58,EUR,1.0,54.58,Annulé,Euronext,OPE002
TRX001479,PF00120,INST015,2024-11-21,Vente,462.49,251.8063,116457.9,153.71,116611.61,EUR,1.0,116611.61,Exécuté,OTC,OPE003
TRX001480,PF00121,INST005,2024-09-13,Frais,279.73,445.6934,124673.81,530.8,124143.01,EUR,1.0,124143.01,Exécuté,OTC,OPE002
TRX001481,PF00134,INST011,2025-11-27,Dividende,403.29,391.3651,157833.63,312.7,158146.33,EUR,1.0,158146.33,Annulé,SIX,OPE003
TRX001482,PF00085,INST009,2023-07-14,Dividende,249.94,364.8956,91202.01,238.84,91440.85,EUR,1.0,91440.85,Exécuté,Euronext,OPE002
TRX001483,PF00143,INST004,2024-07-19,Arbitrage Sortant,391.95,441.5656,173071.64,345.27,173416.91,USD,1.0852,188192.03,En attente,OTC,OPE003
TRX001484,PF00106,INST012,2026-03-15,Coupon,210.23,172.2944,36221.45,47.98,36269.43,USD,1.0246,37161.66,Exécuté,Xetra,OPE001
TRX001485,PF00112,INST007,2026-01-15,Arbitrage Sortant,216.65,212.9692,46139.78,226.7,46366.48,EUR,1.0,46366.48,Exécuté,Euronext,OPE003
TRX001486,PF00061,INST008,2026-04-21,Coupon,463.99,204.2089,94750.89,175.87,94926.76,EUR,1.0,94926.76,Exécuté,Xetra,OPE002
TRX001487,PF00043,INST006,2025-01-30,Vente,299.39,300.7886,90053.1,397.39,90450.49,EUR,1.0,90450.49,Exécuté,Euronext,OPE001
TRX001488,PF00039,INST009,2025-01-02,Coupon,246.83,55.2344,13633.51,66.53,13700.04,USD,1.0984,15048.12,Exécuté,SIX,OPE002
TRX001489,PF00009,INST003,2025-12-04,Dividende,491.87,189.7158,93315.51,349.25,93664.76,EUR,1.0,93664.76,En attente,Euronext,OPE001
TRX001490,PF00043,INST015,2024-10-05,Dividende,165.74,29.0817,4820.0,16.06,4836.06,EUR,1.0,4836.06,En attente,Euronext,OPE002
TRX001491,PF00044,INST015,2024-07-28,Coupon,412.27,250.2764,103181.45,213.52,103394.97,EUR,1.0,103394.97,En attente,OTC,OPE001
TRX001492,PF00073,INST003,2024-05-06,Achat,231.71,427.6738,99096.3,161.48,98934.82,EUR,1.0,98934.82,Annulé,OTC,OPE002
TRX001493,PF00073,INST001,2026-02-23,Coupon,426.23,335.8542,143151.14,541.06,143692.2,EUR,1.0,143692.2,Exécuté,OTC,OPE003
TRX001494,PF00076,INST011,2024-05-05,Arbitrage Entrant,407.5,214.8051,87533.08,413.33,87946.41,EUR,1.0,87946.41,Exécuté,NYSE,OPE002
TRX001495,PF00119,INST003,2025-11-20,Arbitrage Entrant,78.45,48.932,3838.72,12.86,3851.58,EUR,1.0,3851.58,Exécuté,Euronext,OPE004
TRX001496,PF00033,INST003,2023-08-20,Arbitrage Entrant,37.65,387.4797,14588.61,54.72,14643.33,USD,1.0437,15283.24,Annulé,SIX,OPE001
TRX001497,PF00142,INST012,2026-05-08,Frais,151.97,357.4643,54323.85,248.93,54074.92,EUR,1.0,54074.92,Exécuté,NYSE,OPE004
TRX001498,PF00050,INST006,2025-01-22,Achat,25.41,422.1495,10726.82,45.21,10681.61,EUR,1.0,10681.61,Exécuté,SIX,OPE004
TRX001499,PF00102,INST013,2025-01-14,Arbitrage Entrant,431.42,230.31,99360.34,423.59,99783.93,EUR,1.0,99783.93,Exécuté,OTC,OPE002
TRX001500,PF00002,INST014,2024-03-03,Arbitrage Sortant,82.93,132.7942,11012.62,15.12,11027.74,EUR,1.0,11027.74,Exécuté,Euronext,OPE002
TRX001501,PF00062,INST009,2023-09-28,Frais,248.18,146.1525,36272.13,65.62,36206.51,USD,0.9836,35612.72,Exécuté,Xetra,OPE003
TRX001502,PF00096,INST006,2023-09-25,Achat,53.19,388.0683,20641.35,100.67,20540.68,USD,0.9422,19353.43,Exécuté,OTC,OPE003
TRX001503,PF00136,INST007,2025-04-09,Frais,496.82,310.1073,154067.51,531.36,153536.15,EUR,1.0,153536.15,Exécuté,SIX,OPE005
TRX001504,PF00141,INST005,2024-09-25,Frais,498.4,233.6538,116453.05,248.97,116204.08,EUR,1.0,116204.08,Annulé,OTC,OPE001
TRX001505,PF00122,INST014,2023-11-06,Coupon,464.6,457.9116,212745.73,730.79,213476.52,USD,1.0846,231536.63,En attente,NYSE,OPE004
TRX001506,PF00068,INST005,2026-02-17,Arbitrage Entrant,426.23,410.2008,174839.89,642.31,175482.2,EUR,1.0,175482.2,Annulé,Xetra,OPE001
TRX001507,PF00136,INST004,2025-03-03,Achat,111.68,412.5385,46072.3,90.11,45982.19,EUR,1.0,45982.19,Annulé,Euronext,OPE001
TRX001508,PF00071,INST009,2024-12-03,Arbitrage Sortant,449.85,470.5593,211681.1,225.52,211906.62,EUR,1.0,211906.62,En attente,Euronext,OPE004
TRX001509,PF00149,INST004,2026-03-22,Frais,330.98,150.903,49945.87,73.1,49872.77,USD,1.0851,54116.94,Annulé,OTC,OPE003
TRX001510,PF00046,INST009,2026-04-22,Arbitrage Entrant,100.93,345.6912,34890.61,46.01,34936.62,USD,1.0893,38056.46,Exécuté,Euronext,OPE002
TRX001511,PF00067,INST003,2024-12-26,Arbitrage Entrant,146.87,135.9753,19970.69,32.9,20003.59,EUR,1.0,20003.59,Exécuté,NYSE,OPE003
TRX001512,PF00025,INST013,2024-10-19,Dividende,155.44,275.7366,42860.5,136.93,42997.43,EUR,1.0,42997.43,Exécuté,NYSE,OPE001
TRX001513,PF00001,INST004,2023-10-29,Achat,389.55,399.269,155535.24,743.06,154792.18,USD,0.9227,142826.74,Annulé,Xetra,OPE001
TRX001514,PF00129,INST013,2025-10-30,Arbitrage Sortant,389.99,237.9956,92815.9,138.15,92954.05,EUR,1.0,92954.05,Exécuté,Xetra,OPE001
TRX001515,PF00091,INST003,2024-06-03,Coupon,403.49,277.1992,111847.11,223.82,112070.93,EUR,1.0,112070.93,En attente,Euronext,OPE001
TRX001516,PF00042,INST003,2025-03-22,Dividende,81.01,409.4568,33170.1,104.13,33274.23,EUR,1.0,33274.23,Exécuté,Euronext,OPE003
TRX001517,PF00100,INST013,2023-10-13,Arbitrage Sortant,216.77,405.5648,87914.28,360.75,88275.03,EUR,1.0,88275.03,Exécuté,NYSE,OPE002
TRX001518,PF00124,INST013,2024-10-16,Frais,374.12,42.7813,16005.34,79.58,15925.76,USD,1.0669,16991.19,Annulé,OTC,OPE004
TRX001519,PF00100,INST006,2025-05-07,Arbitrage Entrant,185.07,450.9856,83463.9,95.61,83559.51,USD,0.9007,75262.05,Exécuté,Euronext,OPE003
TRX001520,PF00087,INST007,2025-05-22,Arbitrage Entrant,418.92,485.096,203216.42,903.91,204120.33,EUR,1.0,204120.33,Exécuté,Euronext,OPE005
TRX001521,PF00134,INST009,2025-07-27,Arbitrage Sortant,59.13,76.5274,4525.07,13.47,4538.54,EUR,1.0,4538.54,Exécuté,OTC,OPE001
TRX001522,PF00082,INST004,2024-11-01,Dividende,269.0,218.5639,58793.69,67.95,58861.64,EUR,1.0,58861.64,Exécuté,Xetra,OPE002
TRX001523,PF00067,INST014,2024-06-25,Coupon,499.64,147.5274,73710.59,324.25,74034.84,EUR,1.0,74034.84,En attente,Xetra,OPE001
TRX001524,PF00128,INST005,2025-05-06,Arbitrage Entrant,150.61,21.1388,3183.71,15.68,3199.39,EUR,1.0,3199.39,Exécuté,Euronext,OPE002
TRX001525,PF00135,INST010,2023-12-22,Frais,425.93,187.6408,79921.85,110.34,79811.51,EUR,1.0,79811.51,Exécuté,Xetra,OPE001
TRX001526,PF00047,INST010,2024-10-29,Vente,291.53,48.631,14177.4,16.96,14194.36,EUR,1.0,14194.36,En attente,OTC,OPE001
TRX001527,PF00141,INST015,2024-08-03,Frais,435.28,277.5717,120821.41,558.83,120262.58,EUR,1.0,120262.58,Exécuté,SIX,OPE001
TRX001528,PF00080,INST015,2025-05-05,Coupon,47.39,173.3006,8212.72,32.56,8245.28,USD,0.9137,7533.71,En attente,Euronext,OPE001
TRX001529,PF00123,INST001,2025-11-19,Coupon,404.94,208.9345,84605.94,120.78,84726.72,USD,1.0182,86268.75,En attente,NYSE,OPE001
TRX001530,PF00086,INST003,2024-07-30,Vente,324.59,288.8175,93747.27,418.75,94166.02,EUR,1.0,94166.02,Annulé,NYSE,OPE002
TRX001531,PF00044,INST012,2025-04-22,Arbitrage Sortant,432.05,259.7454,112223.0,556.47,112779.47,EUR,1.0,112779.47,En attente,Xetra,OPE005
TRX001532,PF00049,INST008,2023-12-11,Frais,119.72,220.5643,26405.96,91.18,26314.78,EUR,1.0,26314.78,Exécuté,OTC,OPE003
TRX001533,PF00089,INST003,2024-06-28,Coupon,486.89,211.6561,103053.24,341.45,103394.69,EUR,1.0,103394.69,Exécuté,OTC,OPE001
TRX001534,PF00108,INST005,2025-09-22,Arbitrage Entrant,303.02,10.7118,3245.89,4.73,3250.62,USD,1.0494,3411.2,Exécuté,OTC,OPE002
TRX001535,PF00149,INST002,2025-07-14,Arbitrage Entrant,125.14,358.4234,44853.1,86.27,44939.37,USD,1.049,47141.4,Exécuté,SIX,OPE002
TRX001536,PF00056,INST005,2026-01-25,Achat,287.71,329.408,94773.98,366.68,94407.3,EUR,1.0,94407.3,Annulé,Euronext,OPE003
TRX001537,PF00053,INST008,2025-09-23,Vente,74.35,327.502,24349.77,36.35,24386.12,EUR,1.0,24386.12,Exécuté,SIX,OPE004
TRX001538,PF00133,INST011,2026-05-18,Dividende,222.26,108.759,24172.78,85.58,24258.36,USD,0.9778,23719.82,Exécuté,NYSE,OPE004
TRX001539,PF00126,INST005,2025-12-18,Coupon,25.42,11.4981,292.28,0.83,293.11,EUR,1.0,293.11,Exécuté,SIX,OPE005
TRX001540,PF00075,INST004,2026-02-09,Coupon,56.1,150.7329,8456.12,18.04,8474.16,USD,0.9852,8348.74,Exécuté,SIX,OPE005
TRX001541,PF00017,INST010,2023-11-29,Coupon,174.57,325.6825,56854.39,159.04,57013.43,EUR,1.0,57013.43,Annulé,SIX,OPE003
TRX001542,PF00042,INST008,2023-06-23,Vente,219.63,75.4085,16561.97,68.3,16630.27,EUR,1.0,16630.27,Annulé,NYSE,OPE005
TRX001543,PF00131,INST011,2026-04-28,Vente,55.8,363.4089,20278.22,62.62,20340.84,EUR,1.0,20340.84,Exécuté,OTC,OPE003
TRX001544,PF00104,INST001,2024-05-06,Achat,284.01,443.5562,125974.4,247.53,125726.87,EUR,1.0,125726.87,Exécuté,NYSE,OPE005
TRX001545,PF00148,INST013,2024-10-27,Frais,460.99,317.4845,146357.18,718.59,145638.59,EUR,1.0,145638.59,Exécuté,Euronext,OPE003
TRX001546,PF00142,INST007,2025-09-30,Frais,171.31,245.6994,42090.76,73.64,42017.12,EUR,1.0,42017.12,Annulé,Xetra,OPE003
TRX001547,PF00052,INST011,2025-02-21,Coupon,335.25,480.7205,161161.55,525.53,161687.08,EUR,1.0,161687.08,Exécuté,SIX,OPE004
TRX001548,PF00051,INST015,2024-04-22,Vente,163.03,430.3203,70155.12,170.3,70325.42,USD,1.0065,70782.54,Annulé,NYSE,OPE004
TRX001549,PF00144,INST001,2024-02-17,Arbitrage Entrant,39.06,286.9279,11207.4,17.35,11224.75,EUR,1.0,11224.75,Exécuté,NYSE,OPE004
TRX001550,PF00106,INST009,2025-12-08,Arbitrage Entrant,37.23,343.6708,12794.86,62.74,12857.6,EUR,1.0,12857.6,Exécuté,NYSE,OPE002
TRX001551,PF00056,INST006,2023-10-27,Achat,19.27,15.7319,303.15,1.02,302.13,EUR,1.0,302.13,Exécuté,OTC,OPE004
TRX001552,PF00054,INST002,2023-06-11,Dividende,461.86,309.7693,143070.05,196.58,143266.63,EUR,1.0,143266.63,En attente,OTC,OPE002
TRX001553,PF00012,INST008,2024-04-14,Arbitrage Entrant,139.26,91.8485,12790.82,51.54,12842.36,EUR,1.0,12842.36,Annulé,NYSE,OPE004
TRX001554,PF00085,INST002,2025-08-16,Achat,252.35,122.3713,30880.4,101.99,30778.41,EUR,1.0,30778.41,Annulé,Xetra,OPE003
TRX001555,PF00116,INST009,2025-11-12,Arbitrage Entrant,82.98,372.0613,30873.65,151.99,31025.64,EUR,1.0,31025.64,Exécuté,NYSE,OPE002
TRX001556,PF00041,INST004,2025-07-18,Arbitrage Entrant,23.56,97.9019,2306.57,9.94,2316.51,USD,0.9265,2146.25,Annulé,Euronext,OPE004
TRX001557,PF00058,INST010,2025-07-10,Vente,16.71,365.6145,6109.42,23.8,6133.22,EUR,1.0,6133.22,Exécuté,SIX,OPE002
TRX001558,PF00017,INST014,2026-03-11,Vente,237.39,13.7352,3260.6,8.15,3268.75,USD,1.0369,3389.37,Annulé,Euronext,OPE001
TRX001559,PF00041,INST004,2024-05-02,Achat,77.72,63.1355,4906.89,9.41,4897.48,USD,0.9532,4668.28,En attente,OTC,OPE005
TRX001560,PF00150,INST006,2025-08-30,Coupon,79.54,498.6367,39661.56,124.2,39785.76,USD,1.0907,43394.33,Annulé,NYSE,OPE005
TRX001561,PF00114,INST005,2023-09-09,Dividende,130.85,114.9321,15038.87,59.16,15098.03,EUR,1.0,15098.03,Exécuté,SIX,OPE003
TRX001562,PF00097,INST013,2026-02-06,Frais,232.97,54.6021,12720.65,42.3,12678.35,USD,1.0802,13695.15,Exécuté,OTC,OPE001
TRX001563,PF00144,INST008,2025-10-09,Coupon,454.76,294.5245,133937.96,529.12,134467.08,USD,0.9106,122445.72,Exécuté,OTC,OPE002
TRX001564,PF00033,INST004,2024-10-22,Achat,254.7,307.3817,78290.12,355.26,77934.86,USD,1.0078,78542.75,Exécuté,Xetra,OPE005
TRX001565,PF00138,INST002,2024-03-03,Dividende,131.31,278.9646,36630.84,157.97,36788.81,EUR,1.0,36788.81,Annulé,SIX,OPE002
TRX001566,PF00036,INST013,2026-02-08,Arbitrage Sortant,111.03,321.7622,35725.26,109.74,35835.0,EUR,1.0,35835.0,Exécuté,SIX,OPE005
TRX001567,PF00021,INST012,2026-02-01,Arbitrage Sortant,161.6,90.671,14652.43,30.85,14683.28,EUR,1.0,14683.28,Exécuté,Euronext,OPE001
TRX001568,PF00007,INST013,2025-11-14,Arbitrage Entrant,345.75,432.814,149645.44,582.47,150227.91,EUR,1.0,150227.91,Exécuté,NYSE,OPE005
TRX001569,PF00021,INST002,2023-12-23,Arbitrage Entrant,96.02,477.0134,45802.83,63.81,45866.64,EUR,1.0,45866.64,Exécuté,OTC,OPE001
TRX001570,PF00039,INST006,2023-10-13,Dividende,190.14,66.4272,12630.47,58.82,12689.29,EUR,1.0,12689.29,Exécuté,Xetra,OPE002
TRX001571,PF00022,INST009,2023-11-14,Arbitrage Sortant,74.82,337.3903,25243.54,79.77,25323.31,EUR,1.0,25323.31,Annulé,OTC,OPE001
TRX001572,PF00039,INST003,2025-08-31,Arbitrage Sortant,381.85,255.6936,97636.6,405.51,98042.11,EUR,1.0,98042.11,Annulé,SIX,OPE001
TRX001573,PF00130,INST007,2025-02-13,Coupon,14.1,303.6137,4280.95,4.33,4285.28,EUR,1.0,4285.28,Exécuté,SIX,OPE003
TRX001574,PF00088,INST002,2023-07-12,Dividende,362.23,144.7889,52446.88,83.91,52530.79,EUR,1.0,52530.79,En attente,Euronext,OPE002
TRX001575,PF00106,INST003,2024-12-12,Arbitrage Sortant,135.44,121.6439,16475.45,37.67,16513.12,EUR,1.0,16513.12,Exécuté,Xetra,OPE002
TRX001576,PF00148,INST007,2025-03-27,Arbitrage Entrant,21.89,360.0012,7880.43,27.58,7908.01,EUR,1.0,7908.01,Annulé,NYSE,OPE002
TRX001577,PF00106,INST010,2026-02-07,Arbitrage Sortant,307.49,235.4116,72386.71,175.2,72561.91,EUR,1.0,72561.91,En attente,OTC,OPE002
TRX001578,PF00033,INST002,2023-08-05,Achat,134.64,33.0234,4446.27,6.62,4439.65,EUR,1.0,4439.65,Exécuté,OTC,OPE001
TRX001579,PF00143,INST015,2025-02-26,Frais,369.51,138.1878,51061.77,200.83,50860.94,USD,1.0095,51344.12,Annulé,SIX,OPE002
TRX001580,PF00133,INST004,2025-02-28,Coupon,359.37,101.9652,36643.23,131.58,36774.81,EUR,1.0,36774.81,Exécuté,NYSE,OPE002
TRX001581,PF00017,INST003,2024-02-09,Arbitrage Entrant,200.64,342.1725,68653.49,268.02,68921.51,EUR,1.0,68921.51,Annulé,Xetra,OPE002
TRX001582,PF00006,INST004,2025-08-11,Coupon,378.48,73.9501,27988.63,108.85,28097.48,EUR,1.0,28097.48,Exécuté,Euronext,OPE003
TRX001583,PF00065,INST002,2025-03-05,Coupon,436.85,412.7981,180330.85,390.69,180721.54,EUR,1.0,180721.54,Exécuté,Xetra,OPE003
TRX001584,PF00075,INST014,2025-08-18,Arbitrage Sortant,22.12,207.6068,4592.26,8.8,4601.06,EUR,1.0,4601.06,Exécuté,OTC,OPE002
TRX001585,PF00076,INST004,2024-06-21,Arbitrage Sortant,455.81,21.3994,9754.06,13.06,9767.12,EUR,1.0,9767.12,Exécuté,SIX,OPE003
TRX001586,PF00075,INST009,2023-07-22,Frais,480.03,269.8739,129547.57,604.35,128943.22,EUR,1.0,128943.22,Exécuté,Euronext,OPE003
TRX001587,PF00062,INST009,2024-04-11,Arbitrage Entrant,250.98,97.4428,24456.19,120.55,24576.74,EUR,1.0,24576.74,Exécuté,SIX,OPE005
TRX001588,PF00016,INST011,2026-02-11,Arbitrage Entrant,170.62,151.9511,25925.9,92.2,26018.1,EUR,1.0,26018.1,Exécuté,NYSE,OPE002
TRX001589,PF00054,INST013,2023-10-22,Arbitrage Sortant,178.18,415.9775,74118.87,150.53,74269.4,EUR,1.0,74269.4,Exécuté,SIX,OPE002
TRX001590,PF00037,INST013,2025-02-16,Achat,45.94,358.5397,16471.31,46.43,16424.88,EUR,1.0,16424.88,Exécuté,OTC,OPE001
TRX001591,PF00051,INST004,2024-07-16,Frais,46.62,342.6037,15972.18,47.44,15924.74,USD,0.981,15622.17,Exécuté,NYSE,OPE001
TRX001592,PF00105,INST014,2025-01-17,Achat,361.96,478.5432,173213.5,809.34,172404.16,EUR,1.0,172404.16,Exécuté,SIX,OPE001
TRX001593,PF00119,INST009,2023-08-09,Arbitrage Sortant,204.19,280.7494,57326.22,255.45,57581.67,EUR,1.0,57581.67,Exécuté,NYSE,OPE002
TRX001594,PF00007,INST013,2023-09-15,Achat,293.46,173.9484,51046.9,135.79,50911.11,USD,1.0675,54347.61,En attente,Euronext,OPE002
TRX001595,PF00097,INST006,2024-06-28,Coupon,318.78,253.7023,80875.22,316.79,81192.01,EUR,1.0,81192.01,Annulé,Euronext,OPE005
TRX001596,PF00055,INST007,2025-04-25,Dividende,305.26,179.4384,54775.37,248.87,55024.24,EUR,1.0,55024.24,Exécuté,OTC,OPE001
TRX001597,PF00032,INST014,2024-05-21,Frais,320.0,291.7638,93364.42,134.02,93230.4,EUR,1.0,93230.4,Exécuté,NYSE,OPE004
TRX001598,PF00136,INST008,2025-07-18,Dividende,419.19,297.413,124672.56,501.94,125174.5,EUR,1.0,125174.5,Exécuté,NYSE,OPE002
TRX001599,PF00056,INST010,2023-09-16,Frais,253.42,46.0158,11661.32,32.71,11628.61,EUR,1.0,11628.61,Exécuté,SIX,OPE001
TRX001600,PF00024,INST005,2023-06-24,Achat,348.01,430.0659,149667.23,325.64,149341.59,EUR,1.0,149341.59,Exécuté,Xetra,OPE001
TRX001601,PF00087,INST004,2024-10-25,Coupon,467.86,220.0481,102951.7,500.88,103452.58,EUR,1.0,103452.58,En attente,Euronext,OPE001
TRX001602,PF00033,INST007,2024-10-27,Arbitrage Sortant,423.42,470.0342,199021.88,950.41,199972.29,EUR,1.0,199972.29,En attente,NYSE,OPE003
TRX001603,PF00100,INST007,2024-12-12,Frais,45.1,436.9052,19704.42,21.85,19682.57,USD,1.037,20410.83,Exécuté,Xetra,OPE002
TRX001604,PF00026,INST003,2024-09-21,Arbitrage Sortant,110.08,449.7719,49510.89,119.97,49630.86,EUR,1.0,49630.86,En attente,OTC,OPE002
TRX001605,PF00112,INST010,2023-10-01,Achat,243.21,425.2415,103422.99,279.02,103143.97,USD,1.0242,105640.05,En attente,Xetra,OPE003
TRX001606,PF00011,INST002,2025-08-27,Vente,152.7,281.7201,43018.66,179.61,43198.27,EUR,1.0,43198.27,Exécuté,Xetra,OPE003
TRX001607,PF00061,INST008,2025-02-13,Arbitrage Sortant,333.89,279.6412,93369.4,427.16,93796.56,USD,0.9815,92061.32,Exécuté,NYSE,OPE003
TRX001608,PF00032,INST001,2025-08-23,Achat,333.85,231.2516,77203.35,291.51,76911.84,EUR,1.0,76911.84,En attente,Xetra,OPE005
TRX001609,PF00149,INST012,2025-01-20,Achat,401.84,150.0246,60285.89,104.12,60181.77,EUR,1.0,60181.77,Annulé,Xetra,OPE005
TRX001610,PF00043,INST007,2024-01-24,Arbitrage Sortant,299.33,290.6658,87004.99,415.05,87420.04,EUR,1.0,87420.04,En attente,OTC,OPE004
TRX001611,PF00076,INST014,2025-05-15,Frais,321.23,382.1524,122758.82,489.08,122269.74,EUR,1.0,122269.74,Exécuté,OTC,OPE003
TRX001612,PF00038,INST009,2024-06-20,Arbitrage Sortant,183.72,198.2084,36414.85,175.07,36589.92,USD,0.9294,34006.67,En attente,Euronext,OPE003
TRX001613,PF00006,INST013,2025-11-04,Frais,443.78,289.046,128272.83,534.79,127738.04,USD,1.0907,139323.88,Exécuté,Euronext,OPE002
TRX001614,PF00058,INST005,2024-08-17,Arbitrage Sortant,71.5,484.8639,34667.77,90.72,34758.49,EUR,1.0,34758.49,Annulé,OTC,OPE001
TRX001615,PF00143,INST008,2024-11-22,Vente,199.6,67.6812,13509.17,54.78,13563.95,EUR,1.0,13563.95,Annulé,NYSE,OPE002
TRX001616,PF00080,INST009,2024-09-22,Arbitrage Entrant,114.83,307.2982,35287.05,81.27,35368.32,EUR,1.0,35368.32,Exécuté,OTC,OPE002
TRX001617,PF00144,INST013,2025-04-27,Achat,418.15,490.659,205169.06,884.7,204284.36,EUR,1.0,204284.36,Annulé,Euronext,OPE002
TRX001618,PF00145,INST010,2024-03-11,Coupon,171.33,279.1336,47823.96,210.23,48034.19,USD,0.9812,47131.15,Exécuté,OTC,OPE002
TRX001619,PF00112,INST011,2025-10-03,Dividende,47.66,279.8008,13335.31,43.9,13379.21,EUR,1.0,13379.21,Annulé,Euronext,OPE002
TRX001620,PF00004,INST009,2026-04-26,Coupon,404.56,58.1439,23522.7,101.68,23624.38,USD,1.0533,24883.56,En attente,Xetra,OPE005
TRX001621,PF00087,INST015,2024-10-21,Arbitrage Sortant,60.97,423.2208,25803.77,106.02,25909.79,EUR,1.0,25909.79,En attente,NYSE,OPE002
TRX001622,PF00080,INST014,2025-02-02,Frais,136.68,450.507,61575.3,272.07,61303.23,USD,0.9957,61039.63,Exécuté,Euronext,OPE001
TRX001623,PF00132,INST007,2026-01-11,Frais,195.95,443.7646,86955.67,108.73,86846.94,EUR,1.0,86846.94,Exécuté,SIX,OPE005
TRX001624,PF00052,INST002,2024-02-16,Achat,334.49,409.0137,136810.99,320.05,136490.94,EUR,1.0,136490.94,Exécuté,Euronext,OPE004
TRX001625,PF00136,INST001,2025-02-11,Frais,324.49,49.2512,15981.52,56.25,15925.27,EUR,1.0,15925.27,Exécuté,Euronext,OPE004
TRX001626,PF00105,INST013,2025-09-19,Vente,431.59,265.6858,114667.33,514.55,115181.88,EUR,1.0,115181.88,Annulé,NYSE,OPE001
TRX001627,PF00095,INST004,2023-09-30,Arbitrage Entrant,140.62,18.2408,2565.02,7.65,2572.67,EUR,1.0,2572.67,En attente,Xetra,OPE004
TRX001628,PF00042,INST001,2023-05-19,Arbitrage Entrant,471.52,443.8634,209290.47,817.09,210107.56,EUR,1.0,210107.56,Exécuté,OTC,OPE002
TRX001629,PF00089,INST001,2025-05-25,Frais,399.53,375.4729,150012.69,445.29,149567.4,EUR,1.0,149567.4,Annulé,Euronext,OPE002
TRX001630,PF00145,INST012,2025-05-20,Frais,34.33,391.0925,13426.21,14.65,13411.56,EUR,1.0,13411.56,Exécuté,NYSE,OPE002
TRX001631,PF00052,INST008,2025-12-15,Vente,45.5,75.0062,3412.78,16.13,3428.91,EUR,1.0,3428.91,Exécuté,NYSE,OPE003
TRX001632,PF00103,INST002,2026-01-06,Coupon,272.8,48.7839,13308.25,13.87,13322.12,USD,1.0356,13796.39,Exécuté,OTC,OPE002
TRX001633,PF00001,INST007,2024-06-10,Achat,110.22,216.7308,23888.07,102.73,23785.34,EUR,1.0,23785.34,Exécuté,SIX,OPE004
TRX001634,PF00140,INST010,2026-02-15,Dividende,188.61,103.2897,19481.47,54.35,19535.82,EUR,1.0,19535.82,Exécuté,Xetra,OPE005
TRX001635,PF00013,INST012,2024-06-11,Vente,432.41,168.2811,72766.43,113.76,72880.19,EUR,1.0,72880.19,Exécuté,OTC,OPE001
TRX001636,PF00025,INST007,2024-12-06,Dividende,143.1,35.9211,5140.31,14.43,5154.74,EUR,1.0,5154.74,Exécuté,SIX,OPE004
TRX001637,PF00137,INST002,2026-05-04,Vente,452.62,373.0491,168849.48,506.32,169355.8,USD,1.083,183412.33,Exécuté,Euronext,OPE002
TRX001638,PF00024,INST015,2025-05-22,Coupon,447.24,298.6066,133548.82,575.5,134124.32,EUR,1.0,134124.32,Exécuté,Xetra,OPE005
TRX001639,PF00108,INST003,2025-09-16,Frais,273.52,369.9285,101182.84,300.03,100882.81,EUR,1.0,100882.81,Exécuté,SIX,OPE002
TRX001640,PF00139,INST004,2024-10-14,Achat,424.19,96.8361,41076.91,153.06,40923.85,EUR,1.0,40923.85,Annulé,Euronext,OPE003
TRX001641,PF00059,INST010,2024-08-18,Arbitrage Sortant,225.37,372.0049,83838.74,249.11,84087.85,EUR,1.0,84087.85,Annulé,Euronext,OPE004
TRX001642,PF00123,INST012,2024-10-15,Achat,201.93,469.7152,94849.59,184.37,94665.22,EUR,1.0,94665.22,En attente,NYSE,OPE001
TRX001643,PF00094,INST013,2026-03-24,Achat,188.68,80.3784,15165.8,55.14,15110.66,USD,0.9361,14145.09,Exécuté,Xetra,OPE002
TRX001644,PF00023,INST007,2025-10-21,Arbitrage Entrant,436.85,189.3598,82721.83,339.92,83061.75,EUR,1.0,83061.75,Exécuté,Xetra,OPE004
TRX001645,PF00146,INST003,2025-06-14,Arbitrage Entrant,37.36,329.1378,12296.59,58.39,12354.98,EUR,1.0,12354.98,En attente,NYSE,OPE003
TRX001646,PF00146,INST007,2024-11-16,Coupon,377.73,477.8967,180515.92,583.09,181099.01,EUR,1.0,181099.01,Exécuté,SIX,OPE005
TRX001647,PF00139,INST005,2025-09-04,Arbitrage Sortant,273.82,17.9215,4907.27,8.02,4915.29,EUR,1.0,4915.29,Exécuté,Euronext,OPE005
TRX001648,PF00059,INST011,2024-02-14,Arbitrage Sortant,271.6,487.7546,132474.15,449.47,132923.62,EUR,1.0,132923.62,En attente,Xetra,OPE002
TRX001649,PF00077,INST015,2026-05-08,Frais,169.52,370.3581,62783.11,191.41,62591.7,EUR,1.0,62591.7,Exécuté,Xetra,OPE003
TRX001650,PF00116,INST011,2023-07-26,Frais,254.26,481.5907,122449.25,490.37,121958.88,EUR,1.0,121958.88,Annulé,Euronext,OPE003
TRX001651,PF00046,INST004,2026-04-13,Frais,201.43,201.3431,40556.54,72.35,40484.19,USD,0.9052,36646.29,En attente,SIX,OPE003
TRX001652,PF00098,INST013,2023-07-13,Achat,481.8,41.1057,19804.73,69.54,19735.19,EUR,1.0,19735.19,Annulé,OTC,OPE005
TRX001653,PF00127,INST007,2023-06-15,Frais,75.81,315.5842,23924.44,111.52,23812.92,EUR,1.0,23812.92,Exécuté,NYSE,OPE003
TRX001654,PF00133,INST010,2025-03-02,Vente,247.46,377.3846,93387.59,388.69,93776.28,EUR,1.0,93776.28,En attente,Euronext,OPE004
TRX001655,PF00048,INST011,2026-04-03,Arbitrage Entrant,396.41,190.6536,75576.99,285.83,75862.82,EUR,1.0,75862.82,Exécuté,SIX,OPE004
TRX001656,PF00085,INST011,2025-03-28,Coupon,285.03,25.0107,7128.8,10.69,7139.49,EUR,1.0,7139.49,En attente,NYSE,OPE003
TRX001657,PF00096,INST005,2025-09-06,Dividende,92.1,266.5566,24549.86,69.79,24619.65,EUR,1.0,24619.65,Exécuté,NYSE,OPE003
TRX001658,PF00076,INST003,2025-06-17,Arbitrage Entrant,124.07,476.3035,59094.98,220.67,59315.65,EUR,1.0,59315.65,Annulé,NYSE,OPE002
TRX001659,PF00140,INST015,2024-03-12,Frais,467.33,176.6912,82573.1,136.88,82436.22,EUR,1.0,82436.22,Exécuté,NYSE,OPE005
TRX001660,PF00087,INST012,2024-10-27,Coupon,89.77,473.062,42466.78,108.56,42575.34,USD,0.9807,41753.64,En attente,NYSE,OPE002
TRX001661,PF00088,INST009,2024-01-13,Frais,391.06,191.3254,74819.71,141.72,74677.99,EUR,1.0,74677.99,En attente,SIX,OPE003
TRX001662,PF00094,INST001,2025-06-14,Arbitrage Entrant,245.33,138.7962,34050.87,86.66,34137.53,EUR,1.0,34137.53,Exécuté,OTC,OPE003
TRX001663,PF00125,INST013,2024-01-21,Arbitrage Entrant,144.37,138.2364,19957.19,20.56,19977.75,EUR,1.0,19977.75,En attente,Euronext,OPE005
TRX001664,PF00148,INST002,2025-10-18,Arbitrage Sortant,57.49,245.7965,14130.84,41.5,14172.34,EUR,1.0,14172.34,Exécuté,OTC,OPE003
TRX001665,PF00149,INST004,2025-05-26,Dividende,396.93,52.145,20697.91,50.85,20748.76,EUR,1.0,20748.76,Exécuté,Euronext,OPE003
TRX001666,PF00076,INST008,2026-01-08,Achat,164.06,170.6054,27989.52,39.99,27949.53,USD,0.9732,27200.48,Exécuté,SIX,OPE004
TRX001667,PF00135,INST002,2024-11-07,Vente,399.6,229.1902,91584.4,207.83,91792.23,EUR,1.0,91792.23,En attente,Xetra,OPE002
TRX001668,PF00028,INST005,2024-12-30,Arbitrage Sortant,396.43,27.2442,10800.42,26.09,10826.51,EUR,1.0,10826.51,Annulé,OTC,OPE005
TRX001669,PF00032,INST012,2025-02-23,Frais,262.34,285.1279,74800.45,255.84,74544.61,USD,1.0516,78391.11,Exécuté,Xetra,OPE003
TRX001670,PF00034,INST004,2025-06-04,Arbitrage Sortant,257.61,283.3244,72987.2,296.91,73284.11,EUR,1.0,73284.11,Exécuté,NYSE,OPE003
TRX001671,PF00143,INST013,2024-04-07,Arbitrage Sortant,388.15,213.8807,83017.79,400.33,83418.12,EUR,1.0,83418.12,Annulé,OTC,OPE004
TRX001672,PF00072,INST005,2025-05-13,Arbitrage Sortant,84.63,251.4288,21278.42,50.04,21328.46,EUR,1.0,21328.46,Exécuté,OTC,OPE003
TRX001673,PF00109,INST006,2025-07-18,Arbitrage Sortant,433.53,395.9278,171646.58,749.46,172396.04,EUR,1.0,172396.04,Exécuté,OTC,OPE002
TRX001674,PF00078,INST010,2025-04-22,Achat,483.85,408.0848,197451.83,535.57,196916.26,EUR,1.0,196916.26,Exécuté,NYSE,OPE001
TRX001675,PF00011,INST001,2025-01-24,Vente,401.01,192.5268,77205.17,148.1,77353.27,USD,0.9145,70739.57,Exécuté,NYSE,OPE001
TRX001676,PF00084,INST014,2023-10-09,Dividende,35.55,12.7292,452.52,1.07,453.59,EUR,1.0,453.59,En attente,NYSE,OPE004
TRX001677,PF00143,INST012,2023-12-30,Vente,341.32,149.1156,50896.14,108.79,51004.93,EUR,1.0,51004.93,Annulé,OTC,OPE005
TRX001678,PF00126,INST003,2023-09-14,Coupon,481.58,348.2767,167723.09,796.12,168519.21,EUR,1.0,168519.21,Annulé,SIX,OPE003
TRX001679,PF00106,INST003,2024-01-29,Arbitrage Entrant,4.18,189.4841,792.04,2.42,794.46,USD,1.0838,861.04,Exécuté,NYSE,OPE001
TRX001680,PF00135,INST004,2024-08-13,Arbitrage Sortant,406.97,356.7072,145169.13,614.2,145783.33,EUR,1.0,145783.33,Exécuté,NYSE,OPE001
TRX001681,PF00033,INST004,2024-04-08,Frais,72.46,422.1719,30590.58,31.46,30559.12,EUR,1.0,30559.12,En attente,Euronext,OPE001
TRX001682,PF00097,INST012,2025-02-22,Achat,442.86,264.5994,117180.49,311.87,116868.62,EUR,1.0,116868.62,Exécuté,NYSE,OPE005
TRX001683,PF00119,INST006,2026-01-18,Achat,266.72,385.7982,102900.1,269.2,102630.9,EUR,1.0,102630.9,Annulé,NYSE,OPE002
TRX001684,PF00090,INST008,2025-03-03,Coupon,161.1,375.945,60564.74,148.55,60713.29,EUR,1.0,60713.29,Annulé,NYSE,OPE004
TRX001685,PF00040,INST014,2024-09-22,Frais,471.13,169.4628,79839.01,277.4,79561.61,EUR,1.0,79561.61,Annulé,OTC,OPE002
TRX001686,PF00027,INST007,2023-07-07,Achat,275.14,99.0097,27241.53,75.14,27166.39,EUR,1.0,27166.39,Annulé,NYSE,OPE001
TRX001687,PF00118,INST011,2026-02-04,Vente,99.96,395.7337,39557.54,154.8,39712.34,USD,1.0913,43338.08,Exécuté,Xetra,OPE002
TRX001688,PF00045,INST003,2024-06-19,Frais,477.64,455.7244,217672.2,404.09,217268.11,EUR,1.0,217268.11,Exécuté,Euronext,OPE004
TRX001689,PF00084,INST011,2024-03-29,Arbitrage Sortant,293.0,323.7752,94866.13,184.52,95050.65,USD,0.9473,90041.48,Exécuté,Xetra,OPE003
TRX001690,PF00063,INST013,2026-04-22,Frais,427.99,274.6801,117560.34,268.13,117292.21,EUR,1.0,117292.21,Exécuté,SIX,OPE001
TRX001691,PF00126,INST012,2025-09-30,Arbitrage Entrant,232.05,374.3934,86877.99,258.24,87136.23,USD,1.0616,92503.82,Exécuté,NYSE,OPE001
TRX001692,PF00147,INST006,2025-04-22,Dividende,432.85,293.0284,126837.34,610.38,127447.72,EUR,1.0,127447.72,En attente,Euronext,OPE002
TRX001693,PF00115,INST010,2023-07-14,Arbitrage Sortant,424.12,295.3102,125246.96,126.59,125373.55,USD,0.988,123869.07,Exécuté,Euronext,OPE003
TRX001694,PF00064,INST011,2024-12-27,Frais,234.79,268.23,62977.72,188.35,62789.37,EUR,1.0,62789.37,Exécuté,SIX,OPE003
TRX001695,PF00036,INST010,2024-01-03,Frais,472.96,264.283,124995.29,190.33,124804.96,EUR,1.0,124804.96,Exécuté,NYSE,OPE003
TRX001696,PF00102,INST012,2023-09-23,Arbitrage Sortant,363.33,36.6024,13298.75,23.32,13322.07,EUR,1.0,13322.07,Exécuté,Xetra,OPE005
TRX001697,PF00126,INST010,2023-06-15,Arbitrage Sortant,469.92,443.5645,208439.83,640.85,209080.68,EUR,1.0,209080.68,Exécuté,NYSE,OPE003
TRX001698,PF00132,INST006,2024-03-14,Vente,119.16,272.1449,32428.79,152.32,32581.11,EUR,1.0,32581.11,Exécuté,Euronext,OPE003
TRX001699,PF00078,INST004,2026-05-16,Coupon,323.06,409.1896,132192.79,584.39,132777.18,EUR,1.0,132777.18,Exécuté,SIX,OPE001
TRX001700,PF00089,INST014,2024-03-15,Arbitrage Sortant,82.34,112.9252,9298.26,36.37,9334.63,EUR,1.0,9334.63,Exécuté,NYSE,OPE005
TRX001701,PF00043,INST013,2024-11-26,Arbitrage Entrant,470.97,377.1464,177624.64,649.4,178274.04,EUR,1.0,178274.04,Exécuté,NYSE,OPE004
TRX001702,PF00071,INST011,2024-08-18,Arbitrage Sortant,367.73,104.4971,38426.72,132.51,38559.23,USD,1.0823,41732.65,En attente,SIX,OPE004
TRX001703,PF00022,INST004,2024-02-29,Arbitrage Entrant,297.15,55.5353,16502.31,80.36,16582.67,USD,0.9796,16244.38,Exécuté,NYSE,OPE001
TRX001704,PF00054,INST003,2023-07-19,Achat,433.5,462.7539,200603.82,971.01,199632.81,EUR,1.0,199632.81,Annulé,NYSE,OPE001
TRX001705,PF00030,INST010,2024-05-06,Arbitrage Sortant,373.26,53.7259,20053.73,29.09,20082.82,EUR,1.0,20082.82,Exécuté,NYSE,OPE002
TRX001706,PF00011,INST002,2025-09-18,Frais,361.11,228.7806,82614.96,321.54,82293.42,EUR,1.0,82293.42,Exécuté,NYSE,OPE005
TRX001707,PF00055,INST001,2026-01-01,Dividende,286.37,221.4098,63405.12,148.95,63554.07,EUR,1.0,63554.07,Exécuté,SIX,OPE003
TRX001708,PF00134,INST002,2024-08-03,Vente,382.42,148.202,56675.41,79.45,56754.86,EUR,1.0,56754.86,Exécuté,OTC,OPE004
TRX001709,PF00135,INST003,2024-02-03,Dividende,430.06,292.4505,125771.26,290.1,126061.36,USD,0.93,117237.06,Exécuté,SIX,OPE002
TRX001710,PF00005,INST014,2025-10-29,Arbitrage Sortant,296.11,353.3066,104617.62,258.08,104875.7,EUR,1.0,104875.7,Annulé,Euronext,OPE001
TRX001711,PF00055,INST012,2024-01-03,Arbitrage Entrant,284.87,179.167,51039.3,210.12,51249.42,EUR,1.0,51249.42,Exécuté,Euronext,OPE002
TRX001712,PF00117,INST002,2024-01-11,Vente,138.46,217.6924,30141.69,73.43,30215.12,EUR,1.0,30215.12,En attente,Xetra,OPE004
TRX001713,PF00079,INST013,2026-04-02,Vente,106.79,23.2507,2482.94,11.83,2494.77,USD,0.9051,2258.02,Annulé,Euronext,OPE004
TRX001714,PF00032,INST006,2024-05-16,Frais,81.81,123.0953,10070.43,30.0,10040.43,EUR,1.0,10040.43,Exécuté,OTC,OPE005
TRX001715,PF00016,INST008,2025-07-09,Arbitrage Entrant,361.05,51.8331,18714.34,50.62,18764.96,EUR,1.0,18764.96,Annulé,NYSE,OPE002
TRX001716,PF00033,INST014,2025-06-08,Dividende,265.99,473.1247,125846.44,179.73,126026.17,EUR,1.0,126026.17,Exécuté,NYSE,OPE001
TRX001717,PF00057,INST012,2024-09-29,Arbitrage Entrant,433.36,25.8677,11210.03,13.84,11223.87,EUR,1.0,11223.87,En attente,Xetra,OPE004
TRX001718,PF00128,INST010,2023-06-03,Arbitrage Sortant,320.28,190.5974,61044.54,279.11,61323.65,EUR,1.0,61323.65,En attente,Euronext,OPE003
TRX001719,PF00114,INST010,2026-03-26,Arbitrage Entrant,389.41,180.5357,70302.41,150.46,70452.87,USD,1.0892,76737.27,Exécuté,SIX,OPE001
TRX001720,PF00036,INST014,2025-10-25,Arbitrage Sortant,126.3,222.7506,28133.4,40.58,28173.98,EUR,1.0,28173.98,Exécuté,OTC,OPE001
TRX001721,PF00010,INST004,2025-08-30,Achat,403.24,370.9747,149591.84,396.46,149195.38,USD,0.9201,137274.67,Annulé,Xetra,OPE001
TRX001722,PF00126,INST003,2025-07-01,Coupon,258.62,276.7426,71571.17,219.54,71790.71,EUR,1.0,71790.71,Annulé,Euronext,OPE002
TRX001723,PF00008,INST014,2024-11-11,Arbitrage Entrant,54.98,177.9323,9782.72,12.16,9794.88,EUR,1.0,9794.88,Exécuté,OTC,OPE001
TRX001724,PF00105,INST008,2025-12-22,Achat,124.0,236.3536,29307.85,56.18,29251.67,EUR,1.0,29251.67,Exécuté,Xetra,OPE003
TRX001725,PF00136,INST005,2025-10-25,Coupon,150.82,402.5031,60705.52,103.19,60808.71,USD,0.905,55031.88,En attente,SIX,OPE002
TRX001726,PF00090,INST009,2024-09-24,Arbitrage Sortant,264.53,184.1134,48703.52,131.68,48835.2,EUR,1.0,48835.2,En attente,Xetra,OPE004
TRX001727,PF00008,INST004,2025-04-15,Achat,281.07,173.5437,48777.93,243.84,48534.09,USD,1.0214,49572.72,Exécuté,SIX,OPE003
TRX001728,PF00112,INST015,2024-08-23,Coupon,218.97,82.9676,18167.42,43.84,18211.26,EUR,1.0,18211.26,En attente,NYSE,OPE002
TRX001729,PF00122,INST001,2025-08-15,Achat,29.73,140.3421,4172.37,11.1,4161.27,EUR,1.0,4161.27,Exécuté,Xetra,OPE005
TRX001730,PF00007,INST013,2024-05-22,Achat,397.76,34.783,13835.29,46.4,13788.89,EUR,1.0,13788.89,Exécuté,Xetra,OPE001
TRX001731,PF00006,INST012,2024-02-06,Arbitrage Entrant,132.08,125.6165,16591.43,67.58,16659.01,EUR,1.0,16659.01,En attente,Xetra,OPE005
TRX001732,PF00001,INST006,2024-12-21,Vente,334.19,356.7872,119234.71,270.26,119504.97,USD,0.9085,108570.27,En attente,OTC,OPE005
TRX001733,PF00010,INST013,2026-01-16,Frais,149.52,416.7642,62314.58,267.13,62047.45,EUR,1.0,62047.45,En attente,OTC,OPE004
TRX001734,PF00058,INST011,2023-07-21,Achat,100.13,299.2554,29964.44,112.09,29852.35,EUR,1.0,29852.35,Annulé,OTC,OPE005
TRX001735,PF00075,INST002,2025-10-17,Coupon,454.13,478.1715,217152.02,346.09,217498.11,EUR,1.0,217498.11,Exécuté,Euronext,OPE004
TRX001736,PF00123,INST010,2025-02-14,Dividende,124.87,417.1491,52089.41,210.9,52300.31,EUR,1.0,52300.31,Exécuté,NYSE,OPE005
TRX001737,PF00075,INST010,2023-12-09,Frais,456.07,497.8786,227067.49,632.22,226435.27,EUR,1.0,226435.27,Exécuté,Xetra,OPE002
TRX001738,PF00111,INST014,2024-11-23,Arbitrage Entrant,70.64,115.0277,8125.56,9.78,8135.34,EUR,1.0,8135.34,En attente,NYSE,OPE001
TRX001739,PF00023,INST007,2024-03-17,Achat,420.67,333.7704,140407.19,510.67,139896.52,EUR,1.0,139896.52,Exécuté,OTC,OPE001
TRX001740,PF00061,INST006,2023-11-12,Arbitrage Entrant,351.21,311.4526,109385.27,333.82,109719.09,EUR,1.0,109719.09,Exécuté,Euronext,OPE001
TRX001741,PF00114,INST001,2025-06-07,Arbitrage Entrant,418.3,256.7883,107414.55,359.9,107774.45,EUR,1.0,107774.45,En attente,Euronext,OPE001
TRX001742,PF00140,INST015,2025-05-24,Coupon,447.19,159.0159,71110.32,110.43,71220.75,EUR,1.0,71220.75,Annulé,Xetra,OPE005
TRX001743,PF00132,INST012,2024-02-05,Vente,285.97,225.7733,64564.39,195.46,64759.85,EUR,1.0,64759.85,Exécuté,OTC,OPE002
TRX001744,PF00016,INST013,2023-10-01,Achat,130.49,32.9429,4298.72,12.45,4286.27,EUR,1.0,4286.27,Exécuté,NYSE,OPE002
TRX001745,PF00098,INST010,2024-04-22,Achat,150.48,207.5825,31237.01,126.77,31110.24,EUR,1.0,31110.24,Exécuté,OTC,OPE004
TRX001746,PF00070,INST013,2023-07-26,Vente,300.35,217.5025,65326.88,301.5,65628.38,USD,0.9927,65149.29,Annulé,OTC,OPE004
TRX001747,PF00013,INST005,2025-05-08,Achat,294.83,122.3753,36079.91,53.1,36026.81,EUR,1.0,36026.81,En attente,SIX,OPE001
TRX001748,PF00091,INST007,2023-08-21,Achat,247.68,280.4055,69450.83,138.38,69312.45,EUR,1.0,69312.45,Exécuté,OTC,OPE005
TRX001749,PF00058,INST006,2025-08-14,Arbitrage Entrant,189.32,62.4344,11820.08,55.84,11875.92,EUR,1.0,11875.92,Exécuté,Xetra,OPE001
TRX001750,PF00108,INST012,2023-10-13,Arbitrage Entrant,142.24,308.8142,43925.73,111.35,44037.08,USD,1.0441,45979.12,En attente,SIX,OPE001
TRX001751,PF00069,INST008,2024-02-18,Frais,156.88,41.7324,6546.98,6.85,6540.13,EUR,1.0,6540.13,Exécuté,SIX,OPE002
TRX001752,PF00041,INST015,2025-05-22,Dividende,290.42,129.1474,37506.99,132.07,37639.06,EUR,1.0,37639.06,En attente,OTC,OPE002
TRX001753,PF00001,INST009,2024-11-28,Frais,480.12,391.546,187989.07,387.95,187601.12,EUR,1.0,187601.12,En attente,OTC,OPE002
TRX001754,PF00011,INST015,2024-03-15,Coupon,69.59,136.6805,9511.6,27.76,9539.36,EUR,1.0,9539.36,En attente,OTC,OPE001
TRX001755,PF00109,INST001,2024-11-10,Frais,416.68,53.6991,22375.34,28.99,22346.35,EUR,1.0,22346.35,En attente,NYSE,OPE003
TRX001756,PF00042,INST014,2023-07-02,Arbitrage Sortant,103.08,209.616,21607.22,41.71,21648.93,EUR,1.0,21648.93,Annulé,Euronext,OPE003
TRX001757,PF00048,INST004,2024-05-19,Achat,459.26,167.3966,76878.56,234.03,76644.53,EUR,1.0,76644.53,Exécuté,Euronext,OPE002
TRX001758,PF00093,INST015,2026-05-09,Dividende,375.49,252.8401,94938.93,194.5,95133.43,EUR,1.0,95133.43,Annulé,Xetra,OPE001
TRX001759,PF00050,INST012,2024-03-30,Dividende,137.53,395.972,54458.03,145.16,54603.19,EUR,1.0,54603.19,Annulé,SIX,OPE001
TRX001760,PF00133,INST003,2023-10-28,Arbitrage Entrant,130.09,273.7377,35610.54,142.87,35753.41,EUR,1.0,35753.41,En attente,OTC,OPE001
TRX001761,PF00103,INST008,2026-03-23,Arbitrage Sortant,276.03,57.4801,15866.23,20.92,15887.15,EUR,1.0,15887.15,Annulé,OTC,OPE001
TRX001762,PF00058,INST014,2026-02-18,Dividende,311.65,460.3672,143473.44,503.07,143976.51,EUR,1.0,143976.51,En attente,SIX,OPE005
TRX001763,PF00138,INST010,2026-05-06,Arbitrage Sortant,457.65,352.4516,161299.47,536.66,161836.13,EUR,1.0,161836.13,Exécuté,OTC,OPE004
TRX001764,PF00146,INST005,2025-02-02,Arbitrage Entrant,446.37,54.245,24213.34,57.17,24270.51,EUR,1.0,24270.51,Exécuté,Euronext,OPE001
TRX001765,PF00032,INST010,2025-10-27,Vente,361.47,342.9663,123972.03,153.03,124125.06,EUR,1.0,124125.06,Exécuté,NYSE,OPE004
TRX001766,PF00012,INST006,2025-10-22,Achat,36.12,48.5171,1752.44,6.54,1745.9,EUR,1.0,1745.9,Exécuté,OTC,OPE005
TRX001767,PF00143,INST013,2024-08-22,Coupon,104.36,164.0501,17120.27,45.25,17165.52,USD,0.92,15792.28,En attente,Xetra,OPE003
TRX001768,PF00096,INST010,2023-09-27,Achat,190.11,13.7624,2616.37,2.88,2613.49,EUR,1.0,2613.49,Exécuté,Xetra,OPE005
TRX001769,PF00149,INST005,2026-03-08,Vente,24.43,461.0491,11263.43,56.26,11319.69,EUR,1.0,11319.69,En attente,OTC,OPE004
TRX001770,PF00111,INST008,2024-05-20,Coupon,25.95,396.6972,10294.29,21.09,10315.38,EUR,1.0,10315.38,Exécuté,Xetra,OPE004
TRX001771,PF00094,INST008,2025-06-09,Arbitrage Sortant,222.1,273.3838,60718.54,67.81,60786.35,EUR,1.0,60786.35,Exécuté,Xetra,OPE002
TRX001772,PF00050,INST013,2024-12-31,Frais,402.83,24.1568,9731.08,14.82,9716.26,EUR,1.0,9716.26,Exécuté,SIX,OPE004
TRX001773,PF00034,INST014,2023-12-13,Arbitrage Entrant,92.98,215.1796,20007.4,76.08,20083.48,EUR,1.0,20083.48,Exécuté,SIX,OPE003
TRX001774,PF00089,INST004,2025-02-16,Achat,5.57,466.6386,2599.18,7.02,2592.16,USD,0.9237,2394.38,Exécuté,Xetra,OPE002
TRX001775,PF00116,INST007,2024-09-14,Coupon,347.28,242.2347,84123.27,219.14,84342.41,EUR,1.0,84342.41,En attente,Euronext,OPE004
TRX001776,PF00008,INST002,2025-10-16,Achat,89.26,357.4791,31908.58,44.66,31863.92,EUR,1.0,31863.92,En attente,Xetra,OPE005
TRX001777,PF00133,INST011,2025-07-19,Coupon,496.69,12.9985,6456.22,29.81,6486.03,EUR,1.0,6486.03,Exécuté,SIX,OPE005
TRX001778,PF00133,INST007,2025-06-17,Coupon,355.77,495.9021,176427.09,266.65,176693.74,EUR,1.0,176693.74,Exécuté,OTC,OPE005
TRX001779,PF00092,INST008,2024-02-13,Arbitrage Sortant,448.74,466.1828,209194.87,437.8,209632.67,USD,1.0988,230344.38,Annulé,Xetra,OPE002
TRX001780,PF00109,INST002,2024-04-24,Vente,365.49,460.5657,168332.16,204.34,168536.5,EUR,1.0,168536.5,Exécuté,SIX,OPE003
TRX001781,PF00059,INST007,2026-03-09,Dividende,348.52,367.4532,128064.79,571.89,128636.68,EUR,1.0,128636.68,Annulé,OTC,OPE003
TRX001782,PF00044,INST006,2025-05-11,Dividende,474.05,95.6659,45350.42,68.55,45418.97,USD,1.0007,45450.76,Exécuté,Xetra,OPE003
TRX001783,PF00013,INST001,2023-11-13,Arbitrage Entrant,472.34,134.6877,63618.39,229.74,63848.13,EUR,1.0,63848.13,Annulé,Xetra,OPE002
TRX001784,PF00051,INST014,2026-04-21,Achat,56.59,472.7875,26755.04,43.25,26711.79,EUR,1.0,26711.79,Exécuté,OTC,OPE005
TRX001785,PF00126,INST011,2023-05-23,Frais,366.99,491.8118,180490.01,505.91,179984.1,EUR,1.0,179984.1,Exécuté,NYSE,OPE003
TRX001786,PF00043,INST008,2024-06-20,Vente,16.32,435.1288,7101.3,22.87,7124.17,EUR,1.0,7124.17,Exécuté,Euronext,OPE004
TRX001787,PF00091,INST012,2026-04-14,Achat,327.87,39.7813,13043.09,57.22,12985.87,EUR,1.0,12985.87,Exécuté,Euronext,OPE003
TRX001788,PF00085,INST012,2026-02-09,Arbitrage Entrant,97.99,199.4404,19543.16,97.27,19640.43,USD,0.965,18953.01,En attente,OTC,OPE002
TRX001789,PF00069,INST010,2025-07-23,Vente,166.18,122.464,20351.07,45.23,20396.3,EUR,1.0,20396.3,Exécuté,OTC,OPE001
TRX001790,PF00102,INST008,2026-03-31,Coupon,253.07,261.9524,66292.29,84.05,66376.34,EUR,1.0,66376.34,Exécuté,NYSE,OPE003
TRX001791,PF00066,INST005,2025-02-22,Arbitrage Entrant,477.8,138.2099,66036.69,178.96,66215.65,USD,1.0639,70446.83,Exécuté,Euronext,OPE004
TRX001792,PF00056,INST008,2026-05-11,Arbitrage Entrant,392.35,62.505,24523.84,87.48,24611.32,EUR,1.0,24611.32,Exécuté,OTC,OPE001
TRX001793,PF00038,INST009,2025-12-28,Coupon,480.21,261.1212,125393.01,253.52,125646.53,EUR,1.0,125646.53,En attente,OTC,OPE005
TRX001794,PF00109,INST010,2024-10-15,Frais,257.73,85.9517,22152.33,100.72,22051.61,EUR,1.0,22051.61,Exécuté,Xetra,OPE004
TRX001795,PF00149,INST012,2023-07-16,Vente,418.92,61.2805,25671.63,111.9,25783.53,USD,0.9508,24514.98,Exécuté,Euronext,OPE001
TRX001796,PF00139,INST012,2023-12-26,Coupon,355.53,95.7645,34047.15,52.05,34099.2,USD,1.0663,36359.98,Exécuté,OTC,OPE004
TRX001797,PF00042,INST009,2025-06-09,Vente,119.9,398.2509,47750.28,76.58,47826.86,EUR,1.0,47826.86,En attente,SIX,OPE001
TRX001798,PF00101,INST015,2024-01-28,Arbitrage Sortant,79.4,441.9661,35092.11,64.58,35156.69,USD,1.0034,35276.22,En attente,Euronext,OPE005
TRX001799,PF00143,INST015,2025-02-08,Vente,84.72,69.352,5875.5,25.06,5900.56,EUR,1.0,5900.56,Exécuté,NYSE,OPE002
TRX001800,PF00001,INST001,2025-07-20,Achat,346.14,199.1105,68920.11,188.56,68731.55,EUR,1.0,68731.55,Exécuté,Euronext,OPE005
TRX001801,PF00143,INST015,2025-12-20,Arbitrage Sortant,338.69,360.2843,122024.69,181.43,122206.12,EUR,1.0,122206.12,Exécuté,NYSE,OPE003
TRX001802,PF00099,INST013,2025-08-10,Achat,145.09,459.4619,66663.33,129.39,66533.94,EUR,1.0,66533.94,Exécuté,NYSE,OPE001
TRX001803,PF00131,INST013,2024-10-10,Achat,393.3,145.4182,57192.98,236.33,56956.65,USD,0.939,53482.29,Exécuté,SIX,OPE005
TRX001804,PF00081,INST014,2025-05-22,Arbitrage Entrant,395.26,27.0859,10705.97,19.21,10725.18,EUR,1.0,10725.18,Annulé,SIX,OPE002
TRX001805,PF00001,INST006,2025-05-01,Arbitrage Sortant,407.97,472.2946,192682.03,926.8,193608.83,EUR,1.0,193608.83,Annulé,Euronext,OPE003
TRX001806,PF00006,INST015,2023-10-30,Arbitrage Entrant,23.99,222.0969,5328.1,24.44,5352.54,EUR,1.0,5352.54,Annulé,Xetra,OPE001
TRX001807,PF00019,INST001,2024-11-17,Arbitrage Entrant,197.1,191.7745,37798.75,168.96,37967.71,EUR,1.0,37967.71,Exécuté,Xetra,OPE001
TRX001808,PF00115,INST009,2025-01-02,Dividende,51.19,310.9181,15915.9,74.64,15990.54,EUR,1.0,15990.54,En attente,SIX,OPE001
TRX001809,PF00134,INST010,2026-03-31,Achat,184.27,285.2319,52559.68,93.48,52466.2,EUR,1.0,52466.2,En attente,NYSE,OPE003
TRX001810,PF00142,INST003,2025-01-31,Coupon,267.61,288.0593,77087.55,268.83,77356.38,USD,0.9777,75631.33,Annulé,Euronext,OPE005
TRX001811,PF00060,INST009,2024-06-26,Coupon,279.46,264.8191,74006.35,262.07,74268.42,EUR,1.0,74268.42,Annulé,OTC,OPE004
TRX001812,PF00019,INST006,2026-03-13,Achat,186.13,299.7673,55795.69,96.1,55699.59,EUR,1.0,55699.59,Exécuté,OTC,OPE004
TRX001813,PF00097,INST001,2024-01-01,Arbitrage Entrant,297.76,71.9871,21434.88,102.31,21537.19,USD,0.9863,21242.13,Exécuté,SIX,OPE005
TRX001814,PF00148,INST009,2025-06-04,Arbitrage Sortant,436.47,196.2688,85665.44,189.4,85854.84,EUR,1.0,85854.84,En attente,Euronext,OPE005
TRX001815,PF00095,INST015,2023-10-19,Vente,470.43,394.1429,185416.64,453.31,185869.95,EUR,1.0,185869.95,Exécuté,SIX,OPE004
TRX001816,PF00117,INST005,2024-06-05,Arbitrage Entrant,46.02,376.4971,17326.4,51.17,17377.57,EUR,1.0,17377.57,En attente,NYSE,OPE001
TRX001817,PF00025,INST009,2025-09-23,Arbitrage Entrant,398.82,326.0407,130031.55,205.27,130236.82,EUR,1.0,130236.82,En attente,OTC,OPE004
TRX001818,PF00036,INST007,2024-06-22,Dividende,89.34,79.0475,7062.1,33.7,7095.8,EUR,1.0,7095.8,En attente,OTC,OPE001
TRX001819,PF00116,INST001,2023-10-24,Arbitrage Sortant,353.86,497.8946,176184.98,799.09,176984.07,EUR,1.0,176984.07,Exécuté,NYSE,OPE001
TRX001820,PF00142,INST006,2023-09-10,Arbitrage Entrant,147.53,248.1922,36615.8,158.91,36774.71,EUR,1.0,36774.71,Annulé,OTC,OPE002
TRX001821,PF00001,INST014,2026-01-09,Frais,71.63,423.8364,30359.4,74.95,30284.45,EUR,1.0,30284.45,En attente,Euronext,OPE001
TRX001822,PF00017,INST011,2024-03-16,Coupon,110.56,355.0221,39251.24,92.97,39344.21,EUR,1.0,39344.21,Exécuté,SIX,OPE002
TRX001823,PF00055,INST014,2024-07-17,Vente,139.94,433.6132,60679.83,301.43,60981.26,USD,1.0839,66097.59,En attente,Xetra,OPE003
TRX001824,PF00002,INST001,2025-02-18,Achat,243.25,329.4553,80140.0,372.62,79767.38,USD,0.9322,74359.15,Exécuté,SIX,OPE002
TRX001825,PF00024,INST003,2024-08-27,Coupon,37.17,471.3828,17521.3,55.52,17576.82,EUR,1.0,17576.82,Exécuté,SIX,OPE001
TRX001826,PF00016,INST013,2024-09-26,Dividende,471.54,324.3254,152932.4,613.6,153546.0,EUR,1.0,153546.0,Exécuté,Euronext,OPE005
TRX001827,PF00096,INST001,2025-11-01,Frais,89.82,237.2727,21311.83,90.13,21221.7,EUR,1.0,21221.7,Exécuté,NYSE,OPE004
TRX001828,PF00021,INST012,2023-11-02,Achat,372.19,121.4323,45195.89,192.89,45003.0,EUR,1.0,45003.0,Exécuté,OTC,OPE002
TRX001829,PF00052,INST001,2024-07-17,Achat,231.73,406.7344,94252.56,318.06,93934.5,EUR,1.0,93934.5,Exécuté,SIX,OPE003
TRX001830,PF00023,INST015,2025-07-04,Frais,287.43,163.0066,46852.99,180.17,46672.82,EUR,1.0,46672.82,Exécuté,NYSE,OPE005
TRX001831,PF00134,INST008,2024-05-16,Coupon,296.96,290.8113,86359.32,385.23,86744.55,EUR,1.0,86744.55,Exécuté,NYSE,OPE005
TRX001832,PF00066,INST005,2025-03-19,Coupon,383.23,212.5756,81465.35,320.22,81785.57,USD,1.0955,89596.09,Exécuté,Xetra,OPE005
TRX001833,PF00022,INST004,2023-11-26,Arbitrage Sortant,362.95,44.6544,16207.31,32.92,16240.23,EUR,1.0,16240.23,Exécuté,Xetra,OPE005
TRX001834,PF00104,INST004,2024-08-01,Arbitrage Entrant,92.4,239.4533,22125.48,48.39,22173.87,EUR,1.0,22173.87,Annulé,Xetra,OPE005
TRX001835,PF00062,INST006,2023-11-12,Arbitrage Sortant,459.28,216.1317,99264.97,123.28,99388.25,EUR,1.0,99388.25,En attente,SIX,OPE001
TRX001836,PF00110,INST008,2026-04-28,Vente,294.55,117.3244,34557.9,133.77,34691.67,EUR,1.0,34691.67,Exécuté,OTC,OPE005
TRX001837,PF00050,INST009,2026-02-05,Dividende,483.87,165.7806,80216.26,153.33,80369.59,EUR,1.0,80369.59,Annulé,NYSE,OPE005
TRX001838,PF00013,INST006,2026-01-30,Dividende,27.48,409.9892,11266.5,53.04,11319.54,EUR,1.0,11319.54,Annulé,Xetra,OPE004
TRX001839,PF00086,INST006,2023-08-20,Achat,182.75,204.5623,37383.76,68.19,37315.57,USD,1.0458,39024.62,Exécuté,OTC,OPE001
TRX001840,PF00139,INST015,2026-05-03,Dividende,451.25,169.0307,76275.1,89.24,76364.34,EUR,1.0,76364.34,Exécuté,OTC,OPE001
TRX001841,PF00060,INST002,2024-01-10,Achat,498.39,236.7229,117980.33,357.49,117622.84,EUR,1.0,117622.84,Exécuté,OTC,OPE001
TRX001842,PF00037,INST006,2023-12-16,Arbitrage Sortant,148.17,471.7904,69905.18,260.6,70165.78,EUR,1.0,70165.78,Exécuté,NYSE,OPE001
TRX001843,PF00104,INST012,2023-10-25,Frais,186.1,124.5658,23181.7,98.99,23082.71,EUR,1.0,23082.71,Exécuté,NYSE,OPE001
TRX001844,PF00022,INST011,2025-10-05,Vente,91.94,451.5473,41515.26,171.86,41687.12,EUR,1.0,41687.12,Exécuté,Euronext,OPE002
TRX001845,PF00107,INST013,2024-10-06,Arbitrage Sortant,350.12,34.8792,12211.91,27.82,12239.73,EUR,1.0,12239.73,Exécuté,NYSE,OPE003
TRX001846,PF00067,INST008,2024-04-26,Arbitrage Entrant,445.41,176.4943,78612.33,216.36,78828.69,EUR,1.0,78828.69,Annulé,Euronext,OPE004
TRX001847,PF00049,INST014,2025-03-04,Vente,232.38,279.8648,65034.98,307.16,65342.14,EUR,1.0,65342.14,Exécuté,NYSE,OPE001
TRX001848,PF00013,INST001,2026-05-12,Coupon,144.63,341.9938,49462.56,92.24,49554.8,EUR,1.0,49554.8,Exécuté,NYSE,OPE005
TRX001849,PF00031,INST001,2023-12-01,Dividende,174.76,469.467,82044.05,370.28,82414.33,EUR,1.0,82414.33,Exécuté,OTC,OPE005
TRX001850,PF00073,INST002,2026-05-10,Achat,271.84,317.1619,86217.29,400.0,85817.29,USD,1.0981,94235.97,Exécuté,OTC,OPE005
TRX001851,PF00045,INST009,2025-02-24,Dividende,173.71,377.521,65579.17,304.1,65883.27,EUR,1.0,65883.27,Exécuté,Euronext,OPE003
TRX001852,PF00100,INST002,2024-02-24,Achat,30.6,482.2395,14756.53,48.37,14708.16,EUR,1.0,14708.16,Exécuté,SIX,OPE005
TRX001853,PF00110,INST015,2026-03-07,Arbitrage Sortant,274.2,46.107,12642.54,32.21,12674.75,EUR,1.0,12674.75,Annulé,Xetra,OPE001
TRX001854,PF00062,INST008,2023-10-30,Frais,134.26,343.3069,46092.38,178.22,45914.16,USD,1.0324,47401.78,En attente,Xetra,OPE003
TRX001855,PF00149,INST012,2024-07-13,Dividende,431.08,20.0505,8643.37,22.22,8665.59,EUR,1.0,8665.59,Annulé,NYSE,OPE003
TRX001856,PF00084,INST001,2023-05-24,Vente,81.18,180.49,14652.18,15.3,14667.48,EUR,1.0,14667.48,Exécuté,SIX,OPE003
TRX001857,PF00066,INST003,2024-09-12,Coupon,92.64,61.8263,5727.59,18.04,5745.63,USD,1.0164,5839.86,Exécuté,OTC,OPE002
TRX001858,PF00057,INST013,2024-12-18,Vente,154.55,429.4456,66370.82,84.89,66455.71,EUR,1.0,66455.71,En attente,Euronext,OPE004
TRX001859,PF00012,INST006,2023-07-14,Vente,3.8,384.5097,1461.14,4.62,1465.76,EUR,1.0,1465.76,En attente,Xetra,OPE002
TRX001860,PF00004,INST003,2024-06-11,Achat,45.1,202.3652,9126.67,17.16,9109.51,USD,1.0233,9321.76,Exécuté,Xetra,OPE003
TRX001861,PF00117,INST006,2023-11-29,Arbitrage Sortant,438.35,285.6607,125219.37,520.89,125740.26,EUR,1.0,125740.26,Exécuté,OTC,OPE002
TRX001862,PF00023,INST003,2026-04-29,Frais,368.74,387.8224,143005.63,321.3,142684.33,EUR,1.0,142684.33,Exécuté,NYSE,OPE002
TRX001863,PF00108,INST011,2023-11-24,Arbitrage Sortant,441.27,400.6964,176815.3,802.56,177617.86,USD,0.9915,176108.11,Exécuté,OTC,OPE002
TRX001864,PF00020,INST005,2025-09-28,Coupon,491.67,446.0648,219316.68,828.93,220145.61,USD,0.9002,198175.08,Annulé,Euronext,OPE001
TRX001865,PF00089,INST014,2024-12-01,Vente,113.6,378.4478,42991.67,44.04,43035.71,USD,0.9863,42446.12,Exécuté,Euronext,OPE005
TRX001866,PF00044,INST002,2025-11-15,Dividende,453.55,266.9721,121085.2,181.38,121266.58,EUR,1.0,121266.58,Exécuté,Xetra,OPE005
TRX001867,PF00025,INST007,2026-01-04,Achat,386.63,256.5351,99184.17,183.07,99001.1,EUR,1.0,99001.1,Exécuté,OTC,OPE005
TRX001868,PF00021,INST012,2023-10-30,Frais,440.48,288.7978,127209.65,363.18,126846.47,EUR,1.0,126846.47,Exécuté,Euronext,OPE004
TRX001869,PF00143,INST009,2025-04-20,Achat,354.71,377.7021,133974.71,548.29,133426.42,USD,0.9958,132866.03,En attente,NYSE,OPE001
TRX001870,PF00141,INST007,2026-05-11,Frais,471.36,259.175,122164.73,406.51,121758.22,USD,1.0607,129148.94,Exécuté,Xetra,OPE003
TRX001871,PF00014,INST011,2023-12-07,Achat,497.72,77.67,38657.91,150.36,38507.55,EUR,1.0,38507.55,Exécuté,Euronext,OPE001
TRX001872,PF00046,INST009,2024-04-05,Vente,307.91,272.9607,84047.33,294.26,84341.59,USD,0.9271,78193.09,Exécuté,Euronext,OPE003
TRX001873,PF00023,INST005,2023-05-31,Dividende,244.15,146.593,35790.68,66.06,35856.74,USD,1.0849,38900.98,En attente,Euronext,OPE001
TRX001874,PF00108,INST006,2024-09-17,Frais,301.62,106.1787,32025.62,33.33,31992.29,USD,1.0471,33499.13,Exécuté,NYSE,OPE001
TRX001875,PF00054,INST001,2025-12-09,Dividende,468.62,350.9805,164476.48,308.57,164785.05,USD,0.9261,152607.43,Annulé,SIX,OPE003
TRX001876,PF00033,INST012,2025-01-23,Achat,122.61,361.7476,44353.87,51.7,44302.17,USD,1.0007,44333.18,Annulé,Xetra,OPE001
TRX001877,PF00105,INST005,2023-07-20,Coupon,99.32,344.2691,34192.81,147.01,34339.82,EUR,1.0,34339.82,En attente,NYSE,OPE004
TRX001878,PF00117,INST008,2026-02-19,Dividende,199.54,296.4355,59150.74,203.74,59354.48,USD,0.9264,54985.99,Exécuté,Euronext,OPE002
TRX001879,PF00023,INST007,2025-04-01,Arbitrage Entrant,441.85,346.036,152896.01,606.87,153502.88,EUR,1.0,153502.88,Exécuté,SIX,OPE005
TRX001880,PF00011,INST014,2023-10-24,Vente,291.44,478.3355,139406.1,261.06,139667.16,EUR,1.0,139667.16,Exécuté,NYSE,OPE005
TRX001881,PF00071,INST002,2026-03-18,Frais,194.16,89.4792,17373.28,56.81,17316.47,USD,1.0878,18836.86,Annulé,SIX,OPE001
TRX001882,PF00129,INST001,2025-08-30,Dividende,203.53,443.5511,90275.96,440.13,90716.09,EUR,1.0,90716.09,Annulé,SIX,OPE001
TRX001883,PF00099,INST004,2024-05-09,Arbitrage Entrant,197.61,84.9561,16788.17,55.09,16843.26,EUR,1.0,16843.26,Exécuté,Xetra,OPE001
TRX001884,PF00078,INST010,2024-10-10,Dividende,389.62,393.7791,153424.21,337.84,153762.05,EUR,1.0,153762.05,Annulé,SIX,OPE004
TRX001885,PF00051,INST011,2026-05-07,Dividende,302.72,102.3966,30997.5,58.86,31056.36,EUR,1.0,31056.36,Exécuté,Euronext,OPE003
TRX001886,PF00097,INST003,2024-11-20,Coupon,95.7,424.7896,40652.36,103.31,40755.67,EUR,1.0,40755.67,Exécuté,Euronext,OPE003
TRX001887,PF00038,INST005,2025-07-08,Vente,393.13,336.0777,132122.23,618.14,132740.37,EUR,1.0,132740.37,En attente,Xetra,OPE003
TRX001888,PF00039,INST002,2025-07-06,Arbitrage Entrant,257.83,261.4867,67419.12,306.43,67725.55,EUR,1.0,67725.55,En attente,SIX,OPE005
TRX001889,PF00026,INST012,2024-01-06,Frais,465.22,82.2843,38280.3,75.05,38205.25,EUR,1.0,38205.25,Exécuté,OTC,OPE005
TRX001890,PF00098,INST005,2026-02-23,Vente,101.31,176.0294,17833.54,34.91,17868.45,USD,1.044,18654.66,Exécuté,SIX,OPE002
TRX001891,PF00094,INST011,2026-02-02,Achat,182.97,125.5666,22974.92,45.54,22929.38,USD,1.0899,24990.73,Exécuté,NYSE,OPE001
TRX001892,PF00021,INST012,2023-11-28,Arbitrage Sortant,183.56,337.5459,61959.93,185.76,62145.69,EUR,1.0,62145.69,Exécuté,Xetra,OPE003
TRX001893,PF00120,INST013,2025-05-23,Arbitrage Entrant,195.81,348.0162,68145.05,252.17,68397.22,EUR,1.0,68397.22,Exécuté,SIX,OPE004
TRX001894,PF00069,INST012,2024-08-26,Arbitrage Sortant,471.43,458.9314,216354.03,506.7,216860.73,USD,0.9721,210810.32,Exécuté,SIX,OPE003
TRX001895,PF00145,INST008,2025-10-23,Arbitrage Sortant,136.16,199.463,27158.88,106.26,27265.14,EUR,1.0,27265.14,Exécuté,SIX,OPE002
TRX001896,PF00072,INST003,2024-01-26,Achat,89.36,149.9198,13396.83,14.58,13382.25,EUR,1.0,13382.25,En attente,Xetra,OPE005
TRX001897,PF00079,INST009,2024-09-21,Achat,407.57,100.8287,41094.75,106.7,40988.05,USD,0.9646,39537.07,Exécuté,OTC,OPE004
TRX001898,PF00102,INST005,2023-06-13,Arbitrage Sortant,223.9,65.2924,14618.97,68.57,14687.54,EUR,1.0,14687.54,Annulé,Xetra,OPE002
TRX001899,PF00062,INST006,2023-08-16,Arbitrage Sortant,358.98,493.7766,177255.92,365.64,177621.56,EUR,1.0,177621.56,Exécuté,Xetra,OPE001
TRX001900,PF00068,INST011,2023-08-11,Frais,292.18,131.4281,38400.66,176.22,38224.44,EUR,1.0,38224.44,Exécuté,Xetra,OPE003
TRX001901,PF00080,INST004,2025-05-14,Arbitrage Entrant,404.99,231.8745,93906.85,248.91,94155.76,EUR,1.0,94155.76,Exécuté,Euronext,OPE001
TRX001902,PF00008,INST009,2024-07-15,Arbitrage Entrant,343.44,69.7711,23962.19,114.07,24076.26,EUR,1.0,24076.26,Exécuté,NYSE,OPE001
TRX001903,PF00021,INST006,2023-06-15,Arbitrage Entrant,274.94,55.2653,15194.64,71.87,15266.51,EUR,1.0,15266.51,Exécuté,NYSE,OPE002
TRX001904,PF00093,INST014,2023-10-09,Arbitrage Entrant,140.4,449.168,63063.19,172.27,63235.46,EUR,1.0,63235.46,Exécuté,Xetra,OPE004
TRX001905,PF00013,INST002,2024-02-01,Coupon,97.8,482.788,47216.67,211.47,47428.14,EUR,1.0,47428.14,En attente,SIX,OPE003
TRX001906,PF00038,INST004,2023-08-28,Coupon,231.94,74.7079,17327.75,47.13,17374.88,EUR,1.0,17374.88,Annulé,NYSE,OPE002
TRX001907,PF00120,INST001,2024-12-14,Achat,140.05,40.3532,5651.47,24.36,5627.11,EUR,1.0,5627.11,Exécuté,SIX,OPE005
TRX001908,PF00017,INST001,2025-05-03,Dividende,163.42,264.3806,43205.08,213.27,43418.35,EUR,1.0,43418.35,Exécuté,NYSE,OPE004
TRX001909,PF00046,INST012,2023-10-07,Vente,33.79,101.2912,3422.63,9.76,3432.39,USD,0.924,3171.53,Exécuté,OTC,OPE003
TRX001910,PF00059,INST010,2025-09-24,Arbitrage Entrant,396.09,386.9273,153258.03,286.66,153544.69,EUR,1.0,153544.69,En attente,Euronext,OPE004
TRX001911,PF00043,INST015,2024-10-23,Achat,100.03,107.0766,10710.87,37.38,10673.49,EUR,1.0,10673.49,Exécuté,OTC,OPE004
TRX001912,PF00046,INST015,2024-04-12,Arbitrage Entrant,14.37,325.9889,4684.46,15.47,4699.93,EUR,1.0,4699.93,Exécuté,Xetra,OPE002
TRX001913,PF00096,INST010,2025-12-22,Dividende,413.8,431.3054,178474.17,665.98,179140.15,USD,0.9297,166546.6,Exécuté,SIX,OPE002
TRX001914,PF00049,INST015,2025-08-06,Frais,302.09,95.4101,28822.44,61.95,28760.49,EUR,1.0,28760.49,Exécuté,Xetra,OPE002
TRX001915,PF00034,INST004,2024-10-21,Coupon,213.98,258.5652,55327.78,270.44,55598.22,EUR,1.0,55598.22,Annulé,Euronext,OPE001
TRX001916,PF00142,INST008,2024-03-26,Achat,256.21,200.6541,51409.59,153.78,51255.81,EUR,1.0,51255.81,En attente,NYSE,OPE002
TRX001917,PF00098,INST001,2023-06-20,Achat,8.07,71.0938,573.73,1.48,572.25,EUR,1.0,572.25,En attente,NYSE,OPE005
TRX001918,PF00144,INST011,2026-02-02,Vente,353.34,482.1922,170377.79,506.36,170884.15,EUR,1.0,170884.15,Exécuté,OTC,OPE003
TRX001919,PF00104,INST008,2024-12-25,Vente,162.83,379.3383,61767.66,94.14,61861.8,USD,1.0959,67794.35,Exécuté,NYSE,OPE002
TRX001920,PF00042,INST015,2025-11-28,Arbitrage Entrant,254.67,321.0228,81754.88,328.45,82083.33,EUR,1.0,82083.33,Exécuté,NYSE,OPE003
TRX001921,PF00144,INST011,2024-05-06,Arbitrage Sortant,370.54,85.5987,31717.74,135.2,31852.94,USD,0.9357,29804.8,Exécuté,SIX,OPE001
TRX001922,PF00097,INST003,2025-01-30,Arbitrage Sortant,444.33,496.5224,220619.8,518.49,221138.29,EUR,1.0,221138.29,Exécuté,SIX,OPE002
TRX001923,PF00123,INST014,2024-10-24,Arbitrage Sortant,123.08,428.991,52800.21,77.03,52877.24,EUR,1.0,52877.24,Exécuté,SIX,OPE004
TRX001924,PF00071,INST002,2025-05-06,Arbitrage Sortant,118.92,247.9277,29483.56,66.66,29550.22,EUR,1.0,29550.22,Exécuté,OTC,OPE003
TRX001925,PF00039,INST001,2024-03-12,Arbitrage Entrant,36.8,389.6365,14338.62,24.35,14362.97,EUR,1.0,14362.97,En attente,Xetra,OPE004
TRX001926,PF00059,INST010,2025-11-10,Arbitrage Sortant,360.33,331.857,119578.03,304.26,119882.29,EUR,1.0,119882.29,Exécuté,SIX,OPE001
TRX001927,PF00093,INST006,2025-04-10,Dividende,284.77,401.6483,114377.39,542.96,114920.35,EUR,1.0,114920.35,Exécuté,Euronext,OPE004
TRX001928,PF00069,INST002,2024-03-09,Achat,283.55,459.9729,130425.32,308.96,130116.36,EUR,1.0,130116.36,Exécuté,Euronext,OPE005
TRX001929,PF00024,INST010,2023-08-06,Arbitrage Entrant,188.61,492.5353,92897.08,312.48,93209.56,EUR,1.0,93209.56,En attente,SIX,OPE003
TRX001930,PF00048,INST001,2026-05-16,Coupon,401.91,407.4897,163774.19,175.67,163949.86,USD,0.9869,161802.12,Exécuté,Euronext,OPE001
TRX001931,PF00128,INST002,2023-08-17,Vente,364.75,54.0046,19698.18,43.93,19742.11,USD,1.0143,20024.42,Annulé,OTC,OPE004
TRX001932,PF00119,INST009,2024-07-18,Frais,323.99,208.9319,67691.85,221.05,67470.8,EUR,1.0,67470.8,Exécuté,Euronext,OPE002
TRX001933,PF00110,INST008,2024-02-06,Coupon,116.43,400.966,46684.47,230.64,46915.11,USD,0.9264,43462.16,Annulé,Euronext,OPE004
TRX001934,PF00087,INST012,2025-03-16,Frais,481.95,272.0349,131107.22,380.29,130726.93,EUR,1.0,130726.93,Exécuté,NYSE,OPE002
TRX001935,PF00147,INST015,2025-12-30,Arbitrage Entrant,346.79,109.4775,37965.7,129.48,38095.18,EUR,1.0,38095.18,Exécuté,Xetra,OPE002
TRX001936,PF00008,INST009,2025-12-03,Arbitrage Entrant,362.82,293.327,106424.9,248.98,106673.88,USD,0.9249,98662.67,Exécuté,NYSE,OPE001
TRX001937,PF00018,INST006,2025-04-26,Arbitrage Sortant,12.74,181.0617,2306.73,9.76,2316.49,EUR,1.0,2316.49,Exécuté,OTC,OPE004
TRX001938,PF00073,INST008,2023-08-07,Achat,355.77,10.5834,3765.26,10.1,3755.16,EUR,1.0,3755.16,Annulé,Xetra,OPE003
TRX001939,PF00140,INST011,2023-06-06,Arbitrage Sortant,218.19,206.4477,45044.82,148.18,45193.0,EUR,1.0,45193.0,Exécuté,Euronext,OPE004
TRX001940,PF00052,INST007,2025-12-16,Dividende,213.89,495.3978,105960.64,214.86,106175.5,EUR,1.0,106175.5,Exécuté,Euronext,OPE004
TRX001941,PF00063,INST006,2024-03-07,Dividende,349.82,240.4273,84106.28,96.77,84203.05,EUR,1.0,84203.05,Exécuté,OTC,OPE004
TRX001942,PF00048,INST008,2023-06-17,Coupon,40.46,442.5386,17905.11,58.4,17963.51,EUR,1.0,17963.51,Exécuté,OTC,OPE004
TRX001943,PF00058,INST006,2025-02-02,Vente,25.72,191.7712,4932.36,14.13,4946.49,EUR,1.0,4946.49,Exécuté,Xetra,OPE003
TRX001944,PF00029,INST003,2025-04-18,Frais,81.39,212.6275,17305.75,31.59,17274.16,EUR,1.0,17274.16,Exécuté,Euronext,OPE003
TRX001945,PF00075,INST015,2025-03-14,Frais,310.76,284.1996,88317.87,289.65,88028.22,EUR,1.0,88028.22,En attente,SIX,OPE003
TRX001946,PF00073,INST007,2023-06-22,Arbitrage Entrant,217.88,156.2832,34050.98,79.05,34130.03,EUR,1.0,34130.03,Exécuté,NYSE,OPE003
TRX001947,PF00066,INST013,2024-02-22,Achat,396.06,159.6227,63220.17,93.9,63126.27,USD,1.0506,66320.46,Exécuté,Xetra,OPE003
TRX001948,PF00149,INST008,2026-03-30,Dividende,113.98,441.6496,50339.22,226.94,50566.16,EUR,1.0,50566.16,Exécuté,OTC,OPE005
TRX001949,PF00044,INST003,2025-09-24,Vente,24.82,170.8121,4239.56,11.36,4250.92,EUR,1.0,4250.92,Exécuté,OTC,OPE005
TRX001950,PF00134,INST010,2024-09-23,Arbitrage Sortant,466.95,58.8819,27494.9,44.84,27539.74,EUR,1.0,27539.74,En attente,SIX,OPE002
TRX001951,PF00016,INST012,2025-09-27,Vente,58.46,244.5812,14298.22,16.78,14315.0,EUR,1.0,14315.0,Exécuté,OTC,OPE003
TRX001952,PF00050,INST005,2025-08-09,Arbitrage Entrant,355.17,212.2713,75392.4,176.92,75569.32,USD,1.0718,80995.2,Exécuté,Euronext,OPE002
TRX001953,PF00003,INST001,2025-11-17,Dividende,139.79,222.0903,31046.0,68.85,31114.85,EUR,1.0,31114.85,Exécuté,OTC,OPE002
TRX001954,PF00146,INST001,2024-12-30,Arbitrage Sortant,14.67,449.647,6596.32,29.67,6625.99,EUR,1.0,6625.99,Exécuté,Euronext,OPE002
TRX001955,PF00119,INST006,2023-09-14,Arbitrage Sortant,197.35,184.5571,36422.34,139.42,36561.76,EUR,1.0,36561.76,Exécuté,Xetra,OPE005
TRX001956,PF00087,INST011,2025-12-15,Arbitrage Entrant,419.95,482.2828,202534.66,652.47,203187.13,EUR,1.0,203187.13,Exécuté,OTC,OPE005
TRX001957,PF00056,INST002,2025-03-04,Dividende,353.2,280.7497,99160.79,174.19,99334.98,EUR,1.0,99334.98,Annulé,SIX,OPE002
TRX001958,PF00022,INST002,2024-02-10,Vente,467.34,279.8577,130788.7,155.93,130944.63,USD,0.9593,125615.18,Exécuté,NYSE,OPE004
TRX001959,PF00041,INST015,2026-03-21,Arbitrage Entrant,370.69,26.4079,9789.14,19.53,9808.67,EUR,1.0,9808.67,Annulé,Xetra,OPE002
TRX001960,PF00068,INST007,2025-10-31,Vente,328.36,19.1711,6295.02,12.14,6307.16,EUR,1.0,6307.16,En attente,SIX,OPE005
TRX001961,PF00102,INST013,2026-02-02,Arbitrage Sortant,270.6,23.73,6421.34,20.6,6441.94,EUR,1.0,6441.94,Exécuté,OTC,OPE003
TRX001962,PF00098,INST013,2024-12-09,Frais,479.67,84.9654,40755.35,171.94,40583.41,EUR,1.0,40583.41,Annulé,SIX,OPE003
TRX001963,PF00017,INST008,2026-04-03,Dividende,94.97,28.3945,2696.63,4.94,2701.57,EUR,1.0,2701.57,Exécuté,NYSE,OPE002
TRX001964,PF00138,INST013,2026-01-05,Arbitrage Sortant,417.52,474.1521,197967.98,327.34,198295.32,EUR,1.0,198295.32,Annulé,SIX,OPE003
TRX001965,PF00047,INST008,2024-07-11,Arbitrage Sortant,169.05,437.3489,73933.83,346.69,74280.52,USD,0.9398,69808.83,Exécuté,OTC,OPE002
TRX001966,PF00060,INST001,2025-04-28,Vente,9.1,171.7926,1563.31,5.15,1568.46,EUR,1.0,1568.46,Exécuté,NYSE,OPE001
TRX001967,PF00059,INST001,2024-01-04,Vente,99.44,210.0628,20888.64,57.73,20946.37,EUR,1.0,20946.37,Annulé,SIX,OPE003
TRX001968,PF00003,INST008,2024-10-26,Arbitrage Sortant,214.01,390.1938,83505.38,287.15,83792.53,EUR,1.0,83792.53,Exécuté,NYSE,OPE001
TRX001969,PF00045,INST005,2025-03-22,Arbitrage Entrant,185.73,37.4645,6958.28,33.16,6991.44,USD,1.082,7564.74,En attente,OTC,OPE003
TRX001970,PF00125,INST003,2026-01-17,Vente,15.49,142.7181,2210.7,10.33,2221.03,USD,0.9093,2019.58,En attente,Xetra,OPE004
TRX001971,PF00018,INST013,2024-10-17,Frais,404.94,400.61,162223.01,757.43,161465.58,EUR,1.0,161465.58,Exécuté,SIX,OPE002
TRX001972,PF00042,INST011,2024-09-16,Arbitrage Sortant,67.07,35.5384,2383.56,5.94,2389.5,EUR,1.0,2389.5,Annulé,Xetra,OPE005
TRX001973,PF00119,INST012,2025-04-11,Arbitrage Sortant,479.26,417.5316,200106.19,581.34,200687.53,EUR,1.0,200687.53,Exécuté,Xetra,OPE004
TRX001974,PF00028,INST010,2024-11-16,Arbitrage Sortant,416.37,468.5004,195069.51,337.76,195407.27,EUR,1.0,195407.27,Exécuté,SIX,OPE003
TRX001975,PF00139,INST004,2023-09-21,Frais,436.33,225.9461,98587.06,409.58,98177.48,EUR,1.0,98177.48,Exécuté,Xetra,OPE005
TRX001976,PF00017,INST003,2024-06-07,Vente,159.01,29.6506,4714.74,22.74,4737.48,EUR,1.0,4737.48,Annulé,SIX,OPE005
TRX001977,PF00073,INST012,2024-07-12,Dividende,457.51,365.1065,167039.87,265.55,167305.42,USD,0.9971,166820.23,Exécuté,SIX,OPE005
TRX001978,PF00020,INST013,2026-03-08,Vente,50.77,51.4228,2610.74,12.84,2623.58,EUR,1.0,2623.58,En attente,SIX,OPE005
TRX001979,PF00011,INST004,2026-02-15,Arbitrage Entrant,173.98,347.2964,60422.63,160.95,60583.58,EUR,1.0,60583.58,Exécuté,SIX,OPE001
TRX001980,PF00125,INST005,2025-10-07,Arbitrage Entrant,18.99,318.347,6045.41,11.5,6056.91,USD,0.9705,5878.23,En attente,OTC,OPE005
TRX001981,PF00065,INST012,2023-10-22,Dividende,89.92,165.9863,14925.49,67.81,14993.3,EUR,1.0,14993.3,Annulé,Euronext,OPE002
TRX001982,PF00045,INST003,2025-11-03,Coupon,472.73,376.7348,178093.84,356.03,178449.87,EUR,1.0,178449.87,Exécuté,NYSE,OPE001
TRX001983,PF00093,INST014,2025-01-08,Dividende,75.68,65.3636,4946.72,8.43,4955.15,EUR,1.0,4955.15,Exécuté,OTC,OPE004
TRX001984,PF00050,INST015,2026-05-18,Vente,370.28,10.7388,3976.36,12.56,3988.92,USD,0.9405,3751.58,Exécuté,Xetra,OPE003
TRX001985,PF00114,INST015,2024-04-09,Arbitrage Sortant,10.24,256.0796,2622.26,8.06,2630.32,EUR,1.0,2630.32,Exécuté,Xetra,OPE004
TRX001986,PF00006,INST013,2026-02-25,Vente,6.15,193.3536,1189.12,4.44,1193.56,EUR,1.0,1193.56,Exécuté,OTC,OPE003
TRX001987,PF00049,INST013,2023-07-18,Arbitrage Entrant,224.65,136.1155,30578.35,116.44,30694.79,USD,0.9795,30065.55,Exécuté,NYSE,OPE005
TRX001988,PF00082,INST007,2023-06-08,Vente,134.74,231.6518,31212.76,93.39,31306.15,EUR,1.0,31306.15,Exécuté,NYSE,OPE003
TRX001989,PF00146,INST003,2026-02-21,Achat,209.76,444.0529,93144.54,223.28,92921.26,EUR,1.0,92921.26,Exécuté,OTC,OPE002
TRX001990,PF00008,INST011,2026-04-22,Dividende,286.78,464.4488,133194.63,213.6,133408.23,EUR,1.0,133408.23,Exécuté,Euronext,OPE003
TRX001991,PF00106,INST004,2024-07-16,Achat,76.67,165.6956,12703.88,51.19,12652.69,EUR,1.0,12652.69,Exécuté,SIX,OPE002
TRX001992,PF00119,INST011,2023-08-03,Arbitrage Entrant,406.37,326.4188,132646.81,224.1,132870.91,EUR,1.0,132870.91,Exécuté,Euronext,OPE004
TRX001993,PF00097,INST002,2024-11-01,Dividende,331.96,315.5162,104738.76,116.08,104854.84,EUR,1.0,104854.84,Exécuté,NYSE,OPE002
TRX001994,PF00028,INST004,2024-05-19,Arbitrage Entrant,269.62,427.1533,115169.07,135.26,115304.33,USD,1.0409,120020.28,Exécuté,Euronext,OPE001
TRX001995,PF00046,INST014,2023-10-02,Vente,48.09,416.1295,20011.67,82.62,20094.29,EUR,1.0,20094.29,Exécuté,OTC,OPE001
TRX001996,PF00096,INST009,2023-05-19,Vente,435.0,276.2855,120184.19,377.76,120561.95,EUR,1.0,120561.95,Exécuté,Euronext,OPE001
TRX001997,PF00150,INST002,2024-08-14,Frais,164.03,282.5733,46350.5,57.19,46293.31,EUR,1.0,46293.31,Exécuté,NYSE,OPE001
TRX001998,PF00011,INST013,2025-01-08,Coupon,89.65,464.7536,41665.16,194.25,41859.41,EUR,1.0,41859.41,Annulé,OTC,OPE004
TRX001999,PF00063,INST014,2025-09-30,Dividende,260.87,390.2098,101794.03,492.59,102286.62,EUR,1.0,102286.62,Exécuté,SIX,OPE003
TRX002000,PF00031,INST010,2024-11-03,Coupon,362.39,116.6786,42283.16,153.66,42436.82,EUR,1.0,42436.82,En attente,NYSE,OPE004
TRX002001,PF00038,INST003,2024-07-16,Achat,97.46,18.3828,1791.59,6.74,1784.85,EUR,1.0,1784.85,Exécuté,NYSE,OPE005
TRX002002,PF00065,INST009,2025-09-20,Vente,398.12,65.2563,25979.84,102.13,26081.97,EUR,1.0,26081.97,Exécuté,SIX,OPE005
TRX002003,PF00115,INST003,2023-12-29,Arbitrage Sortant,380.42,298.1825,113434.59,382.98,113817.57,EUR,1.0,113817.57,En attente,OTC,OPE001
TRX002004,PF00042,INST009,2026-01-06,Arbitrage Entrant,100.38,370.3244,37173.16,40.13,37213.29,USD,1.075,40004.29,Annulé,SIX,OPE001
TRX002005,PF00044,INST012,2025-01-05,Achat,32.13,180.4394,5797.52,10.36,5787.16,USD,1.0078,5832.3,Exécuté,OTC,OPE004
TRX002006,PF00049,INST014,2025-05-01,Achat,2.92,319.5861,933.19,2.15,931.04,USD,0.954,888.21,En attente,NYSE,OPE005
TRX002007,PF00001,INST015,2023-06-09,Dividende,277.02,89.301,24738.16,66.09,24804.25,USD,1.032,25597.99,En attente,OTC,OPE001
TRX002008,PF00016,INST008,2024-04-22,Coupon,267.46,221.7758,59316.16,254.5,59570.66,EUR,1.0,59570.66,Exécuté,NYSE,OPE002
TRX002009,PF00143,INST015,2026-02-22,Vente,441.13,255.7848,112834.35,515.86,113350.21,USD,0.9429,106877.91,Annulé,SIX,OPE001
TRX002010,PF00130,INST006,2025-08-06,Arbitrage Entrant,57.91,319.2419,18487.3,58.59,18545.89,EUR,1.0,18545.89,Exécuté,SIX,OPE004
TRX002011,PF00027,INST004,2024-12-11,Coupon,276.52,482.9148,133535.6,191.58,133727.18,EUR,1.0,133727.18,Exécuté,NYSE,OPE005
TRX002012,PF00041,INST004,2024-06-07,Vente,358.73,84.6537,30367.82,112.12,30479.94,USD,0.9699,29562.49,Exécuté,SIX,OPE005
TRX002013,PF00017,INST009,2023-08-31,Coupon,163.36,469.5688,76708.76,302.63,77011.39,EUR,1.0,77011.39,Annulé,SIX,OPE004
TRX002014,PF00099,INST002,2024-03-21,Arbitrage Entrant,22.68,380.2036,8623.02,33.57,8656.59,USD,0.9013,7802.18,En attente,OTC,OPE001
TRX002015,PF00069,INST004,2024-10-02,Arbitrage Sortant,38.46,72.4435,2786.18,9.55,2795.73,EUR,1.0,2795.73,Exécuté,SIX,OPE005
TRX002016,PF00029,INST006,2024-11-12,Frais,210.08,428.0821,89931.49,321.33,89610.16,EUR,1.0,89610.16,Exécuté,SIX,OPE002
TRX002017,PF00005,INST012,2023-12-12,Arbitrage Sortant,366.21,353.7326,129540.42,324.82,129865.24,EUR,1.0,129865.24,En attente,SIX,OPE002
TRX002018,PF00091,INST010,2024-06-25,Arbitrage Sortant,48.01,168.5997,8094.47,14.7,8109.17,USD,0.9687,7855.35,Exécuté,OTC,OPE003
TRX002019,PF00112,INST011,2026-05-03,Arbitrage Entrant,5.51,227.7254,1254.77,2.75,1257.52,USD,1.0159,1277.51,En attente,Euronext,OPE004
TRX002020,PF00069,INST011,2025-11-17,Coupon,72.22,312.4978,22568.59,60.76,22629.35,EUR,1.0,22629.35,Exécuté,SIX,OPE005
TRX002021,PF00102,INST008,2024-02-11,Achat,281.66,281.0904,79171.92,267.69,78904.23,EUR,1.0,78904.23,Annulé,Xetra,OPE005
TRX002022,PF00091,INST011,2023-10-18,Frais,425.45,149.271,63507.35,133.57,63373.78,USD,1.0605,67207.89,En attente,Xetra,OPE001
TRX002023,PF00106,INST008,2023-08-03,Vente,145.2,234.5844,34061.65,162.64,34224.29,EUR,1.0,34224.29,Exécuté,SIX,OPE005
TRX002024,PF00138,INST013,2025-06-18,Frais,54.3,196.6021,10675.49,43.83,10631.66,EUR,1.0,10631.66,Exécuté,Xetra,OPE003
TRX002025,PF00003,INST013,2024-02-03,Frais,84.17,323.6048,27237.82,115.07,27122.75,EUR,1.0,27122.75,Exécuté,NYSE,OPE001
TRX002026,PF00009,INST003,2025-12-13,Coupon,70.63,234.7537,16580.65,42.89,16623.54,EUR,1.0,16623.54,En attente,OTC,OPE001
TRX002027,PF00005,INST014,2023-10-06,Frais,90.39,271.9742,24583.75,49.43,24534.32,EUR,1.0,24534.32,Exécuté,Euronext,OPE005
TRX002028,PF00139,INST010,2025-04-25,Frais,95.79,336.2054,32205.12,37.51,32167.61,EUR,1.0,32167.61,Exécuté,OTC,OPE005
TRX002029,PF00061,INST010,2026-03-29,Frais,368.71,138.3366,51006.09,225.37,50780.72,EUR,1.0,50780.72,En attente,Xetra,OPE004
TRX002030,PF00061,INST001,2023-12-07,Vente,462.8,229.0683,106012.81,263.15,106275.96,EUR,1.0,106275.96,Exécuté,Euronext,OPE002
TRX002031,PF00012,INST011,2023-08-18,Dividende,360.38,382.2884,137769.09,360.02,138129.11,EUR,1.0,138129.11,Exécuté,Euronext,OPE003
TRX002032,PF00100,INST005,2023-11-14,Achat,279.42,385.9545,107843.41,190.49,107652.92,EUR,1.0,107652.92,En attente,Xetra,OPE004
TRX002033,PF00115,INST010,2025-07-10,Achat,251.82,245.1277,61728.06,239.76,61488.3,EUR,1.0,61488.3,Exécuté,OTC,OPE004
TRX002034,PF00042,INST007,2025-08-08,Arbitrage Entrant,402.02,25.3027,10172.19,35.85,10208.04,USD,0.9855,10060.02,Exécuté,Euronext,OPE002
TRX002035,PF00070,INST015,2023-10-08,Dividende,152.21,484.7752,73787.63,112.61,73900.24,EUR,1.0,73900.24,Annulé,SIX,OPE003
TRX002036,PF00088,INST007,2023-06-23,Frais,451.29,206.4259,93157.94,434.69,92723.25,USD,0.9602,89032.86,Exécuté,SIX,OPE002
TRX002037,PF00033,INST002,2023-09-04,Dividende,455.17,309.5281,140887.91,386.7,141274.61,EUR,1.0,141274.61,Exécuté,Xetra,OPE004
TRX002038,PF00046,INST003,2024-12-20,Arbitrage Sortant,91.22,308.4043,28132.64,65.47,28198.11,USD,1.0864,30634.43,Exécuté,SIX,OPE001
TRX002039,PF00067,INST008,2024-07-09,Dividende,240.72,200.5108,48266.96,152.75,48419.71,EUR,1.0,48419.71,Exécuté,OTC,OPE002
TRX002040,PF00112,INST006,2025-05-26,Vente,49.1,413.8038,20317.77,39.15,20356.92,USD,0.9625,19593.54,Annulé,Euronext,OPE002
TRX002041,PF00074,INST006,2024-11-08,Arbitrage Entrant,174.5,59.7974,10434.65,39.71,10474.36,EUR,1.0,10474.36,Exécuté,NYSE,OPE004
TRX002042,PF00033,INST011,2024-11-18,Vente,473.31,465.954,220540.69,280.52,220821.21,EUR,1.0,220821.21,Exécuté,NYSE,OPE004
TRX002043,PF00127,INST003,2025-04-22,Coupon,386.43,272.6751,105369.84,335.32,105705.16,USD,1.0235,108189.23,En attente,Xetra,OPE003
TRX002044,PF00142,INST006,2024-09-03,Vente,91.29,337.6108,30820.49,51.82,30872.31,EUR,1.0,30872.31,Exécuté,Xetra,OPE001
TRX002045,PF00104,INST002,2025-08-24,Frais,164.52,190.4393,31331.07,41.86,31289.21,EUR,1.0,31289.21,Exécuté,Xetra,OPE001
TRX002046,PF00136,INST014,2025-07-29,Arbitrage Entrant,24.53,161.1718,3953.54,5.42,3958.96,EUR,1.0,3958.96,Annulé,Xetra,OPE003
TRX002047,PF00121,INST004,2024-01-12,Arbitrage Sortant,183.69,115.2637,21172.79,86.59,21259.38,EUR,1.0,21259.38,Annulé,OTC,OPE003
TRX002048,PF00029,INST014,2025-05-05,Arbitrage Sortant,422.21,68.3504,28858.22,95.88,28954.1,EUR,1.0,28954.1,Exécuté,Xetra,OPE003
TRX002049,PF00053,INST001,2023-11-26,Dividende,116.45,260.1671,30296.46,33.97,30330.43,USD,0.925,28055.65,Exécuté,SIX,OPE001
TRX002050,PF00018,INST012,2024-09-25,Vente,120.58,325.7118,39274.33,183.56,39457.89,USD,0.9854,38881.8,Exécuté,OTC,OPE004
TRX002051,PF00130,INST009,2026-01-10,Vente,406.23,282.84,114898.09,276.96,115175.05,USD,0.996,114714.35,Annulé,NYSE,OPE001
TRX002052,PF00074,INST014,2025-07-27,Frais,217.96,164.8252,35925.3,44.92,35880.38,USD,0.9244,33167.82,Exécuté,SIX,OPE003
TRX002053,PF00055,INST015,2023-06-21,Dividende,364.74,246.4892,89904.47,379.68,90284.15,EUR,1.0,90284.15,Exécuté,OTC,OPE005
TRX002054,PF00028,INST006,2024-01-14,Coupon,343.09,102.1158,35034.91,74.16,35109.07,EUR,1.0,35109.07,Annulé,Euronext,OPE004
TRX002055,PF00114,INST012,2023-11-16,Coupon,466.82,300.32,140195.38,363.1,140558.48,EUR,1.0,140558.48,Exécuté,NYSE,OPE002
TRX002056,PF00102,INST003,2023-11-27,Frais,302.7,135.9067,41138.96,103.02,41035.94,EUR,1.0,41035.94,Exécuté,Xetra,OPE001
TRX002057,PF00148,INST010,2025-05-11,Arbitrage Sortant,15.47,28.0963,434.65,0.52,435.17,EUR,1.0,435.17,Annulé,NYSE,OPE005
TRX002058,PF00005,INST009,2025-06-02,Vente,416.5,345.0415,143709.78,339.37,144049.15,EUR,1.0,144049.15,Exécuté,OTC,OPE005
TRX002059,PF00105,INST011,2024-12-23,Frais,145.96,150.87,22020.99,79.32,21941.67,EUR,1.0,21941.67,Exécuté,OTC,OPE005
TRX002060,PF00077,INST010,2023-10-12,Arbitrage Sortant,469.64,421.2925,197855.81,684.64,198540.45,EUR,1.0,198540.45,En attente,Xetra,OPE004
TRX002061,PF00044,INST009,2023-08-10,Dividende,412.12,446.0181,183812.98,425.41,184238.39,EUR,1.0,184238.39,En attente,NYSE,OPE005
TRX002062,PF00029,INST014,2024-03-18,Frais,26.62,80.295,2137.45,5.91,2131.54,EUR,1.0,2131.54,En attente,OTC,OPE001
TRX002063,PF00036,INST005,2025-07-09,Frais,270.68,323.2559,87498.91,405.05,87093.86,EUR,1.0,87093.86,Exécuté,SIX,OPE001
TRX002064,PF00085,INST013,2024-05-16,Frais,265.03,458.793,121593.91,249.36,121344.55,EUR,1.0,121344.55,Exécuté,Xetra,OPE002
TRX002065,PF00109,INST008,2025-06-05,Arbitrage Sortant,437.05,266.3054,116388.78,298.52,116687.3,EUR,1.0,116687.3,Exécuté,NYSE,OPE002
TRX002066,PF00008,INST004,2025-06-03,Frais,251.89,378.4729,95333.54,419.06,94914.48,EUR,1.0,94914.48,Exécuté,OTC,OPE002
TRX002067,PF00126,INST014,2024-09-25,Frais,40.81,473.1774,19310.37,45.31,19265.06,EUR,1.0,19265.06,Exécuté,OTC,OPE005
TRX002068,PF00043,INST014,2023-08-22,Achat,223.2,292.7752,65347.42,162.17,65185.25,USD,1.0121,65973.99,Annulé,SIX,OPE005
TRX002069,PF00054,INST004,2025-06-26,Arbitrage Sortant,394.87,53.8208,21252.22,91.73,21343.95,EUR,1.0,21343.95,En attente,OTC,OPE001
TRX002070,PF00119,INST012,2023-10-19,Achat,384.63,337.7786,129919.78,231.34,129688.44,EUR,1.0,129688.44,Exécuté,Euronext,OPE001
TRX002071,PF00148,INST004,2024-07-10,Arbitrage Sortant,292.66,15.1133,4423.06,21.38,4444.44,USD,1.0706,4758.22,Annulé,Xetra,OPE002
TRX002072,PF00081,INST006,2025-07-07,Achat,122.43,219.03,26815.84,88.38,26727.46,EUR,1.0,26727.46,En attente,Euronext,OPE005
TRX002073,PF00032,INST001,2024-05-28,Dividende,164.54,440.8666,72540.19,159.4,72699.59,EUR,1.0,72699.59,Exécuté,SIX,OPE001
TRX002074,PF00088,INST015,2026-02-12,Arbitrage Entrant,397.74,270.1555,107451.65,195.84,107647.49,EUR,1.0,107647.49,Exécuté,SIX,OPE001
TRX002075,PF00056,INST012,2025-08-20,Dividende,255.32,303.7961,77565.22,253.9,77819.12,USD,0.9706,75531.24,En attente,Euronext,OPE001
TRX002076,PF00086,INST009,2026-05-14,Dividende,487.74,488.5204,238270.94,1040.34,239311.28,EUR,1.0,239311.28,Exécuté,Xetra,OPE003
TRX002077,PF00116,INST011,2026-03-14,Vente,43.89,173.813,7628.65,19.4,7648.05,EUR,1.0,7648.05,Exécuté,OTC,OPE004
TRX002078,PF00146,INST003,2024-06-25,Dividende,174.01,439.8382,76536.25,107.54,76643.79,EUR,1.0,76643.79,Exécuté,SIX,OPE005
TRX002079,PF00011,INST011,2024-09-21,Vente,419.32,456.3966,191376.22,552.34,191928.56,USD,0.9914,190277.97,Exécuté,OTC,OPE005
TRX002080,PF00108,INST013,2023-07-09,Arbitrage Entrant,189.73,12.2961,2332.94,10.86,2343.8,EUR,1.0,2343.8,Exécuté,OTC,OPE001
TRX002081,PF00097,INST013,2023-10-04,Dividende,128.96,410.3301,52916.17,197.47,53113.64,EUR,1.0,53113.64,Exécuté,Euronext,OPE005
TRX002082,PF00119,INST006,2023-12-29,Arbitrage Entrant,445.93,174.0334,77606.71,348.36,77955.07,EUR,1.0,77955.07,Annulé,Xetra,OPE001
TRX002083,PF00096,INST002,2025-09-06,Achat,95.27,284.5061,27104.9,27.24,27077.66,EUR,1.0,27077.66,Exécuté,Euronext,OPE003
TRX002084,PF00037,INST008,2025-07-30,Coupon,105.06,75.8172,7965.36,35.28,8000.64,EUR,1.0,8000.64,Exécuté,Xetra,OPE003
TRX002085,PF00117,INST002,2024-12-22,Frais,377.73,122.6592,46332.06,105.08,46226.98,USD,1.0853,50170.14,En attente,SIX,OPE005
TRX002086,PF00012,INST007,2024-05-15,Coupon,201.66,350.6345,70708.95,314.11,71023.06,EUR,1.0,71023.06,En attente,NYSE,OPE002
TRX002087,PF00130,INST009,2024-10-18,Arbitrage Sortant,429.24,469.8574,201681.59,612.42,202294.01,EUR,1.0,202294.01,Exécuté,Xetra,OPE001
TRX002088,PF00061,INST014,2024-06-28,Arbitrage Sortant,383.69,273.4424,104917.11,479.58,105396.69,USD,1.0692,112690.14,Exécuté,SIX,OPE003
TRX002089,PF00051,INST001,2026-03-07,Arbitrage Entrant,483.95,404.9616,195981.17,948.44,196929.61,EUR,1.0,196929.61,Exécuté,SIX,OPE003
TRX002090,PF00009,INST004,2024-11-23,Dividende,473.61,299.4173,141807.03,572.9,142379.93,EUR,1.0,142379.93,En attente,SIX,OPE002
TRX002091,PF00141,INST008,2024-02-13,Coupon,326.3,185.9807,60685.5,184.96,60870.46,USD,0.9429,57394.76,Exécuté,SIX,OPE004
TRX002092,PF00004,INST014,2024-07-28,Dividende,48.05,361.5555,17372.74,59.42,17432.16,EUR,1.0,17432.16,Exécuté,NYSE,OPE005
TRX002093,PF00108,INST001,2025-09-07,Vente,272.93,203.99,55674.99,133.33,55808.32,USD,1.094,61054.3,Exécuté,Euronext,OPE002
TRX002094,PF00060,INST015,2026-01-01,Achat,306.0,364.839,111640.73,270.66,111370.07,EUR,1.0,111370.07,Exécuté,Euronext,OPE003
TRX002095,PF00072,INST002,2024-01-24,Achat,29.24,348.1692,10180.47,38.26,10142.21,EUR,1.0,10142.21,Exécuté,OTC,OPE002
TRX002096,PF00041,INST005,2026-01-26,Dividende,498.92,127.697,63710.59,204.09,63914.68,EUR,1.0,63914.68,Exécuté,OTC,OPE004
TRX002097,PF00080,INST002,2025-12-01,Arbitrage Entrant,461.87,80.6572,37253.14,78.54,37331.68,EUR,1.0,37331.68,Exécuté,OTC,OPE005
TRX002098,PF00122,INST003,2025-03-25,Arbitrage Entrant,195.5,135.3221,26455.47,125.22,26580.69,EUR,1.0,26580.69,Exécuté,NYSE,OPE002
TRX002099,PF00096,INST002,2024-02-17,Coupon,421.15,398.791,167950.83,292.59,168243.42,EUR,1.0,168243.42,Exécuté,NYSE,OPE002
TRX002100,PF00108,INST002,2026-03-18,Achat,267.25,314.7099,84106.22,96.03,84010.19,EUR,1.0,84010.19,Annulé,OTC,OPE004
TRX002101,PF00026,INST012,2025-11-10,Coupon,108.34,242.6967,26293.76,42.0,26335.76,EUR,1.0,26335.76,Annulé,NYSE,OPE001
TRX002102,PF00039,INST013,2025-12-20,Achat,16.87,174.2584,2939.74,12.26,2927.48,EUR,1.0,2927.48,Annulé,NYSE,OPE001
TRX002103,PF00147,INST006,2025-12-15,Vente,205.23,276.4137,56728.38,63.8,56792.18,EUR,1.0,56792.18,Annulé,SIX,OPE005
TRX002104,PF00081,INST001,2025-09-07,Achat,48.79,129.2636,6306.77,14.72,6292.05,EUR,1.0,6292.05,Exécuté,SIX,OPE002
TRX002105,PF00119,INST002,2024-12-26,Vente,376.56,26.9576,10151.15,28.48,10179.63,USD,0.9187,9352.03,Exécuté,OTC,OPE004
TRX002106,PF00145,INST001,2025-08-07,Arbitrage Entrant,255.15,443.4538,113147.24,409.63,113556.87,EUR,1.0,113556.87,Exécuté,NYSE,OPE001
TRX002107,PF00007,INST013,2025-01-06,Arbitrage Sortant,127.69,436.368,55719.83,213.95,55933.78,EUR,1.0,55933.78,Annulé,Euronext,OPE004
TRX002108,PF00029,INST010,2023-11-11,Vente,274.03,496.4769,136049.56,173.27,136222.83,EUR,1.0,136222.83,Annulé,Xetra,OPE003
TRX002109,PF00063,INST007,2024-01-28,Achat,491.64,80.9029,39775.1,75.67,39699.43,EUR,1.0,39699.43,Exécuté,NYSE,OPE002
TRX002110,PF00093,INST003,2023-10-16,Achat,324.32,17.5444,5690.0,13.48,5676.52,USD,1.0823,6143.7,Exécuté,Euronext,OPE002
TRX002111,PF00005,INST010,2023-07-09,Dividende,153.24,413.4135,63351.48,265.53,63617.01,EUR,1.0,63617.01,Exécuté,SIX,OPE005
TRX002112,PF00006,INST004,2024-11-03,Arbitrage Entrant,92.13,324.3609,29883.37,72.09,29955.46,EUR,1.0,29955.46,Exécuté,NYSE,OPE004
TRX002113,PF00105,INST002,2026-01-01,Arbitrage Entrant,233.34,410.9872,95899.75,372.17,96271.92,EUR,1.0,96271.92,Exécuté,Xetra,OPE003
TRX002114,PF00092,INST010,2025-02-20,Frais,176.03,197.3098,34732.44,52.99,34679.45,EUR,1.0,34679.45,En attente,Euronext,OPE003
TRX002115,PF00138,INST010,2023-07-24,Arbitrage Sortant,46.37,404.6574,18763.96,59.33,18823.29,EUR,1.0,18823.29,Exécuté,OTC,OPE005
TRX002116,PF00106,INST005,2026-03-15,Coupon,278.45,397.6702,110731.27,513.04,111244.31,EUR,1.0,111244.31,Exécuté,NYSE,OPE004
TRX002117,PF00098,INST001,2023-11-28,Achat,250.6,141.9248,35566.35,100.47,35465.88,EUR,1.0,35465.88,En attente,NYSE,OPE004
TRX002118,PF00143,INST002,2024-10-19,Frais,55.66,25.9392,1443.78,3.13,1440.65,USD,0.9172,1321.36,Exécuté,Euronext,OPE001
TRX002119,PF00104,INST010,2025-02-01,Arbitrage Entrant,363.32,269.2524,97824.78,420.21,98244.99,USD,0.9786,96142.55,Exécuté,NYSE,OPE003
TRX002120,PF00059,INST005,2023-07-17,Frais,135.24,224.1527,30314.41,84.76,30229.65,EUR,1.0,30229.65,En attente,NYSE,OPE001
TRX002121,PF00058,INST010,2024-05-12,Frais,205.7,144.4173,29706.64,51.99,29654.65,EUR,1.0,29654.65,Exécuté,Euronext,OPE002
TRX002122,PF00052,INST012,2024-12-16,Arbitrage Entrant,246.34,470.0122,115782.81,184.5,115967.31,EUR,1.0,115967.31,Exécuté,Xetra,OPE001
TRX002123,PF00054,INST013,2025-10-21,Vente,1.99,20.1044,40.01,0.13,40.14,EUR,1.0,40.14,Exécuté,Xetra,OPE004
TRX002124,PF00117,INST004,2023-11-04,Frais,56.5,12.3663,698.7,2.14,696.56,EUR,1.0,696.56,Exécuté,Xetra,OPE001
TRX002125,PF00104,INST013,2024-03-08,Achat,12.55,477.923,5997.93,26.4,5971.53,EUR,1.0,5971.53,En attente,NYSE,OPE002
TRX002126,PF00036,INST011,2025-05-10,Coupon,101.57,233.8057,23747.64,102.75,23850.39,EUR,1.0,23850.39,En attente,Euronext,OPE004
TRX002127,PF00003,INST009,2026-02-08,Arbitrage Sortant,366.79,157.0988,57622.27,285.57,57907.84,EUR,1.0,57907.84,En attente,SIX,OPE004
TRX002128,PF00067,INST007,2025-04-15,Vente,21.27,21.2983,453.01,1.53,454.54,EUR,1.0,454.54,Exécuté,NYSE,OPE004
TRX002129,PF00031,INST015,2026-03-11,Achat,361.78,129.7161,46928.69,130.59,46798.1,EUR,1.0,46798.1,En attente,Euronext,OPE003
TRX002130,PF00024,INST011,2025-08-29,Frais,278.09,190.9962,53114.13,108.17,53005.96,USD,1.0518,55751.67,Exécuté,NYSE,OPE001
TRX002131,PF00049,INST011,2023-09-22,Dividende,402.66,335.718,135180.21,172.17,135352.38,USD,0.9648,130587.98,Exécuté,Xetra,OPE004
TRX002132,PF00106,INST001,2024-06-04,Coupon,161.5,472.2903,76274.88,261.53,76536.41,EUR,1.0,76536.41,Exécuté,OTC,OPE003
TRX002133,PF00104,INST007,2024-12-25,Coupon,74.99,36.2976,2721.96,3.36,2725.32,USD,0.9534,2598.32,Exécuté,NYSE,OPE005
TRX002134,PF00024,INST012,2025-12-04,Frais,76.95,77.5087,5964.29,11.27,5953.02,EUR,1.0,5953.02,En attente,Xetra,OPE001
TRX002135,PF00039,INST015,2025-11-15,Coupon,71.23,270.1304,19241.39,57.79,19299.18,EUR,1.0,19299.18,Annulé,Xetra,OPE003
TRX002136,PF00035,INST008,2026-04-05,Vente,395.04,185.6704,73347.23,358.21,73705.44,EUR,1.0,73705.44,Exécuté,NYSE,OPE002
TRX002137,PF00089,INST008,2025-12-26,Achat,5.2,52.7231,274.16,0.95,273.21,USD,1.0103,276.02,Exécuté,Euronext,OPE005
TRX002138,PF00030,INST011,2024-07-11,Coupon,469.2,317.8875,149152.82,618.27,149771.09,EUR,1.0,149771.09,Exécuté,OTC,OPE001
TRX002139,PF00074,INST011,2023-11-14,Arbitrage Sortant,446.23,66.0669,29481.03,33.22,29514.25,EUR,1.0,29514.25,En attente,NYSE,OPE002
TRX002140,PF00015,INST005,2024-08-07,Coupon,204.79,36.3532,7444.77,11.25,7456.02,USD,1.0045,7489.57,Annulé,Euronext,OPE001
TRX002141,PF00023,INST012,2023-09-11,Arbitrage Entrant,453.78,108.2469,49120.28,226.75,49347.03,EUR,1.0,49347.03,Exécuté,Xetra,OPE001
TRX002142,PF00033,INST001,2024-01-31,Arbitrage Entrant,452.32,473.7869,214303.29,827.49,215130.78,EUR,1.0,215130.78,Annulé,SIX,OPE004
TRX002143,PF00084,INST004,2026-02-20,Arbitrage Sortant,386.18,367.9515,142095.51,695.45,142790.96,EUR,1.0,142790.96,Exécuté,SIX,OPE001
TRX002144,PF00079,INST011,2025-05-13,Vente,447.02,489.45,218793.94,585.46,219379.4,USD,1.0704,234823.71,Exécuté,SIX,OPE001
TRX002145,PF00028,INST010,2025-01-28,Achat,167.12,13.3534,2231.62,6.69,2224.93,USD,1.0928,2431.4,Exécuté,SIX,OPE002
TRX002146,PF00067,INST004,2024-10-15,Dividende,279.61,216.7093,60594.09,179.64,60773.73,EUR,1.0,60773.73,En attente,NYSE,OPE002
TRX002147,PF00082,INST013,2025-02-04,Achat,374.98,71.8466,26941.04,76.39,26864.65,USD,0.9788,26295.12,Exécuté,OTC,OPE004
TRX002148,PF00108,INST012,2024-12-04,Arbitrage Sortant,194.33,182.0304,35373.97,134.25,35508.22,EUR,1.0,35508.22,Exécuté,NYSE,OPE003
TRX002149,PF00020,INST015,2026-04-25,Frais,439.78,443.0983,194865.77,513.49,194352.28,EUR,1.0,194352.28,En attente,Xetra,OPE005
TRX002150,PF00076,INST008,2024-12-22,Coupon,415.1,334.5718,138880.75,460.07,139340.82,USD,0.9723,135481.08,Exécuté,SIX,OPE001
TRX002151,PF00131,INST005,2023-08-25,Frais,283.25,496.7766,140711.97,688.67,140023.3,USD,0.9471,132616.07,Exécuté,NYSE,OPE003
TRX002152,PF00014,INST005,2026-02-22,Arbitrage Entrant,210.22,372.0711,78216.79,196.61,78413.4,USD,1.0895,85431.4,Exécuté,Euronext,OPE003
TRX002153,PF00111,INST014,2023-10-01,Dividende,302.7,378.0929,114448.72,189.36,114638.08,EUR,1.0,114638.08,En attente,NYSE,OPE001
TRX002154,PF00103,INST011,2025-06-26,Arbitrage Entrant,138.93,148.6969,20658.46,88.28,20746.74,EUR,1.0,20746.74,Exécuté,OTC,OPE004
TRX002155,PF00051,INST009,2024-06-16,Frais,41.07,81.9083,3363.97,6.72,3357.25,EUR,1.0,3357.25,Exécuté,Xetra,OPE002
TRX002156,PF00087,INST011,2025-04-04,Frais,394.69,255.217,100731.6,448.86,100282.74,USD,1.0448,104775.41,En attente,OTC,OPE003
TRX002157,PF00108,INST009,2025-11-26,Achat,496.54,208.5243,103540.66,462.28,103078.38,EUR,1.0,103078.38,Exécuté,Euronext,OPE001
TRX002158,PF00012,INST003,2023-10-10,Achat,81.34,440.2997,35813.98,80.37,35733.61,EUR,1.0,35733.61,Exécuté,NYSE,OPE002
TRX002159,PF00008,INST002,2024-03-10,Arbitrage Entrant,201.32,162.3681,32687.95,129.96,32817.91,EUR,1.0,32817.91,Exécuté,NYSE,OPE004
TRX002160,PF00037,INST002,2025-12-24,Arbitrage Entrant,365.26,437.4246,159773.71,405.86,160179.57,EUR,1.0,160179.57,Exécuté,NYSE,OPE001
TRX002161,PF00052,INST002,2025-11-18,Frais,223.91,415.7553,93091.77,325.04,92766.73,EUR,1.0,92766.73,Exécuté,Euronext,OPE003
TRX002162,PF00009,INST001,2025-02-05,Vente,149.61,469.0255,70170.91,298.45,70469.36,USD,0.9214,64930.47,Annulé,Euronext,OPE005
TRX002163,PF00120,INST013,2025-09-15,Arbitrage Entrant,277.83,32.3377,8984.38,35.91,9020.29,EUR,1.0,9020.29,Exécuté,Xetra,OPE005
TRX002164,PF00014,INST012,2026-04-15,Frais,129.93,295.0989,38342.2,82.04,38260.16,EUR,1.0,38260.16,En attente,Xetra,OPE003
TRX002165,PF00003,INST011,2023-07-16,Achat,39.44,479.5202,18912.28,44.69,18867.59,EUR,1.0,18867.59,En attente,NYSE,OPE001
TRX002166,PF00006,INST008,2026-02-19,Vente,279.5,341.2379,95375.99,414.74,95790.73,EUR,1.0,95790.73,Annulé,NYSE,OPE004
TRX002167,PF00015,INST012,2025-01-15,Vente,234.51,473.2918,110991.66,157.96,111149.62,EUR,1.0,111149.62,En attente,OTC,OPE001
TRX002168,PF00121,INST014,2024-10-06,Vente,65.76,109.3733,7192.39,24.33,7216.72,EUR,1.0,7216.72,Exécuté,SIX,OPE004
TRX002169,PF00031,INST009,2023-11-23,Vente,243.1,420.3756,102193.31,118.67,102311.98,EUR,1.0,102311.98,En attente,Euronext,OPE001
TRX002170,PF00047,INST013,2025-01-24,Dividende,273.97,340.1308,93185.64,360.19,93545.83,EUR,1.0,93545.83,Exécuté,SIX,OPE005
TRX002171,PF00009,INST001,2024-11-07,Vente,326.01,337.8735,110150.14,239.32,110389.46,USD,0.9427,104064.14,Annulé,NYSE,OPE002
TRX002172,PF00032,INST007,2023-10-16,Frais,19.99,496.724,9929.51,33.86,9895.65,EUR,1.0,9895.65,En attente,Xetra,OPE004
TRX002173,PF00067,INST007,2025-05-13,Arbitrage Entrant,236.61,200.5774,47458.62,131.46,47590.08,EUR,1.0,47590.08,Exécuté,SIX,OPE005
TRX002174,PF00031,INST004,2024-10-01,Frais,425.0,458.0514,194671.85,478.64,194193.21,USD,0.9179,178249.95,Exécuté,Euronext,OPE004
TRX002175,PF00077,INST014,2025-11-16,Vente,194.81,12.1618,2369.24,11.16,2380.4,USD,0.9395,2236.39,Exécuté,OTC,OPE003
TRX002176,PF00041,INST005,2023-12-08,Arbitrage Sortant,106.73,376.5482,40188.99,58.28,40247.27,USD,1.0156,40875.13,Exécuté,OTC,OPE003
TRX002177,PF00129,INST002,2024-10-03,Vente,12.77,157.6996,2013.82,2.88,2016.7,EUR,1.0,2016.7,En attente,Euronext,OPE001
TRX002178,PF00081,INST014,2025-06-29,Vente,24.38,59.4577,1449.58,6.74,1456.32,EUR,1.0,1456.32,Annulé,Xetra,OPE005
TRX002179,PF00100,INST012,2025-01-04,Dividende,202.74,399.1521,80924.1,155.73,81079.83,EUR,1.0,81079.83,Exécuté,Xetra,OPE005
TRX002180,PF00024,INST002,2025-07-14,Achat,163.6,411.8908,67385.33,304.71,67080.62,EUR,1.0,67080.62,Annulé,SIX,OPE003
TRX002181,PF00040,INST008,2025-05-09,Frais,410.31,296.7518,121760.23,328.5,121431.73,EUR,1.0,121431.73,Exécuté,SIX,OPE002
TRX002182,PF00142,INST006,2024-11-07,Dividende,372.49,458.0531,170620.2,246.49,170866.69,EUR,1.0,170866.69,Annulé,SIX,OPE003
TRX002183,PF00026,INST003,2024-04-03,Vente,296.55,384.8877,114138.45,341.39,114479.84,EUR,1.0,114479.84,Exécuté,Xetra,OPE003
TRX002184,PF00040,INST007,2025-09-13,Arbitrage Sortant,469.51,32.3511,15189.16,55.98,15245.14,EUR,1.0,15245.14,Exécuté,NYSE,OPE004
TRX002185,PF00005,INST003,2024-02-25,Dividende,393.6,223.2145,87857.23,347.26,88204.49,EUR,1.0,88204.49,Exécuté,SIX,OPE004
TRX002186,PF00120,INST003,2024-03-05,Achat,179.69,226.356,40673.91,45.12,40628.79,USD,0.9122,37061.58,En attente,SIX,OPE001
TRX002187,PF00093,INST007,2026-01-30,Arbitrage Sortant,132.52,329.646,43684.69,136.57,43821.26,USD,0.9962,43654.74,Exécuté,NYSE,OPE001
TRX002188,PF00125,INST006,2024-08-12,Dividende,489.37,269.7374,132001.39,541.9,132543.29,EUR,1.0,132543.29,Exécuté,Euronext,OPE003
TRX002189,PF00129,INST014,2023-09-26,Dividende,353.13,339.1423,119761.32,303.39,120064.71,USD,1.0125,121565.52,Exécuté,Xetra,OPE004
TRX002190,PF00136,INST007,2024-12-09,Vente,446.86,101.1089,45181.52,138.47,45319.99,EUR,1.0,45319.99,Exécuté,SIX,OPE004
TRX002191,PF00110,INST005,2024-05-10,Vente,6.13,329.8243,2021.82,5.07,2026.89,USD,0.9288,1882.58,Exécuté,NYSE,OPE003
TRX002192,PF00054,INST012,2026-05-02,Frais,483.48,206.4345,99806.95,266.51,99540.44,USD,0.9716,96713.49,Exécuté,NYSE,OPE005
TRX002193,PF00111,INST012,2026-05-03,Frais,418.11,307.6169,128617.7,337.72,128279.98,EUR,1.0,128279.98,Exécuté,OTC,OPE005
TRX002194,PF00101,INST010,2026-02-25,Arbitrage Entrant,117.64,38.1918,4492.88,10.51,4503.39,EUR,1.0,4503.39,Exécuté,Xetra,OPE001
TRX002195,PF00089,INST013,2024-12-17,Achat,343.96,472.3592,162472.67,555.0,161917.67,USD,0.9949,161091.89,En attente,SIX,OPE001
TRX002196,PF00084,INST010,2026-02-03,Arbitrage Sortant,225.24,476.2569,107272.1,440.46,107712.56,EUR,1.0,107712.56,Exécuté,Xetra,OPE004
TRX002197,PF00116,INST001,2024-12-04,Arbitrage Entrant,237.37,301.7356,71622.98,204.38,71827.36,EUR,1.0,71827.36,Exécuté,Xetra,OPE002
TRX002198,PF00112,INST014,2023-05-30,Achat,293.76,432.701,127110.25,249.77,126860.48,EUR,1.0,126860.48,Exécuté,NYSE,OPE004
TRX002199,PF00054,INST014,2023-08-11,Coupon,375.04,73.8166,27684.18,108.37,27792.55,USD,0.9119,25344.03,Exécuté,NYSE,OPE002
TRX002200,PF00124,INST002,2025-09-07,Achat,381.03,419.5991,159879.85,690.77,159189.08,EUR,1.0,159189.08,Annulé,OTC,OPE001
TRX002201,PF00126,INST002,2025-02-25,Coupon,83.03,391.9245,32541.49,53.06,32594.55,EUR,1.0,32594.55,Exécuté,Xetra,OPE003
TRX002202,PF00142,INST007,2023-06-04,Frais,277.18,25.8672,7169.87,12.21,7157.66,EUR,1.0,7157.66,Annulé,OTC,OPE001
TRX002203,PF00054,INST010,2024-04-02,Arbitrage Sortant,403.43,101.7184,41036.25,188.52,41224.77,EUR,1.0,41224.77,En attente,OTC,OPE001
TRX002204,PF00025,INST015,2025-06-17,Dividende,93.01,204.7851,19047.06,56.79,19103.85,EUR,1.0,19103.85,Exécuté,SIX,OPE005
TRX002205,PF00007,INST014,2025-02-27,Achat,225.84,442.9337,100032.15,403.92,99628.23,USD,1.0612,105725.48,Exécuté,SIX,OPE002
TRX002206,PF00115,INST015,2024-06-05,Arbitrage Sortant,20.63,177.7923,3667.86,3.83,3671.69,EUR,1.0,3671.69,Exécuté,OTC,OPE002
TRX002207,PF00054,INST003,2023-09-10,Coupon,417.73,99.9345,41745.64,194.84,41940.48,EUR,1.0,41940.48,En attente,NYSE,OPE001
TRX002208,PF00113,INST003,2026-02-04,Frais,140.04,227.3646,31840.14,156.51,31683.63,EUR,1.0,31683.63,En attente,NYSE,OPE005
TRX002209,PF00009,INST012,2024-04-15,Coupon,378.36,169.2972,64055.29,79.65,64134.94,EUR,1.0,64134.94,En attente,OTC,OPE005
TRX002210,PF00084,INST002,2024-03-18,Arbitrage Entrant,302.21,371.6984,112330.97,213.37,112544.34,EUR,1.0,112544.34,Exécuté,SIX,OPE002
TRX002211,PF00139,INST014,2023-10-04,Achat,80.87,290.57,23498.4,100.78,23397.62,USD,0.9696,22686.33,Exécuté,Xetra,OPE005
TRX002212,PF00110,INST001,2024-02-25,Vente,415.39,362.0779,150403.54,422.67,150826.21,EUR,1.0,150826.21,Exécuté,SIX,OPE002
TRX002213,PF00142,INST011,2025-02-25,Dividende,178.59,110.6504,19761.05,58.43,19819.48,EUR,1.0,19819.48,Exécuté,SIX,OPE001
TRX002214,PF00130,INST014,2026-01-31,Frais,217.99,409.8716,89347.91,238.99,89108.92,EUR,1.0,89108.92,Exécuté,SIX,OPE001
TRX002215,PF00044,INST001,2026-04-06,Frais,6.1,360.2855,2197.74,3.11,2194.63,USD,1.019,2236.33,Exécuté,NYSE,OPE001
TRX002216,PF00096,INST013,2026-02-17,Arbitrage Sortant,472.3,442.2372,208868.63,407.88,209276.51,EUR,1.0,209276.51,Exécuté,Xetra,OPE005
TRX002217,PF00147,INST015,2026-03-29,Achat,292.81,94.9428,27800.2,45.25,27754.95,USD,0.9495,26353.33,Exécuté,Euronext,OPE002
TRX002218,PF00063,INST006,2023-07-01,Achat,21.33,406.6979,8674.87,40.11,8634.76,EUR,1.0,8634.76,Exécuté,Euronext,OPE001
TRX002219,PF00058,INST006,2024-10-18,Dividende,164.95,361.7776,59675.22,273.9,59949.12,USD,1.0711,64211.5,En attente,OTC,OPE005
TRX002220,PF00144,INST005,2024-09-17,Arbitrage Entrant,391.9,315.653,123704.41,497.32,124201.73,USD,0.9385,116563.32,Exécuté,Xetra,OPE002
TRX002221,PF00101,INST015,2024-09-17,Vente,296.46,74.8087,22177.79,94.2,22271.99,EUR,1.0,22271.99,Exécuté,OTC,OPE005
TRX002222,PF00060,INST002,2023-08-13,Vente,415.99,396.4435,164916.53,661.42,165577.95,EUR,1.0,165577.95,Exécuté,OTC,OPE001
TRX002223,PF00114,INST013,2025-11-06,Dividende,375.93,202.4827,76119.32,352.49,76471.81,USD,1.0903,83377.21,Exécuté,NYSE,OPE002
TRX002224,PF00128,INST007,2024-04-25,Vente,38.55,235.295,9070.62,30.4,9101.02,EUR,1.0,9101.02,Exécuté,Euronext,OPE001
TRX002225,PF00099,INST003,2025-10-14,Frais,387.66,141.4188,54822.41,75.2,54747.21,USD,1.0803,59143.41,Exécuté,OTC,OPE001
TRX002226,PF00034,INST003,2023-05-20,Coupon,223.72,354.4654,79301.0,110.98,79411.98,EUR,1.0,79411.98,Exécuté,SIX,OPE002
TRX002227,PF00109,INST014,2025-10-15,Dividende,237.25,84.0609,19943.45,87.99,20031.44,EUR,1.0,20031.44,Exécuté,SIX,OPE001
TRX002228,PF00037,INST012,2024-06-03,Achat,445.29,218.6045,97342.4,272.0,97070.4,USD,0.9053,87877.83,En attente,OTC,OPE002
TRX002229,PF00137,INST015,2025-12-13,Dividende,158.39,77.34,12249.88,15.24,12265.12,USD,1.041,12767.99,Exécuté,Xetra,OPE002
TRX002230,PF00085,INST006,2023-09-14,Achat,159.58,142.7438,22779.06,88.36,22690.7,USD,0.9201,20877.71,Exécuté,Xetra,OPE002
TRX002231,PF00013,INST009,2025-01-06,Arbitrage Sortant,221.37,459.4894,101717.17,289.28,102006.45,USD,0.9522,97130.54,En attente,NYSE,OPE003
TRX002232,PF00065,INST014,2024-10-13,Vente,77.51,55.7779,4323.35,13.75,4337.1,EUR,1.0,4337.1,Exécuté,OTC,OPE001
TRX002233,PF00047,INST012,2024-12-27,Achat,151.95,275.9385,41928.86,124.55,41804.31,EUR,1.0,41804.31,Annulé,SIX,OPE005
TRX002234,PF00051,INST004,2024-11-22,Vente,379.02,298.5667,113162.75,559.56,113722.31,EUR,1.0,113722.31,Exécuté,Euronext,OPE003
TRX002235,PF00015,INST003,2023-07-20,Dividende,234.17,276.0218,64636.02,139.57,64775.59,EUR,1.0,64775.59,Exécuté,Euronext,OPE005
TRX002236,PF00086,INST011,2025-06-06,Frais,393.02,186.0459,73119.76,227.34,72892.42,USD,1.0659,77696.03,En attente,NYSE,OPE003
TRX002237,PF00112,INST012,2025-02-27,Arbitrage Sortant,239.44,208.2201,49856.22,84.14,49940.36,EUR,1.0,49940.36,Annulé,SIX,OPE002
TRX002238,PF00150,INST013,2025-08-02,Vente,181.84,462.7491,84146.3,374.37,84520.67,EUR,1.0,84520.67,Exécuté,Euronext,OPE005
TRX002239,PF00101,INST003,2024-01-31,Frais,80.35,99.9478,8030.81,19.29,8011.52,EUR,1.0,8011.52,En attente,NYSE,OPE003
TRX002240,PF00104,INST003,2025-11-18,Arbitrage Sortant,441.58,156.9391,69301.17,117.01,69418.18,EUR,1.0,69418.18,Exécuté,OTC,OPE003
TRX002241,PF00047,INST011,2025-09-25,Achat,46.23,473.4244,21886.41,91.3,21795.11,USD,1.0844,23634.62,Exécuté,Xetra,OPE005
TRX002242,PF00147,INST003,2024-06-10,Frais,6.71,16.5879,111.3,0.42,110.88,EUR,1.0,110.88,Annulé,NYSE,OPE004
TRX002243,PF00011,INST003,2025-08-12,Coupon,199.85,138.5153,27682.28,119.7,27801.98,EUR,1.0,27801.98,Exécuté,OTC,OPE003
TRX002244,PF00111,INST004,2024-06-09,Vente,34.31,419.6174,14397.07,51.66,14448.73,EUR,1.0,14448.73,Exécuté,OTC,OPE001
TRX002245,PF00013,INST012,2026-02-20,Arbitrage Sortant,43.12,117.607,5071.21,12.59,5083.8,USD,1.0077,5122.95,Exécuté,NYSE,OPE002
TRX002246,PF00077,INST014,2024-06-25,Coupon,47.73,475.3225,22687.14,42.85,22729.99,EUR,1.0,22729.99,Exécuté,SIX,OPE001
TRX002247,PF00136,INST003,2024-01-15,Coupon,243.44,28.2632,6880.39,17.89,6898.28,EUR,1.0,6898.28,Exécuté,SIX,OPE001
TRX002248,PF00122,INST007,2024-11-02,Arbitrage Sortant,65.77,147.8763,9725.82,37.3,9763.12,EUR,1.0,9763.12,Exécuté,Euronext,OPE005
TRX002249,PF00084,INST004,2025-02-15,Coupon,87.56,142.9747,12518.86,17.03,12535.89,EUR,1.0,12535.89,Exécuté,NYSE,OPE001
TRX002250,PF00053,INST014,2023-05-28,Vente,393.46,66.1864,26041.7,93.01,26134.71,EUR,1.0,26134.71,Exécuté,Euronext,OPE004
TRX002251,PF00077,INST003,2025-06-11,Vente,357.99,200.6538,71832.05,151.14,71983.19,EUR,1.0,71983.19,Exécuté,NYSE,OPE004
TRX002252,PF00046,INST008,2023-06-09,Coupon,329.59,200.2971,66015.92,161.61,66177.53,EUR,1.0,66177.53,Exécuté,SIX,OPE002
TRX002253,PF00065,INST010,2025-11-10,Dividende,90.85,487.5922,44297.75,189.38,44487.13,EUR,1.0,44487.13,Exécuté,SIX,OPE003
TRX002254,PF00088,INST002,2024-10-29,Frais,275.69,19.6887,5427.98,7.31,5420.67,EUR,1.0,5420.67,En attente,OTC,OPE005
TRX002255,PF00049,INST003,2025-01-12,Dividende,348.97,30.1764,10530.66,17.64,10548.3,USD,0.9891,10433.32,Exécuté,Xetra,OPE001
TRX002256,PF00128,INST003,2023-10-18,Vente,135.07,219.9163,29704.09,69.54,29773.63,USD,1.0002,29779.58,Annulé,OTC,OPE003
TRX002257,PF00115,INST010,2025-10-19,Arbitrage Sortant,498.72,91.0988,45432.79,204.29,45637.08,EUR,1.0,45637.08,Exécuté,SIX,OPE002
TRX002258,PF00108,INST009,2023-06-11,Frais,21.69,347.2251,7531.31,12.74,7518.57,EUR,1.0,7518.57,Exécuté,Euronext,OPE001
TRX002259,PF00001,INST010,2025-03-31,Dividende,114.34,438.4545,50132.89,175.63,50308.52,EUR,1.0,50308.52,Annulé,Xetra,OPE002
TRX002260,PF00024,INST007,2024-04-11,Arbitrage Entrant,139.99,167.4307,23438.62,78.75,23517.37,EUR,1.0,23517.37,Exécuté,OTC,OPE002
TRX002261,PF00123,INST009,2024-12-19,Achat,131.66,219.3971,28885.82,64.09,28821.73,EUR,1.0,28821.73,Exécuté,Xetra,OPE002
TRX002262,PF00117,INST009,2025-06-12,Frais,131.7,114.0165,15015.97,18.09,14997.88,EUR,1.0,14997.88,Exécuté,OTC,OPE004
TRX002263,PF00090,INST015,2025-07-13,Coupon,128.95,212.906,27454.23,78.78,27533.01,EUR,1.0,27533.01,Exécuté,SIX,OPE005
TRX002264,PF00018,INST006,2025-11-25,Arbitrage Entrant,149.17,350.0633,52218.94,160.72,52379.66,EUR,1.0,52379.66,Exécuté,NYSE,OPE004
TRX002265,PF00122,INST015,2023-07-11,Arbitrage Entrant,84.3,423.1304,35669.89,37.25,35707.14,EUR,1.0,35707.14,Exécuté,Euronext,OPE004
TRX002266,PF00144,INST007,2024-05-28,Achat,145.74,125.7321,18324.2,48.51,18275.69,EUR,1.0,18275.69,Exécuté,Xetra,OPE001
TRX002267,PF00059,INST012,2024-10-16,Vente,222.66,458.275,102039.51,343.73,102383.24,USD,0.9423,96475.73,Annulé,SIX,OPE004
TRX002268,PF00055,INST001,2025-11-26,Arbitrage Sortant,202.87,353.4131,71696.92,326.27,72023.19,EUR,1.0,72023.19,En attente,NYSE,OPE002
TRX002269,PF00047,INST007,2024-04-01,Coupon,444.04,242.9337,107872.28,355.82,108228.1,EUR,1.0,108228.1,Exécuté,OTC,OPE001
TRX002270,PF00132,INST008,2024-05-03,Frais,323.87,221.1449,71622.2,134.09,71488.11,EUR,1.0,71488.11,En attente,Euronext,OPE004
TRX002271,PF00121,INST013,2024-12-06,Vente,286.75,110.1317,31580.26,117.45,31697.71,USD,1.0393,32943.43,En attente,OTC,OPE004
TRX002272,PF00103,INST001,2024-01-02,Arbitrage Entrant,422.07,401.4218,169428.1,601.59,170029.69,EUR,1.0,170029.69,Exécuté,OTC,OPE002
TRX002273,PF00036,INST014,2025-09-20,Achat,347.54,38.7545,13468.74,48.37,13420.37,EUR,1.0,13420.37,Exécuté,OTC,OPE004
TRX002274,PF00114,INST001,2024-02-16,Coupon,195.99,101.5413,19901.08,24.77,19925.85,EUR,1.0,19925.85,Annulé,NYSE,OPE005
TRX002275,PF00004,INST008,2024-12-22,Vente,471.81,294.3061,138856.56,237.34,139093.9,EUR,1.0,139093.9,En attente,OTC,OPE002
TRX002276,PF00126,INST002,2025-01-28,Frais,77.81,354.1897,27559.5,134.02,27425.48,USD,1.0545,28920.17,Exécuté,SIX,OPE001
TRX002277,PF00118,INST012,2025-10-04,Achat,267.41,412.9557,110428.48,246.46,110182.02,EUR,1.0,110182.02,Exécuté,SIX,OPE005
TRX002278,PF00075,INST003,2025-09-15,Achat,103.92,350.7735,36452.38,114.54,36337.84,USD,1.0945,39771.77,Exécuté,NYSE,OPE003
TRX002279,PF00078,INST011,2025-03-02,Arbitrage Entrant,301.15,19.4461,5856.19,12.47,5868.66,EUR,1.0,5868.66,Annulé,Euronext,OPE004
TRX002280,PF00046,INST002,2025-01-29,Frais,170.65,273.918,46744.11,82.24,46661.87,EUR,1.0,46661.87,Exécuté,OTC,OPE005
TRX002281,PF00042,INST005,2024-04-20,Vente,281.14,261.1885,73430.53,301.29,73731.82,USD,1.0623,78325.31,Exécuté,Euronext,OPE004
TRX002282,PF00138,INST002,2024-07-23,Coupon,236.27,431.4159,101930.63,104.21,102034.84,EUR,1.0,102034.84,Exécuté,NYSE,OPE001
TRX002283,PF00088,INST015,2024-09-15,Arbitrage Entrant,264.32,433.2117,114506.52,461.98,114968.5,EUR,1.0,114968.5,Exécuté,SIX,OPE003
TRX002284,PF00149,INST015,2024-08-28,Arbitrage Entrant,329.43,451.6137,148775.1,538.0,149313.1,EUR,1.0,149313.1,Exécuté,Euronext,OPE002
TRX002285,PF00115,INST013,2024-01-03,Achat,58.1,36.6556,2129.69,7.23,2122.46,USD,0.9825,2085.32,Exécuté,Euronext,OPE004
TRX002286,PF00013,INST004,2025-03-20,Achat,257.08,274.3164,70521.26,216.52,70304.74,EUR,1.0,70304.74,Annulé,NYSE,OPE004
TRX002287,PF00039,INST009,2025-08-19,Vente,300.72,213.1634,64102.5,108.68,64211.18,EUR,1.0,64211.18,Exécuté,OTC,OPE003
TRX002288,PF00008,INST011,2024-05-09,Arbitrage Sortant,10.6,82.1795,871.1,2.64,873.74,EUR,1.0,873.74,En attente,NYSE,OPE004
TRX002289,PF00071,INST002,2024-10-20,Achat,210.06,11.0693,2325.22,11.04,2314.18,EUR,1.0,2314.18,En attente,SIX,OPE001
TRX002290,PF00044,INST013,2024-01-09,Coupon,203.67,74.8915,15253.15,49.27,15302.42,USD,1.0681,16344.51,Exécuté,OTC,OPE001
TRX002291,PF00117,INST001,2024-03-07,Arbitrage Entrant,378.95,95.8628,36327.21,170.42,36497.63,USD,1.0345,37756.8,Exécuté,Xetra,OPE003
TRX002292,PF00056,INST006,2024-07-18,Arbitrage Sortant,297.84,318.8049,94952.85,164.79,95117.64,EUR,1.0,95117.64,Exécuté,OTC,OPE004
TRX002293,PF00002,INST002,2025-07-16,Vente,6.47,375.7255,2430.94,10.31,2441.25,USD,0.9597,2342.87,Exécuté,NYSE,OPE004
TRX002294,PF00005,INST010,2023-06-07,Achat,469.46,86.5429,40628.43,76.84,40551.59,EUR,1.0,40551.59,Exécuté,Euronext,OPE002
TRX002295,PF00142,INST015,2025-11-18,Dividende,285.37,208.4838,59495.02,253.77,59748.79,EUR,1.0,59748.79,Exécuté,OTC,OPE004
TRX002296,PF00115,INST001,2024-08-13,Vente,459.23,153.8855,70668.84,176.79,70845.63,USD,1.0689,75726.89,Exécuté,Euronext,OPE003
TRX002297,PF00091,INST004,2025-10-26,Arbitrage Entrant,382.29,135.3627,51747.81,207.8,51955.61,EUR,1.0,51955.61,Exécuté,Xetra,OPE001
TRX002298,PF00063,INST014,2026-05-10,Coupon,413.71,143.2689,59271.78,267.24,59539.02,USD,0.9238,55002.15,En attente,SIX,OPE004
TRX002299,PF00064,INST009,2024-05-21,Dividende,138.95,359.0271,49886.82,131.92,50018.74,USD,1.0921,54625.47,Exécuté,SIX,OPE001
TRX002300,PF00098,INST007,2026-01-11,Arbitrage Sortant,232.33,389.9768,90603.31,442.2,91045.51,EUR,1.0,91045.51,Exécuté,OTC,OPE001
TRX002301,PF00034,INST006,2026-04-01,Frais,155.9,410.1323,63939.63,311.46,63628.17,USD,0.927,58983.31,Exécuté,Xetra,OPE002
TRX002302,PF00135,INST007,2026-03-02,Vente,83.73,211.2572,17688.57,61.55,17750.12,EUR,1.0,17750.12,Annulé,SIX,OPE004
TRX002303,PF00019,INST008,2023-12-13,Frais,292.12,96.6911,28245.4,129.09,28116.31,EUR,1.0,28116.31,En attente,OTC,OPE005
TRX002304,PF00040,INST010,2025-04-26,Arbitrage Entrant,302.0,476.1611,143800.65,459.1,144259.75,USD,0.9641,139080.82,En attente,SIX,OPE004
TRX002305,PF00143,INST009,2024-02-02,Coupon,355.35,230.9605,82071.81,143.56,82215.37,EUR,1.0,82215.37,Exécuté,Xetra,OPE001
TRX002306,PF00064,INST005,2023-12-07,Frais,87.16,266.3961,23219.08,103.74,23115.34,EUR,1.0,23115.34,En attente,NYSE,OPE001
TRX002307,PF00084,INST004,2023-12-10,Frais,264.41,102.9037,27208.77,110.41,27098.36,EUR,1.0,27098.36,Exécuté,NYSE,OPE004
TRX002308,PF00003,INST001,2024-05-29,Achat,448.51,151.9005,68128.89,81.66,68047.23,EUR,1.0,68047.23,Annulé,NYSE,OPE005
TRX002309,PF00018,INST013,2023-05-31,Dividende,370.85,334.0541,123883.96,546.53,124430.49,EUR,1.0,124430.49,En attente,Euronext,OPE002
TRX002310,PF00077,INST002,2025-12-22,Achat,102.86,407.6484,41930.71,125.07,41805.64,USD,1.0802,45158.45,En attente,SIX,OPE002
TRX002311,PF00009,INST010,2025-08-22,Frais,270.53,325.7694,88130.4,381.72,87748.68,EUR,1.0,87748.68,Exécuté,NYSE,OPE002
TRX002312,PF00076,INST015,2025-01-16,Achat,165.42,485.1143,80247.61,288.56,79959.05,EUR,1.0,79959.05,En attente,NYSE,OPE002
TRX002313,PF00087,INST014,2025-02-12,Vente,16.46,466.9191,7685.49,38.22,7723.71,EUR,1.0,7723.71,En attente,Euronext,OPE005
TRX002314,PF00067,INST009,2024-08-08,Frais,200.94,458.5331,92137.64,301.62,91836.02,EUR,1.0,91836.02,Exécuté,SIX,OPE005
TRX002315,PF00034,INST015,2024-03-08,Achat,43.5,332.8521,14479.07,28.73,14450.34,EUR,1.0,14450.34,Annulé,OTC,OPE004
TRX002316,PF00105,INST002,2026-02-14,Frais,215.88,173.2707,37405.68,109.27,37296.41,EUR,1.0,37296.41,Exécuté,Xetra,OPE002
TRX002317,PF00079,INST008,2025-03-31,Dividende,61.14,90.0497,5505.64,10.47,5516.11,EUR,1.0,5516.11,Exécuté,SIX,OPE005
TRX002318,PF00081,INST014,2023-05-24,Coupon,49.37,35.3966,1747.53,5.17,1752.7,USD,1.0285,1802.65,Exécuté,SIX,OPE003
TRX002319,PF00016,INST004,2026-01-20,Coupon,43.99,292.0434,12846.99,46.93,12893.92,EUR,1.0,12893.92,Exécuté,Xetra,OPE005
TRX002320,PF00150,INST010,2025-06-20,Arbitrage Entrant,36.42,107.1552,3902.59,11.46,3914.05,USD,0.9919,3882.35,Exécuté,Xetra,OPE002
TRX002321,PF00076,INST014,2023-07-15,Dividende,138.26,229.7914,31770.96,101.66,31872.62,EUR,1.0,31872.62,Exécuté,SIX,OPE004
TRX002322,PF00007,INST008,2025-06-10,Arbitrage Entrant,479.43,213.8316,102517.28,155.28,102672.56,USD,0.963,98873.68,Exécuté,Euronext,OPE004
TRX002323,PF00106,INST006,2023-10-01,Achat,388.92,308.0674,119813.57,496.71,119316.86,EUR,1.0,119316.86,En attente,Xetra,OPE001
TRX002324,PF00124,INST012,2023-08-22,Vente,480.55,91.5648,44001.46,138.73,44140.19,EUR,1.0,44140.19,Exécuté,Xetra,OPE003
TRX002325,PF00099,INST004,2026-03-03,Dividende,19.48,408.8321,7964.05,25.75,7989.8,EUR,1.0,7989.8,En attente,Euronext,OPE003
TRX002326,PF00089,INST009,2024-04-23,Arbitrage Entrant,40.45,370.937,15004.4,20.73,15025.13,EUR,1.0,15025.13,Exécuté,Xetra,OPE005
TRX002327,PF00101,INST011,2024-04-25,Dividende,125.19,336.5387,42131.28,197.48,42328.76,EUR,1.0,42328.76,Annulé,SIX,OPE001
TRX002328,PF00013,INST005,2025-10-23,Achat,294.33,447.2078,131626.67,553.44,131073.23,EUR,1.0,131073.23,Exécuté,Xetra,OPE001
TRX002329,PF00139,INST005,2025-03-30,Achat,497.24,131.8358,65554.03,307.61,65246.42,USD,0.9356,61044.55,En attente,Euronext,OPE002
TRX002330,PF00098,INST007,2024-04-25,Arbitrage Sortant,81.0,470.4881,38109.54,149.6,38259.14,USD,1.0027,38362.44,En attente,OTC,OPE004
TRX002331,PF00072,INST011,2025-10-30,Arbitrage Entrant,372.13,333.435,124081.17,389.21,124470.38,EUR,1.0,124470.38,Exécuté,SIX,OPE003
TRX002332,PF00041,INST010,2023-09-13,Arbitrage Entrant,169.64,485.7048,82394.96,208.34,82603.3,EUR,1.0,82603.3,En attente,NYSE,OPE002
TRX002333,PF00061,INST006,2025-05-08,Arbitrage Entrant,209.34,108.0429,22617.7,106.99,22724.69,EUR,1.0,22724.69,Exécuté,Xetra,OPE001
TRX002334,PF00129,INST015,2025-03-24,Frais,450.1,383.4227,172578.56,752.74,171825.82,EUR,1.0,171825.82,Exécuté,OTC,OPE005
TRX002335,PF00143,INST008,2025-08-31,Achat,298.69,30.1029,8991.44,33.43,8958.01,EUR,1.0,8958.01,En attente,OTC,OPE001
TRX002336,PF00139,INST014,2025-12-22,Arbitrage Entrant,411.34,318.3087,130933.1,643.71,131576.81,USD,0.9158,120498.04,Exécuté,NYSE,OPE004
TRX002337,PF00097,INST002,2025-05-21,Achat,168.31,145.0818,24418.72,57.48,24361.24,EUR,1.0,24361.24,Exécuté,NYSE,OPE004
TRX002338,PF00062,INST003,2023-07-23,Arbitrage Entrant,60.53,301.0598,18223.15,47.62,18270.77,EUR,1.0,18270.77,Annulé,NYSE,OPE002
TRX002339,PF00005,INST006,2025-06-12,Vente,300.71,240.488,72317.15,74.35,72391.5,EUR,1.0,72391.5,Exécuté,Xetra,OPE003
TRX002340,PF00076,INST008,2025-11-09,Arbitrage Entrant,349.41,397.0801,138743.76,617.99,139361.75,USD,1.0837,151026.33,Exécuté,Euronext,OPE004
TRX002341,PF00017,INST005,2024-10-15,Coupon,373.2,413.2084,154209.37,507.22,154716.59,USD,1.0153,157083.75,Annulé,SIX,OPE004
TRX002342,PF00105,INST003,2024-06-09,Arbitrage Sortant,204.32,131.6166,26891.9,102.53,26994.43,EUR,1.0,26994.43,Exécuté,Xetra,OPE002
TRX002343,PF00004,INST003,2023-07-01,Arbitrage Entrant,192.8,372.5329,71824.34,158.36,71982.7,USD,0.9748,70168.74,En attente,SIX,OPE001
TRX002344,PF00056,INST015,2025-03-08,Coupon,258.95,33.7252,8733.14,41.15,8774.29,EUR,1.0,8774.29,Annulé,NYSE,OPE001
TRX002345,PF00102,INST007,2023-09-18,Vente,217.55,14.0982,3067.06,3.61,3070.67,EUR,1.0,3070.67,Annulé,Xetra,OPE001
TRX002346,PF00140,INST010,2025-11-14,Achat,6.46,116.0142,749.45,0.88,748.57,EUR,1.0,748.57,Exécuté,Euronext,OPE002
TRX002347,PF00008,INST003,2023-11-20,Dividende,68.49,308.0719,21099.84,49.71,21149.55,USD,1.0535,22281.05,Annulé,Xetra,OPE005
TRX002348,PF00120,INST012,2024-09-10,Frais,183.97,430.1594,79136.42,260.98,78875.44,USD,1.0938,86273.96,Exécuté,Euronext,OPE005
TRX002349,PF00137,INST007,2024-05-21,Achat,67.39,483.834,32605.57,78.1,32527.47,EUR,1.0,32527.47,Exécuté,Xetra,OPE003
TRX002350,PF00070,INST011,2024-05-06,Frais,475.96,31.4839,14985.08,32.12,14952.96,EUR,1.0,14952.96,Exécuté,Xetra,OPE002
TRX002351,PF00132,INST002,2025-01-29,Achat,279.16,319.0046,89053.32,132.08,88921.24,EUR,1.0,88921.24,Exécuté,Xetra,OPE005
TRX002352,PF00055,INST005,2024-04-16,Arbitrage Sortant,422.79,383.4236,162107.66,420.27,162527.93,EUR,1.0,162527.93,Exécuté,NYSE,OPE005
TRX002353,PF00095,INST003,2025-06-08,Achat,247.17,252.5704,62427.83,141.06,62286.77,EUR,1.0,62286.77,Annulé,Euronext,OPE002
TRX002354,PF00105,INST002,2025-08-05,Arbitrage Sortant,210.58,78.3745,16504.1,52.27,16556.37,EUR,1.0,16556.37,Annulé,Euronext,OPE003
TRX002355,PF00115,INST014,2026-04-12,Arbitrage Entrant,77.98,216.5837,16889.2,79.14,16968.34,EUR,1.0,16968.34,Exécuté,NYSE,OPE003
TRX002356,PF00017,INST006,2025-05-21,Frais,183.22,44.7931,8206.99,39.55,8167.44,EUR,1.0,8167.44,Exécuté,SIX,OPE002
TRX002357,PF00024,INST007,2025-07-04,Coupon,404.67,164.8564,66712.44,81.11,66793.55,EUR,1.0,66793.55,En attente,Euronext,OPE003
TRX002358,PF00034,INST003,2024-11-12,Dividende,151.81,112.5025,17079.0,57.44,17136.44,EUR,1.0,17136.44,Annulé,OTC,OPE003
TRX002359,PF00015,INST012,2024-06-27,Coupon,484.35,368.6422,178551.85,439.5,178991.35,EUR,1.0,178991.35,Exécuté,SIX,OPE005
TRX002360,PF00014,INST006,2024-02-23,Arbitrage Entrant,230.66,290.6081,67031.66,264.2,67295.86,EUR,1.0,67295.86,Annulé,Xetra,OPE004
TRX002361,PF00149,INST004,2025-10-16,Coupon,165.72,443.7356,73535.86,236.41,73772.27,USD,1.0762,79393.72,En attente,SIX,OPE003
TRX002362,PF00144,INST008,2025-12-21,Coupon,273.92,13.3886,3667.41,13.74,3681.15,EUR,1.0,3681.15,Exécuté,NYSE,OPE004
TRX002363,PF00122,INST013,2024-07-02,Arbitrage Entrant,45.26,140.026,6337.58,28.03,6365.61,EUR,1.0,6365.61,En attente,NYSE,OPE002
TRX002364,PF00007,INST010,2025-08-12,Dividende,216.81,128.5288,27866.33,49.01,27915.34,USD,1.038,28976.12,En attente,SIX,OPE002
TRX002365,PF00035,INST004,2024-02-23,Frais,499.15,208.3875,104016.62,211.81,103804.81,USD,1.0737,111455.22,Exécuté,Xetra,OPE002
TRX002366,PF00042,INST014,2023-10-02,Coupon,467.45,448.9271,209850.97,596.14,210447.11,USD,0.9517,200282.51,Annulé,SIX,OPE002
TRX002367,PF00041,INST004,2023-06-15,Arbitrage Entrant,267.92,175.6924,47071.51,73.56,47145.07,USD,0.9477,44679.38,Exécuté,Euronext,OPE005
TRX002368,PF00025,INST005,2024-01-18,Arbitrage Entrant,495.8,41.9767,20812.05,72.16,20884.21,USD,1.0522,21974.37,Exécuté,OTC,OPE003
TRX002369,PF00076,INST003,2026-04-11,Vente,480.8,252.3756,121342.19,155.61,121497.8,USD,1.0779,130962.48,Exécuté,SIX,OPE003
TRX002370,PF00083,INST014,2024-09-30,Achat,164.8,141.6772,23348.4,55.3,23293.1,EUR,1.0,23293.1,Exécuté,SIX,OPE003
TRX002371,PF00112,INST010,2026-01-17,Arbitrage Entrant,305.07,44.0256,13430.89,43.04,13473.93,USD,0.9249,12462.04,Exécuté,SIX,OPE003
TRX002372,PF00063,INST004,2025-06-28,Arbitrage Entrant,78.21,388.9938,30423.21,83.05,30506.26,USD,1.0827,33029.13,Annulé,SIX,OPE004
TRX002373,PF00120,INST004,2026-05-01,Vente,469.68,212.9421,100014.65,390.45,100405.1,EUR,1.0,100405.1,Annulé,SIX,OPE003
TRX002374,PF00123,INST001,2026-04-03,Arbitrage Sortant,222.03,111.5943,24777.28,60.61,24837.89,USD,0.9757,24234.33,Exécuté,Xetra,OPE005
TRX002375,PF00081,INST003,2024-07-17,Frais,252.21,159.0754,40120.41,141.25,39979.16,EUR,1.0,39979.16,Exécuté,SIX,OPE003
TRX002376,PF00014,INST003,2023-08-12,Coupon,135.85,340.9448,46317.35,207.23,46524.58,EUR,1.0,46524.58,Exécuté,OTC,OPE002
TRX002377,PF00110,INST008,2024-10-04,Coupon,69.72,288.8956,20141.8,20.34,20162.14,EUR,1.0,20162.14,Exécuté,Euronext,OPE001
TRX002378,PF00063,INST012,2025-03-23,Coupon,96.26,259.0948,24940.47,122.92,25063.39,EUR,1.0,25063.39,Exécuté,SIX,OPE001
TRX002379,PF00073,INST010,2026-03-11,Coupon,134.37,301.5562,40520.11,145.17,40665.28,USD,0.9209,37448.66,Exécuté,OTC,OPE005
TRX002380,PF00125,INST012,2023-08-25,Frais,419.48,356.9531,149734.69,654.11,149080.58,EUR,1.0,149080.58,Exécuté,OTC,OPE005
TRX002381,PF00110,INST001,2025-04-18,Frais,370.31,445.4846,164967.4,702.01,164265.39,EUR,1.0,164265.39,Exécuté,OTC,OPE002
TRX002382,PF00037,INST014,2023-12-13,Coupon,387.76,223.8941,86817.18,161.99,86979.17,USD,1.0491,91249.85,En attente,Xetra,OPE004
TRX002383,PF00026,INST003,2025-02-14,Achat,79.32,278.5458,22094.25,84.3,22009.95,EUR,1.0,22009.95,Exécuté,Xetra,OPE005
TRX002384,PF00074,INST009,2025-09-26,Dividende,114.76,17.979,2063.27,7.84,2071.11,USD,1.037,2147.74,Annulé,NYSE,OPE002
TRX002385,PF00050,INST014,2024-06-23,Frais,486.11,354.5675,172358.81,382.08,171976.73,EUR,1.0,171976.73,Exécuté,NYSE,OPE002
TRX002386,PF00088,INST007,2025-01-23,Arbitrage Entrant,231.09,256.9677,59382.67,176.18,59558.85,USD,1.0818,64430.76,Exécuté,NYSE,OPE004
TRX002387,PF00135,INST011,2025-01-02,Frais,324.82,38.3262,12449.12,45.18,12403.94,EUR,1.0,12403.94,Exécuté,SIX,OPE005
TRX002388,PF00013,INST007,2025-03-04,Arbitrage Entrant,39.44,368.3308,14526.97,55.08,14582.05,EUR,1.0,14582.05,En attente,Xetra,OPE004
TRX002389,PF00079,INST008,2023-10-28,Arbitrage Entrant,489.79,303.7346,148766.17,727.45,149493.62,EUR,1.0,149493.62,Annulé,Euronext,OPE003
TRX002390,PF00132,INST007,2023-05-31,Arbitrage Entrant,222.47,141.9764,31585.49,129.51,31715.0,EUR,1.0,31715.0,Exécuté,OTC,OPE002
TRX002391,PF00001,INST014,2024-01-03,Frais,429.18,227.9393,97826.99,176.61,97650.38,EUR,1.0,97650.38,Exécuté,OTC,OPE001
TRX002392,PF00147,INST015,2025-08-21,Vente,209.17,198.2536,41468.71,63.43,41532.14,EUR,1.0,41532.14,Annulé,Xetra,OPE003
TRX002393,PF00082,INST012,2024-03-01,Coupon,342.51,209.1125,71623.12,151.21,71774.33,EUR,1.0,71774.33,En attente,SIX,OPE003
TRX002394,PF00084,INST013,2023-12-31,Arbitrage Sortant,179.88,251.8309,45299.34,63.4,45362.74,USD,0.951,43139.97,Annulé,Xetra,OPE001
TRX002395,PF00002,INST001,2024-05-05,Coupon,262.36,175.4135,46021.49,190.88,46212.37,EUR,1.0,46212.37,En attente,NYSE,OPE003
TRX002396,PF00015,INST006,2024-06-27,Achat,207.95,182.9211,38038.44,87.5,37950.94,USD,0.935,35484.13,Exécuté,Xetra,OPE003
TRX002397,PF00018,INST013,2024-07-18,Frais,294.78,241.4316,71169.21,155.46,71013.75,USD,1.0603,75295.88,Exécuté,NYSE,OPE005
TRX002398,PF00105,INST015,2025-01-14,Frais,499.06,18.3244,9144.98,37.51,9107.47,EUR,1.0,9107.47,Annulé,Euronext,OPE001
TRX002399,PF00116,INST001,2023-08-13,Vente,204.7,32.3351,6618.99,23.09,6642.08,EUR,1.0,6642.08,Exécuté,NYSE,OPE005
TRX002400,PF00106,INST001,2025-12-29,Vente,23.57,349.9064,8247.29,32.37,8279.66,USD,0.9061,7502.2,En attente,Xetra,OPE001
TRX002401,PF00055,INST005,2024-05-15,Arbitrage Entrant,289.61,296.1021,85754.13,234.37,85988.5,EUR,1.0,85988.5,En attente,SIX,OPE005
TRX002402,PF00125,INST014,2025-05-08,Arbitrage Sortant,459.73,448.7087,206284.85,930.46,207215.31,USD,1.0681,221326.67,Exécuté,NYSE,OPE005
TRX002403,PF00069,INST002,2024-04-25,Vente,181.93,308.6025,56144.05,174.41,56318.46,EUR,1.0,56318.46,Exécuté,Euronext,OPE004
TRX002404,PF00053,INST006,2026-01-26,Arbitrage Sortant,385.27,378.3781,145777.73,432.75,146210.48,EUR,1.0,146210.48,En attente,Xetra,OPE004
TRX002405,PF00058,INST010,2024-03-18,Dividende,338.74,445.2529,150824.97,503.44,151328.41,EUR,1.0,151328.41,Exécuté,SIX,OPE001
TRX002406,PF00044,INST012,2025-05-12,Frais,126.24,82.098,10364.05,46.51,10317.54,EUR,1.0,10317.54,Exécuté,Euronext,OPE003
TRX002407,PF00136,INST010,2025-07-16,Arbitrage Sortant,70.82,265.0864,18773.42,64.62,18838.04,EUR,1.0,18838.04,Annulé,NYSE,OPE003
TRX002408,PF00040,INST001,2023-06-18,Vente,49.09,374.6099,18389.6,67.31,18456.91,EUR,1.0,18456.91,Exécuté,OTC,OPE004
TRX002409,PF00118,INST006,2025-11-25,Frais,183.28,474.8234,87025.63,315.49,86710.14,EUR,1.0,86710.14,En attente,SIX,OPE003
TRX002410,PF00134,INST012,2024-07-13,Vente,101.53,255.4215,25932.94,104.21,26037.15,USD,1.0678,27802.47,Exécuté,OTC,OPE004
TRX002411,PF00132,INST013,2023-08-30,Dividende,53.9,215.9395,11639.14,23.03,11662.17,USD,0.9337,10888.97,Annulé,Euronext,OPE003
TRX002412,PF00141,INST007,2025-10-15,Arbitrage Entrant,311.73,147.1759,45879.14,130.16,46009.3,EUR,1.0,46009.3,Exécuté,OTC,OPE002
TRX002413,PF00026,INST014,2025-04-05,Coupon,97.04,11.219,1088.69,2.84,1091.53,USD,1.0314,1125.8,Exécuté,Xetra,OPE001
TRX002414,PF00136,INST015,2023-12-04,Arbitrage Sortant,382.41,239.6821,91656.83,275.21,91932.04,EUR,1.0,91932.04,Exécuté,SIX,OPE003
TRX002415,PF00088,INST010,2023-09-03,Dividende,207.75,278.8921,57939.83,251.68,58191.51,EUR,1.0,58191.51,Exécuté,NYSE,OPE002
TRX002416,PF00118,INST012,2025-06-04,Vente,110.81,242.141,26831.64,75.16,26906.8,EUR,1.0,26906.8,Exécuté,NYSE,OPE002
TRX002417,PF00121,INST011,2025-12-29,Arbitrage Sortant,287.03,27.5967,7921.08,33.67,7954.75,EUR,1.0,7954.75,Exécuté,Xetra,OPE005
TRX002418,PF00115,INST001,2025-08-31,Arbitrage Entrant,444.4,147.4783,65539.36,187.71,65727.07,EUR,1.0,65727.07,En attente,Xetra,OPE003
TRX002419,PF00019,INST011,2025-06-04,Arbitrage Sortant,223.14,253.2358,56507.04,127.45,56634.49,EUR,1.0,56634.49,En attente,OTC,OPE005
TRX002420,PF00011,INST014,2024-06-24,Coupon,374.72,236.7568,88717.51,112.25,88829.76,EUR,1.0,88829.76,Exécuté,SIX,OPE005
TRX002421,PF00015,INST009,2024-09-09,Frais,151.95,259.8646,39486.43,135.6,39350.83,EUR,1.0,39350.83,Exécuté,SIX,OPE005
TRX002422,PF00054,INST009,2025-06-14,Dividende,275.7,227.214,62642.9,114.1,62757.0,EUR,1.0,62757.0,Exécuté,Euronext,OPE004
TRX002423,PF00103,INST002,2025-11-24,Vente,119.66,205.5826,24600.01,35.3,24635.31,EUR,1.0,24635.31,En attente,Euronext,OPE003
TRX002424,PF00023,INST009,2024-09-25,Arbitrage Sortant,273.86,85.7963,23496.17,76.79,23572.96,EUR,1.0,23572.96,Exécuté,OTC,OPE002
TRX002425,PF00007,INST011,2025-05-08,Arbitrage Sortant,244.74,458.5501,112225.55,286.41,112511.96,EUR,1.0,112511.96,Exécuté,Euronext,OPE004
TRX002426,PF00034,INST004,2024-05-19,Coupon,389.89,298.8451,116516.72,183.62,116700.34,USD,0.9448,110258.48,En attente,SIX,OPE003
TRX002427,PF00117,INST015,2025-03-03,Achat,122.06,164.9296,20131.31,54.01,20077.3,EUR,1.0,20077.3,Annulé,OTC,OPE005
TRX002428,PF00106,INST014,2023-11-01,Frais,391.69,433.8653,169940.7,847.35,169093.35,USD,0.9677,163631.63,Annulé,Euronext,OPE004
TRX002429,PF00114,INST004,2025-06-05,Arbitrage Entrant,51.68,93.6962,4842.22,20.44,4862.66,USD,0.92,4473.65,Exécuté,Xetra,OPE001
TRX002430,PF00082,INST008,2023-11-30,Arbitrage Entrant,452.63,185.1634,83810.51,299.61,84110.12,EUR,1.0,84110.12,En attente,OTC,OPE002
TRX002431,PF00133,INST005,2025-11-23,Arbitrage Entrant,411.26,139.0697,57193.8,128.38,57322.18,USD,0.9209,52788.0,Exécuté,Xetra,OPE001
TRX002432,PF00079,INST015,2024-05-25,Coupon,475.54,329.1863,156541.25,595.83,157137.08,USD,1.0872,170839.43,Exécuté,Euronext,OPE002
TRX002433,PF00103,INST009,2024-05-01,Coupon,57.8,317.6148,18358.14,47.26,18405.4,EUR,1.0,18405.4,Exécuté,OTC,OPE004
TRX002434,PF00116,INST010,2023-09-28,Coupon,269.33,438.1181,117998.35,185.08,118183.43,EUR,1.0,118183.43,Exécuté,Xetra,OPE004
TRX002435,PF00132,INST005,2025-09-18,Dividende,206.59,241.7841,49950.18,211.83,50162.01,EUR,1.0,50162.01,Exécuté,SIX,OPE004
TRX002436,PF00077,INST014,2024-04-21,Achat,34.13,116.7853,3985.88,6.13,3979.75,EUR,1.0,3979.75,Annulé,NYSE,OPE004
TRX002437,PF00130,INST011,2024-05-26,Vente,434.43,183.9829,79927.69,382.02,80309.71,EUR,1.0,80309.71,Annulé,NYSE,OPE005
TRX002438,PF00038,INST011,2024-07-27,Coupon,117.53,259.4315,30490.98,147.79,30638.77,USD,1.0421,31928.66,Exécuté,OTC,OPE001
TRX002439,PF00085,INST009,2024-04-07,Dividende,460.96,334.3255,154110.68,550.2,154660.88,USD,0.9453,146200.93,Exécuté,Euronext,OPE004
TRX002440,PF00096,INST002,2024-09-18,Frais,174.13,372.0444,64784.09,204.08,64580.01,EUR,1.0,64580.01,Annulé,Euronext,OPE004
TRX002441,PF00054,INST005,2024-12-01,Dividende,397.56,424.8139,168889.01,647.87,169536.88,EUR,1.0,169536.88,Exécuté,Euronext,OPE003
TRX002442,PF00147,INST006,2023-12-24,Frais,142.43,50.3422,7170.24,25.16,7145.08,EUR,1.0,7145.08,En attente,Euronext,OPE004
TRX002443,PF00017,INST008,2025-03-23,Achat,169.0,474.6692,80219.09,368.22,79850.87,EUR,1.0,79850.87,En attente,Euronext,OPE004
TRX002444,PF00145,INST009,2024-09-04,Achat,323.12,471.968,152502.3,696.17,151806.13,EUR,1.0,151806.13,Exécuté,Xetra,OPE003
TRX002445,PF00123,INST007,2025-12-27,Arbitrage Entrant,444.79,355.5644,158151.49,319.56,158471.05,USD,1.0388,164619.73,Annulé,Xetra,OPE001
TRX002446,PF00033,INST010,2024-06-29,Arbitrage Sortant,359.76,71.4337,25698.99,67.34,25766.33,USD,1.0942,28193.52,Exécuté,NYSE,OPE004
TRX002447,PF00090,INST015,2025-02-18,Arbitrage Entrant,15.76,365.7444,5764.13,19.26,5783.39,USD,0.9233,5339.8,Exécuté,SIX,OPE004
TRX002448,PF00116,INST008,2024-03-15,Achat,300.29,195.0014,58556.97,155.88,58401.09,EUR,1.0,58401.09,Exécuté,Euronext,OPE002
TRX002449,PF00081,INST012,2023-11-19,Coupon,457.72,146.1636,66902.0,284.01,67186.01,EUR,1.0,67186.01,Exécuté,NYSE,OPE002
TRX002450,PF00057,INST005,2024-05-24,Frais,294.6,29.4127,8664.98,39.85,8625.13,USD,1.045,9013.26,Annulé,OTC,OPE002
TRX002451,PF00108,INST008,2023-11-08,Dividende,308.98,17.9112,5534.2,16.03,5550.23,EUR,1.0,5550.23,En attente,Euronext,OPE003
TRX002452,PF00039,INST011,2025-01-08,Dividende,138.76,207.7666,28829.69,60.47,28890.16,EUR,1.0,28890.16,En attente,NYSE,OPE002
TRX002453,PF00063,INST013,2023-07-16,Arbitrage Sortant,175.88,234.3814,41223.0,181.62,41404.62,EUR,1.0,41404.62,Annulé,Xetra,OPE002
TRX002454,PF00097,INST014,2024-08-16,Achat,55.91,198.0277,11071.73,32.76,11038.97,USD,0.9759,10772.93,Exécuté,OTC,OPE005
TRX002455,PF00092,INST012,2025-01-21,Arbitrage Entrant,191.31,310.0469,59315.07,138.76,59453.83,USD,1.0279,61112.59,Annulé,SIX,OPE004
TRX002456,PF00068,INST013,2023-10-24,Achat,150.02,32.0408,4806.76,8.97,4797.79,EUR,1.0,4797.79,Exécuté,NYSE,OPE003
TRX002457,PF00088,INST002,2023-08-10,Arbitrage Entrant,361.28,112.0603,40485.15,192.19,40677.34,EUR,1.0,40677.34,Exécuté,Xetra,OPE005
TRX002458,PF00103,INST008,2025-12-10,Vente,91.1,456.1964,41559.49,79.58,41639.07,EUR,1.0,41639.07,Exécuté,SIX,OPE002
TRX002459,PF00060,INST002,2025-06-20,Dividende,462.65,145.2367,67193.76,263.73,67457.49,EUR,1.0,67457.49,Exécuté,SIX,OPE003
TRX002460,PF00149,INST014,2023-09-15,Vente,75.26,55.4695,4174.63,8.53,4183.16,EUR,1.0,4183.16,En attente,OTC,OPE004
TRX002461,PF00082,INST004,2024-02-06,Achat,67.87,347.2198,23565.81,50.86,23514.95,EUR,1.0,23514.95,Exécuté,NYSE,OPE004
TRX002462,PF00127,INST011,2023-07-11,Coupon,213.04,261.7781,55769.21,67.32,55836.53,EUR,1.0,55836.53,En attente,Euronext,OPE001
TRX002463,PF00026,INST012,2025-11-30,Arbitrage Entrant,268.42,482.8643,129610.44,174.08,129784.52,USD,1.0165,131925.96,Exécuté,Euronext,OPE001
TRX002464,PF00065,INST004,2024-09-14,Coupon,241.21,212.1509,51172.92,180.4,51353.32,EUR,1.0,51353.32,Annulé,OTC,OPE001
TRX002465,PF00141,INST008,2024-10-20,Achat,23.62,338.9801,8006.71,28.21,7978.5,EUR,1.0,7978.5,Annulé,Xetra,OPE002
TRX002466,PF00085,INST013,2024-12-06,Coupon,419.64,209.2076,87791.88,280.2,88072.08,EUR,1.0,88072.08,Exécuté,SIX,OPE005
TRX002467,PF00051,INST004,2023-08-04,Arbitrage Sortant,361.02,192.421,69467.83,142.63,69610.46,USD,0.9024,62816.48,Exécuté,Euronext,OPE002
TRX002468,PF00050,INST001,2026-03-04,Vente,479.51,221.5512,106236.02,248.69,106484.71,EUR,1.0,106484.71,Exécuté,Xetra,OPE002
TRX002469,PF00044,INST005,2026-03-28,Arbitrage Entrant,48.69,151.7453,7388.48,11.92,7400.4,EUR,1.0,7400.4,Annulé,SIX,OPE001
TRX002470,PF00027,INST006,2025-04-17,Achat,128.79,371.8823,47894.72,156.4,47738.32,EUR,1.0,47738.32,Exécuté,SIX,OPE004
TRX002471,PF00064,INST004,2025-03-08,Arbitrage Sortant,370.35,78.9183,29227.39,45.09,29272.48,USD,0.9556,27972.78,Exécuté,Xetra,OPE002
TRX002472,PF00034,INST003,2025-06-11,Arbitrage Entrant,88.87,192.4947,17107.0,26.68,17133.68,EUR,1.0,17133.68,Exécuté,OTC,OPE001
TRX002473,PF00020,INST002,2023-08-27,Arbitrage Sortant,104.66,271.7507,28441.43,52.23,28493.66,EUR,1.0,28493.66,Exécuté,NYSE,OPE002
TRX002474,PF00094,INST003,2023-05-21,Frais,190.04,486.7002,92492.51,387.21,92105.3,USD,0.9487,87380.3,En attente,Xetra,OPE003
TRX002475,PF00106,INST011,2023-09-04,Dividende,167.3,116.1234,19427.44,33.86,19461.3,EUR,1.0,19461.3,Exécuté,Xetra,OPE005
TRX002476,PF00114,INST007,2025-03-30,Arbitrage Sortant,3.48,139.2174,484.48,1.48,485.96,EUR,1.0,485.96,Exécuté,Xetra,OPE002
TRX002477,PF00014,INST012,2023-10-10,Arbitrage Sortant,292.09,184.7385,53960.27,148.34,54108.61,EUR,1.0,54108.61,Annulé,NYSE,OPE003
TRX002478,PF00147,INST009,2026-04-02,Arbitrage Entrant,312.92,96.9,30321.95,87.56,30409.51,USD,0.9712,29533.72,Exécuté,Xetra,OPE002
TRX002479,PF00099,INST007,2025-03-11,Dividende,407.22,285.7331,116356.23,147.23,116503.46,EUR,1.0,116503.46,Annulé,NYSE,OPE003
TRX002480,PF00064,INST014,2024-02-20,Arbitrage Entrant,255.94,313.5984,80262.37,214.0,80476.37,EUR,1.0,80476.37,Exécuté,Xetra,OPE004
TRX002481,PF00095,INST004,2023-11-06,Vente,202.76,294.9864,59811.44,148.54,59959.98,EUR,1.0,59959.98,Annulé,Xetra,OPE004
TRX002482,PF00112,INST012,2023-06-29,Dividende,333.79,175.6513,58630.65,190.24,58820.89,EUR,1.0,58820.89,Exécuté,OTC,OPE005
TRX002483,PF00087,INST012,2025-01-18,Vente,77.89,109.2485,8509.37,39.51,8548.88,EUR,1.0,8548.88,Annulé,OTC,OPE002
TRX002484,PF00077,INST002,2023-10-06,Dividende,237.94,86.7606,20643.82,58.44,20702.26,EUR,1.0,20702.26,Exécuté,OTC,OPE002
TRX002485,PF00083,INST005,2023-10-28,Vente,470.15,150.4434,70730.96,225.92,70956.88,EUR,1.0,70956.88,Exécuté,OTC,OPE001
TRX002486,PF00106,INST013,2023-08-10,Achat,197.25,273.816,54010.21,117.97,53892.24,EUR,1.0,53892.24,En attente,NYSE,OPE005
TRX002487,PF00140,INST013,2024-05-23,Arbitrage Entrant,39.5,57.1289,2256.59,10.02,2266.61,EUR,1.0,2266.61,Exécuté,SIX,OPE005
TRX002488,PF00051,INST012,2026-01-11,Coupon,45.1,129.9731,5861.79,17.52,5879.31,USD,0.9948,5848.74,Annulé,Euronext,OPE004
TRX002489,PF00043,INST013,2025-10-20,Arbitrage Sortant,386.86,472.0626,182622.14,382.68,183004.82,EUR,1.0,183004.82,Annulé,OTC,OPE001
TRX002490,PF00143,INST015,2023-12-22,Vente,193.91,144.7983,28077.84,51.44,28129.28,USD,1.0958,30824.07,Exécuté,SIX,OPE002
TRX002491,PF00077,INST013,2025-06-06,Arbitrage Sortant,221.57,100.1323,22186.31,79.2,22265.51,USD,1.0497,23372.11,Exécuté,SIX,OPE003
TRX002492,PF00089,INST013,2024-06-02,Coupon,103.35,409.8129,42354.16,143.64,42497.8,EUR,1.0,42497.8,Exécuté,OTC,OPE005
TRX002493,PF00077,INST001,2023-06-03,Vente,198.31,290.6021,57629.3,174.19,57803.49,EUR,1.0,57803.49,Exécuté,NYSE,OPE004
TRX002494,PF00099,INST012,2025-09-01,Dividende,284.01,53.3313,15146.62,39.99,15186.61,EUR,1.0,15186.61,Annulé,OTC,OPE002
TRX002495,PF00056,INST006,2026-02-15,Vente,300.44,26.1021,7842.11,37.83,7879.94,EUR,1.0,7879.94,Exécuté,Xetra,OPE005
TRX002496,PF00008,INST002,2025-03-04,Coupon,388.26,130.9803,50854.41,173.24,51027.65,EUR,1.0,51027.65,Exécuté,NYSE,OPE002
TRX002497,PF00060,INST005,2024-11-19,Dividende,108.51,459.6445,49876.02,133.52,50009.54,EUR,1.0,50009.54,Exécuté,Xetra,OPE005
TRX002498,PF00026,INST005,2023-06-16,Achat,412.94,277.2927,114505.25,431.16,114074.09,EUR,1.0,114074.09,Exécuté,Euronext,OPE004
TRX002499,PF00127,INST010,2023-08-22,Vente,19.81,497.048,9846.52,45.64,9892.16,EUR,1.0,9892.16,Exécuté,SIX,OPE001
TRX002500,PF00073,INST010,2024-06-09,Arbitrage Entrant,355.48,334.8292,119025.08,158.56,119183.64,EUR,1.0,119183.64,Exécuté,Xetra,OPE002
TRX002501,PF00010,INST003,2025-11-13,Frais,281.35,442.0331,124366.01,548.81,123817.2,EUR,1.0,123817.2,Annulé,OTC,OPE001
TRX002502,PF00019,INST015,2024-06-21,Frais,301.51,130.7594,39425.27,62.19,39363.08,USD,0.9516,37457.91,Exécuté,Xetra,OPE005
TRX002503,PF00067,INST015,2026-02-08,Vente,498.21,112.6696,56133.12,100.47,56233.59,EUR,1.0,56233.59,Exécuté,SIX,OPE005
TRX002504,PF00025,INST008,2023-06-13,Arbitrage Sortant,469.67,299.9224,140864.55,256.6,141121.15,EUR,1.0,141121.15,Exécuté,Euronext,OPE003
TRX002505,PF00124,INST002,2026-03-24,Arbitrage Sortant,351.24,52.3411,18384.29,54.82,18439.11,USD,1.0754,19829.42,Exécuté,OTC,OPE003
TRX002506,PF00005,INST003,2024-08-14,Dividende,453.2,337.8134,153097.03,155.74,153252.77,EUR,1.0,153252.77,Exécuté,Euronext,OPE001
TRX002507,PF00034,INST014,2025-07-16,Frais,230.23,319.6804,73600.02,166.96,73433.06,EUR,1.0,73433.06,Exécuté,OTC,OPE002
TRX002508,PF00112,INST008,2023-09-14,Arbitrage Sortant,255.53,250.5212,64015.68,139.44,64155.12,EUR,1.0,64155.12,Exécuté,OTC,OPE001
TRX002509,PF00062,INST009,2025-08-31,Arbitrage Sortant,482.03,28.3795,13679.77,48.54,13728.31,EUR,1.0,13728.31,En attente,Euronext,OPE004
TRX002510,PF00032,INST013,2023-11-25,Frais,499.38,92.9664,46425.56,165.54,46260.02,EUR,1.0,46260.02,Exécuté,Xetra,OPE001
TRX002511,PF00020,INST012,2025-12-25,Vente,42.12,174.4026,7345.84,17.09,7362.93,EUR,1.0,7362.93,En attente,SIX,OPE002
TRX002512,PF00100,INST002,2023-11-25,Coupon,274.39,408.9329,112207.1,263.52,112470.62,EUR,1.0,112470.62,Exécuté,SIX,OPE003
TRX002513,PF00020,INST001,2023-11-19,Vente,316.87,148.6679,47108.4,182.91,47291.31,EUR,1.0,47291.31,Annulé,OTC,OPE005
TRX002514,PF00071,INST009,2024-11-04,Frais,457.54,185.8551,85036.14,217.84,84818.3,EUR,1.0,84818.3,En attente,OTC,OPE005
TRX002515,PF00057,INST001,2025-10-24,Achat,185.25,299.5151,55485.17,195.01,55290.16,EUR,1.0,55290.16,Annulé,SIX,OPE003
TRX002516,PF00103,INST004,2024-12-15,Dividende,182.67,257.3842,47016.37,213.74,47230.11,USD,0.9897,46743.64,Exécuté,SIX,OPE002
TRX002517,PF00100,INST007,2025-12-04,Vente,380.45,187.1964,71218.87,175.76,71394.63,EUR,1.0,71394.63,Annulé,Euronext,OPE004
TRX002518,PF00006,INST011,2024-09-02,Achat,42.42,430.9205,18279.65,66.09,18213.56,EUR,1.0,18213.56,Exécuté,NYSE,OPE001
TRX002519,PF00097,INST009,2025-02-07,Arbitrage Entrant,477.9,216.2799,103360.16,177.79,103537.95,EUR,1.0,103537.95,En attente,SIX,OPE001
TRX002520,PF00002,INST001,2023-10-01,Arbitrage Entrant,490.25,211.8065,103838.14,328.75,104166.89,EUR,1.0,104166.89,Exécuté,Euronext,OPE004
TRX002521,PF00035,INST009,2023-10-11,Vente,4.85,209.7455,1017.27,1.8,1019.07,EUR,1.0,1019.07,Exécuté,Xetra,OPE002
TRX002522,PF00036,INST004,2024-05-15,Vente,276.55,98.6808,27290.18,87.99,27378.17,EUR,1.0,27378.17,Exécuté,OTC,OPE003
TRX002523,PF00121,INST006,2024-11-11,Arbitrage Sortant,78.62,104.3763,8206.06,41.03,8247.09,EUR,1.0,8247.09,Exécuté,Euronext,OPE003
TRX002524,PF00024,INST001,2025-01-29,Arbitrage Entrant,375.9,141.3085,53117.87,181.74,53299.61,EUR,1.0,53299.61,Exécuté,Xetra,OPE001
TRX002525,PF00030,INST015,2025-07-17,Vente,174.17,24.5536,4276.5,18.87,4295.37,EUR,1.0,4295.37,Exécuté,Xetra,OPE004
TRX002526,PF00038,INST003,2026-04-22,Arbitrage Sortant,321.92,300.1039,96609.45,453.5,97062.95,EUR,1.0,97062.95,Annulé,Xetra,OPE001
TRX002527,PF00093,INST008,2024-03-03,Frais,490.29,303.4095,148758.64,425.07,148333.57,USD,0.9058,134360.55,En attente,Euronext,OPE001
TRX002528,PF00007,INST015,2026-01-14,Dividende,52.06,150.9722,7859.61,35.11,7894.72,EUR,1.0,7894.72,Exécuté,Xetra,OPE001
TRX002529,PF00086,INST014,2024-05-04,Arbitrage Sortant,64.0,383.4351,24539.85,99.23,24639.08,EUR,1.0,24639.08,Exécuté,Xetra,OPE004
TRX002530,PF00143,INST007,2024-04-29,Arbitrage Sortant,227.61,369.0543,84000.45,295.28,84295.73,EUR,1.0,84295.73,Exécuté,Euronext,OPE005
TRX002531,PF00143,INST015,2024-10-16,Frais,112.41,198.9077,22359.21,89.97,22269.24,EUR,1.0,22269.24,En attente,Euronext,OPE002
TRX002532,PF00119,INST009,2025-03-24,Frais,386.78,337.1409,130399.36,181.18,130218.18,EUR,1.0,130218.18,Exécuté,NYSE,OPE004
TRX002533,PF00148,INST001,2024-11-25,Dividende,407.35,280.7493,114363.23,552.52,114915.75,EUR,1.0,114915.75,Exécuté,OTC,OPE005
TRX002534,PF00079,INST012,2025-10-21,Arbitrage Sortant,11.41,382.1846,4360.73,7.62,4368.35,EUR,1.0,4368.35,Annulé,OTC,OPE004
TRX002535,PF00146,INST011,2025-04-30,Achat,345.05,186.0502,64196.62,103.54,64093.08,EUR,1.0,64093.08,Exécuté,SIX,OPE001
TRX002536,PF00013,INST007,2024-12-21,Dividende,210.77,127.8904,26955.46,75.73,27031.19,EUR,1.0,27031.19,Exécuté,SIX,OPE001
TRX002537,PF00022,INST007,2024-03-25,Dividende,72.81,213.0435,15511.7,72.99,15584.69,EUR,1.0,15584.69,En attente,Euronext,OPE003
TRX002538,PF00142,INST001,2023-07-06,Vente,179.5,321.159,57648.04,175.72,57823.76,USD,0.9958,57580.9,Annulé,OTC,OPE005
TRX002539,PF00042,INST011,2024-01-30,Frais,424.59,154.9229,65778.71,145.05,65633.66,EUR,1.0,65633.66,Exécuté,Xetra,OPE001
TRX002540,PF00137,INST005,2026-05-11,Arbitrage Entrant,92.91,374.5339,34797.94,160.2,34958.14,USD,0.9425,32948.05,En attente,Euronext,OPE001
TRX002541,PF00071,INST002,2025-10-26,Coupon,355.01,160.829,57095.9,221.57,57317.47,EUR,1.0,57317.47,Exécuté,SIX,OPE005
TRX002542,PF00028,INST006,2024-10-22,Frais,169.68,234.6826,39820.94,174.55,39646.39,EUR,1.0,39646.39,Annulé,NYSE,OPE004
TRX002543,PF00145,INST013,2025-06-23,Coupon,8.46,145.9997,1235.16,3.06,1238.22,EUR,1.0,1238.22,Exécuté,NYSE,OPE002
TRX002544,PF00037,INST010,2025-01-22,Arbitrage Sortant,169.63,303.894,51549.54,125.54,51675.08,USD,1.0697,55276.83,Exécuté,OTC,OPE002
TRX002545,PF00135,INST007,2024-02-15,Vente,24.0,19.9253,478.21,2.06,480.27,EUR,1.0,480.27,Annulé,NYSE,OPE005
TRX002546,PF00024,INST008,2025-12-06,Vente,50.51,154.7905,7818.47,12.73,7831.2,USD,1.0658,8346.49,Exécuté,Xetra,OPE001
TRX002547,PF00105,INST008,2024-02-24,Frais,463.88,96.6484,44833.26,66.21,44767.05,USD,1.0181,45577.33,Annulé,SIX,OPE005
TRX002548,PF00054,INST008,2025-10-18,Arbitrage Sortant,495.27,12.4276,6155.02,11.6,6166.62,USD,1.0639,6560.67,Exécuté,NYSE,OPE001
TRX002549,PF00060,INST010,2024-12-03,Vente,250.56,158.0145,39592.11,163.16,39755.27,EUR,1.0,39755.27,Exécuté,NYSE,OPE002
TRX002550,PF00012,INST007,2025-11-20,Achat,336.04,33.887,11387.39,37.64,11349.75,USD,0.9423,10694.87,En attente,NYSE,OPE004
TRX002551,PF00125,INST002,2025-02-27,Frais,31.84,38.4861,1225.4,1.33,1224.07,EUR,1.0,1224.07,Annulé,Euronext,OPE004
TRX002552,PF00038,INST003,2023-07-18,Arbitrage Sortant,170.92,360.6156,61636.42,228.55,61864.97,EUR,1.0,61864.97,Exécuté,OTC,OPE003
TRX002553,PF00091,INST010,2023-09-30,Dividende,2.23,230.2536,513.47,2.56,516.03,USD,0.9454,487.85,Exécuté,Xetra,OPE002
TRX002554,PF00035,INST012,2025-11-25,Vente,42.34,198.6847,8412.31,29.53,8441.84,EUR,1.0,8441.84,En attente,Euronext,OPE003
TRX002555,PF00085,INST007,2023-11-05,Dividende,221.1,151.0905,33406.11,66.15,33472.26,EUR,1.0,33472.26,Exécuté,OTC,OPE003
TRX002556,PF00091,INST004,2025-01-14,Arbitrage Entrant,307.53,457.0946,140570.3,657.87,141228.17,EUR,1.0,141228.17,Annulé,SIX,OPE004
TRX002557,PF00110,INST006,2024-01-30,Achat,172.96,332.8284,57566.0,206.8,57359.2,EUR,1.0,57359.2,Exécuté,NYSE,OPE001
TRX002558,PF00148,INST003,2026-01-15,Frais,44.18,353.1437,15601.89,35.64,15566.25,EUR,1.0,15566.25,Annulé,Euronext,OPE005
TRX002559,PF00016,INST003,2026-01-09,Vente,123.71,340.8345,42164.64,108.07,42272.71,EUR,1.0,42272.71,Exécuté,SIX,OPE004
TRX002560,PF00110,INST004,2024-08-16,Dividende,123.79,84.0726,10407.35,38.88,10446.23,EUR,1.0,10446.23,En attente,Xetra,OPE005
TRX002561,PF00040,INST002,2024-03-17,Arbitrage Sortant,69.89,411.1804,28737.4,88.15,28825.55,EUR,1.0,28825.55,En attente,Xetra,OPE004
TRX002562,PF00057,INST015,2024-01-18,Coupon,42.81,150.1728,6428.9,10.34,6439.24,EUR,1.0,6439.24,Exécuté,Euronext,OPE001
TRX002563,PF00008,INST012,2025-10-23,Vente,227.32,174.9595,39771.79,184.28,39956.07,USD,1.0747,42940.79,Exécuté,NYSE,OPE002
TRX002564,PF00067,INST007,2024-03-26,Dividende,300.12,316.9209,95114.3,419.06,95533.36,EUR,1.0,95533.36,En attente,NYSE,OPE002
TRX002565,PF00123,INST013,2024-08-09,Frais,357.09,60.6079,21642.48,78.7,21563.78,USD,1.0603,22864.08,Annulé,SIX,OPE003
TRX002566,PF00146,INST002,2025-06-06,Dividende,447.86,460.4814,206231.2,321.28,206552.48,EUR,1.0,206552.48,Exécuté,Xetra,OPE001
TRX002567,PF00100,INST013,2024-01-04,Dividende,82.67,219.7054,18163.05,39.44,18202.49,EUR,1.0,18202.49,Annulé,NYSE,OPE003
TRX002568,PF00017,INST013,2023-11-16,Vente,244.44,496.7774,121432.27,274.89,121707.16,EUR,1.0,121707.16,Exécuté,NYSE,OPE004
TRX002569,PF00094,INST011,2026-02-03,Coupon,157.69,378.1718,59633.91,206.0,59839.91,EUR,1.0,59839.91,Exécuté,OTC,OPE004
TRX002570,PF00131,INST005,2025-02-15,Frais,213.5,90.6965,19363.7,82.42,19281.28,EUR,1.0,19281.28,Exécuté,Euronext,OPE001
TRX002571,PF00079,INST007,2025-02-06,Arbitrage Entrant,69.91,12.8486,898.25,2.38,900.63,USD,1.0941,985.38,Annulé,Xetra,OPE004
TRX002572,PF00137,INST015,2025-09-14,Dividende,429.52,80.0673,34390.51,126.86,34517.37,EUR,1.0,34517.37,Exécuté,SIX,OPE004
TRX002573,PF00127,INST003,2024-07-30,Frais,472.38,372.4506,175938.21,670.08,175268.13,EUR,1.0,175268.13,En attente,NYSE,OPE003
TRX002574,PF00069,INST014,2025-08-19,Vente,37.4,292.0087,10921.13,24.08,10945.21,EUR,1.0,10945.21,Exécuté,NYSE,OPE002
TRX002575,PF00051,INST005,2023-09-21,Coupon,231.27,492.1433,113817.98,427.76,114245.74,EUR,1.0,114245.74,Exécuté,Xetra,OPE004
TRX002576,PF00146,INST008,2023-09-21,Arbitrage Sortant,438.73,193.0544,84698.76,377.42,85076.18,EUR,1.0,85076.18,Exécuté,SIX,OPE001
TRX002577,PF00053,INST004,2025-03-17,Arbitrage Entrant,305.87,75.6376,23135.27,50.21,23185.48,USD,1.0548,24456.04,Exécuté,SIX,OPE002
TRX002578,PF00015,INST015,2025-07-07,Frais,349.66,142.1658,49709.69,62.44,49647.25,EUR,1.0,49647.25,Annulé,SIX,OPE004
TRX002579,PF00004,INST007,2023-07-20,Vente,204.09,117.6578,24012.78,37.52,24050.3,EUR,1.0,24050.3,Exécuté,Euronext,OPE001
TRX002580,PF00018,INST003,2024-03-18,Arbitrage Sortant,412.9,23.2626,9605.13,46.07,9651.2,EUR,1.0,9651.2,En attente,Xetra,OPE005
TRX002581,PF00069,INST003,2026-01-02,Coupon,408.74,388.8851,158952.9,711.9,159664.8,USD,0.9409,150228.61,Exécuté,SIX,OPE004
TRX002582,PF00148,INST007,2026-02-17,Achat,473.55,259.6593,122961.66,584.56,122377.1,EUR,1.0,122377.1,Annulé,Euronext,OPE002
TRX002583,PF00098,INST001,2023-06-22,Arbitrage Sortant,168.45,341.8174,57579.14,197.29,57776.43,EUR,1.0,57776.43,Annulé,OTC,OPE002
TRX002584,PF00007,INST009,2024-01-07,Dividende,458.7,147.1666,67505.32,260.62,67765.94,EUR,1.0,67765.94,Exécuté,NYSE,OPE002
TRX002585,PF00067,INST010,2025-08-22,Dividende,382.04,55.855,21338.84,69.47,21408.31,USD,0.9748,20868.82,Exécuté,Euronext,OPE001
TRX002586,PF00085,INST005,2025-11-12,Coupon,55.75,179.0405,9981.51,45.9,10027.41,EUR,1.0,10027.41,En attente,Euronext,OPE002
TRX002587,PF00135,INST012,2023-09-15,Frais,288.96,381.0927,110120.55,434.01,109686.54,EUR,1.0,109686.54,Exécuté,Euronext,OPE001
TRX002588,PF00073,INST001,2023-05-25,Dividende,121.75,180.7998,22012.38,55.91,22068.29,EUR,1.0,22068.29,Exécuté,NYSE,OPE003
TRX002589,PF00049,INST009,2025-11-03,Arbitrage Entrant,327.61,144.4758,47331.72,169.59,47501.31,EUR,1.0,47501.31,Exécuté,SIX,OPE003
TRX002590,PF00091,INST009,2025-04-14,Achat,99.35,315.988,31393.41,32.9,31360.51,EUR,1.0,31360.51,En attente,Xetra,OPE004
TRX002591,PF00073,INST008,2024-08-10,Achat,244.04,409.6645,99974.52,319.48,99655.04,EUR,1.0,99655.04,Exécuté,OTC,OPE001
TRX002592,PF00040,INST015,2025-11-14,Coupon,395.36,331.9584,131243.07,343.75,131586.82,USD,0.9967,131152.58,Exécuté,SIX,OPE001
TRX002593,PF00028,INST006,2025-10-16,Frais,463.99,217.9037,101105.14,424.17,100680.97,EUR,1.0,100680.97,Exécuté,Euronext,OPE005
TRX002594,PF00147,INST008,2025-01-17,Arbitrage Sortant,415.97,224.885,93545.41,310.25,93855.66,USD,1.0328,96934.13,Exécuté,SIX,OPE001
TRX002595,PF00122,INST014,2025-08-27,Achat,359.99,433.7704,156153.01,364.05,155788.96,USD,0.975,151894.24,Exécuté,Xetra,OPE005
TRX002596,PF00018,INST010,2024-10-21,Dividende,211.57,225.4685,47702.37,76.31,47778.68,EUR,1.0,47778.68,Exécuté,Xetra,OPE002
TRX002597,PF00064,INST010,2024-05-11,Arbitrage Entrant,297.04,382.9314,113745.94,187.95,113933.89,USD,0.9776,111381.77,Exécuté,Euronext,OPE004
TRX002598,PF00124,INST006,2024-01-21,Frais,22.61,343.8465,7774.37,24.55,7749.82,EUR,1.0,7749.82,Annulé,SIX,OPE005
TRX002599,PF00125,INST010,2026-04-19,Arbitrage Sortant,104.8,409.2458,42888.96,176.08,43065.04,EUR,1.0,43065.04,Exécuté,OTC,OPE003
TRX002600,PF00053,INST003,2025-05-20,Arbitrage Sortant,231.55,244.705,56661.44,143.75,56805.19,USD,0.951,54021.74,Exécuté,Xetra,OPE001
TRX002601,PF00043,INST006,2025-04-19,Vente,437.52,191.6022,83829.79,184.37,84014.16,EUR,1.0,84014.16,Exécuté,Euronext,OPE005
TRX002602,PF00120,INST014,2024-12-03,Vente,470.75,13.7505,6473.05,30.19,6503.24,EUR,1.0,6503.24,Exécuté,Euronext,OPE004
TRX002603,PF00058,INST009,2025-06-13,Arbitrage Sortant,357.8,91.7894,32842.25,96.4,32938.65,EUR,1.0,32938.65,Annulé,SIX,OPE001
TRX002604,PF00031,INST015,2024-10-04,Arbitrage Sortant,251.13,78.7022,19764.48,29.91,19794.39,EUR,1.0,19794.39,En attente,SIX,OPE002
TRX002605,PF00001,INST013,2023-11-21,Frais,31.68,226.8668,7187.14,9.57,7177.57,EUR,1.0,7177.57,Exécuté,NYSE,OPE003
TRX002606,PF00037,INST004,2023-11-20,Dividende,337.89,249.5413,84317.51,383.96,84701.47,EUR,1.0,84701.47,Exécuté,SIX,OPE004
TRX002607,PF00121,INST002,2024-03-03,Arbitrage Sortant,309.9,464.6806,144004.52,554.02,144558.54,EUR,1.0,144558.54,Exécuté,OTC,OPE005
TRX002608,PF00122,INST002,2025-05-13,Coupon,183.02,308.8578,56527.15,135.64,56662.79,EUR,1.0,56662.79,Annulé,SIX,OPE004
TRX002609,PF00076,INST001,2023-06-22,Frais,305.09,343.8181,104895.46,324.76,104570.7,USD,0.939,98191.89,Exécuté,Euronext,OPE001
TRX002610,PF00094,INST003,2025-05-21,Vente,468.15,421.4167,197286.23,943.01,198229.24,EUR,1.0,198229.24,Exécuté,NYSE,OPE004
TRX002611,PF00052,INST012,2026-01-27,Vente,64.46,53.2393,3431.81,4.47,3436.28,EUR,1.0,3436.28,Exécuté,OTC,OPE001
TRX002612,PF00118,INST001,2024-03-14,Dividende,346.95,244.338,84773.07,167.26,84940.33,EUR,1.0,84940.33,Exécuté,Xetra,OPE004
TRX002613,PF00030,INST002,2025-02-15,Dividende,19.53,354.0285,6914.18,8.13,6922.31,EUR,1.0,6922.31,Exécuté,SIX,OPE001
TRX002614,PF00008,INST009,2025-12-12,Achat,68.14,180.838,12322.3,40.51,12281.79,USD,1.0339,12698.14,Annulé,Xetra,OPE005
TRX002615,PF00117,INST014,2023-08-24,Frais,459.34,109.621,50353.31,114.53,50238.78,USD,0.9716,48812.0,Exécuté,OTC,OPE002
TRX002616,PF00028,INST005,2025-07-16,Frais,202.06,289.3658,58469.25,249.83,58219.42,EUR,1.0,58219.42,Exécuté,OTC,OPE004
TRX002617,PF00100,INST014,2024-12-30,Dividende,339.71,127.6319,43357.83,70.37,43428.2,USD,0.9183,39880.12,Annulé,NYSE,OPE004
TRX002618,PF00109,INST006,2023-11-27,Vente,389.56,79.5736,30998.69,79.71,31078.4,EUR,1.0,31078.4,Exécuté,OTC,OPE002
TRX002619,PF00128,INST011,2025-01-07,Vente,145.76,29.3049,4271.48,4.86,4276.34,USD,0.9042,3866.67,Annulé,Euronext,OPE001
TRX002620,PF00078,INST011,2024-01-23,Arbitrage Entrant,189.12,18.5593,3509.93,4.72,3514.65,EUR,1.0,3514.65,En attente,Xetra,OPE003
TRX002621,PF00054,INST014,2023-12-22,Vente,248.26,66.1254,16416.29,79.08,16495.37,USD,1.0459,17252.51,Exécuté,NYSE,OPE003
TRX002622,PF00108,INST014,2023-11-19,Arbitrage Entrant,454.88,196.8808,89557.14,344.89,89902.03,USD,1.0624,95511.92,Exécuté,Euronext,OPE001
TRX002623,PF00010,INST010,2025-10-28,Achat,263.64,301.6424,79525.0,154.21,79370.79,EUR,1.0,79370.79,En attente,Euronext,OPE001
TRX002624,PF00080,INST014,2026-03-12,Arbitrage Sortant,266.32,31.9789,8516.62,26.46,8543.08,USD,0.9672,8262.87,Exécuté,Euronext,OPE003
TRX002625,PF00140,INST015,2024-01-17,Frais,378.24,316.2467,119617.15,143.81,119473.34,USD,0.9099,108708.79,Exécuté,NYSE,OPE004
TRX002626,PF00107,INST007,2024-11-01,Achat,121.98,214.5672,26172.91,44.01,26128.9,EUR,1.0,26128.9,En attente,Euronext,OPE002
TRX002627,PF00036,INST011,2025-04-18,Arbitrage Entrant,215.12,42.7221,9190.38,40.55,9230.93,EUR,1.0,9230.93,Annulé,Xetra,OPE004
TRX002628,PF00001,INST014,2025-11-28,Dividende,455.77,117.9411,53754.02,267.37,54021.39,EUR,1.0,54021.39,Exécuté,Xetra,OPE005
TRX002629,PF00055,INST011,2024-02-02,Arbitrage Sortant,371.1,14.0998,5232.44,18.06,5250.5,EUR,1.0,5250.5,Exécuté,OTC,OPE004
TRX002630,PF00129,INST005,2024-11-03,Vente,48.24,296.4195,14299.28,21.44,14320.72,EUR,1.0,14320.72,Exécuté,SIX,OPE005
TRX002631,PF00060,INST008,2023-09-03,Coupon,366.99,184.4293,67683.71,75.48,67759.19,EUR,1.0,67759.19,Annulé,SIX,OPE004
TRX002632,PF00123,INST012,2026-02-22,Arbitrage Sortant,50.05,252.6674,12646.0,32.78,12678.78,USD,1.0316,13079.43,En attente,NYSE,OPE004
TRX002633,PF00061,INST007,2024-06-13,Frais,263.46,335.7527,88457.41,214.96,88242.45,EUR,1.0,88242.45,Annulé,NYSE,OPE004
TRX002634,PF00103,INST003,2025-12-01,Frais,80.3,218.306,17529.97,48.03,17481.94,EUR,1.0,17481.94,En attente,NYSE,OPE004
TRX002635,PF00102,INST002,2023-09-16,Coupon,494.77,169.1837,83707.02,146.41,83853.43,EUR,1.0,83853.43,Annulé,Xetra,OPE005
TRX002636,PF00150,INST004,2025-02-13,Arbitrage Sortant,159.68,272.3757,43492.95,67.08,43560.03,EUR,1.0,43560.03,En attente,SIX,OPE004
TRX002637,PF00120,INST003,2025-11-07,Coupon,162.04,305.5982,49519.13,147.77,49666.9,EUR,1.0,49666.9,Exécuté,OTC,OPE002
TRX002638,PF00143,INST006,2026-01-10,Arbitrage Entrant,266.57,165.373,44083.48,207.06,44290.54,EUR,1.0,44290.54,Exécuté,SIX,OPE001
TRX002639,PF00100,INST006,2026-03-04,Coupon,276.17,102.3508,28266.22,36.18,28302.4,USD,1.018,28811.84,Exécuté,SIX,OPE003
TRX002640,PF00024,INST009,2024-06-20,Frais,221.26,327.6607,72498.21,316.53,72181.68,EUR,1.0,72181.68,En attente,SIX,OPE001
TRX002641,PF00015,INST014,2026-01-17,Arbitrage Entrant,181.17,31.3576,5681.06,22.01,5703.07,USD,0.9524,5431.6,En attente,NYSE,OPE005
TRX002642,PF00115,INST009,2025-06-02,Arbitrage Sortant,444.61,181.2946,80605.39,229.9,80835.29,EUR,1.0,80835.29,Exécuté,Euronext,OPE002
TRX002643,PF00051,INST001,2025-12-31,Achat,51.74,439.8224,22756.41,53.7,22702.71,EUR,1.0,22702.71,Exécuté,OTC,OPE004
TRX002644,PF00010,INST008,2026-02-03,Dividende,86.29,379.5753,32753.55,35.76,32789.31,EUR,1.0,32789.31,Exécuté,NYSE,OPE002
TRX002645,PF00059,INST014,2023-10-06,Vente,204.63,113.3021,23185.01,34.23,23219.24,EUR,1.0,23219.24,Annulé,NYSE,OPE001
TRX002646,PF00004,INST013,2025-03-22,Coupon,319.83,19.7084,6303.34,9.73,6313.07,EUR,1.0,6313.07,Exécuté,SIX,OPE004
TRX002647,PF00036,INST005,2024-05-21,Arbitrage Entrant,402.66,231.1038,93056.26,182.1,93238.36,EUR,1.0,93238.36,Exécuté,Xetra,OPE004
TRX002648,PF00024,INST013,2025-09-09,Arbitrage Entrant,381.56,159.487,60853.86,291.13,61144.99,EUR,1.0,61144.99,Annulé,SIX,OPE003
TRX002649,PF00013,INST012,2024-07-21,Coupon,271.83,251.5439,68377.18,125.34,68502.52,EUR,1.0,68502.52,Exécuté,Xetra,OPE002
TRX002650,PF00066,INST006,2025-11-06,Arbitrage Entrant,33.73,196.6004,6631.33,18.01,6649.34,EUR,1.0,6649.34,Exécuté,OTC,OPE002
TRX002651,PF00069,INST009,2025-08-09,Vente,393.49,285.1665,112210.17,496.48,112706.65,EUR,1.0,112706.65,En attente,SIX,OPE002
TRX002652,PF00107,INST014,2024-01-15,Coupon,108.7,489.5323,53212.16,229.85,53442.01,EUR,1.0,53442.01,Exécuté,NYSE,OPE001
TRX002653,PF00118,INST008,2024-11-28,Dividende,262.74,12.242,3216.46,9.75,3226.21,EUR,1.0,3226.21,Exécuté,NYSE,OPE004
TRX002654,PF00144,INST004,2025-03-26,Arbitrage Entrant,414.73,133.3929,55322.04,109.28,55431.32,EUR,1.0,55431.32,En attente,Xetra,OPE005
TRX002655,PF00009,INST006,2026-05-15,Achat,381.82,397.3183,151704.07,345.36,151358.71,EUR,1.0,151358.71,Exécuté,Euronext,OPE005
TRX002656,PF00045,INST009,2026-02-20,Dividende,201.05,90.9406,18283.61,78.45,18362.06,EUR,1.0,18362.06,Annulé,NYSE,OPE003
TRX002657,PF00045,INST015,2024-08-11,Arbitrage Sortant,302.15,106.114,32062.35,37.92,32100.27,EUR,1.0,32100.27,Annulé,NYSE,OPE004
TRX002658,PF00037,INST014,2026-01-01,Frais,158.05,321.1187,50752.81,237.95,50514.86,EUR,1.0,50514.86,Exécuté,OTC,OPE001
TRX002659,PF00017,INST007,2025-06-17,Vente,168.21,496.4753,83512.11,120.24,83632.35,EUR,1.0,83632.35,Exécuté,Euronext,OPE003
TRX002660,PF00088,INST001,2026-01-02,Arbitrage Entrant,93.31,285.5402,26643.76,59.86,26703.62,EUR,1.0,26703.62,Exécuté,Euronext,OPE002
TRX002661,PF00119,INST010,2024-09-13,Dividende,386.12,346.4656,133777.3,500.08,134277.38,USD,1.0501,141004.68,En attente,Xetra,OPE002
TRX002662,PF00021,INST013,2025-01-27,Arbitrage Entrant,362.72,59.2795,21501.86,33.74,21535.6,EUR,1.0,21535.6,En attente,Euronext,OPE003
TRX002663,PF00043,INST007,2025-07-09,Dividende,93.14,235.7524,21957.98,45.16,22003.14,EUR,1.0,22003.14,Annulé,NYSE,OPE003
TRX002664,PF00029,INST012,2023-06-04,Achat,262.26,252.996,66350.73,206.62,66144.11,EUR,1.0,66144.11,Exécuté,Xetra,OPE003
TRX002665,PF00021,INST005,2026-02-17,Arbitrage Entrant,378.54,488.6316,184966.61,775.52,185742.13,EUR,1.0,185742.13,En attente,NYSE,OPE003
TRX002666,PF00025,INST002,2023-08-12,Coupon,333.12,462.3482,154017.43,365.96,154383.39,EUR,1.0,154383.39,Exécuté,NYSE,OPE004
TRX002667,PF00009,INST015,2023-11-19,Arbitrage Sortant,209.52,242.2141,50748.7,161.14,50909.84,EUR,1.0,50909.84,Annulé,SIX,OPE002
TRX002668,PF00064,INST008,2023-05-25,Dividende,193.25,498.8669,96406.03,150.55,96556.58,EUR,1.0,96556.58,Exécuté,SIX,OPE003
TRX002669,PF00109,INST012,2025-09-25,Arbitrage Entrant,381.49,376.1102,143482.28,580.27,144062.55,EUR,1.0,144062.55,Exécuté,NYSE,OPE004
TRX002670,PF00008,INST009,2025-08-02,Dividende,263.33,260.4704,68589.67,283.56,68873.23,EUR,1.0,68873.23,Annulé,NYSE,OPE001
TRX002671,PF00016,INST007,2023-09-05,Frais,117.79,305.7186,36010.59,98.16,35912.43,EUR,1.0,35912.43,Exécuté,OTC,OPE005
TRX002672,PF00087,INST002,2024-05-18,Coupon,372.62,471.1022,175542.1,393.75,175935.85,EUR,1.0,175935.85,Exécuté,OTC,OPE005
TRX002673,PF00139,INST003,2024-05-29,Arbitrage Sortant,63.4,341.818,21671.26,84.39,21755.65,EUR,1.0,21755.65,Exécuté,Euronext,OPE002
TRX002674,PF00056,INST005,2024-01-17,Arbitrage Sortant,115.35,389.9456,44980.22,210.46,45190.68,EUR,1.0,45190.68,Exécuté,OTC,OPE003
TRX002675,PF00024,INST011,2025-10-13,Dividende,325.46,38.0203,12374.09,30.65,12404.74,USD,0.9801,12157.89,Exécuté,Euronext,OPE002
TRX002676,PF00142,INST003,2025-05-19,Arbitrage Sortant,361.45,62.4628,22577.18,45.64,22622.82,EUR,1.0,22622.82,Exécuté,Xetra,OPE004
TRX002677,PF00097,INST008,2024-06-12,Vente,303.58,41.3225,12544.68,48.59,12593.27,EUR,1.0,12593.27,En attente,Euronext,OPE003
TRX002678,PF00067,INST004,2024-08-04,Achat,261.15,356.5515,93113.42,334.05,92779.37,USD,0.9872,91591.79,En attente,Xetra,OPE002
TRX002679,PF00022,INST015,2023-06-16,Achat,343.15,429.3193,147320.92,538.88,146782.04,EUR,1.0,146782.04,Annulé,Euronext,OPE001
TRX002680,PF00083,INST001,2025-08-02,Coupon,74.39,296.4278,22051.26,105.73,22156.99,EUR,1.0,22156.99,En attente,NYSE,OPE004
TRX002681,PF00087,INST013,2023-10-20,Achat,454.94,114.6784,52171.79,85.92,52085.87,EUR,1.0,52085.87,Annulé,NYSE,OPE005
TRX002682,PF00022,INST012,2025-03-02,Achat,365.85,249.6942,91350.62,391.02,90959.6,USD,0.9313,84710.68,En attente,OTC,OPE002
TRX002683,PF00102,INST010,2023-11-29,Achat,393.64,226.9003,89317.03,332.04,88984.99,EUR,1.0,88984.99,Annulé,Euronext,OPE001
TRX002684,PF00092,INST003,2024-03-07,Frais,257.41,231.0982,59486.99,59.72,59427.27,EUR,1.0,59427.27,Exécuté,OTC,OPE005
TRX002685,PF00021,INST006,2023-09-05,Arbitrage Sortant,99.05,134.6048,13332.61,30.28,13362.89,EUR,1.0,13362.89,Exécuté,Euronext,OPE002
TRX002686,PF00097,INST012,2025-06-03,Arbitrage Sortant,260.85,284.626,74244.69,239.05,74483.74,EUR,1.0,74483.74,Exécuté,Xetra,OPE003
TRX002687,PF00015,INST003,2023-12-27,Frais,158.79,205.8849,32692.46,132.24,32560.22,EUR,1.0,32560.22,Exécuté,Euronext,OPE003
TRX002688,PF00003,INST010,2025-08-12,Arbitrage Sortant,359.69,110.8006,39853.87,104.91,39958.78,EUR,1.0,39958.78,Exécuté,Xetra,OPE001
TRX002689,PF00138,INST012,2025-05-12,Arbitrage Entrant,73.95,396.5158,29322.34,92.86,29415.2,EUR,1.0,29415.2,Exécuté,Euronext,OPE002
TRX002690,PF00141,INST011,2026-05-11,Vente,223.76,45.1188,10095.78,45.28,10141.06,EUR,1.0,10141.06,Exécuté,NYSE,OPE002
TRX002691,PF00072,INST007,2026-01-14,Achat,51.17,162.1471,8297.07,13.24,8283.83,EUR,1.0,8283.83,Exécuté,OTC,OPE005
TRX002692,PF00044,INST006,2025-12-05,Arbitrage Sortant,118.79,25.4479,3022.96,9.68,3032.64,USD,1.037,3144.85,Exécuté,SIX,OPE005
TRX002693,PF00032,INST012,2025-01-19,Arbitrage Sortant,318.95,118.9092,37926.09,165.52,38091.61,USD,1.0075,38377.3,Exécuté,SIX,OPE002
TRX002694,PF00098,INST010,2025-01-26,Achat,233.46,260.0376,60708.38,232.25,60476.13,EUR,1.0,60476.13,Annulé,SIX,OPE002
TRX002695,PF00012,INST001,2024-12-22,Achat,177.44,49.5883,8798.95,33.39,8765.56,EUR,1.0,8765.56,Exécuté,SIX,OPE001
TRX002696,PF00117,INST002,2025-05-03,Coupon,121.48,284.708,34586.33,155.14,34741.47,EUR,1.0,34741.47,En attente,OTC,OPE003
TRX002697,PF00027,INST003,2025-01-21,Vente,229.93,269.2523,61909.18,81.95,61991.13,EUR,1.0,61991.13,En attente,Euronext,OPE005
TRX002698,PF00068,INST013,2024-12-21,Arbitrage Entrant,152.66,137.1754,20941.2,51.38,20992.58,EUR,1.0,20992.58,Exécuté,OTC,OPE004
TRX002699,PF00089,INST006,2024-02-11,Coupon,411.53,304.0195,125113.14,352.08,125465.22,EUR,1.0,125465.22,Exécuté,NYSE,OPE004
TRX002700,PF00115,INST012,2024-12-26,Arbitrage Entrant,405.63,347.1683,140821.88,521.45,141343.33,EUR,1.0,141343.33,Exécuté,SIX,OPE002
TRX002701,PF00150,INST006,2023-12-16,Coupon,54.17,373.6708,20241.75,82.17,20323.92,EUR,1.0,20323.92,Annulé,OTC,OPE002
TRX002702,PF00007,INST006,2026-04-11,Dividende,247.72,234.7955,58163.54,103.67,58267.21,EUR,1.0,58267.21,Exécuté,Euronext,OPE002
TRX002703,PF00036,INST004,2026-03-20,Arbitrage Entrant,327.98,361.5202,118571.4,571.69,119143.09,EUR,1.0,119143.09,Exécuté,Xetra,OPE003
TRX002704,PF00101,INST015,2025-03-19,Coupon,88.78,217.8888,19344.17,75.64,19419.81,EUR,1.0,19419.81,Exécuté,Euronext,OPE001
TRX002705,PF00118,INST007,2025-10-03,Arbitrage Sortant,49.28,156.1132,7693.26,26.96,7720.22,EUR,1.0,7720.22,Exécuté,NYSE,OPE003
TRX002706,PF00131,INST004,2025-10-02,Achat,300.88,495.2715,149017.29,588.39,148428.9,USD,1.0774,159917.3,Annulé,Xetra,OPE004
TRX002707,PF00007,INST014,2024-03-23,Dividende,194.76,194.7828,37935.9,186.18,38122.08,EUR,1.0,38122.08,En attente,OTC,OPE004
TRX002708,PF00006,INST004,2025-02-22,Coupon,276.05,391.9108,108186.98,208.29,108395.27,EUR,1.0,108395.27,Exécuté,OTC,OPE002
TRX002709,PF00125,INST011,2025-08-15,Frais,460.35,121.6403,55997.11,219.27,55777.84,EUR,1.0,55777.84,Exécuté,OTC,OPE002
TRX002710,PF00038,INST013,2023-07-14,Arbitrage Entrant,493.93,300.991,148668.48,541.94,149210.42,USD,0.9965,148688.18,Exécuté,SIX,OPE003
TRX002711,PF00058,INST005,2024-03-18,Achat,22.8,139.469,3179.89,7.98,3171.91,USD,1.0158,3222.03,Exécuté,OTC,OPE004
TRX002712,PF00044,INST003,2023-08-02,Frais,79.28,245.109,19432.24,59.74,19372.5,EUR,1.0,19372.5,Exécuté,OTC,OPE001
TRX002713,PF00115,INST012,2024-06-06,Frais,386.57,473.5401,183056.4,660.47,182395.93,EUR,1.0,182395.93,Exécuté,SIX,OPE005
TRX002714,PF00134,INST011,2025-04-08,Dividende,416.48,243.7615,101521.79,217.2,101738.99,EUR,1.0,101738.99,En attente,OTC,OPE001
TRX002715,PF00081,INST003,2024-10-13,Arbitrage Sortant,68.28,250.2629,17087.95,24.63,17112.58,EUR,1.0,17112.58,Exécuté,SIX,OPE003
TRX002716,PF00133,INST012,2025-10-05,Achat,276.89,271.9232,75292.81,106.01,75186.8,EUR,1.0,75186.8,Annulé,Euronext,OPE004
TRX002717,PF00055,INST011,2024-03-01,Arbitrage Sortant,342.67,479.2087,164210.45,628.31,164838.76,EUR,1.0,164838.76,Exécuté,Euronext,OPE004
TRX002718,PF00052,INST014,2023-12-23,Achat,84.91,235.8892,20029.35,96.55,19932.8,EUR,1.0,19932.8,Annulé,NYSE,OPE004
TRX002719,PF00027,INST007,2025-10-31,Frais,153.24,211.1552,32357.42,95.52,32261.9,EUR,1.0,32261.9,Exécuté,OTC,OPE002
TRX002720,PF00135,INST014,2025-01-01,Arbitrage Entrant,355.55,327.6524,116496.81,529.86,117026.67,EUR,1.0,117026.67,Annulé,OTC,OPE002
TRX002721,PF00013,INST002,2024-12-19,Arbitrage Sortant,104.38,413.4161,43152.37,129.39,43281.76,EUR,1.0,43281.76,Annulé,Xetra,OPE002
TRX002722,PF00044,INST002,2024-03-20,Coupon,111.68,491.9981,54946.35,97.69,55044.04,EUR,1.0,55044.04,Exécuté,Euronext,OPE004
TRX002723,PF00135,INST006,2023-08-05,Dividende,289.62,379.6134,109943.63,129.91,110073.54,EUR,1.0,110073.54,Exécuté,SIX,OPE002
TRX002724,PF00092,INST012,2026-01-06,Dividende,186.41,390.4972,72792.58,219.4,73011.98,EUR,1.0,73011.98,Annulé,NYSE,OPE005
TRX002725,PF00141,INST013,2024-10-21,Arbitrage Sortant,62.71,246.0963,15432.7,32.62,15465.32,USD,1.0208,15787.0,Exécuté,NYSE,OPE003
TRX002726,PF00088,INST002,2024-08-23,Coupon,404.55,44.1725,17869.98,60.77,17930.75,USD,0.9645,17294.21,Exécuté,Xetra,OPE004
TRX002727,PF00108,INST015,2024-11-07,Vente,452.4,62.0839,28086.76,107.09,28193.85,USD,1.0413,29358.26,Annulé,Euronext,OPE001
TRX002728,PF00139,INST007,2025-11-20,Vente,286.15,137.9489,39474.08,80.24,39554.32,USD,1.0447,41322.4,En attente,Xetra,OPE003
TRX002729,PF00060,INST002,2025-05-15,Dividende,195.42,390.2306,76258.86,260.23,76519.09,EUR,1.0,76519.09,Annulé,OTC,OPE004
TRX002730,PF00134,INST011,2025-10-21,Arbitrage Entrant,169.5,479.3872,81256.13,96.25,81352.38,EUR,1.0,81352.38,Exécuté,Xetra,OPE005
TRX002731,PF00138,INST008,2023-06-23,Vente,315.19,458.1866,144415.83,162.96,144578.79,USD,1.0405,150434.23,Annulé,SIX,OPE002
TRX002732,PF00085,INST011,2024-04-08,Arbitrage Sortant,462.94,215.0832,99570.62,301.99,99872.61,EUR,1.0,99872.61,Exécuté,NYSE,OPE005
TRX002733,PF00121,INST004,2026-02-13,Coupon,226.96,244.3273,55452.52,85.64,55538.16,EUR,1.0,55538.16,Exécuté,Xetra,OPE001
TRX002734,PF00047,INST005,2023-11-09,Vente,325.58,326.7063,106369.04,419.08,106788.12,EUR,1.0,106788.12,Exécuté,OTC,OPE005
TRX002735,PF00059,INST013,2025-07-07,Arbitrage Sortant,31.6,340.1176,10747.72,21.31,10769.03,USD,0.9868,10626.88,Exécuté,Euronext,OPE001
TRX002736,PF00140,INST002,2024-09-13,Arbitrage Entrant,395.66,152.1927,60216.56,100.73,60317.29,EUR,1.0,60317.29,Exécuté,Euronext,OPE002
TRX002737,PF00072,INST004,2024-09-25,Arbitrage Sortant,418.56,190.2493,79630.75,301.87,79932.62,EUR,1.0,79932.62,Annulé,SIX,OPE003
TRX002738,PF00024,INST002,2025-04-29,Arbitrage Entrant,368.18,218.6404,80499.02,101.47,80600.49,EUR,1.0,80600.49,Annulé,Xetra,OPE001
TRX002739,PF00148,INST005,2025-03-03,Achat,155.16,182.261,28279.62,98.53,28181.09,EUR,1.0,28181.09,Exécuté,SIX,OPE001
TRX002740,PF00082,INST005,2025-08-28,Arbitrage Sortant,318.51,157.0401,50018.84,115.0,50133.84,EUR,1.0,50133.84,En attente,Euronext,OPE005
TRX002741,PF00046,INST007,2024-05-05,Arbitrage Sortant,38.97,451.8908,17610.18,72.55,17682.73,EUR,1.0,17682.73,Exécuté,Xetra,OPE004
TRX002742,PF00082,INST010,2025-05-04,Dividende,91.44,293.1745,26807.88,132.98,26940.86,EUR,1.0,26940.86,Exécuté,NYSE,OPE004
TRX002743,PF00098,INST012,2023-12-25,Coupon,216.96,335.3429,72756.0,363.48,73119.48,USD,1.0551,77148.36,En attente,Xetra,OPE002
TRX002744,PF00060,INST009,2025-01-22,Coupon,47.54,132.5237,6300.18,27.34,6327.52,USD,1.0218,6465.46,Exécuté,OTC,OPE002
TRX002745,PF00079,INST003,2025-09-05,Dividende,327.2,430.7443,140939.53,306.72,141246.25,EUR,1.0,141246.25,Annulé,NYSE,OPE005
TRX002746,PF00049,INST005,2025-08-26,Coupon,96.47,404.9172,39062.36,144.46,39206.82,USD,1.0905,42755.04,Exécuté,NYSE,OPE004
TRX002747,PF00095,INST002,2024-10-29,Arbitrage Entrant,263.88,223.7282,59037.4,203.63,59241.03,EUR,1.0,59241.03,En attente,SIX,OPE003
TRX002748,PF00074,INST003,2026-04-08,Dividende,125.3,285.3898,35759.34,90.65,35849.99,USD,1.0109,36240.75,Exécuté,Euronext,OPE004
TRX002749,PF00069,INST004,2025-08-01,Dividende,410.78,20.6373,8477.39,37.71,8515.1,USD,1.0948,9322.33,En attente,OTC,OPE005
TRX002750,PF00096,INST010,2025-03-19,Dividende,439.69,461.37,202859.78,887.33,203747.11,EUR,1.0,203747.11,Exécuté,OTC,OPE004
TRX002751,PF00109,INST005,2024-05-14,Dividende,105.56,304.4605,32138.85,140.06,32278.91,EUR,1.0,32278.91,Annulé,Xetra,OPE001
TRX002752,PF00067,INST008,2025-10-30,Achat,401.48,266.2865,106908.7,108.85,106799.85,EUR,1.0,106799.85,Exécuté,NYSE,OPE005
TRX002753,PF00131,INST008,2024-05-11,Vente,467.35,493.118,230458.7,912.22,231370.92,EUR,1.0,231370.92,Annulé,OTC,OPE004
TRX002754,PF00111,INST008,2024-03-17,Frais,269.91,293.9015,79326.95,224.33,79102.62,EUR,1.0,79102.62,Exécuté,SIX,OPE001
TRX002755,PF00111,INST010,2023-11-10,Achat,43.42,137.8225,5984.25,16.52,5967.73,EUR,1.0,5967.73,Exécuté,Euronext,OPE002
TRX002756,PF00135,INST005,2024-03-09,Arbitrage Sortant,475.75,360.7539,171628.67,820.61,172449.28,EUR,1.0,172449.28,Exécuté,SIX,OPE004
TRX002757,PF00092,INST007,2024-10-21,Coupon,364.22,10.0252,3651.38,8.6,3659.98,EUR,1.0,3659.98,Exécuté,Euronext,OPE004
TRX002758,PF00126,INST011,2023-09-12,Dividende,131.12,444.541,58288.22,217.55,58505.77,USD,0.9568,55978.32,Exécuté,Xetra,OPE005
TRX002759,PF00112,INST010,2024-08-15,Frais,164.51,442.6423,72819.08,361.82,72457.26,EUR,1.0,72457.26,Exécuté,Euronext,OPE003
TRX002760,PF00105,INST007,2024-02-10,Arbitrage Sortant,354.0,397.584,140744.74,269.85,141014.59,EUR,1.0,141014.59,Exécuté,Euronext,OPE002
TRX002761,PF00068,INST015,2023-12-14,Vente,397.91,222.9704,88722.15,256.1,88978.25,USD,1.0799,96087.61,Annulé,Euronext,OPE003
TRX002762,PF00009,INST014,2023-06-18,Vente,165.89,490.3654,81346.72,303.42,81650.14,USD,1.0078,82287.01,Annulé,SIX,OPE002
TRX002763,PF00097,INST014,2024-09-05,Arbitrage Sortant,151.13,496.431,75025.62,96.44,75122.06,EUR,1.0,75122.06,Exécuté,OTC,OPE003
TRX002764,PF00147,INST004,2026-04-16,Arbitrage Sortant,374.58,431.1312,161493.12,722.31,162215.43,EUR,1.0,162215.43,Exécuté,Xetra,OPE005
TRX002765,PF00090,INST004,2025-01-26,Achat,360.33,51.4443,18536.92,75.61,18461.31,USD,0.9879,18237.93,En attente,SIX,OPE005
TRX002766,PF00086,INST002,2023-11-08,Arbitrage Sortant,305.58,112.1142,34259.86,138.29,34398.15,EUR,1.0,34398.15,Exécuté,SIX,OPE004
TRX002767,PF00090,INST009,2025-06-23,Coupon,379.73,33.8986,12872.32,24.01,12896.33,EUR,1.0,12896.33,Annulé,NYSE,OPE001
TRX002768,PF00050,INST012,2024-05-04,Coupon,108.6,158.9818,17265.42,36.69,17302.11,EUR,1.0,17302.11,Annulé,OTC,OPE005
TRX002769,PF00097,INST012,2025-03-10,Arbitrage Entrant,359.65,123.9883,44592.39,140.42,44732.81,USD,0.9392,42013.06,Exécuté,SIX,OPE004
TRX002770,PF00023,INST008,2025-04-29,Arbitrage Entrant,421.26,452.0664,190437.49,532.08,190969.57,USD,1.0676,203879.11,Annulé,Xetra,OPE003
TRX002771,PF00092,INST008,2025-08-19,Coupon,443.18,94.7991,42013.07,111.5,42124.57,USD,0.9776,41180.98,Annulé,SIX,OPE005
TRX002772,PF00081,INST012,2025-08-18,Achat,255.21,451.8471,115315.9,370.98,114944.92,EUR,1.0,114944.92,Annulé,Xetra,OPE004
TRX002773,PF00096,INST010,2024-10-28,Dividende,342.39,328.531,112485.73,535.86,113021.59,EUR,1.0,113021.59,Exécuté,OTC,OPE003
TRX002774,PF00049,INST008,2024-07-20,Arbitrage Entrant,230.39,134.3375,30950.02,133.19,31083.21,EUR,1.0,31083.21,Exécuté,SIX,OPE004
TRX002775,PF00120,INST007,2026-02-23,Frais,238.18,22.2609,5302.1,23.8,5278.3,EUR,1.0,5278.3,Annulé,SIX,OPE004
TRX002776,PF00091,INST002,2024-07-25,Dividende,298.79,181.8588,54337.59,119.12,54456.71,EUR,1.0,54456.71,Exécuté,SIX,OPE002
TRX002777,PF00054,INST001,2024-07-08,Frais,294.59,396.4955,116803.61,417.39,116386.22,EUR,1.0,116386.22,En attente,Xetra,OPE001
TRX002778,PF00105,INST006,2025-12-05,Coupon,179.18,258.0579,46238.81,91.03,46329.84,EUR,1.0,46329.84,Exécuté,Xetra,OPE002
TRX002779,PF00135,INST013,2024-09-17,Dividende,327.69,217.1066,71143.66,141.15,71284.81,USD,1.0828,77187.19,Exécuté,SIX,OPE004
TRX002780,PF00009,INST011,2026-03-03,Arbitrage Entrant,457.8,338.8424,155122.05,163.49,155285.54,EUR,1.0,155285.54,Exécuté,SIX,OPE001
TRX002781,PF00147,INST012,2025-04-26,Achat,36.0,370.45,13336.2,56.81,13279.39,EUR,1.0,13279.39,Annulé,Euronext,OPE001
TRX002782,PF00129,INST010,2023-11-30,Frais,368.06,418.4386,154010.51,766.12,153244.39,EUR,1.0,153244.39,En attente,Euronext,OPE003
TRX002783,PF00129,INST004,2024-05-17,Arbitrage Entrant,480.87,395.9022,190377.49,401.07,190778.56,EUR,1.0,190778.56,Exécuté,Xetra,OPE003
TRX002784,PF00121,INST008,2025-05-08,Coupon,461.74,260.2561,120170.65,487.47,120658.12,EUR,1.0,120658.12,En attente,SIX,OPE001
TRX002785,PF00072,INST012,2026-02-21,Coupon,366.81,211.6883,77649.39,286.13,77935.52,EUR,1.0,77935.52,En attente,NYSE,OPE005
TRX002786,PF00005,INST012,2024-10-10,Dividende,356.3,190.7415,67961.2,161.23,68122.43,EUR,1.0,68122.43,Exécuté,OTC,OPE005
TRX002787,PF00018,INST005,2025-12-21,Arbitrage Entrant,82.87,124.0085,10276.58,19.8,10296.38,USD,1.0149,10449.8,Exécuté,SIX,OPE004
TRX002788,PF00074,INST014,2023-08-07,Achat,158.46,420.7062,66665.1,248.1,66417.0,EUR,1.0,66417.0,Exécuté,NYSE,OPE001
TRX002789,PF00065,INST001,2024-05-05,Dividende,34.55,439.0786,15170.17,47.45,15217.62,EUR,1.0,15217.62,Exécuté,Xetra,OPE004
TRX002790,PF00079,INST008,2025-06-01,Arbitrage Sortant,122.57,280.364,34364.22,149.55,34513.77,EUR,1.0,34513.77,Annulé,OTC,OPE003
TRX002791,PF00043,INST005,2026-04-24,Coupon,150.32,158.1983,23780.37,35.98,23816.35,USD,0.9655,22994.69,Exécuté,Xetra,OPE001
TRX002792,PF00005,INST015,2024-03-11,Arbitrage Entrant,437.01,91.5769,40020.02,155.6,40175.62,EUR,1.0,40175.62,Exécuté,Xetra,OPE001
TRX002793,PF00138,INST015,2025-12-24,Arbitrage Entrant,341.3,379.8433,129640.52,340.33,129980.85,EUR,1.0,129980.85,Annulé,SIX,OPE003
TRX002794,PF00025,INST004,2024-07-02,Achat,484.72,460.1499,223043.86,291.17,222752.69,USD,0.9017,200856.1,Exécuté,OTC,OPE003
TRX002795,PF00051,INST005,2024-09-21,Coupon,386.45,271.9107,105079.89,138.09,105217.98,USD,1.0902,114708.64,En attente,OTC,OPE003
TRX002796,PF00043,INST012,2024-05-29,Achat,244.99,305.1355,74755.15,177.54,74577.61,EUR,1.0,74577.61,En attente,OTC,OPE003
TRX002797,PF00020,INST015,2024-10-10,Vente,485.59,281.4603,136674.31,341.74,137016.05,EUR,1.0,137016.05,En attente,Euronext,OPE004
TRX002798,PF00118,INST006,2025-12-10,Arbitrage Sortant,310.8,115.4148,35870.92,65.36,35936.28,EUR,1.0,35936.28,En attente,NYSE,OPE003
TRX002799,PF00137,INST013,2024-09-23,Frais,46.76,446.849,20894.66,84.87,20809.79,EUR,1.0,20809.79,Exécuté,OTC,OPE001
TRX002800,PF00067,INST014,2026-05-07,Coupon,95.35,72.2963,6893.45,23.62,6917.07,USD,0.9624,6656.99,Exécuté,Euronext,OPE005
TRX002801,PF00095,INST010,2026-05-15,Coupon,372.54,128.6597,47930.88,194.24,48125.12,EUR,1.0,48125.12,En attente,Euronext,OPE002
TRX002802,PF00017,INST009,2025-06-02,Dividende,78.21,453.2553,35449.1,77.31,35526.41,EUR,1.0,35526.41,Exécuté,SIX,OPE001
TRX002803,PF00051,INST004,2024-03-25,Achat,166.84,324.1455,54080.44,132.48,53947.96,EUR,1.0,53947.96,Exécuté,Xetra,OPE002
TRX002804,PF00010,INST004,2025-10-12,Achat,404.43,155.448,62867.83,175.97,62691.86,EUR,1.0,62691.86,Exécuté,Euronext,OPE005
TRX002805,PF00105,INST006,2025-07-16,Frais,274.97,335.1855,92165.96,207.51,91958.45,EUR,1.0,91958.45,Annulé,SIX,OPE002
TRX002806,PF00079,INST006,2024-11-17,Dividende,60.72,283.5973,17220.03,84.29,17304.32,EUR,1.0,17304.32,Exécuté,SIX,OPE005
TRX002807,PF00069,INST006,2024-03-17,Vente,28.48,160.3252,4566.06,6.06,4572.12,EUR,1.0,4572.12,Exécuté,SIX,OPE001
TRX002808,PF00098,INST011,2024-06-22,Coupon,345.32,55.7089,19237.4,23.77,19261.17,USD,0.932,17951.41,Exécuté,NYSE,OPE001
TRX002809,PF00104,INST009,2024-09-22,Vente,209.28,256.6943,53720.98,80.78,53801.76,EUR,1.0,53801.76,Annulé,Xetra,OPE004
TRX002810,PF00044,INST011,2025-08-25,Arbitrage Sortant,191.13,312.9588,59815.82,246.23,60062.05,USD,0.9061,54422.22,Exécuté,Xetra,OPE004
TRX002811,PF00147,INST013,2024-06-05,Arbitrage Entrant,44.09,11.9023,524.77,1.25,526.02,USD,0.9278,488.04,Exécuté,SIX,OPE002
TRX002812,PF00034,INST009,2023-12-10,Arbitrage Entrant,228.48,354.695,81040.71,132.23,81172.94,EUR,1.0,81172.94,Exécuté,SIX,OPE003
TRX002813,PF00144,INST006,2023-10-03,Frais,247.18,73.1208,18074.0,76.28,17997.72,EUR,1.0,17997.72,Exécuté,NYSE,OPE005
TRX002814,PF00090,INST002,2024-04-04,Dividende,168.0,451.4741,75847.65,322.02,76169.67,EUR,1.0,76169.67,En attente,Euronext,OPE002
TRX002815,PF00133,INST007,2024-04-25,Achat,403.2,31.5197,12708.74,40.79,12667.95,USD,1.0583,13406.49,Exécuté,Xetra,OPE001
TRX002816,PF00108,INST013,2026-01-01,Dividende,423.75,444.3404,188289.24,386.74,188675.98,EUR,1.0,188675.98,En attente,Xetra,OPE001
TRX002817,PF00149,INST001,2023-05-25,Dividende,435.44,320.9365,139748.59,683.12,140431.71,EUR,1.0,140431.71,Annulé,SIX,OPE003
TRX002818,PF00053,INST001,2025-03-05,Achat,450.39,171.3222,77161.81,336.73,76825.08,EUR,1.0,76825.08,Exécuté,NYSE,OPE005
TRX002819,PF00144,INST008,2024-10-12,Frais,254.82,260.1207,66283.96,259.3,66024.66,EUR,1.0,66024.66,Exécuté,SIX,OPE005
TRX002820,PF00061,INST002,2023-11-18,Vente,195.29,479.901,93719.87,249.93,93969.8,USD,1.077,101205.47,Exécuté,OTC,OPE001
TRX002821,PF00023,INST002,2024-07-08,Arbitrage Sortant,363.73,104.8295,38129.63,96.42,38226.05,EUR,1.0,38226.05,Annulé,OTC,OPE003
TRX002822,PF00115,INST015,2023-09-02,Achat,377.08,311.5454,117477.54,218.19,117259.35,EUR,1.0,117259.35,Exécuté,Xetra,OPE001
TRX002823,PF00066,INST014,2024-07-15,Frais,293.84,495.2609,145527.46,333.35,145194.11,USD,1.012,146936.44,En attente,Xetra,OPE003
TRX002824,PF00019,INST010,2023-09-28,Arbitrage Entrant,376.99,137.2116,51727.4,219.09,51946.49,EUR,1.0,51946.49,Exécuté,NYSE,OPE003
TRX002825,PF00113,INST003,2025-12-31,Frais,120.44,185.6195,22356.01,30.67,22325.34,EUR,1.0,22325.34,Annulé,NYSE,OPE001
TRX002826,PF00145,INST006,2025-10-21,Arbitrage Entrant,111.31,332.1789,36974.83,95.22,37070.05,EUR,1.0,37070.05,En attente,Xetra,OPE005
TRX002827,PF00133,INST007,2025-11-12,Arbitrage Sortant,313.77,376.6252,118173.69,313.81,118487.5,EUR,1.0,118487.5,Annulé,NYSE,OPE005
TRX002828,PF00043,INST006,2024-12-30,Arbitrage Sortant,332.1,334.5896,111117.21,406.04,111523.25,USD,1.0051,112092.02,Exécuté,OTC,OPE001
TRX002829,PF00029,INST009,2024-10-01,Vente,77.98,193.0231,15051.94,17.56,15069.5,EUR,1.0,15069.5,Annulé,OTC,OPE003
TRX002830,PF00109,INST008,2026-04-22,Coupon,319.93,256.1671,81955.54,282.19,82237.73,EUR,1.0,82237.73,Exécuté,Xetra,OPE005
TRX002831,PF00057,INST008,2026-02-26,Dividende,367.3,291.5207,107075.55,462.97,107538.52,EUR,1.0,107538.52,Exécuté,NYSE,OPE001
TRX002832,PF00060,INST006,2023-07-01,Arbitrage Entrant,101.13,469.4379,47474.25,108.69,47582.94,EUR,1.0,47582.94,Exécuté,OTC,OPE002
TRX002833,PF00129,INST012,2025-07-29,Frais,244.78,273.35,66910.61,189.32,66721.29,EUR,1.0,66721.29,Exécuté,Euronext,OPE003
TRX002834,PF00135,INST007,2024-03-22,Arbitrage Entrant,443.77,464.9869,206347.24,560.06,206907.3,EUR,1.0,206907.3,Exécuté,Euronext,OPE005
TRX002835,PF00127,INST007,2023-10-26,Dividende,167.99,141.4282,23758.52,62.37,23820.89,EUR,1.0,23820.89,Exécuté,Xetra,OPE004
TRX002836,PF00080,INST015,2026-03-13,Achat,306.08,225.8939,69141.6,234.76,68906.84,USD,1.0871,74908.63,Exécuté,Euronext,OPE005
TRX002837,PF00053,INST006,2025-07-20,Arbitrage Entrant,252.65,100.0059,25266.49,109.66,25376.15,EUR,1.0,25376.15,Exécuté,Euronext,OPE001
TRX002838,PF00084,INST010,2024-12-27,Coupon,326.45,86.0645,28095.76,131.71,28227.47,USD,0.9253,26118.88,Exécuté,OTC,OPE002
TRX002839,PF00079,INST013,2025-11-15,Arbitrage Entrant,300.5,245.0027,73623.31,194.43,73817.74,EUR,1.0,73817.74,En attente,OTC,OPE003
TRX002840,PF00112,INST011,2023-06-04,Arbitrage Entrant,25.61,50.5782,1295.31,4.58,1299.89,EUR,1.0,1299.89,Exécuté,Euronext,OPE002
TRX002841,PF00051,INST015,2024-08-11,Dividende,277.22,45.2748,12551.08,55.44,12606.52,USD,0.9877,12451.46,Exécuté,Xetra,OPE005
TRX002842,PF00103,INST007,2025-09-28,Arbitrage Entrant,243.5,464.9865,113224.21,261.0,113485.21,EUR,1.0,113485.21,Annulé,Euronext,OPE003
TRX002843,PF00063,INST010,2024-10-28,Vente,446.36,30.0424,13409.73,61.18,13470.91,EUR,1.0,13470.91,Exécuté,SIX,OPE002
TRX002844,PF00127,INST003,2024-03-21,Achat,314.93,377.1995,118791.44,306.52,118484.92,EUR,1.0,118484.92,En attente,OTC,OPE001
TRX002845,PF00028,INST010,2024-09-20,Arbitrage Entrant,77.43,270.0507,20910.03,103.0,21013.03,EUR,1.0,21013.03,Annulé,NYSE,OPE005
TRX002846,PF00094,INST012,2023-08-11,Achat,86.19,51.8907,4472.46,20.24,4452.22,EUR,1.0,4452.22,Exécuté,NYSE,OPE005
TRX002847,PF00063,INST014,2025-06-23,Achat,337.12,232.4545,78365.06,352.56,78012.5,USD,0.9179,71607.67,Exécuté,SIX,OPE002
TRX002848,PF00107,INST005,2025-12-07,Vente,471.25,191.6824,90330.33,262.93,90593.26,EUR,1.0,90593.26,Exécuté,SIX,OPE001
TRX002849,PF00115,INST009,2025-08-11,Frais,388.6,20.9642,8146.69,23.8,8122.89,EUR,1.0,8122.89,Exécuté,OTC,OPE005
TRX002850,PF00026,INST010,2024-06-16,Frais,33.27,246.8045,8211.19,20.37,8190.82,USD,1.0145,8309.59,Exécuté,Xetra,OPE001
TRX002851,PF00079,INST010,2026-02-09,Arbitrage Sortant,83.44,110.9442,9257.18,12.97,9270.15,EUR,1.0,9270.15,En attente,OTC,OPE002
TRX002852,PF00134,INST013,2023-12-08,Arbitrage Entrant,380.22,263.5011,100188.39,358.31,100546.7,EUR,1.0,100546.7,Exécuté,SIX,OPE004
TRX002853,PF00112,INST006,2025-09-30,Coupon,390.29,295.351,115272.54,132.19,115404.73,EUR,1.0,115404.73,Exécuté,Xetra,OPE003
TRX002854,PF00068,INST011,2026-01-10,Arbitrage Sortant,354.47,322.9371,114471.51,254.55,114726.06,EUR,1.0,114726.06,En attente,SIX,OPE004
TRX002855,PF00027,INST006,2024-05-01,Arbitrage Sortant,205.85,286.2019,58914.66,282.97,59197.63,EUR,1.0,59197.63,En attente,Xetra,OPE005
TRX002856,PF00014,INST008,2023-07-10,Coupon,473.36,350.0275,165689.02,363.49,166052.51,EUR,1.0,166052.51,Exécuté,NYSE,OPE003
TRX002857,PF00119,INST008,2026-02-06,Achat,497.06,335.3552,166691.66,239.9,166451.76,EUR,1.0,166451.76,Exécuté,SIX,OPE004
TRX002858,PF00059,INST013,2025-10-28,Dividende,307.67,138.787,42700.6,155.98,42856.58,EUR,1.0,42856.58,En attente,SIX,OPE002
TRX002859,PF00045,INST006,2023-10-12,Dividende,234.68,255.2359,59898.76,156.05,60054.81,EUR,1.0,60054.81,Exécuté,Xetra,OPE003
TRX002860,PF00125,INST005,2023-10-28,Achat,197.36,171.1115,33770.57,121.4,33649.17,EUR,1.0,33649.17,Exécuté,OTC,OPE003
TRX002861,PF00039,INST004,2024-03-09,Arbitrage Sortant,73.14,189.6921,13874.08,34.57,13908.65,EUR,1.0,13908.65,En attente,Xetra,OPE004
TRX002862,PF00078,INST014,2026-04-06,Coupon,181.7,255.7767,46474.63,167.98,46642.61,EUR,1.0,46642.61,Exécuté,NYSE,OPE005
TRX002863,PF00068,INST011,2025-03-01,Arbitrage Entrant,59.66,104.7742,6250.83,10.44,6261.27,USD,1.0483,6563.69,Exécuté,SIX,OPE001
TRX002864,PF00077,INST001,2024-11-24,Coupon,51.78,206.2191,10678.02,36.0,10714.02,EUR,1.0,10714.02,Exécuté,Xetra,OPE004
TRX002865,PF00126,INST012,2024-06-12,Arbitrage Sortant,403.51,349.8318,141160.63,691.23,141851.86,EUR,1.0,141851.86,En attente,Xetra,OPE003
TRX002866,PF00147,INST006,2025-05-23,Achat,259.58,116.2085,30165.4,143.45,30021.95,EUR,1.0,30021.95,Annulé,Euronext,OPE001
TRX002867,PF00119,INST001,2025-11-28,Vente,304.63,200.2689,61007.92,65.72,61073.64,EUR,1.0,61073.64,Exécuté,OTC,OPE001
TRX002868,PF00011,INST013,2023-07-20,Achat,219.73,27.2803,5994.3,15.18,5979.12,EUR,1.0,5979.12,En attente,Euronext,OPE004
TRX002869,PF00140,INST007,2025-06-01,Arbitrage Entrant,299.09,472.638,141361.3,318.12,141679.42,EUR,1.0,141679.42,Annulé,NYSE,OPE001
TRX002870,PF00094,INST010,2023-10-28,Arbitrage Sortant,390.52,335.6454,131076.24,535.13,131611.37,EUR,1.0,131611.37,Annulé,SIX,OPE002
TRX002871,PF00091,INST004,2023-11-29,Arbitrage Sortant,214.79,499.93,107379.96,265.45,107645.41,EUR,1.0,107645.41,En attente,OTC,OPE004
TRX002872,PF00012,INST008,2025-03-03,Achat,227.77,75.0913,17103.55,53.93,17049.62,EUR,1.0,17049.62,Exécuté,NYSE,OPE002
TRX002873,PF00089,INST014,2026-02-02,Achat,376.89,309.925,116807.63,151.57,116656.06,USD,0.9094,106087.02,Annulé,Xetra,OPE002
TRX002874,PF00127,INST011,2024-03-28,Dividende,487.81,121.0884,59068.13,154.8,59222.93,USD,0.9627,57013.91,En attente,SIX,OPE004
TRX002875,PF00017,INST012,2026-02-12,Dividende,260.56,20.9499,5458.71,20.82,5479.53,EUR,1.0,5479.53,Exécuté,SIX,OPE002
TRX002876,PF00094,INST013,2023-06-21,Arbitrage Entrant,219.04,188.7311,41339.66,175.9,41515.56,EUR,1.0,41515.56,Exécuté,OTC,OPE002
TRX002877,PF00088,INST003,2025-02-16,Arbitrage Entrant,208.13,449.4941,93553.21,269.76,93822.97,EUR,1.0,93822.97,Exécuté,NYSE,OPE005
TRX002878,PF00134,INST007,2025-07-27,Coupon,469.55,60.8063,28551.6,121.09,28672.69,USD,1.0914,31293.37,Exécuté,Euronext,OPE003
TRX002879,PF00043,INST006,2025-09-19,Arbitrage Sortant,80.37,195.0293,15674.5,73.56,15748.06,EUR,1.0,15748.06,En attente,OTC,OPE002
TRX002880,PF00086,INST013,2025-02-11,Frais,432.71,203.2141,87932.77,354.62,87578.15,EUR,1.0,87578.15,Annulé,Xetra,OPE003
TRX002881,PF00097,INST015,2024-04-14,Dividende,350.33,98.6231,34550.63,129.42,34680.05,EUR,1.0,34680.05,Exécuté,Xetra,OPE001
TRX002882,PF00029,INST009,2025-07-29,Achat,398.85,346.891,138357.48,506.79,137850.69,EUR,1.0,137850.69,Exécuté,NYSE,OPE004
TRX002883,PF00116,INST004,2024-08-29,Frais,483.22,346.7032,167533.92,264.29,167269.63,USD,1.0105,169025.96,En attente,Euronext,OPE005
TRX002884,PF00056,INST008,2024-02-28,Arbitrage Sortant,475.66,220.1313,104707.65,230.74,104938.39,EUR,1.0,104938.39,En attente,Xetra,OPE004
TRX002885,PF00021,INST005,2025-01-06,Coupon,335.71,91.2481,30632.9,146.56,30779.46,EUR,1.0,30779.46,En attente,NYSE,OPE002
TRX002886,PF00063,INST006,2024-05-25,Dividende,487.41,450.7061,219678.66,317.47,219996.13,EUR,1.0,219996.13,Exécuté,OTC,OPE002
TRX002887,PF00100,INST001,2024-05-02,Vente,1.81,246.0248,445.3,1.83,447.13,EUR,1.0,447.13,Annulé,SIX,OPE001
TRX002888,PF00147,INST001,2023-07-24,Coupon,331.04,246.7526,81684.98,117.11,81802.09,USD,1.0551,86309.39,Annulé,NYSE,OPE005
TRX002889,PF00096,INST001,2026-02-17,Coupon,211.11,246.5624,52051.79,226.6,52278.39,EUR,1.0,52278.39,Exécuté,Euronext,OPE004
TRX002890,PF00038,INST001,2023-12-06,Dividende,273.25,424.3222,115946.04,299.03,116245.07,EUR,1.0,116245.07,Exécuté,Euronext,OPE005
TRX002891,PF00100,INST014,2026-05-12,Frais,111.96,120.8322,13528.37,58.29,13470.08,USD,0.9774,13165.66,Exécuté,Xetra,OPE004
TRX002892,PF00066,INST010,2025-02-08,Coupon,234.17,63.5022,14870.31,51.32,14921.63,EUR,1.0,14921.63,Exécuté,Xetra,OPE002
TRX002893,PF00006,INST007,2025-06-03,Arbitrage Sortant,455.95,400.0815,182417.16,597.69,183014.85,EUR,1.0,183014.85,Exécuté,NYSE,OPE003
TRX002894,PF00034,INST006,2023-09-05,Arbitrage Sortant,331.34,66.1014,21902.04,106.12,22008.16,EUR,1.0,22008.16,Exécuté,Euronext,OPE005
TRX002895,PF00018,INST012,2025-09-26,Arbitrage Sortant,187.51,291.1954,54602.05,95.63,54697.68,USD,1.0159,55567.37,Annulé,Euronext,OPE004
TRX002896,PF00071,INST003,2024-04-04,Achat,480.4,461.914,221903.49,281.36,221622.13,USD,1.0275,227716.74,Annulé,NYSE,OPE003
TRX002897,PF00044,INST007,2024-07-12,Arbitrage Sortant,2.72,95.3738,259.42,0.7,260.12,EUR,1.0,260.12,En attente,OTC,OPE004
TRX002898,PF00094,INST013,2023-09-13,Dividende,257.69,79.3666,20451.98,89.42,20541.4,USD,0.9398,19304.81,Exécuté,OTC,OPE002
TRX002899,PF00129,INST014,2024-05-15,Dividende,96.87,421.2061,40802.23,145.06,40947.29,EUR,1.0,40947.29,Annulé,Xetra,OPE004
TRX002900,PF00062,INST015,2024-02-21,Arbitrage Sortant,163.81,51.3859,8417.52,18.91,8436.43,EUR,1.0,8436.43,Annulé,OTC,OPE002
TRX002901,PF00089,INST002,2025-03-30,Achat,438.16,369.8583,162057.11,359.29,161697.82,EUR,1.0,161697.82,Exécuté,OTC,OPE002
TRX002902,PF00049,INST002,2024-03-16,Frais,165.88,261.4813,43374.52,153.51,43221.01,EUR,1.0,43221.01,En attente,OTC,OPE001
TRX002903,PF00057,INST006,2026-04-18,Arbitrage Sortant,379.43,305.4201,115885.55,162.22,116047.77,EUR,1.0,116047.77,Exécuté,SIX,OPE001
TRX002904,PF00050,INST001,2025-06-13,Dividende,205.99,231.4316,47672.6,58.54,47731.14,EUR,1.0,47731.14,Exécuté,NYSE,OPE003
TRX002905,PF00098,INST001,2023-06-07,Dividende,47.52,202.1586,9606.58,30.39,9636.97,USD,1.0522,10140.02,En attente,OTC,OPE003
TRX002906,PF00054,INST004,2024-05-05,Coupon,193.21,136.8451,26439.84,106.4,26546.24,EUR,1.0,26546.24,Annulé,SIX,OPE004
TRX002907,PF00112,INST014,2025-07-16,Achat,5.69,147.1095,837.05,1.88,835.17,EUR,1.0,835.17,Exécuté,Euronext,OPE004
TRX002908,PF00061,INST001,2024-09-18,Vente,113.67,139.4564,15852.01,66.02,15918.03,EUR,1.0,15918.03,Exécuté,SIX,OPE003
TRX002909,PF00088,INST002,2025-08-06,Arbitrage Sortant,1.16,275.9941,320.15,1.47,321.62,EUR,1.0,321.62,En attente,Xetra,OPE004
TRX002910,PF00056,INST014,2023-11-26,Achat,271.16,495.5053,134361.22,342.36,134018.86,EUR,1.0,134018.86,Exécuté,NYSE,OPE004
TRX002911,PF00014,INST008,2025-07-06,Frais,389.95,296.0013,115425.71,549.1,114876.61,EUR,1.0,114876.61,Annulé,SIX,OPE001
TRX002912,PF00027,INST002,2024-06-19,Achat,242.57,496.6824,120480.25,348.26,120131.99,EUR,1.0,120131.99,Annulé,Xetra,OPE003
TRX002913,PF00090,INST007,2023-06-06,Dividende,231.21,260.7507,60288.17,250.86,60539.03,USD,0.9333,56501.08,En attente,NYSE,OPE003
TRX002914,PF00130,INST006,2023-10-23,Dividende,471.69,343.3471,161953.39,653.13,162606.52,EUR,1.0,162606.52,En attente,OTC,OPE003
TRX002915,PF00098,INST009,2023-12-16,Arbitrage Sortant,175.09,214.2626,37515.24,163.99,37679.23,EUR,1.0,37679.23,En attente,OTC,OPE002
TRX002916,PF00105,INST002,2026-02-25,Vente,260.18,466.4291,121355.52,500.85,121856.37,EUR,1.0,121856.37,Exécuté,OTC,OPE004
TRX002917,PF00113,INST015,2024-07-15,Coupon,220.08,193.5468,42595.78,49.56,42645.34,USD,1.0139,43238.11,Annulé,NYSE,OPE004
TRX002918,PF00058,INST008,2025-11-24,Coupon,295.04,440.8775,130076.5,550.43,130626.93,EUR,1.0,130626.93,Exécuté,Euronext,OPE001
TRX002919,PF00113,INST013,2025-05-29,Vente,494.19,70.3693,34775.8,111.82,34887.62,EUR,1.0,34887.62,Exécuté,NYSE,OPE001
TRX002920,PF00105,INST009,2024-06-09,Arbitrage Entrant,458.23,150.8356,69117.4,114.45,69231.85,USD,1.0369,71786.51,Exécuté,Euronext,OPE002
TRX002921,PF00056,INST010,2023-06-28,Frais,464.61,133.5933,62068.78,156.19,61912.59,EUR,1.0,61912.59,Exécuté,SIX,OPE005
TRX002922,PF00067,INST012,2024-02-22,Vente,340.35,11.13,3788.1,13.06,3801.16,USD,0.9381,3565.87,Annulé,OTC,OPE004
TRX002923,PF00083,INST013,2023-06-06,Vente,299.79,54.2685,16269.15,49.19,16318.34,USD,0.9965,16261.23,Exécuté,Euronext,OPE004
TRX002924,PF00068,INST005,2025-09-14,Frais,443.0,282.2864,125052.88,268.75,124784.13,EUR,1.0,124784.13,Exécuté,NYSE,OPE001
TRX002925,PF00030,INST010,2024-01-29,Arbitrage Entrant,376.97,401.7829,151460.1,626.02,152086.12,EUR,1.0,152086.12,Exécuté,Xetra,OPE003
TRX002926,PF00080,INST015,2025-08-26,Vente,265.17,13.1661,3491.25,6.95,3498.2,EUR,1.0,3498.2,Annulé,Xetra,OPE002
TRX002927,PF00094,INST006,2025-02-14,Arbitrage Sortant,15.9,282.9941,4499.61,21.97,4521.58,EUR,1.0,4521.58,En attente,OTC,OPE004
TRX002928,PF00140,INST007,2025-07-02,Achat,339.69,30.6012,10394.92,40.42,10354.5,USD,0.9338,9669.03,Exécuté,Euronext,OPE004
TRX002929,PF00009,INST015,2024-06-25,Achat,311.09,361.3701,112418.62,259.03,112159.59,EUR,1.0,112159.59,Annulé,NYSE,OPE005
TRX002930,PF00148,INST011,2024-09-07,Vente,270.43,241.2679,65246.08,202.13,65448.21,EUR,1.0,65448.21,Exécuté,OTC,OPE004
TRX002931,PF00052,INST014,2024-06-13,Arbitrage Sortant,350.13,133.2832,46666.45,76.07,46742.52,EUR,1.0,46742.52,En attente,Xetra,OPE004
TRX002932,PF00045,INST010,2024-09-09,Arbitrage Sortant,57.44,458.6996,26347.71,87.2,26434.91,EUR,1.0,26434.91,Exécuté,Euronext,OPE004
TRX002933,PF00003,INST004,2026-02-08,Vente,380.36,275.532,104801.35,317.15,105118.5,EUR,1.0,105118.5,Exécuté,Euronext,OPE003
TRX002934,PF00021,INST012,2026-01-30,Achat,90.22,248.9574,22460.94,52.87,22408.07,EUR,1.0,22408.07,Exécuté,Euronext,OPE002
TRX002935,PF00041,INST012,2024-08-23,Arbitrage Entrant,328.39,11.777,3867.45,15.05,3882.5,EUR,1.0,3882.5,Exécuté,Xetra,OPE003
TRX002936,PF00070,INST002,2024-09-20,Coupon,138.44,254.1617,35186.15,54.54,35240.69,EUR,1.0,35240.69,Exécuté,Xetra,OPE004
TRX002937,PF00107,INST003,2024-04-28,Arbitrage Sortant,233.77,328.6146,76820.24,82.32,76902.56,EUR,1.0,76902.56,Exécuté,NYSE,OPE004
TRX002938,PF00147,INST008,2026-03-19,Dividende,138.61,414.366,57435.27,110.23,57545.5,EUR,1.0,57545.5,Exécuté,SIX,OPE005
TRX002939,PF00088,INST005,2023-11-14,Arbitrage Entrant,271.88,470.0371,127793.69,224.22,128017.91,EUR,1.0,128017.91,En attente,Xetra,OPE005
TRX002940,PF00127,INST003,2023-06-10,Vente,344.71,115.922,39959.47,125.46,40084.93,EUR,1.0,40084.93,Annulé,Euronext,OPE001
TRX002941,PF00067,INST006,2025-11-17,Coupon,488.93,85.2293,41671.16,64.1,41735.26,EUR,1.0,41735.26,Exécuté,Xetra,OPE005
TRX002942,PF00088,INST009,2025-06-20,Arbitrage Entrant,50.76,320.7912,16283.36,16.74,16300.1,EUR,1.0,16300.1,Exécuté,Euronext,OPE005
TRX002943,PF00111,INST008,2024-10-07,Frais,490.63,487.9613,239408.45,880.36,238528.09,EUR,1.0,238528.09,En attente,NYSE,OPE003
TRX002944,PF00019,INST010,2024-06-15,Vente,24.06,425.709,10242.56,16.58,10259.14,EUR,1.0,10259.14,Exécuté,NYSE,OPE002
TRX002945,PF00039,INST010,2024-12-02,Coupon,421.05,417.3569,175728.12,580.15,176308.27,USD,1.0508,185264.73,En attente,Xetra,OPE005
TRX002946,PF00042,INST010,2023-05-28,Achat,172.49,482.6866,83258.61,293.61,82965.0,EUR,1.0,82965.0,Exécuté,Euronext,OPE001
TRX002947,PF00110,INST014,2025-10-29,Vente,401.23,326.503,131002.8,174.64,131177.44,USD,1.0947,143599.94,Annulé,Xetra,OPE004
TRX002948,PF00078,INST012,2025-10-05,Arbitrage Sortant,56.24,397.941,22380.2,50.11,22430.31,USD,0.9598,21528.61,Annulé,NYSE,OPE005
TRX002949,PF00106,INST003,2024-08-17,Coupon,66.01,304.6322,20108.77,61.7,20170.47,USD,1.0386,20949.05,Exécuté,Xetra,OPE005
TRX002950,PF00121,INST012,2023-06-07,Coupon,118.58,462.7621,54874.33,150.19,55024.52,EUR,1.0,55024.52,Annulé,NYSE,OPE003
TRX002951,PF00077,INST004,2024-12-25,Arbitrage Entrant,153.55,318.5356,48911.14,115.94,49027.08,EUR,1.0,49027.08,En attente,SIX,OPE005
TRX002952,PF00127,INST003,2025-07-19,Frais,487.27,194.432,94740.88,275.34,94465.54,EUR,1.0,94465.54,Annulé,Xetra,OPE002
TRX002953,PF00133,INST014,2025-11-22,Arbitrage Entrant,324.15,419.1097,135854.41,469.18,136323.59,EUR,1.0,136323.59,Exécuté,Xetra,OPE005
TRX002954,PF00005,INST011,2023-10-07,Dividende,63.56,240.7412,15301.51,68.19,15369.7,EUR,1.0,15369.7,Exécuté,Euronext,OPE005
TRX002955,PF00074,INST001,2024-06-21,Frais,33.84,352.5108,11928.97,34.97,11894.0,EUR,1.0,11894.0,Annulé,NYSE,OPE003
TRX002956,PF00043,INST007,2025-06-17,Coupon,347.57,484.8127,168506.35,730.16,169236.51,USD,0.9732,164700.97,En attente,NYSE,OPE001
TRX002957,PF00057,INST007,2023-08-24,Arbitrage Sortant,300.2,35.9952,10805.76,43.68,10849.44,EUR,1.0,10849.44,Exécuté,Euronext,OPE003
TRX002958,PF00038,INST008,2025-06-17,Vente,55.26,358.2648,19797.71,79.36,19877.07,USD,1.0639,21147.21,Annulé,Xetra,OPE001
TRX002959,PF00067,INST008,2025-01-07,Arbitrage Sortant,164.8,290.0732,47804.06,198.47,48002.53,EUR,1.0,48002.53,Exécuté,OTC,OPE003
TRX002960,PF00033,INST015,2024-08-24,Frais,398.8,116.5395,46475.95,107.82,46368.13,EUR,1.0,46368.13,Annulé,Xetra,OPE002
TRX002961,PF00041,INST010,2025-11-10,Frais,319.05,418.6914,133583.49,648.05,132935.44,EUR,1.0,132935.44,En attente,SIX,OPE004
TRX002962,PF00124,INST013,2025-01-24,Coupon,398.83,50.3858,20095.37,48.46,20143.83,EUR,1.0,20143.83,Exécuté,NYSE,OPE004
TRX002963,PF00042,INST012,2026-01-07,Dividende,233.02,391.8925,91318.79,238.41,91557.2,EUR,1.0,91557.2,Exécuté,NYSE,OPE002
TRX002964,PF00145,INST001,2023-10-21,Frais,19.93,485.981,9685.6,11.84,9673.76,EUR,1.0,9673.76,Annulé,SIX,OPE001
TRX002965,PF00080,INST005,2024-11-16,Vente,226.35,249.5564,56487.09,246.74,56733.83,EUR,1.0,56733.83,Exécuté,Xetra,OPE001
TRX002966,PF00073,INST003,2024-02-15,Arbitrage Entrant,125.04,206.2707,25792.09,76.62,25868.71,USD,1.0448,27027.63,Exécuté,SIX,OPE004
TRX002967,PF00094,INST013,2023-07-16,Arbitrage Sortant,134.55,289.7431,38984.93,135.98,39120.91,EUR,1.0,39120.91,Exécuté,OTC,OPE004
TRX002968,PF00005,INST005,2026-04-11,Dividende,426.98,372.2774,158955.0,586.14,159541.14,USD,1.0582,168826.43,Exécuté,NYSE,OPE005
TRX002969,PF00121,INST009,2026-02-19,Arbitrage Entrant,111.99,233.7701,26179.91,52.16,26232.07,EUR,1.0,26232.07,Exécuté,NYSE,OPE001
TRX002970,PF00124,INST004,2024-04-23,Dividende,170.85,318.2449,54372.14,236.68,54608.82,USD,0.9101,49699.49,Exécuté,SIX,OPE003
TRX002971,PF00026,INST014,2023-06-20,Vente,77.11,381.495,29417.08,139.25,29556.33,EUR,1.0,29556.33,En attente,OTC,OPE003
TRX002972,PF00049,INST012,2025-12-30,Arbitrage Sortant,229.86,36.9327,8489.35,16.3,8505.65,EUR,1.0,8505.65,Exécuté,Euronext,OPE004
TRX002973,PF00013,INST003,2024-02-21,Vente,410.93,170.0602,69882.84,298.78,70181.62,EUR,1.0,70181.62,Exécuté,Xetra,OPE003
TRX002974,PF00084,INST009,2024-03-23,Arbitrage Sortant,249.83,403.9462,100917.88,486.84,101404.72,EUR,1.0,101404.72,Exécuté,Xetra,OPE002
TRX002975,PF00039,INST015,2025-11-18,Arbitrage Entrant,409.09,340.8008,139418.2,667.15,140085.35,EUR,1.0,140085.35,Exécuté,Euronext,OPE001
TRX002976,PF00041,INST006,2025-01-20,Arbitrage Sortant,186.76,52.9247,9884.22,22.57,9906.79,EUR,1.0,9906.79,Annulé,OTC,OPE001
TRX002977,PF00024,INST014,2025-07-27,Vente,411.33,369.0524,151802.32,689.74,152492.06,EUR,1.0,152492.06,Exécuté,NYSE,OPE003
TRX002978,PF00066,INST015,2026-01-17,Arbitrage Sortant,487.08,312.0705,152003.3,683.7,152687.0,EUR,1.0,152687.0,Exécuté,SIX,OPE003
TRX002979,PF00092,INST008,2023-06-24,Achat,447.17,202.2426,90436.82,378.95,90057.87,USD,1.0918,98325.18,Exécuté,Xetra,OPE004
TRX002980,PF00063,INST001,2025-10-17,Arbitrage Sortant,392.13,68.9591,27040.93,71.44,27112.37,EUR,1.0,27112.37,En attente,Xetra,OPE004
TRX002981,PF00061,INST006,2025-12-13,Vente,5.62,391.7609,2201.7,6.24,2207.94,EUR,1.0,2207.94,Exécuté,Euronext,OPE003
TRX002982,PF00040,INST001,2024-10-19,Dividende,303.95,333.1699,101266.99,304.2,101571.19,EUR,1.0,101571.19,Annulé,OTC,OPE004
TRX002983,PF00118,INST015,2023-08-03,Achat,153.73,346.0609,53199.94,200.61,52999.33,EUR,1.0,52999.33,Exécuté,OTC,OPE001
TRX002984,PF00010,INST002,2024-12-11,Achat,40.24,149.4195,6012.64,24.15,5988.49,EUR,1.0,5988.49,Exécuté,NYSE,OPE005
TRX002985,PF00039,INST008,2024-03-11,Arbitrage Sortant,257.21,255.4099,65693.98,91.49,65785.47,USD,0.9077,59713.47,Annulé,Euronext,OPE004
TRX002986,PF00063,INST009,2024-07-07,Frais,57.83,483.7738,27976.64,80.92,27895.72,EUR,1.0,27895.72,Exécuté,OTC,OPE003
TRX002987,PF00108,INST015,2024-08-26,Frais,23.83,181.7535,4331.19,4.94,4326.25,EUR,1.0,4326.25,Exécuté,SIX,OPE005
TRX002988,PF00138,INST013,2025-08-31,Vente,190.72,96.2876,18363.97,20.88,18384.85,EUR,1.0,18384.85,Exécuté,SIX,OPE002
TRX002989,PF00001,INST012,2024-04-17,Arbitrage Entrant,491.77,65.0073,31968.64,117.49,32086.13,EUR,1.0,32086.13,Annulé,NYSE,OPE002
TRX002990,PF00118,INST004,2026-02-23,Dividende,210.57,18.6939,3936.37,12.06,3948.43,EUR,1.0,3948.43,En attente,NYSE,OPE001
TRX002991,PF00103,INST010,2023-08-12,Coupon,476.2,265.0101,126197.81,428.27,126626.08,EUR,1.0,126626.08,Exécuté,Xetra,OPE003
TRX002992,PF00073,INST010,2025-08-29,Frais,103.01,236.1108,24321.77,32.05,24289.72,EUR,1.0,24289.72,Annulé,Xetra,OPE005
TRX002993,PF00010,INST007,2025-03-06,Coupon,263.9,364.3767,96159.01,269.03,96428.04,EUR,1.0,96428.04,En attente,Xetra,OPE004
TRX002994,PF00026,INST002,2024-07-15,Coupon,152.86,221.2426,33819.14,81.31,33900.45,EUR,1.0,33900.45,Annulé,NYSE,OPE003
TRX002995,PF00064,INST015,2024-05-29,Arbitrage Sortant,45.61,33.9191,1547.05,5.42,1552.47,EUR,1.0,1552.47,Exécuté,OTC,OPE002
TRX002996,PF00005,INST012,2024-05-24,Achat,68.22,269.3354,18374.06,89.03,18285.03,EUR,1.0,18285.03,Exécuté,NYSE,OPE002
TRX002997,PF00121,INST012,2025-01-19,Coupon,241.57,128.5576,31055.66,115.16,31170.82,EUR,1.0,31170.82,Annulé,SIX,OPE005
TRX002998,PF00124,INST002,2026-02-12,Frais,391.6,421.4281,165031.24,236.15,164795.09,EUR,1.0,164795.09,En attente,SIX,OPE002
TRX002999,PF00004,INST014,2025-07-27,Achat,72.65,335.7453,24391.9,37.9,24354.0,EUR,1.0,24354.0,Exécuté,Xetra,OPE003
TRX003000,PF00007,INST011,2023-12-16,Achat,498.4,154.9358,77220.0,383.8,76836.2,EUR,1.0,76836.2,En attente,OTC,OPE005
