Date,InstrumentID,PrixOuverture,PrixHaut,PrixBas,PrixCloture,Volume,Devise
2022-01-03,INST001,180.6863,181.2461,178.0952,179.009,1854929.0,EUR
2022-01-04,INST001,175.7215,181.533,175.2693,177.3287,3083680.0,EUR
2022-01-05,INST001,174.396,174.6179,170.3912,173.2673,3157727.0,EUR
2022-01-06,INST001,177.0407,181.8204,176.5144,176.6407,1883353.0,EUR
2022-01-07,INST001,175.3728,177.7508,174.4971,174.9149,2510704.0,EUR
2022-01-10,INST001,177.2667,179.358,171.0238,176.3075,4253255.0,EUR
2022-01-11,INST001,175.6644,174.9673,171.3932,174.0947,147581.0,EUR
2022-01-12,INST001,176.6432,181.4208,172.0023,176.4838,1885659.0,EUR
2022-01-13,INST001,172.1124,174.5016,168.4873,172.172,3232693.0,EUR
2022-01-14,INST001,172.9077,174.2279,170.957,172.2924,720149.0,EUR
2022-01-17,INST001,174.582,175.2051,173.4452,175.0922,1994618.0,EUR
2022-01-18,INST001,174.3699,177.3996,171.7542,174.686,3341492.0,EUR
2022-01-19,INST001,174.9676,176.5362,170.1338,173.277,1022915.0,EUR
2022-01-20,INST001,177.5646,181.4941,173.3349,177.3069,4184447.0,EUR
2022-01-21,INST001,177.3422,179.2893,173.1466,177.66,3078985.0,EUR
2022-01-24,INST001,182.3222,185.8148,176.8396,181.3548,1272721.0,EUR
2022-01-25,INST001,187.0995,189.2744,182.2303,185.8119,2090451.0,EUR
2022-01-26,INST001,190.0096,190.2374,188.9439,190.0639,3027963.0,EUR
2022-01-27,INST001,189.7753,190.5732,185.7558,190.146,308006.0,EUR
2022-01-28,INST001,192.0048,198.9819,190.6722,193.4869,2905896.0,EUR
2022-01-31,INST001,197.5069,197.5802,193.7047,195.7985,1202294.0,EUR
2022-02-01,INST001,194.5988,198.5477,193.36,195.9901,4797027.0,EUR
2022-02-02,INST001,197.404,201.8204,196.8226,198.8075,1111497.0,EUR
2022-02-03,INST001,200.666,204.6864,194.6202,200.5629,4104973.0,EUR
2022-02-04,INST001,198.2346,204.1147,193.4535,198.1726,4831985.0,EUR
2022-02-07,INST001,195.2274,198.7521,193.8885,196.184,2483318.0,EUR
2022-02-08,INST001,196.8352,198.9719,194.8397,195.4252,1204513.0,EUR
2022-02-09,INST001,196.9167,199.0348,194.4274,196.1388,807491.0,EUR
2022-02-10,INST001,200.8273,202.6675,198.0798,199.352,3744190.0,EUR
2022-02-11,INST001,198.2808,199.2089,192.5672,197.454,4236153.0,EUR
2022-02-14,INST001,199.1887,201.415,199.3609,200.5273,1393156.0,EUR
2022-02-15,INST001,197.3288,200.5391,196.5232,197.6683,2990463.0,EUR
2022-02-16,INST001,193.6925,198.8528,191.0303,194.6567,2897229.0,EUR
2022-02-17,INST001,191.6993,193.4764,189.5624,192.9894,1898207.0,EUR
2022-02-18,INST001,191.4062,191.2345,190.4512,190.8036,3871881.0,EUR
2022-02-21,INST001,194.6551,195.407,190.6281,194.4324,4346751.0,EUR
2022-02-22,INST001,196.4477,198.5938,191.4227,197.1535,363916.0,EUR
2022-02-23,INST001,195.8714,195.1978,188.886,194.3614,1537047.0,EUR
2022-02-24,INST001,196.6119,198.4543,194.256,195.5694,4118583.0,EUR
2022-02-25,INST001,197.1317,199.6568,191.5015,196.1121,1792855.0,EUR
2022-02-28,INST001,198.632,197.7327,191.793,196.7348,3430271.0,EUR
2022-03-01,INST001,197.5696,200.41,193.7294,198.8871,497339.0,EUR
2022-03-02,INST001,194.6797,200.0502,192.9804,195.1915,3694248.0,EUR
2022-03-03,INST001,194.2346,194.9794,194.156,194.6814,424454.0,EUR
2022-03-04,INST001,191.1455,196.4468,188.2165,191.6701,3727836.0,EUR
2022-03-07,INST001,193.4371,198.0938,191.5933,193.327,986416.0,EUR
2022-03-08,INST001,191.8938,196.5932,190.689,191.5764,259556.0,EUR
2022-03-09,INST001,186.8408,192.5366,187.2642,187.4675,3541095.0,EUR
2022-03-10,INST001,191.1046,194.2448,186.5816,189.2191,3833440.0,EUR
2022-03-11,INST001,184.2642,185.9238,179.9014,184.9527,806066.0,EUR
2022-03-14,INST001,183.5637,188.9729,183.3385,184.4325,2255656.0,EUR
2022-03-15,INST001,180.1326,182.6163,178.3165,181.8173,2520808.0,EUR
2022-03-16,INST001,181.5037,183.8373,181.2061,181.5981,151758.0,EUR
2022-03-17,INST001,183.7682,186.2474,178.0014,183.4995,2349820.0,EUR
2022-03-18,INST001,182.5214,185.7418,180.5662,183.7381,1281817.0,EUR
2022-03-21,INST001,182.1694,181.7429,178.3344,180.4248,3595738.0,EUR
2022-03-22,INST001,178.8999,178.2953,175.5545,177.4991,4318869.0,EUR
2022-03-23,INST001,177.1563,182.4994,177.5491,178.3402,2466326.0,EUR
2022-03-24,INST001,174.6401,175.5626,171.362,174.9093,389199.0,EUR
2022-03-25,INST001,177.649,180.556,173.2361,177.0603,4169307.0,EUR
2022-03-28,INST001,181.725,186.1095,179.1159,181.1487,3350528.0,EUR
2022-03-29,INST001,182.2319,187.8804,180.2191,183.3566,3305881.0,EUR
2022-03-30,INST001,181.7751,182.1569,179.3484,181.5765,4582042.0,EUR
2022-03-31,INST001,176.7175,182.5335,174.7733,178.1131,1812081.0,EUR
2022-04-01,INST001,181.4116,186.8234,178.3031,182.4005,2185413.0,EUR
2022-04-04,INST001,186.7417,185.7421,180.7637,185.6805,2955567.0,EUR
2022-04-05,INST001,183.7716,185.8462,177.7323,183.1568,906904.0,EUR
2022-04-06,INST001,184.1998,189.9371,184.9719,185.2534,3634840.0,EUR
2022-04-07,INST001,189.5931,191.4398,185.7854,189.7956,3653581.0,EUR
2022-04-08,INST001,194.0282,192.984,191.6925,192.4184,3330775.0,EUR
2022-04-11,INST001,187.9405,190.1813,185.6876,187.8166,1353884.0,EUR
2022-04-12,INST001,189.1402,192.2839,185.1935,190.0814,1361241.0,EUR
2022-04-13,INST001,186.935,186.7489,181.5332,185.5995,4260406.0,EUR
2022-04-14,INST001,191.3414,190.743,186.5934,189.5825,527121.0,EUR
2022-04-15,INST001,189.1515,193.1866,185.6757,189.9946,4479748.0,EUR
2022-04-18,INST001,188.1618,190.7956,186.5769,188.128,655288.0,EUR
2022-04-19,INST001,187.2141,186.9829,184.335,186.0187,2373018.0,EUR
2022-04-20,INST001,181.2303,182.6655,180.0863,182.4005,4868640.0,EUR
2022-04-21,INST001,183.0278,189.9239,180.8929,184.4335,3657875.0,EUR
2022-04-22,INST001,181.6012,182.1832,176.7574,180.5215,4952725.0,EUR
2022-04-25,INST001,176.184,179.4437,176.629,176.6292,3943369.0,EUR
2022-04-26,INST001,173.9607,176.2492,169.9206,173.7828,2597593.0,EUR
2022-04-27,INST001,170.1586,171.3522,166.4973,169.5911,2091299.0,EUR
2022-04-28,INST001,168.9744,170.2837,163.8753,168.8066,4172929.0,EUR
2022-04-29,INST001,167.0285,167.3424,163.4745,166.4368,172117.0,EUR
2022-05-02,INST001,168.5243,169.8319,168.4812,168.5065,4990753.0,EUR
2022-05-03,INST001,163.8085,169.5458,160.1918,164.7922,4576156.0,EUR
2022-05-04,INST001,162.4771,166.6217,162.0633,163.6733,3574824.0,EUR
2022-05-05,INST001,160.6382,164.1139,161.6726,161.8899,1342831.0,EUR
2022-05-06,INST001,160.4557,162.4001,158.7538,159.9718,642944.0,EUR
2022-05-09,INST001,160.595,160.7186,155.9957,160.5525,2439837.0,EUR
2022-05-10,INST001,158.8649,163.4879,157.1646,159.6714,981904.0,EUR
2022-05-11,INST001,155.3094,157.3771,153.3966,156.0826,2236474.0,EUR
2022-05-12,INST001,154.82,156.7586,150.1054,153.3486,2961873.0,EUR
2022-05-13,INST001,149.3781,152.9988,149.7239,150.4075,3328699.0,EUR
2022-05-16,INST001,147.449,148.7431,145.6,148.5503,4117463.0,EUR
2022-05-17,INST001,151.2969,155.9965,151.5655,152.1204,2721021.0,EUR
2022-05-18,INST001,150.9341,154.9421,148.0555,150.7316,3992530.0,EUR
2022-05-19,INST001,151.9978,151.9935,146.7299,151.0999,4551027.0,EUR
2022-05-20,INST001,146.5723,151.7449,147.2467,147.3863,4117852.0,EUR
2022-05-23,INST001,146.3782,148.7381,144.1634,147.692,3372919.0,EUR
2022-05-24,INST001,150.1109,154.0686,148.3019,150.9648,236451.0,EUR
2022-05-25,INST001,153.0344,158.7552,152.182,154.1392,2206090.0,EUR
2022-05-26,INST001,152.5679,154.5798,153.2395,153.6253,4187373.0,EUR
2022-05-27,INST001,157.0961,161.2432,155.4015,157.1147,3162637.0,EUR
2022-05-30,INST001,158.0222,161.365,156.3378,157.3636,731579.0,EUR
2022-05-31,INST001,157.9091,159.1864,154.1958,157.4302,1710136.0,EUR
2022-06-01,INST001,156.7026,161.4701,156.2218,156.8291,2686748.0,EUR
2022-06-02,INST001,159.9794,161.1949,154.1008,158.7353,894625.0,EUR
2022-06-03,INST001,161.9286,162.1661,159.8876,160.9472,3951397.0,EUR
2022-06-06,INST001,161.0059,162.9743,160.0693,161.1483,4833149.0,EUR
2022-06-07,INST001,164.3201,165.6062,160.1574,164.4068,1763206.0,EUR
2022-06-08,INST001,162.4509,163.9136,160.2149,162.5257,4318979.0,EUR
2022-06-09,INST001,162.8732,165.2482,158.6881,162.0267,4374563.0,EUR
2022-06-10,INST001,162.9817,163.9817,161.2695,161.5486,193167.0,EUR
2022-06-13,INST001,164.069,165.9347,161.4447,164.8333,2786817.0,EUR
2022-06-14,INST001,167.8293,166.7286,163.2891,166.3254,4345838.0,EUR
2022-06-15,INST001,165.369,170.6685,166.041,166.3652,1930965.0,EUR
2022-06-16,INST001,166.1248,168.1305,163.1906,166.2007,648147.0,EUR
2022-06-17,INST001,163.6484,164.9771,158.6784,163.4537,1998187.0,EUR
2022-06-20,INST001,167.855,166.7441,163.4461,166.2993,963546.0,EUR
2022-06-21,INST001,164.7945,168.3313,162.3654,164.9451,3374605.0,EUR
2022-06-22,INST001,160.7189,163.4958,158.3215,161.9057,2526718.0,EUR
2022-06-23,INST001,165.8228,165.886,160.3409,165.1757,3916076.0,EUR
2022-06-24,INST001,165.2751,166.2846,162.2121,164.9082,2106657.0,EUR
2022-06-27,INST001,168.8652,172.3652,164.5301,167.4894,875761.0,EUR
2022-06-28,INST001,167.0911,168.8522,166.0273,168.2,2520725.0,EUR
2022-06-29,INST001,171.3486,171.1908,168.604,171.1723,1488586.0,EUR
2022-06-30,INST001,170.6053,171.7474,165.5617,169.892,3799657.0,EUR
2022-07-01,INST001,170.4193,174.0833,168.0927,171.895,3535648.0,EUR
2022-07-04,INST001,173.4168,175.2406,172.6226,175.0859,2746097.0,EUR
2022-07-05,INST001,177.4416,180.9714,173.9549,178.7991,3046448.0,EUR
2022-07-06,INST001,180.2982,179.4118,176.5633,178.8837,3131651.0,EUR
2022-07-07,INST001,179.3672,181.8195,174.6932,178.8674,2668805.0,EUR
2022-07-08,INST001,181.0234,184.9586,180.8135,182.7757,3331764.0,EUR
2022-07-11,INST001,185.5272,188.0567,182.3126,183.7959,3364577.0,EUR
2022-07-12,INST001,180.9417,182.6931,178.556,181.0488,3735420.0,EUR
2022-07-13,INST001,181.4309,188.0335,181.9508,182.9565,2885204.0,EUR
2022-07-14,INST001,181.9635,184.0787,182.0314,182.6037,843804.0,EUR
2022-07-15,INST001,182.4591,186.9834,180.6583,181.8501,188220.0,EUR
2022-07-18,INST001,181.476,183.0046,175.5182,179.7154,4526733.0,EUR
2022-07-19,INST001,181.9195,186.8373,179.6554,183.4913,2875736.0,EUR
2022-07-20,INST001,182.8093,188.8165,184.08,184.5607,282195.0,EUR
2022-07-21,INST001,187.547,187.1606,182.7056,186.4749,2837493.0,EUR
2022-07-22,INST001,188.3401,193.4129,186.7979,188.0368,3459619.0,EUR
2022-07-25,INST001,193.0098,193.8027,188.0605,192.698,2863803.0,EUR
2022-07-26,INST001,191.8298,191.8418,188.7744,190.8446,4354275.0,EUR
2022-07-27,INST001,192.0572,196.5398,191.8565,192.7208,4238037.0,EUR
2022-07-28,INST001,189.3136,193.3502,188.3128,189.6977,3513811.0,EUR
2022-07-29,INST001,186.3467,190.7548,184.5087,186.2119,4425613.0,EUR
2022-08-01,INST001,189.574,191.7095,189.0965,189.8651,4642793.0,EUR
2022-08-02,INST001,193.9201,198.0433,188.1347,193.3354,3275476.0,EUR
2022-08-03,INST001,193.561,192.7707,189.8053,191.8691,2573253.0,EUR
2022-08-04,INST001,193.9152,195.0427,191.1426,194.5817,1216620.0,EUR
2022-08-05,INST001,191.9346,196.1812,192.7509,193.4709,4401399.0,EUR
2022-08-08,INST001,191.2274,196.8785,191.0516,192.3387,3787647.0,EUR
2022-08-09,INST001,186.2114,188.0083,182.3152,187.6301,4083846.0,EUR
2022-08-10,INST001,192.0568,193.7157,189.1885,191.8615,3346615.0,EUR
2022-08-11,INST001,192.8411,198.1222,190.0353,193.0092,3466287.0,EUR
2022-08-12,INST001,189.8767,191.8317,185.7348,191.3884,133668.0,EUR
2022-08-15,INST001,188.4299,191.8938,190.1667,190.1817,3274338.0,EUR
2022-08-16,INST001,188.7802,189.5937,182.2533,186.9835,1524989.0,EUR
2022-08-17,INST001,189.4736,192.4255,188.9484,189.9764,3256679.0,EUR
2022-08-18,INST001,190.289,192.4582,189.9188,191.9724,2468782.0,EUR
2022-08-19,INST001,189.744,190.9077,187.43,187.903,301390.0,EUR
2022-08-22,INST001,192.8012,196.9152,185.9812,191.5548,1454720.0,EUR
2022-08-23,INST001,189.2077,191.6793,184.0296,189.6042,3905341.0,EUR
2022-08-24,INST001,192.495,192.2416,185.3954,190.9928,3766559.0,EUR
2022-08-25,INST001,188.1663,191.8127,181.475,186.8501,1083009.0,EUR
2022-08-26,INST001,189.9123,192.4535,183.3362,188.5061,1550043.0,EUR
2022-08-29,INST001,190.9034,192.8934,191.8259,192.2331,3893747.0,EUR
2022-08-30,INST001,187.9082,190.8277,184.6783,188.6875,1437473.0,EUR
2022-08-31,INST001,190.2679,193.1953,187.7529,189.7518,4107285.0,EUR
2022-09-01,INST001,194.659,195.9078,188.5683,193.8018,3077295.0,EUR
2022-09-02,INST001,188.2393,194.1649,188.9101,189.0769,1549236.0,EUR
2022-09-05,INST001,184.5756,188.75,185.3939,186.1358,2028235.0,EUR
2022-09-06,INST001,186.2437,191.8303,181.7819,186.3548,4590814.0,EUR
2022-09-07,INST001,183.159,185.7308,180.5716,181.6987,3319694.0,EUR
2022-09-08,INST001,183.0445,184.8469,181.8482,182.8979,1524313.0,EUR
2022-09-09,INST001,179.9259,179.8962,175.0572,179.2422,2003103.0,EUR
2022-09-12,INST001,181.2607,183.6296,177.951,180.5711,2391988.0,EUR
2022-09-13,INST001,182.8494,184.3042,178.4247,182.9743,2579890.0,EUR
2022-09-14,INST001,182.7389,184.2407,180.1347,183.0706,3627674.0,EUR
2022-09-15,INST001,177.9282,184.3515,174.2906,179.0235,255805.0,EUR
2022-09-16,INST001,182.3283,187.2865,182.1125,182.6142,750024.0,EUR
2022-09-19,INST001,187.7613,187.6336,181.437,186.3045,2286792.0,EUR
2022-09-20,INST001,190.725,194.7983,185.7991,190.6322,1819413.0,EUR
2022-09-21,INST001,186.4124,188.5619,182.0958,185.9645,1793212.0,EUR
2022-09-22,INST001,188.1362,188.678,181.4612,186.8279,3086682.0,EUR
2022-09-23,INST001,187.8785,191.7214,186.7678,187.3686,2398975.0,EUR
2022-09-26,INST001,191.6725,191.8083,189.1593,191.2906,4417333.0,EUR
2022-09-27,INST001,194.9829,195.1542,188.931,193.6785,2813262.0,EUR
2022-09-28,INST001,196.7982,199.8123,196.1574,196.9358,1457443.0,EUR
2022-09-29,INST001,194.0573,196.3382,192.3685,192.9247,2701430.0,EUR
2022-09-30,INST001,191.0036,190.9371,185.2452,190.8254,3960267.0,EUR
2022-10-03,INST001,191.0594,191.7806,188.934,191.1276,3866119.0,EUR
2022-10-04,INST001,192.2025,194.017,191.3477,193.7288,2997212.0,EUR
2022-10-05,INST001,196.7927,201.1685,192.6035,196.498,2000948.0,EUR
2022-10-06,INST001,196.6092,198.0813,196.6117,197.3026,4170720.0,EUR
2022-10-07,INST001,194.9285,196.5655,190.2273,194.0431,2468963.0,EUR
2022-10-10,INST001,189.7391,192.2046,190.671,190.8488,497171.0,EUR
2022-10-11,INST001,190.1553,191.3876,186.6732,190.6728,4085468.0,EUR
2022-10-12,INST001,196.4808,198.8879,193.4429,195.2329,4864745.0,EUR
2022-10-13,INST001,195.0957,200.1966,194.4225,196.5809,4863916.0,EUR
2022-10-14,INST001,194.7748,197.7851,194.4125,194.783,4420963.0,EUR
2022-10-17,INST001,194.0283,195.9337,190.9987,192.3732,1925174.0,EUR
2022-10-18,INST001,191.786,196.7606,188.9635,191.9462,4064749.0,EUR
2022-10-19,INST001,192.4965,195.0234,189.8556,192.1542,2647370.0,EUR
2022-10-20,INST001,186.7651,190.937,187.9926,188.601,1032178.0,EUR
2022-10-21,INST001,191.171,193.6837,187.5341,192.2572,2574940.0,EUR
2022-10-24,INST001,191.5359,194.4804,190.2091,190.3885,2286087.0,EUR
2022-10-25,INST001,193.684,197.4572,189.9584,192.6511,4706764.0,EUR
2022-10-26,INST001,195.9524,200.3,196.3747,196.7564,3382825.0,EUR
2022-10-27,INST001,195.902,198.5046,193.4074,194.686,1027447.0,EUR
2022-10-28,INST001,198.0489,204.9388,197.9691,199.054,2456884.0,EUR
2022-10-31,INST001,200.1461,201.4744,195.8056,198.4191,4620074.0,EUR
2022-11-01,INST001,193.1075,199.4644,188.8848,194.706,3758628.0,EUR
2022-11-02,INST001,195.1086,200.9089,192.5176,195.3392,4313751.0,EUR
2022-11-03,INST001,189.8696,195.3938,187.5888,191.491,3290442.0,EUR
2022-11-04,INST001,195.8026,200.1323,191.8292,196.2604,4296253.0,EUR
2022-11-07,INST001,198.4261,202.5776,197.7931,198.9043,4312954.0,EUR
2022-11-08,INST001,203.1984,204.2659,197.961,203.7494,112386.0,EUR
2022-11-09,INST001,206.5996,209.3704,207.4378,208.3116,4784575.0,EUR
2022-11-10,INST001,210.2464,210.9946,204.9452,208.4297,831795.0,EUR
2022-11-11,INST001,203.026,205.7907,199.9484,204.4788,2070145.0,EUR
2022-11-14,INST001,206.1532,210.4875,204.8123,207.0494,4498154.0,EUR
2022-11-15,INST001,211.243,216.4863,209.3043,211.5292,2021218.0,EUR
2022-11-16,INST001,211.3886,215.6105,209.0974,212.4795,425086.0,EUR
2022-11-17,INST001,207.8812,213.5334,206.9448,208.6088,3621299.0,EUR
2022-11-18,INST001,208.261,207.0273,202.4638,207.0003,4148529.0,EUR
2022-11-21,INST001,208.7435,209.5088,207.0546,207.5866,2350721.0,EUR
2022-11-22,INST001,210.9121,212.9676,206.147,209.838,314534.0,EUR
2022-11-23,INST001,206.3614,209.4716,200.6934,205.2245,3122686.0,EUR
2022-11-24,INST001,206.003,211.8709,204.7132,207.2944,4069044.0,EUR
2022-11-25,INST001,204.3726,206.1462,202.7818,203.6476,1728705.0,EUR
2022-11-28,INST001,203.3326,205.2143,197.6859,202.6395,1562554.0,EUR
2022-11-29,INST001,200.0982,200.9139,198.6715,199.5388,1938817.0,EUR
2022-11-30,INST001,204.1406,205.3063,200.3871,203.7675,3377471.0,EUR
2022-12-01,INST001,201.3712,204.0975,195.0549,199.4674,4886588.0,EUR
2022-12-02,INST001,196.3471,200.364,190.8572,194.7884,2394510.0,EUR
2022-12-05,INST001,193.876,195.5153,190.7689,194.7921,1397842.0,EUR
2022-12-06,INST001,190.1722,191.0985,188.1682,190.8399,4078761.0,EUR
2022-12-07,INST001,190.7136,191.5858,185.0658,190.6123,2881440.0,EUR
2022-12-08,INST001,185.5152,189.0097,185.6933,186.9874,2790842.0,EUR
2022-12-09,INST001,189.6153,195.0973,190.0634,191.1646,3296284.0,EUR
2022-12-12,INST001,195.0148,197.0609,190.9884,193.7233,372353.0,EUR
2022-12-13,INST001,196.3542,201.0254,195.5462,195.8069,936744.0,EUR
2022-12-14,INST001,195.0678,199.8597,191.5343,195.8525,3832150.0,EUR
2022-12-15,INST001,201.0961,201.1525,196.2928,199.3859,3086553.0,EUR
2022-12-16,INST001,199.0039,202.3432,197.7964,198.4367,4517329.0,EUR
2022-12-19,INST001,195.7583,200.0318,196.3984,196.4189,1725295.0,EUR
2022-12-20,INST001,194.2689,195.023,189.4763,194.4831,358813.0,EUR
2022-12-21,INST001,191.4485,193.8016,185.6398,190.3381,4222283.0,EUR
2022-12-22,INST001,186.956,189.6686,188.0305,188.3148,296510.0,EUR
2022-12-23,INST001,192.6821,192.3622,191.138,191.5676,1817009.0,EUR
2022-12-26,INST001,194.9672,198.1259,191.0586,196.3555,3681260.0,EUR
2022-12-27,INST001,192.6143,197.1938,189.4947,193.0891,4628523.0,EUR
2022-12-28,INST001,194.7324,199.8606,190.7671,196.6017,4106038.0,EUR
2022-12-29,INST001,196.3961,198.8126,190.7964,195.18,2748399.0,EUR
2022-12-30,INST001,194.7648,198.2718,194.3092,194.9089,4120243.0,EUR
2023-01-02,INST001,198.4871,203.5899,193.8245,198.8907,4050348.0,EUR
2023-01-03,INST001,195.5931,198.632,194.3014,195.5655,2895480.0,EUR
2023-01-04,INST001,198.8258,200.2228,195.3594,198.9038,4924163.0,EUR
2023-01-05,INST001,195.7589,203.12,192.5779,197.4802,2556881.0,EUR
2023-01-06,INST001,198.443,203.462,194.511,197.9704,4628685.0,EUR
2023-01-09,INST001,198.3562,204.7805,193.3015,198.9279,4659123.0,EUR
2023-01-10,INST001,200.6731,201.6031,197.4535,199.8411,1150061.0,EUR
2023-01-11,INST001,201.4803,205.1455,197.9383,199.6458,1549289.0,EUR
2023-01-12,INST001,200.3677,207.7387,200.5667,201.8433,109681.0,EUR
2023-01-13,INST001,198.8831,199.1673,193.5464,197.4949,644452.0,EUR
2023-01-16,INST001,198.3433,198.0268,195.1121,197.8494,3134187.0,EUR
2023-01-17,INST001,201.4719,205.909,199.341,200.6541,3250923.0,EUR
2023-01-18,INST001,202.4871,205.9378,196.5246,201.2764,2641117.0,EUR
2023-01-19,INST001,206.2638,207.0855,205.3852,205.662,872612.0,EUR
2023-01-20,INST001,203.8922,206.5094,197.7898,202.8885,2336089.0,EUR
2023-01-23,INST001,202.9822,203.5229,198.8566,201.4012,3462674.0,EUR
2023-01-24,INST001,199.6532,204.5137,195.4527,201.1103,1725958.0,EUR
2023-01-25,INST001,204.8946,210.9749,201.7279,204.8759,440574.0,EUR
2023-01-26,INST001,201.7553,207.0297,199.0881,203.4505,2568951.0,EUR
2023-01-27,INST001,205.8557,207.5382,205.3152,206.1167,1731837.0,EUR
2023-01-30,INST001,206.6367,211.3499,201.2149,206.272,4510326.0,EUR
2023-01-31,INST001,206.1764,209.1888,198.8694,204.6922,3115387.0,EUR
2023-02-01,INST001,201.1617,202.1672,196.903,200.6466,2533739.0,EUR
2023-02-02,INST001,199.1469,203.4067,192.3822,197.4911,918701.0,EUR
2023-02-03,INST001,192.3364,195.7996,192.5951,193.1229,4943200.0,EUR
2023-02-06,INST001,196.2336,197.9651,194.1599,197.6579,3854942.0,EUR
2023-02-07,INST001,202.748,204.2806,201.3752,201.5058,2496387.0,EUR
2023-02-08,INST001,202.2024,205.0608,200.9286,200.9576,1679156.0,EUR
2023-02-09,INST001,201.3766,200.7652,195.7766,199.5101,2809172.0,EUR
2023-02-10,INST001,198.0917,198.8797,193.2016,196.4282,4589142.0,EUR
2023-02-13,INST001,196.0048,197.0392,191.2434,195.9714,3192569.0,EUR
2023-02-14,INST001,196.5139,198.2335,191.3038,196.3753,851470.0,EUR
2023-02-15,INST001,191.95,194.9273,190.1116,192.4397,501768.0,EUR
2023-02-16,INST001,187.8112,191.3488,186.984,188.1624,734870.0,EUR
2023-02-17,INST001,187.9565,192.8163,188.348,189.5925,2889406.0,EUR
2023-02-20,INST001,193.1961,195.2616,189.1395,191.7997,1386020.0,EUR
2023-02-21,INST001,194.5114,199.8934,190.7261,195.1981,530433.0,EUR
2023-02-22,INST001,195.5693,196.7427,194.7119,195.6302,733807.0,EUR
2023-02-23,INST001,195.2535,198.9213,191.5398,194.9882,3119264.0,EUR
2023-02-24,INST001,190.2835,196.5473,190.427,190.8902,2610016.0,EUR
2023-02-27,INST001,185.9059,191.3582,184.0419,187.4948,1394254.0,EUR
2023-02-28,INST001,188.9781,192.3314,186.6231,189.3707,4118216.0,EUR
2023-03-01,INST001,185.8426,189.3446,182.8184,186.7496,950159.0,EUR
2023-03-02,INST001,188.0146,188.5597,182.8771,187.5307,3239480.0,EUR
2023-03-03,INST001,191.4474,195.3154,186.664,190.9797,1986906.0,EUR
2023-03-06,INST001,190.8866,194.8778,189.9961,191.4221,2541000.0,EUR
2023-03-07,INST001,188.2665,190.6515,185.2479,186.9686,1187357.0,EUR
2023-03-08,INST001,188.0776,189.6047,186.0743,189.5242,1854213.0,EUR
2023-03-09,INST001,185.7442,187.069,183.7102,185.4755,1264163.0,EUR
2023-03-10,INST001,185.4863,187.571,180.624,186.2009,4057429.0,EUR
2023-03-13,INST001,184.7066,185.729,178.444,183.1931,4257500.0,EUR
2023-03-14,INST001,185.8536,190.9803,185.7781,187.3604,3878198.0,EUR
2023-03-15,INST001,188.6742,188.8077,185.9695,187.6136,896175.0,EUR
2023-03-16,INST001,190.5316,191.3023,190.6964,190.9379,3559923.0,EUR
2023-03-17,INST001,186.7616,190.5627,183.3582,186.4648,1695576.0,EUR
2023-03-20,INST001,186.1648,189.9012,179.7939,184.5956,2003064.0,EUR
2023-03-21,INST001,185.2446,188.722,182.4544,185.8177,872554.0,EUR
2023-03-22,INST001,182.9582,183.1694,181.2914,182.955,2747396.0,EUR
2023-03-23,INST001,178.9018,181.1992,176.2016,180.1772,483028.0,EUR
2023-03-24,INST001,179.4091,182.9598,175.305,178.7058,3941515.0,EUR
2023-03-27,INST001,176.8003,175.5787,171.0857,175.5744,4945663.0,EUR
2023-03-28,INST001,180.255,180.2787,177.9393,179.045,572695.0,EUR
2023-03-29,INST001,177.2364,177.9057,173.4417,176.1756,3792088.0,EUR
2023-03-30,INST001,176.6156,177.9796,171.3868,176.6678,1137168.0,EUR
2023-03-31,INST001,174.5,180.1641,173.3662,175.7621,2609851.0,EUR
2023-04-03,INST001,175.887,177.8323,173.85,174.4449,752537.0,EUR
2023-04-04,INST001,176.198,177.7794,173.1036,177.3443,4622911.0,EUR
2023-04-05,INST001,176.0995,175.7816,171.324,174.4596,2796930.0,EUR
2023-04-06,INST001,177.8663,180.9258,175.0413,176.6832,196027.0,EUR
2023-04-07,INST001,176.9494,179.3396,173.8466,176.8065,4330566.0,EUR
2023-04-10,INST001,175.0536,179.9386,174.036,175.338,4147802.0,EUR
2023-04-11,INST001,174.4145,176.0845,170.2681,173.664,3528686.0,EUR
2023-04-12,INST001,177.6112,179.6669,170.9045,175.9252,1446780.0,EUR
2023-04-13,INST001,176.6511,178.4022,174.0001,177.2244,758672.0,EUR
2023-04-14,INST001,177.3681,179.2592,173.0266,176.0307,4340762.0,EUR
2023-04-17,INST001,174.2586,177.1692,174.4184,175.1725,391149.0,EUR
2023-04-18,INST001,178.6515,179.8059,172.5695,177.7579,2436242.0,EUR
2023-04-19,INST001,178.1412,183.3115,175.2736,179.5146,966609.0,EUR
2023-04-20,INST001,181.3675,185.3012,179.8079,181.5283,835477.0,EUR
2023-04-21,INST001,182.5703,184.4831,182.721,182.8924,2792956.0,EUR
2023-04-24,INST001,185.7232,185.414,179.0478,184.0119,2073058.0,EUR
2023-04-25,INST001,180.2361,181.1876,178.5909,180.0803,3964435.0,EUR
2023-04-26,INST001,185.2043,184.8776,183.5367,183.7588,3288512.0,EUR
2023-04-27,INST001,183.5103,183.115,178.2485,182.0733,3196968.0,EUR
2023-04-28,INST001,185.6443,189.1316,184.1341,184.6223,1981807.0,EUR
2023-05-01,INST001,188.3332,189.8059,183.4729,188.7884,3891904.0,EUR
2023-05-02,INST001,188.4441,191.7637,189.7997,190.1594,4494790.0,EUR
2023-05-03,INST001,193.4447,194.038,188.6705,193.6304,3796767.0,EUR
2023-05-04,INST001,188.1118,190.6161,186.0413,189.109,4289727.0,EUR
2023-05-05,INST001,190.0349,190.5524,188.2349,189.7353,1615341.0,EUR
2023-05-08,INST001,190.8582,190.8156,188.8822,189.5793,3308330.0,EUR
2023-05-09,INST001,191.5741,195.4398,186.8225,190.9087,972566.0,EUR
2023-05-10,INST001,194.2345,199.9843,191.3155,195.2742,3162008.0,EUR
2023-05-11,INST001,199.2402,202.1942,197.6699,198.175,901223.0,EUR
2023-05-12,INST001,198.9422,200.0341,193.0253,197.2588,1919213.0,EUR
2023-05-15,INST001,191.4642,195.0187,187.4563,193.227,4447711.0,EUR
2023-05-16,INST001,188.1891,194.3711,186.6066,188.8603,4168752.0,EUR
2023-05-17,INST001,191.9371,192.7249,189.6033,192.6635,4487515.0,EUR
2023-05-18,INST001,193.8227,195.6783,194.7364,194.8888,1361880.0,EUR
2023-05-19,INST001,189.3568,196.3277,189.1585,191.2076,145736.0,EUR
2023-05-22,INST001,186.2697,189.1957,183.6591,187.904,1043831.0,EUR
2023-05-23,INST001,182.1158,185.0346,178.2289,183.3394,3727947.0,EUR
2023-05-24,INST001,183.9946,185.0355,179.6086,184.0094,2319050.0,EUR
2023-05-25,INST001,185.823,186.1277,184.2401,185.3965,3600592.0,EUR
2023-05-26,INST001,182.8048,184.7799,177.6807,182.6252,4648256.0,EUR
2023-05-29,INST001,181.6591,184.4961,179.9168,183.4353,920610.0,EUR
2023-05-30,INST001,189.3298,192.674,183.9097,187.5277,660406.0,EUR
2023-05-31,INST001,188.3432,188.1031,184.5267,187.7336,506828.0,EUR
2023-06-01,INST001,190.0637,192.1816,186.2935,191.5444,820951.0,EUR
2023-06-02,INST001,189.6411,190.0078,183.6511,188.8646,4358840.0,EUR
2023-06-05,INST001,187.4547,189.577,184.3665,188.891,2657565.0,EUR
2023-06-06,INST001,189.2124,189.3253,185.6033,188.5608,1897571.0,EUR
2023-06-07,INST001,190.7879,190.9481,184.2091,189.7457,658903.0,EUR
2023-06-08,INST001,191.6843,193.1688,185.9241,189.8797,3552552.0,EUR
2023-06-09,INST001,188.6084,190.0252,183.7678,189.2659,1917576.0,EUR
2023-06-12,INST001,188.34,194.9111,185.2558,189.4176,4904245.0,EUR
2023-06-13,INST001,189.0265,191.765,186.9569,190.0341,1435278.0,EUR
2023-06-14,INST001,194.5525,193.2605,192.2566,193.1769,2580936.0,EUR
2023-06-15,INST001,189.865,194.1258,184.3948,189.0242,4790952.0,EUR
2023-06-16,INST001,183.0402,189.138,179.3946,184.5077,4767842.0,EUR
2023-06-19,INST001,186.9894,189.4774,185.675,188.309,4576098.0,EUR
2023-06-20,INST001,191.1787,190.6796,184.4254,189.7958,4776178.0,EUR
2023-06-21,INST001,184.0522,185.8387,185.519,185.7113,3630440.0,EUR
2023-06-22,INST001,189.7896,191.014,187.0644,188.2229,1684728.0,EUR
2023-06-23,INST001,187.212,187.8484,182.5761,185.7301,1601138.0,EUR
2023-06-26,INST001,185.9768,189.1897,184.5097,185.9322,648473.0,EUR
2023-06-27,INST001,183.7219,187.4682,179.1908,183.827,605657.0,EUR
2023-06-28,INST001,185.2426,185.4079,182.1062,184.3103,4911194.0,EUR
2023-06-29,INST001,179.6903,183.2603,179.857,180.0508,2080400.0,EUR
2023-06-30,INST001,179.4787,183.9073,175.6205,178.5548,1296867.0,EUR
2023-07-03,INST001,178.7768,181.8484,176.5825,179.8903,1801017.0,EUR
2023-07-04,INST001,177.3327,181.2106,176.0192,176.6615,469004.0,EUR
2023-07-05,INST001,176.2543,180.0814,175.6969,176.5053,2448262.0,EUR
2023-07-06,INST001,180.779,181.2824,179.4478,179.9763,4990948.0,EUR
2023-07-07,INST001,182.6046,185.1025,177.6324,182.4507,4188610.0,EUR
2023-07-10,INST001,181.0825,181.2012,176.2025,180.9355,4906960.0,EUR
2023-07-11,INST001,184.4937,184.7335,182.3209,182.8118,584482.0,EUR
2023-07-12,INST001,180.7088,184.0605,177.7823,179.0528,3516897.0,EUR
2023-07-13,INST001,177.7502,182.5146,174.7987,179.1429,1635185.0,EUR
2023-07-14,INST001,178.5462,183.0944,177.4503,179.2375,3319488.0,EUR
2023-07-17,INST001,180.3239,186.4081,179.6447,181.2529,2086914.0,EUR
2023-07-18,INST001,179.1952,184.9082,177.7109,180.7369,625810.0,EUR
2023-07-19,INST001,183.0766,181.7384,181.3167,181.7066,4746544.0,EUR
2023-07-20,INST001,183.3825,186.0182,182.414,184.6247,2557614.0,EUR
2023-07-21,INST001,183.1774,183.5903,180.5342,182.4135,2936537.0,EUR
2023-07-24,INST001,184.8584,187.2544,182.1494,186.4101,3943713.0,EUR
2023-07-25,INST001,186.5266,186.6504,183.9952,186.1569,1561949.0,EUR
2023-07-26,INST001,182.8365,186.0375,177.7486,182.8268,2346929.0,EUR
2023-07-27,INST001,183.6254,182.864,181.2912,181.9371,4570033.0,EUR
2023-07-28,INST001,185.3986,188.7905,183.8187,183.8226,3365171.0,EUR
2023-07-31,INST001,178.1938,180.0763,178.9125,179.6273,2831450.0,EUR
2023-08-01,INST001,184.4928,188.9833,183.8165,183.943,4938981.0,EUR
2023-08-02,INST001,186.5494,192.2462,185.5799,187.9797,2070415.0,EUR
2023-08-03,INST001,182.3207,185.745,180.5671,183.9805,289571.0,EUR
2023-08-04,INST001,187.1774,190.8738,184.6655,186.6564,1746266.0,EUR
2023-08-07,INST001,184.782,186.9864,184.7573,186.2281,3626039.0,EUR
2023-08-08,INST001,188.3656,189.9803,185.3741,187.5513,2186997.0,EUR
2023-08-09,INST001,183.8315,184.7566,179.4281,184.5766,4469128.0,EUR
2023-08-10,INST001,188.4254,189.4955,185.3007,188.5057,4756432.0,EUR
2023-08-11,INST001,191.4481,193.1268,190.5894,193.0255,861492.0,EUR
2023-08-14,INST001,193.2679,197.427,190.9618,193.9312,4982634.0,EUR
2023-08-15,INST001,193.7203,194.93,187.4324,192.5932,849174.0,EUR
2023-08-16,INST001,196.8311,200.8459,193.9127,197.2579,3037762.0,EUR
2023-08-17,INST001,200.9845,205.2934,201.7617,201.8549,1722341.0,EUR
2023-08-18,INST001,198.8125,199.4523,197.4217,198.1464,1803455.0,EUR
2023-08-21,INST001,200.5868,204.8169,195.1731,199.8189,2517659.0,EUR
2023-08-22,INST001,206.3103,204.8301,201.7219,204.7594,2016416.0,EUR
2023-08-23,INST001,206.7671,212.7862,206.5116,208.0733,292694.0,EUR
2023-08-24,INST001,206.8218,210.4614,204.3548,206.6243,270156.0,EUR
2023-08-25,INST001,202.278,207.7261,200.7006,202.0389,3391787.0,EUR
2023-08-28,INST001,205.9777,207.6754,204.1672,206.3178,3156900.0,EUR
2023-08-29,INST001,209.5422,213.4527,203.7498,209.4343,4026675.0,EUR
2023-08-30,INST001,210.9808,209.0623,208.3098,208.9578,4511668.0,EUR
2023-08-31,INST001,211.1423,218.092,208.9217,212.6976,4362465.0,EUR
2023-09-01,INST001,207.579,210.9493,208.5395,209.662,158203.0,EUR
2023-09-04,INST001,211.7463,215.9699,206.8346,212.7269,1343218.0,EUR
2023-09-05,INST001,217.4643,221.3333,213.0572,216.8071,2494105.0,EUR
2023-09-06,INST001,212.8008,217.9032,208.6069,214.7808,3548873.0,EUR
2023-09-07,INST001,220.0678,221.1837,217.6189,219.4295,3026667.0,EUR
2023-09-08,INST001,216.1671,221.6135,215.5283,216.9577,4132108.0,EUR
2023-09-11,INST001,211.2674,217.5977,209.6344,213.2527,2741293.0,EUR
2023-09-12,INST001,211.3706,212.6665,207.0631,210.3322,1069353.0,EUR
2023-09-13,INST001,203.9594,209.9921,201.8365,205.8929,1443182.0,EUR
2023-09-14,INST001,206.3117,210.3204,203.0286,205.6698,4059167.0,EUR
2023-09-15,INST001,201.9865,205.2083,200.3842,201.9297,1574188.0,EUR
2023-09-18,INST001,202.8454,202.9347,198.8489,201.3873,4256457.0,EUR
2023-09-19,INST001,197.4572,197.3279,195.5819,196.9532,2042326.0,EUR
2023-09-20,INST001,194.8949,198.9312,190.5839,195.134,1869772.0,EUR
2023-09-21,INST001,193.6823,195.7989,194.0059,194.8895,2625595.0,EUR
2023-09-22,INST001,192.7298,192.6966,189.1079,192.6895,1770942.0,EUR
2023-09-25,INST001,190.7406,190.8697,185.1434,190.7939,1960795.0,EUR
2023-09-26,INST001,187.707,192.4347,185.9925,189.2743,3498048.0,EUR
2023-09-27,INST001,190.9651,193.0326,185.7191,189.4463,4629276.0,EUR
2023-09-28,INST001,188.0013,193.7684,188.3627,189.5523,4502098.0,EUR
2023-09-29,INST001,192.7201,193.0837,188.4805,192.0205,1679629.0,EUR
2023-10-02,INST001,186.9781,192.983,187.1446,188.198,591946.0,EUR
2023-10-03,INST001,188.884,190.6162,186.4506,187.595,2106522.0,EUR
2023-10-04,INST001,186.6138,185.6127,180.7216,185.3416,3707045.0,EUR
2023-10-05,INST001,181.1664,187.4389,180.8379,182.6515,4646328.0,EUR
2023-10-06,INST001,184.234,187.3598,182.2244,185.1979,946762.0,EUR
2023-10-09,INST001,180.9431,183.2657,180.5828,182.0429,1242558.0,EUR
2023-10-10,INST001,180.0385,183.6414,178.5,178.9383,3429050.0,EUR
2023-10-11,INST001,178.3922,180.8782,174.8019,179.1515,2713659.0,EUR
2023-10-12,INST001,180.0959,179.6781,178.2106,178.926,4855587.0,EUR
2023-10-13,INST001,179.6807,179.9212,178.4178,179.6608,4385395.0,EUR
2023-10-16,INST001,184.8192,185.0602,182.5018,183.9312,4473671.0,EUR
2023-10-17,INST001,187.4016,189.2497,184.6381,187.085,1004976.0,EUR
2023-10-18,INST001,191.0561,194.9762,186.3982,190.9588,3701779.0,EUR
2023-10-19,INST001,187.7354,192.6866,187.9402,188.7619,4671344.0,EUR
2023-10-20,INST001,188.6111,188.9029,184.3699,188.6895,2049513.0,EUR
2023-10-23,INST001,188.4104,191.5665,184.4937,188.5571,1306209.0,EUR
2023-10-24,INST001,190.995,194.5351,186.6058,190.0502,3794889.0,EUR
2023-10-25,INST001,189.1021,192.1086,186.3591,188.1338,2695952.0,EUR
2023-10-26,INST001,190.0155,192.1969,190.3821,190.9775,1190769.0,EUR
2023-10-27,INST001,194.817,196.3511,192.096,194.4263,4893518.0,EUR
2023-10-30,INST001,195.6323,199.1368,188.8721,193.9695,3789851.0,EUR
2023-10-31,INST001,194.007,194.2614,189.452,192.8382,4795409.0,EUR
2023-11-01,INST001,190.092,197.048,190.9421,191.8694,4791752.0,EUR
2023-11-02,INST001,192.4952,197.7274,190.7753,192.5821,2775723.0,EUR
2023-11-03,INST001,192.9158,194.4118,189.1538,191.2027,3895353.0,EUR
2023-11-06,INST001,191.1437,194.196,187.859,190.7088,3198276.0,EUR
2023-11-07,INST001,191.1896,195.8772,187.729,190.9121,375562.0,EUR
2023-11-08,INST001,193.0827,197.6407,191.4552,192.0332,2235209.0,EUR
2023-11-09,INST001,192.2785,193.0585,185.1194,190.7844,3650815.0,EUR
2023-11-10,INST001,193.1793,196.4997,190.4903,191.5194,4673035.0,EUR
2023-11-13,INST001,197.9067,198.2434,192.5932,196.0382,3795931.0,EUR
2023-11-14,INST001,198.0047,204.0339,197.3189,199.7755,3995079.0,EUR
2023-11-15,INST001,206.3091,206.4587,203.9762,204.5214,4107170.0,EUR
2023-11-16,INST001,204.462,206.2882,202.8362,204.1169,1308346.0,EUR
2023-11-17,INST001,207.3154,209.5466,204.02,206.1341,4264054.0,EUR
2023-11-20,INST001,205.323,209.6087,203.6898,206.5291,224110.0,EUR
2023-11-21,INST001,210.8958,215.1385,205.175,211.3982,3664189.0,EUR
2023-11-22,INST001,209.4645,211.5856,204.8856,209.7316,2327161.0,EUR
2023-11-23,INST001,205.6221,208.9288,205.6763,207.2133,1612171.0,EUR
2023-11-24,INST001,204.0371,209.0908,202.6243,204.3835,2415744.0,EUR
2023-11-27,INST001,206.4512,206.084,199.9585,205.2595,2199894.0,EUR
2023-11-28,INST001,200.7238,206.2327,199.6562,202.0901,2462056.0,EUR
2023-11-29,INST001,204.2891,203.1179,197.29,202.67,4594469.0,EUR
2023-11-30,INST001,207.3107,207.7212,202.9319,207.2219,755840.0,EUR
2023-12-01,INST001,209.0886,211.5926,204.2944,209.2947,4475217.0,EUR
2023-12-04,INST001,210.4948,212.9839,206.7784,212.3781,1543761.0,EUR
2023-12-05,INST001,214.1618,217.8259,211.8458,214.2097,1699493.0,EUR
2023-12-06,INST001,214.8104,220.6885,210.5735,215.18,1416492.0,EUR
2023-12-07,INST001,220.2716,224.063,215.4487,219.5531,2866792.0,EUR
2023-12-08,INST001,220.5707,225.9207,219.2443,219.3835,3580328.0,EUR
2023-12-11,INST001,223.3108,230.5786,222.7273,224.6427,4564513.0,EUR
2023-12-12,INST001,227.2799,230.3654,224.669,229.0577,2807550.0,EUR
2023-12-13,INST001,226.398,229.2256,222.3961,227.1583,2981176.0,EUR
2023-12-14,INST001,230.3599,232.1142,223.9556,228.1513,825795.0,EUR
2023-12-15,INST001,231.4846,232.5809,227.881,230.6554,2967438.0,EUR
2023-12-18,INST001,228.1033,228.0914,226.1196,227.2115,3076655.0,EUR
2023-12-19,INST001,223.878,230.0982,223.0608,224.0155,4551508.0,EUR
2023-12-20,INST001,222.1683,223.4345,219.3086,221.335,3648888.0,EUR
2023-12-21,INST001,215.6488,218.2394,215.0738,216.2255,3592420.0,EUR
2023-12-22,INST001,210.6385,216.1853,208.6353,211.2768,1801430.0,EUR
2023-12-25,INST001,213.0235,215.7156,208.3022,213.49,1637486.0,EUR
2023-12-26,INST001,211.7284,215.8498,208.9441,209.9898,2694694.0,EUR
2023-12-27,INST001,211.1174,214.6652,207.1758,212.347,570262.0,EUR
2023-12-28,INST001,207.1255,213.2385,203.5417,207.4741,2759622.0,EUR
2023-12-29,INST001,211.7054,214.7979,205.913,211.1335,1451288.0,EUR
2024-01-01,INST001,208.8838,211.9343,209.8279,209.8837,1833987.0,EUR
2024-01-02,INST001,206.2918,206.5106,203.6251,205.4519,808458.0,EUR
2024-01-03,INST001,200.4297,201.9639,200.7258,200.948,1775830.0,EUR
2024-01-04,INST001,204.5934,208.1661,202.1351,203.4691,456051.0,EUR
2024-01-05,INST001,203.7485,207.7189,200.3084,204.934,163589.0,EUR
2024-01-08,INST001,201.3493,205.4148,197.8165,201.5923,2106091.0,EUR
2024-01-09,INST001,204.0711,204.7438,199.2741,204.3022,3708021.0,EUR
2024-01-10,INST001,201.318,203.4285,196.7084,201.8297,1706813.0,EUR
2024-01-11,INST001,196.726,201.6641,192.2075,198.0863,3729991.0,EUR
2024-01-12,INST001,196.9022,198.4807,195.792,197.8098,4553826.0,EUR
2024-01-15,INST001,196.0062,199.7999,189.7014,195.1362,668153.0,EUR
2024-01-16,INST001,197.9463,203.5524,196.38,199.1406,1857087.0,EUR
2024-01-17,INST001,202.3545,201.297,196.6081,200.6334,1379127.0,EUR
2024-01-18,INST001,200.5173,207.2616,197.399,201.7891,2944987.0,EUR
2024-01-19,INST001,198.2062,199.9819,195.3684,197.2612,2217931.0,EUR
2024-01-22,INST001,202.1239,202.2636,200.4271,200.5599,2175601.0,EUR
2024-01-23,INST001,196.8297,200.6368,194.3355,198.0393,2490115.0,EUR
2024-01-24,INST001,193.6859,198.9799,189.5423,194.6511,3474502.0,EUR
2024-01-25,INST001,189.8746,194.4418,189.3753,190.4672,1421783.0,EUR
2024-01-26,INST001,194.2993,194.8793,191.9734,194.2616,2763254.0,EUR
2024-01-29,INST001,197.1882,195.5667,193.8911,195.3844,1374159.0,EUR
2024-01-30,INST001,197.5805,200.2244,196.701,197.8445,1662499.0,EUR
2024-01-31,INST001,198.1242,201.0555,198.2012,199.9504,469475.0,EUR
2024-02-01,INST001,194.274,201.6607,195.5283,195.9914,3066879.0,EUR
2024-02-02,INST001,192.9264,196.7211,188.7695,193.7334,1527808.0,EUR
2024-02-05,INST001,189.8671,191.902,185.2466,190.3774,2408237.0,EUR
2024-02-06,INST001,187.404,187.8203,182.3603,185.9192,2928554.0,EUR
2024-02-07,INST001,183.7785,187.0976,178.3958,182.4921,1472887.0,EUR
2024-02-08,INST001,183.184,187.0835,177.8329,182.3386,4749695.0,EUR
2024-02-09,INST001,179.4982,181.8673,178.7927,179.024,2624338.0,EUR
2024-02-12,INST001,176.0806,182.4447,176.7122,177.5268,4542050.0,EUR
2024-02-13,INST001,171.8724,177.3918,169.2713,173.465,195611.0,EUR
2024-02-14,INST001,174.9524,176.5616,169.9359,174.013,4258819.0,EUR
2024-02-15,INST001,173.9318,174.4175,170.5374,172.5247,616514.0,EUR
2024-02-16,INST001,170.8075,174.9271,170.4367,171.1381,3478852.0,EUR
2024-02-19,INST001,173.5096,173.6765,172.092,173.1056,3426300.0,EUR
2024-02-20,INST001,173.2192,174.6211,168.6755,171.5083,4722610.0,EUR
2024-02-21,INST001,169.5965,172.3442,167.5935,167.9424,1861552.0,EUR
2024-02-22,INST001,165.6427,168.9865,163.9555,165.9104,2285624.0,EUR
2024-02-23,INST001,169.9778,170.8212,164.4946,168.4049,4618324.0,EUR
2024-02-26,INST001,166.1483,167.9921,165.4227,166.7755,3383405.0,EUR
2024-02-27,INST001,167.7188,174.1666,169.3788,169.4057,4059931.0,EUR
2024-02-28,INST001,167.6228,173.7049,167.1434,169.1064,802600.0,EUR
2024-02-29,INST001,169.1351,171.7647,164.7618,167.7284,1331103.0,EUR
2024-03-01,INST001,165.0824,168.4861,162.5265,163.586,1768483.0,EUR
2024-03-04,INST001,162.1382,163.2553,161.6338,163.1745,4146122.0,EUR
2024-03-05,INST001,162.9185,165.2861,160.4797,162.9169,4194750.0,EUR
2024-03-06,INST001,164.2368,166.5626,158.5412,163.1741,2865889.0,EUR
2024-03-07,INST001,160.7463,161.4866,155.9759,159.5648,3368600.0,EUR
2024-03-08,INST001,157.9342,160.9263,155.4858,159.4057,986352.0,EUR
2024-03-11,INST001,156.2832,156.4556,153.6942,155.6499,4038212.0,EUR
2024-03-12,INST001,155.094,157.1022,153.0315,154.9556,2969423.0,EUR
2024-03-13,INST001,156.6425,160.3008,153.0904,156.5184,4936169.0,EUR
2024-03-14,INST001,155.7466,158.9341,150.2976,154.405,675972.0,EUR
2024-03-15,INST001,150.0763,152.6997,146.6503,150.7481,4966949.0,EUR
2024-03-18,INST001,152.8239,152.6216,151.3053,152.4018,1699098.0,EUR
2024-03-19,INST001,154.1844,153.3211,150.3427,153.223,3416524.0,EUR
2024-03-20,INST001,152.2195,156.0236,149.3351,153.3139,3657898.0,EUR
2024-03-21,INST001,152.7983,154.1528,151.906,152.6498,689264.0,EUR
2024-03-22,INST001,153.8007,153.0283,152.5763,152.5987,2489008.0,EUR
2024-03-25,INST001,152.2972,155.4757,149.5763,151.0371,526673.0,EUR
2024-03-26,INST001,152.92,154.4123,149.5671,151.4231,1395213.0,EUR
2024-03-27,INST001,147.6117,152.1483,148.528,148.987,3275798.0,EUR
2024-03-28,INST001,148.5612,152.7982,145.1145,149.5459,4153709.0,EUR
2024-03-29,INST001,151.5799,152.6827,147.6003,150.911,3845589.0,EUR
2024-04-01,INST001,147.823,151.4207,148.7569,148.9471,3219178.0,EUR
2024-04-02,INST001,146.1658,148.6257,146.3251,146.4827,590106.0,EUR
2024-04-03,INST001,148.8303,148.4128,146.7045,147.7614,3701809.0,EUR
2024-04-04,INST001,148.4602,150.944,146.7774,149.1851,3136009.0,EUR
2024-04-05,INST001,147.6875,149.2596,145.2257,148.5633,4266911.0,EUR
2024-04-08,INST001,151.2861,152.4262,148.5784,151.6598,3716744.0,EUR
2024-04-09,INST001,151.1444,153.4201,147.9687,152.3108,1300021.0,EUR
2024-04-10,INST001,154.1651,156.069,152.6271,152.7861,305240.0,EUR
2024-04-11,INST001,152.3202,154.8302,148.9435,151.7884,602269.0,EUR
2024-04-12,INST001,149.0177,150.0338,145.8509,149.7723,524865.0,EUR
2024-04-15,INST001,148.1705,150.4306,144.2481,146.789,4164348.0,EUR
2024-04-16,INST001,146.139,146.9109,144.021,146.2323,2686944.0,EUR
2024-04-17,INST001,144.2409,146.5598,141.7364,143.684,3523805.0,EUR
2024-04-18,INST001,141.4755,144.8944,138.6456,140.6765,4838508.0,EUR
2024-04-19,INST001,137.812,141.0125,133.8275,137.7651,3899656.0,EUR
2024-04-22,INST001,139.7016,143.249,138.5297,140.9012,4882485.0,EUR
2024-04-23,INST001,139.9236,140.5923,139.9516,140.5247,643041.0,EUR
2024-04-24,INST001,138.9691,140.5569,135.2264,139.3158,4136069.0,EUR
2024-04-25,INST001,142.0465,146.5322,139.5217,142.6648,191951.0,EUR
2024-04-26,INST001,146.4641,148.3777,144.7333,145.7887,1575730.0,EUR
2024-04-29,INST001,146.993,149.0673,146.0316,146.7949,1206758.0,EUR
2024-04-30,INST001,146.3026,148.7097,146.2992,147.1891,1680925.0,EUR
2024-05-01,INST001,143.6341,148.3031,142.6053,144.8673,2295061.0,EUR
2024-05-02,INST001,147.1853,150.3667,144.6784,147.5018,3478181.0,EUR
2024-05-03,INST001,147.5489,151.9889,147.4747,148.7229,3693387.0,EUR
2024-05-06,INST001,147.5975,147.9396,144.0702,146.6008,3789508.0,EUR
2024-05-07,INST001,145.9601,147.2303,144.3995,145.8023,3064242.0,EUR
2024-05-08,INST001,144.8382,146.3526,142.0723,145.2092,2614102.0,EUR
2024-05-09,INST001,145.079,145.591,141.6325,145.3178,2219351.0,EUR
2024-05-10,INST001,147.14,151.7822,147.4201,148.2871,3895885.0,EUR
2024-05-13,INST001,149.9617,150.6495,146.3507,149.9859,3821544.0,EUR
2024-05-14,INST001,149.3327,151.7282,147.1675,148.7204,4635202.0,EUR
2024-05-15,INST001,148.5481,151.4204,147.1018,147.4907,2042851.0,EUR
2024-05-16,INST001,147.5767,147.769,147.56,147.5787,1809415.0,EUR
2024-05-17,INST001,144.9013,148.7656,142.5061,145.9671,119368.0,EUR
2024-05-20,INST001,145.8674,147.7386,142.2932,146.3977,4652890.0,EUR
2024-05-21,INST001,148.6,151.9873,144.8694,148.736,635363.0,EUR
2024-05-22,INST001,152.8876,152.0092,150.3044,152.0044,690749.0,EUR
2024-05-23,INST001,149.0601,148.6987,147.2736,148.4493,324491.0,EUR
2024-05-24,INST001,146.7802,150.1686,144.1024,148.1952,1312398.0,EUR
2024-05-27,INST001,150.9812,152.4792,150.8567,151.4047,4503481.0,EUR
2024-05-28,INST001,151.6579,153.6212,149.7591,151.6815,2947612.0,EUR
2024-05-29,INST001,152.4007,153.8942,149.4883,152.4164,720221.0,EUR
2024-05-30,INST001,154.0116,156.3272,151.8978,155.4467,769967.0,EUR
2024-05-31,INST001,154.1017,154.9722,151.8164,153.618,1191280.0,EUR
2024-06-03,INST001,153.7898,157.1922,150.2296,154.1946,1166664.0,EUR
2024-06-04,INST001,154.9971,158.6014,151.5083,155.7272,4554585.0,EUR
2024-06-05,INST001,155.1318,159.6988,155.2541,156.2912,4748705.0,EUR
2024-06-06,INST001,155.9067,161.404,154.2166,156.7629,2920713.0,EUR
2024-06-07,INST001,157.5394,158.8992,157.953,158.2443,4691291.0,EUR
2024-06-10,INST001,160.9314,162.9771,160.0248,161.6732,2775431.0,EUR
2024-06-11,INST001,166.6753,169.0007,161.673,165.5353,517271.0,EUR
2024-06-12,INST001,164.9831,170.0204,164.6701,165.514,4572928.0,EUR
2024-06-13,INST001,165.6797,169.1946,162.8579,166.8364,911875.0,EUR
2024-06-14,INST001,166.8881,170.0727,164.8191,165.6816,4229259.0,EUR
2024-06-17,INST001,166.9709,167.9861,165.5046,165.9205,491666.0,EUR
2024-06-18,INST001,164.378,169.1322,161.9863,164.5287,4785793.0,EUR
2024-06-19,INST001,164.1387,165.9291,161.4059,164.7884,251182.0,EUR
2024-06-20,INST001,168.4766,169.8174,166.7989,167.7529,608198.0,EUR
2024-06-21,INST001,163.4792,165.1101,161.9845,164.9448,2482717.0,EUR
2024-06-24,INST001,165.6347,168.431,165.4835,166.1642,1686862.0,EUR
2024-06-25,INST001,164.8485,168.8055,160.1171,164.9773,2705944.0,EUR
2024-06-26,INST001,165.9238,169.3575,165.3797,167.4714,3221727.0,EUR
2024-06-27,INST001,166.9589,167.0615,166.0244,166.1677,2354216.0,EUR
2024-06-28,INST001,165.6143,168.0551,160.3074,164.0525,2592721.0,EUR
2024-07-01,INST001,165.791,168.3508,163.2986,164.8301,1763638.0,EUR
2024-07-02,INST001,165.6809,168.6493,164.564,167.076,3864182.0,EUR
2024-07-03,INST001,171.851,172.7482,168.2042,171.0455,453518.0,EUR
2024-07-04,INST001,169.7944,174.9876,168.8208,171.0756,3307533.0,EUR
2024-07-05,INST001,167.0327,169.3325,164.7014,168.6023,2675750.0,EUR
2024-07-08,INST001,171.4511,172.7126,167.1087,170.937,3850459.0,EUR
2024-07-09,INST001,168.2771,171.3449,162.7397,167.0255,3388396.0,EUR
2024-07-10,INST001,163.5423,168.0909,161.6951,163.2639,1571783.0,EUR
2024-07-11,INST001,165.5433,166.7408,162.0459,166.7188,1360808.0,EUR
2024-07-12,INST001,166.031,167.5393,162.6577,166.65,2698878.0,EUR
2024-07-15,INST001,163.9386,169.109,160.5,164.4893,801305.0,EUR
2024-07-16,INST001,163.8293,168.8489,159.7136,164.4302,1051118.0,EUR
2024-07-17,INST001,164.637,165.2507,160.7608,165.2234,1357912.0,EUR
2024-07-18,INST001,163.2627,163.2043,158.4791,162.2101,566427.0,EUR
2024-07-19,INST001,162.9124,163.6344,161.9462,163.1183,108474.0,EUR
2024-07-22,INST001,160.6913,163.1592,159.9409,161.4643,1207470.0,EUR
2024-07-23,INST001,162.2404,162.0137,159.5633,161.0279,3378177.0,EUR
2024-07-24,INST001,158.2927,162.1797,156.7695,158.648,4620121.0,EUR
2024-07-25,INST001,159.1073,158.4684,157.0265,158.1958,4985105.0,EUR
2024-07-26,INST001,154.212,155.2199,151.2086,154.6138,1490939.0,EUR
2024-07-29,INST001,156.2811,159.0759,154.1598,155.0877,3978839.0,EUR
2024-07-30,INST001,154.9419,157.7261,154.5469,156.225,2241498.0,EUR
2024-07-31,INST001,152.961,155.2002,150.0669,154.1344,1627018.0,EUR
2024-08-01,INST001,155.9013,158.3459,152.0848,155.2634,4905551.0,EUR
2024-08-02,INST001,154.8327,156.5849,154.2064,155.9232,3710484.0,EUR
2024-08-05,INST001,155.5634,157.7482,153.9717,154.9241,1786018.0,EUR
2024-08-06,INST001,157.4503,160.1146,153.3011,156.9515,1719764.0,EUR
2024-08-07,INST001,154.824,158.66,153.4317,154.4875,287682.0,EUR
2024-08-08,INST001,152.2667,155.9546,148.2246,152.3971,1017350.0,EUR
2024-08-09,INST001,154.8788,155.8311,153.3817,155.6772,1443775.0,EUR
2024-08-12,INST001,157.4794,158.7622,154.8159,157.9473,839425.0,EUR
2024-08-13,INST001,159.5957,163.1094,159.2218,160.6123,3071131.0,EUR
2024-08-14,INST001,157.829,159.6238,157.1705,158.3338,1439019.0,EUR
2024-08-15,INST001,156.3515,157.9119,153.6421,156.3324,612244.0,EUR
2024-08-16,INST001,156.8077,160.0732,153.0105,155.4352,3869961.0,EUR
2024-08-19,INST001,151.3256,153.4998,148.8078,152.311,3968797.0,EUR
2024-08-20,INST001,152.2421,154.4272,148.9651,152.76,2623269.0,EUR
2024-08-21,INST001,151.5061,154.5581,151.0791,152.0028,2370991.0,EUR
2024-08-22,INST001,153.5934,153.2146,149.8094,152.8015,2090716.0,EUR
2024-08-23,INST001,150.3869,153.5614,149.3384,150.4053,2382493.0,EUR
2024-08-26,INST001,146.3123,148.5918,145.1225,147.0443,4772517.0,EUR
2024-08-27,INST001,143.122,144.086,141.5592,143.4833,1509102.0,EUR
2024-08-28,INST001,143.6933,145.1594,144.2024,144.3887,1482863.0,EUR
2024-08-29,INST001,143.6687,144.1396,139.079,142.8358,197245.0,EUR
2024-08-30,INST001,143.2059,146.3809,141.1356,143.7527,3827436.0,EUR
2024-09-02,INST001,147.606,148.2171,145.4302,146.5366,1360158.0,EUR
2024-09-03,INST001,147.1897,147.0522,145.9476,146.6226,4319775.0,EUR
2024-09-04,INST001,141.7808,146.9857,140.7321,143.1395,1491807.0,EUR
2024-09-05,INST001,143.9636,145.8805,143.1213,143.7206,3174934.0,EUR
2024-09-06,INST001,145.4671,147.3438,141.1365,144.5051,2562274.0,EUR
2024-09-09,INST001,145.5158,144.3478,142.134,144.3165,4486530.0,EUR
2024-09-10,INST001,140.6708,143.5145,138.6443,140.8025,3372992.0,EUR
2024-09-11,INST001,141.5779,144.2073,137.2224,141.4048,160445.0,EUR
2024-09-12,INST001,139.5918,139.1547,136.0623,138.6201,4029788.0,EUR
2024-09-13,INST001,136.8438,137.5744,132.7559,136.821,2432833.0,EUR
2024-09-16,INST001,134.3263,137.8705,131.2659,134.0473,172209.0,EUR
2024-09-17,INST001,135.606,137.5088,133.6773,134.5874,1037710.0,EUR
2024-09-18,INST001,134.0066,136.7599,132.556,134.5961,638876.0,EUR
2024-09-19,INST001,133.2581,134.2973,133.0308,133.0647,744476.0,EUR
2024-09-20,INST001,134.2686,137.4588,132.1116,135.0603,1396181.0,EUR
2024-09-23,INST001,137.837,140.2898,137.1909,137.5529,3620634.0,EUR
2024-09-24,INST001,135.3808,137.7726,132.7441,134.347,1499929.0,EUR
2024-09-25,INST001,131.1237,132.4961,128.2981,131.3235,1801199.0,EUR
2024-09-26,INST001,130.0387,131.3198,128.3154,129.7308,4354066.0,EUR
2024-09-27,INST001,128.7765,131.181,126.1724,128.4103,1923992.0,EUR
2024-09-30,INST001,128.2683,132.7355,127.2586,129.2761,3924331.0,EUR
2024-10-01,INST001,125.7739,127.2168,123.7325,126.8413,2293356.0,EUR
2024-10-02,INST001,125.1528,126.6156,123.7729,125.3617,1577614.0,EUR
2024-10-03,INST001,123.2903,123.6575,121.3341,123.3529,3265208.0,EUR
2024-10-04,INST001,122.9813,124.8102,121.297,123.0681,3971025.0,EUR
2024-10-07,INST001,120.8752,122.6313,121.5855,121.7196,640280.0,EUR
2024-10-08,INST001,121.0086,124.2093,117.9277,120.7335,618555.0,EUR
2024-10-09,INST001,119.1626,122.1605,116.0241,119.404,2718943.0,EUR
2024-10-10,INST001,119.8629,121.9314,119.5818,120.4366,1431666.0,EUR
2024-10-11,INST001,122.7309,123.9291,121.7904,121.9822,3650604.0,EUR
2024-10-14,INST001,126.2417,128.2869,124.8381,124.9969,172601.0,EUR
2024-10-15,INST001,125.071,126.9283,120.9022,124.2664,1624657.0,EUR
2024-10-16,INST001,124.1138,127.1185,124.569,124.8081,597676.0,EUR
2024-10-17,INST001,125.4641,127.16,123.1465,125.4922,353883.0,EUR
2024-10-18,INST001,126.0815,129.1437,124.8382,126.8348,4429844.0,EUR
2024-10-21,INST001,130.243,129.7889,127.5503,129.4336,2101330.0,EUR
2024-10-22,INST001,130.8336,135.1509,129.2954,132.0448,3174842.0,EUR
2024-10-23,INST001,134.5624,136.7604,131.9656,134.7865,2107681.0,EUR
2024-10-24,INST001,135.9093,136.8608,132.4974,135.3873,2267792.0,EUR
2024-10-25,INST001,135.7537,136.8051,133.2131,135.4864,3937240.0,EUR
2024-10-28,INST001,135.595,135.4454,132.8157,134.788,2115579.0,EUR
2024-10-29,INST001,134.8816,135.2661,132.5624,134.2518,1953521.0,EUR
2024-10-30,INST001,136.8153,138.3811,135.8615,136.209,4686431.0,EUR
2024-10-31,INST001,138.0577,139.1492,136.3406,139.0308,1216072.0,EUR
2024-11-01,INST001,140.063,140.7403,137.834,140.6066,1980077.0,EUR
2024-11-04,INST001,141.3224,142.3962,139.018,142.0079,2341688.0,EUR
2024-11-05,INST001,137.4455,141.7658,135.7133,138.7482,2628410.0,EUR
2024-11-06,INST001,140.4676,142.7492,136.8541,139.1123,4625213.0,EUR
2024-11-07,INST001,136.5424,138.3614,135.9114,137.6859,1994161.0,EUR
2024-11-08,INST001,139.2533,139.814,134.415,138.0476,1098709.0,EUR
2024-11-11,INST001,136.3256,139.6042,137.4194,137.6468,2983933.0,EUR
2024-11-12,INST001,139.9995,141.339,138.112,139.3359,4620502.0,EUR
2024-11-13,INST001,140.6467,145.7643,137.8062,141.6102,230344.0,EUR
2024-11-14,INST001,143.6408,147.1743,142.4353,144.2999,3857754.0,EUR
2024-11-15,INST001,146.3918,150.2253,143.8825,146.6639,2708228.0,EUR
2024-11-18,INST001,143.9768,144.1454,139.7342,143.6639,542653.0,EUR
2024-11-19,INST001,144.9368,149.5512,141.5185,145.7442,3043782.0,EUR
2024-11-20,INST001,141.5207,146.6743,140.6428,142.8957,3201520.0,EUR
2024-11-21,INST001,143.2742,143.8569,141.9767,143.3802,1641978.0,EUR
2024-11-22,INST001,141.7088,145.8149,140.6534,142.9067,3507882.0,EUR
2024-11-25,INST001,141.9727,145.1109,141.7446,142.2776,1066764.0,EUR
2024-11-26,INST001,144.2763,147.8562,144.8713,145.675,3718106.0,EUR
2024-11-27,INST001,145.5361,147.8477,140.478,144.2433,3064391.0,EUR
2024-11-28,INST001,143.977,144.6734,142.691,144.4899,1344458.0,EUR
2024-11-29,INST001,147.1533,150.6503,142.4045,146.675,1797196.0,EUR
2024-12-02,INST001,146.4184,149.9106,144.4167,147.6849,2827621.0,EUR
2024-12-03,INST001,147.3,150.2816,146.2182,148.032,4380703.0,EUR
2024-12-04,INST001,150.5479,151.518,146.5484,150.0326,434354.0,EUR
2024-12-05,INST001,148.3874,148.9731,146.8085,148.7738,1729872.0,EUR
2024-12-06,INST001,145.3048,148.6323,142.5723,145.8499,1910933.0,EUR
2024-12-09,INST001,142.5214,146.3775,141.8084,142.5491,1067166.0,EUR
2024-12-10,INST001,140.4247,142.7608,138.9142,141.052,2337163.0,EUR
2024-12-11,INST001,143.7022,144.9399,142.7453,143.7212,826414.0,EUR
2024-12-12,INST001,145.707,147.5129,145.6515,145.8011,3293406.0,EUR
2024-12-13,INST001,147.9188,153.2468,145.6132,149.2196,3068548.0,EUR
2024-12-16,INST001,146.5542,150.0644,142.2206,146.1233,611336.0,EUR
2024-12-17,INST001,146.6258,150.2307,146.8234,147.46,2716444.0,EUR
2024-12-18,INST001,151.4277,154.4078,146.9283,149.9528,3180954.0,EUR
2024-12-19,INST001,152.372,155.9344,148.6005,152.9322,3946929.0,EUR
2024-12-20,INST001,153.0333,154.6259,151.7217,152.3574,1049588.0,EUR
2024-12-23,INST001,152.9533,155.817,152.5183,152.7351,4409811.0,EUR
2024-12-24,INST001,150.4691,152.3544,149.6682,150.0839,501116.0,EUR
2024-12-25,INST001,147.7671,149.5547,147.5558,148.6081,234267.0,EUR
2024-12-26,INST001,145.8892,149.1511,146.4637,147.1688,1837153.0,EUR
2024-12-27,INST001,148.6229,151.5014,147.0198,147.9183,4648563.0,EUR
2024-12-30,INST001,152.582,153.3946,150.5767,151.3004,4743039.0,EUR
2024-12-31,INST001,150.672,152.0211,146.745,151.2517,2375743.0,EUR
2022-01-03,INST002,50.6365,51.2318,51.0261,51.1442,4596929.0,USD
2022-01-04,INST002,51.6498,51.3831,49.9689,51.3754,1836488.0,USD
2022-01-05,INST002,50.0697,51.4362,49.5838,50.3705,4355428.0,USD
2022-01-06,INST002,50.4465,51.5767,49.9081,50.7422,3298551.0,USD
2022-01-07,INST002,51.3756,52.6752,49.8464,51.3693,3845370.0,USD
2022-01-10,INST002,51.0169,52.5997,50.466,51.2661,3386127.0,USD
2022-01-11,INST002,50.4003,51.2326,49.5941,50.4334,2050294.0,USD
2022-01-12,INST002,51.0037,52.3927,50.0219,51.4671,937189.0,USD
2022-01-13,INST002,52.9239,53.5726,51.89,52.7018,2219942.0,USD
2022-01-14,INST002,52.7137,53.9667,51.8785,52.9659,4394467.0,USD
2022-01-17,INST002,53.3538,54.4476,53.0699,53.7973,3484775.0,USD
2022-01-18,INST002,55.5005,56.6562,54.3253,55.1334,1490376.0,USD
2022-01-19,INST002,54.2614,55.0778,54.2429,54.6095,1836001.0,USD
2022-01-20,INST002,53.9537,55.5177,52.6996,54.1693,2973897.0,USD
2022-01-21,INST002,53.5677,54.4063,52.6004,53.8923,1404108.0,USD
2022-01-24,INST002,55.154,55.3658,53.166,54.7431,1353180.0,USD
2022-01-25,INST002,55.5274,56.3196,54.4895,55.0147,4430482.0,USD
2022-01-26,INST002,53.7493,53.796,53.1717,53.6539,3426472.0,USD
2022-01-27,INST002,54.3764,55.3678,54.3237,54.789,2309008.0,USD
2022-01-28,INST002,55.6347,56.9668,54.9829,55.4366,856450.0,USD
2022-01-31,INST002,56.8955,57.5537,55.3499,56.5545,2304783.0,USD
2022-02-01,INST002,55.4659,56.274,54.5176,55.5856,4909825.0,USD
2022-02-02,INST002,56.4258,56.7698,54.9309,56.245,4173637.0,USD
2022-02-03,INST002,55.3903,55.9665,54.8087,55.2232,1979125.0,USD
2022-02-04,INST002,55.8303,55.6972,54.013,55.5492,1947884.0,USD
2022-02-07,INST002,57.0785,57.4896,55.5745,56.7539,1491079.0,USD
2022-02-08,INST002,58.0777,59.2612,57.0276,58.1279,4898276.0,USD
2022-02-09,INST002,56.5427,57.4487,55.6733,57.0684,2721685.0,USD
2022-02-10,INST002,57.8495,59.0141,57.027,57.9007,1732117.0,USD
2022-02-11,INST002,58.6649,58.9226,58.0867,58.7837,2538820.0,USD
2022-02-14,INST002,59.7757,60.343,59.4695,60.1822,3273517.0,USD
2022-02-15,INST002,61.1092,62.5562,60.0997,61.0041,2938571.0,USD
2022-02-16,INST002,59.6817,60.9748,59.2886,60.217,3214185.0,USD
2022-02-17,INST002,61.254,62.2341,61.1744,61.3239,2231003.0,USD
2022-02-18,INST002,62.8178,63.5507,62.0645,62.7115,4549939.0,USD
2022-02-21,INST002,61.7961,62.45,60.995,62.3647,4092475.0,USD
2022-02-22,INST002,62.2754,61.8263,61.6095,61.803,4545497.0,USD
2022-02-23,INST002,62.7189,64.3347,60.9529,62.587,1450434.0,USD
2022-02-24,INST002,62.2404,63.2113,61.5115,62.7031,4892874.0,USD
2022-02-25,INST002,62.2437,63.3935,61.0477,62.7264,4683650.0,USD
2022-02-28,INST002,63.0699,63.8476,62.3322,62.5931,4680609.0,USD
2022-03-01,INST002,62.2125,64.1331,62.5578,62.8113,4553279.0,USD
2022-03-02,INST002,63.9764,64.2209,63.7794,64.1758,470190.0,USD
2022-03-03,INST002,63.6978,63.9231,63.6525,63.7484,2735825.0,USD
2022-03-04,INST002,63.0968,64.2892,61.9285,62.5716,785803.0,USD
2022-03-07,INST002,62.773,63.3991,61.7067,62.7983,380505.0,USD
2022-03-08,INST002,62.7566,63.409,60.921,62.5058,2120859.0,USD
2022-03-09,INST002,63.002,65.3712,62.5678,63.5802,3039472.0,USD
2022-03-10,INST002,64.4566,65.0537,62.799,64.0531,386275.0,USD
2022-03-11,INST002,63.9418,63.8514,62.5953,63.5307,2561704.0,USD
2022-03-14,INST002,64.3248,65.1215,64.764,64.902,4620111.0,USD
2022-03-15,INST002,64.3386,64.2537,63.5782,64.0789,1266000.0,USD
2022-03-16,INST002,66.0008,66.2569,65.1866,65.5087,1986725.0,USD
2022-03-17,INST002,66.5084,67.4045,66.244,66.9924,1128289.0,USD
2022-03-18,INST002,66.3099,67.9838,66.3332,66.8239,696665.0,USD
2022-03-21,INST002,65.7204,67.093,65.1125,66.0222,1374237.0,USD
2022-03-22,INST002,67.7452,67.5445,67.3011,67.4105,2454610.0,USD
2022-03-23,INST002,67.4408,68.7489,66.2854,67.1423,597769.0,USD
2022-03-24,INST002,65.7922,67.5244,64.5635,66.1088,1931592.0,USD
2022-03-25,INST002,65.638,67.4996,65.2421,66.0192,2372167.0,USD
2022-03-28,INST002,64.9864,65.7638,63.597,65.4682,4176196.0,USD
2022-03-29,INST002,65.2919,65.5111,63.8525,65.2182,1436206.0,USD
2022-03-30,INST002,65.75,66.8928,65.0774,65.6439,424350.0,USD
2022-03-31,INST002,64.6497,65.5692,64.5381,64.5422,3480007.0,USD
2022-04-01,INST002,65.7539,66.6811,64.2142,65.7264,1733132.0,USD
2022-04-04,INST002,65.0246,66.936,65.3068,65.5562,4385248.0,USD
2022-04-05,INST002,64.0259,64.3367,63.6228,64.0247,4093463.0,USD
2022-04-06,INST002,63.7373,64.2603,62.9967,64.0207,4655078.0,USD
2022-04-07,INST002,62.2425,63.8936,62.4089,62.675,3619331.0,USD
2022-04-08,INST002,63.6636,66.0527,62.5,64.2154,1732871.0,USD
2022-04-11,INST002,62.8043,64.4474,63.1239,63.3507,3019639.0,USD
2022-04-12,INST002,64.4735,64.3571,63.5237,64.0293,3317927.0,USD
2022-04-13,INST002,64.1451,65.4837,62.337,64.1935,2763147.0,USD
2022-04-14,INST002,64.6905,65.8305,64.2954,64.4261,4938172.0,USD
2022-04-15,INST002,65.5388,66.5331,64.1032,65.3064,1530526.0,USD
2022-04-18,INST002,64.6064,65.7292,64.4028,64.9473,1744493.0,USD
2022-04-19,INST002,66.324,68.0984,64.9851,66.1217,550380.0,USD
2022-04-20,INST002,66.2521,67.3968,64.8616,65.9206,1575413.0,USD
2022-04-21,INST002,66.8881,67.1781,65.8914,66.4509,1957375.0,USD
2022-04-22,INST002,67.6099,69.0983,66.252,67.7221,973051.0,USD
2022-04-25,INST002,68.5007,69.2536,68.6967,69.0043,653912.0,USD
2022-04-26,INST002,70.4952,72.1084,69.6341,70.728,956813.0,USD
2022-04-27,INST002,71.3078,71.9177,70.1983,71.6293,3109194.0,USD
2022-04-28,INST002,73.2213,73.4444,72.8723,72.8906,1755456.0,USD
2022-04-29,INST002,74.8787,75.9932,73.2118,74.6051,1708597.0,USD
2022-05-02,INST002,75.0262,76.9287,73.5023,75.6855,3028317.0,USD
2022-05-03,INST002,77.0272,78.7572,76.401,76.6086,776891.0,USD
2022-05-04,INST002,76.4427,77.0734,75.2142,75.9714,2348162.0,USD
2022-05-05,INST002,76.9001,77.8933,75.7795,77.1705,100071.0,USD
2022-05-06,INST002,78.4941,79.5624,77.5636,78.3656,1655081.0,USD
2022-05-09,INST002,76.3033,78.9548,76.655,77.0214,4518071.0,USD
2022-05-10,INST002,77.6614,77.7702,75.3708,77.2398,2490707.0,USD
2022-05-11,INST002,78.6422,79.3088,77.8029,77.9652,1658486.0,USD
2022-05-12,INST002,77.7748,78.8748,77.5258,78.0147,1466464.0,USD
2022-05-13,INST002,75.9634,77.3102,74.1865,76.4432,3625441.0,USD
2022-05-16,INST002,75.3462,77.6547,75.1346,75.6599,3032786.0,USD
2022-05-17,INST002,73.6932,75.062,72.2661,74.3503,826981.0,USD
2022-05-18,INST002,74.2444,75.6352,73.694,74.844,3523584.0,USD
2022-05-19,INST002,74.3611,75.1826,72.558,74.794,4499816.0,USD
2022-05-20,INST002,75.193,76.6179,75.151,75.56,2060240.0,USD
2022-05-23,INST002,75.5834,77.2015,74.7029,75.2319,1838459.0,USD
2022-05-24,INST002,74.2617,75.7803,73.538,74.2205,4869142.0,USD
2022-05-25,INST002,74.5903,74.0309,73.722,73.9967,3251759.0,USD
2022-05-26,INST002,72.589,73.5259,71.0356,72.9004,4068066.0,USD
2022-05-27,INST002,72.1519,73.7105,70.9554,72.3386,4895514.0,USD
2022-05-30,INST002,70.4115,70.9566,69.2778,70.9217,1525229.0,USD
2022-05-31,INST002,71.0526,71.1043,70.9086,71.0757,1250605.0,USD
2022-06-01,INST002,70.5353,71.9866,69.677,70.2505,161046.0,USD
2022-06-02,INST002,71.6791,72.7163,70.4368,71.1214,2264502.0,USD
2022-06-03,INST002,71.0316,71.3969,70.0051,70.3561,1669482.0,USD
2022-06-06,INST002,70.5941,70.7745,68.8786,70.115,1593422.0,USD
2022-06-07,INST002,69.7815,70.1976,68.061,69.9854,2161480.0,USD
2022-06-08,INST002,70.3211,70.2993,69.0975,69.9381,630048.0,USD
2022-06-09,INST002,71.6658,72.2922,70.1106,71.5197,435060.0,USD
2022-06-10,INST002,72.0914,74.51,72.0146,72.6769,1460713.0,USD
2022-06-13,INST002,71.4068,73.4211,71.6676,71.8879,788677.0,USD
2022-06-14,INST002,74.1239,74.8723,73.3337,73.4387,207355.0,USD
2022-06-15,INST002,73.1176,74.7915,72.343,73.2609,1786033.0,USD
2022-06-16,INST002,73.3079,73.9941,73.2593,73.611,1170754.0,USD
2022-06-17,INST002,72.662,73.2405,71.5636,72.998,242791.0,USD
2022-06-20,INST002,74.8468,76.3261,72.9238,74.6991,3883428.0,USD
2022-06-21,INST002,73.3287,75.4816,71.823,73.4914,280878.0,USD
2022-06-22,INST002,74.6062,74.2053,73.928,74.078,2750211.0,USD
2022-06-23,INST002,76.1745,75.981,75.5083,75.7906,4141341.0,USD
2022-06-24,INST002,77.6169,79.4257,77.052,77.5268,3124615.0,USD
2022-06-27,INST002,76.2835,77.648,75.1185,75.8275,1926811.0,USD
2022-06-28,INST002,75.6889,76.1415,75.1698,75.4922,2762239.0,USD
2022-06-29,INST002,75.8429,76.4654,74.5245,75.6605,3890701.0,USD
2022-06-30,INST002,74.8518,77.2886,74.7042,75.2304,1399701.0,USD
2022-07-01,INST002,74.5087,77.4463,74.8549,75.2179,4863458.0,USD
2022-07-04,INST002,76.8607,76.7601,75.0161,76.5997,4054618.0,USD
2022-07-05,INST002,76.0835,77.0467,75.4274,76.6509,2682668.0,USD
2022-07-06,INST002,76.182,77.9108,73.8821,75.8142,4406777.0,USD
2022-07-07,INST002,76.7464,77.1422,76.489,76.7443,1192436.0,USD
2022-07-08,INST002,77.8533,78.4462,75.2646,77.2078,574716.0,USD
2022-07-11,INST002,77.6815,77.3664,76.5818,76.9633,4953615.0,USD
2022-07-12,INST002,78.3205,79.6318,76.9972,77.7956,4534763.0,USD
2022-07-13,INST002,78.2458,78.7681,76.8911,78.1519,4118320.0,USD
2022-07-14,INST002,78.7387,80.7685,78.5206,78.9408,2926726.0,USD
2022-07-15,INST002,77.286,79.5478,76.1977,77.8868,2160021.0,USD
2022-07-18,INST002,77.017,78.0366,76.4618,77.5378,2771909.0,USD
2022-07-19,INST002,77.0736,78.6044,75.9622,77.7343,203824.0,USD
2022-07-20,INST002,76.3344,77.4077,75.3555,76.8966,119911.0,USD
2022-07-21,INST002,77.6875,78.652,76.1358,77.5573,4986430.0,USD
2022-07-22,INST002,78.5989,81.1287,79.1479,79.2891,843835.0,USD
2022-07-25,INST002,77.1738,78.1353,76.6619,77.585,4110048.0,USD
2022-07-26,INST002,79.443,79.9863,78.8113,79.3674,1170228.0,USD
2022-07-27,INST002,80.5996,81.8099,79.9711,80.097,2631591.0,USD
2022-07-28,INST002,80.0509,80.6278,78.82,79.3657,2463095.0,USD
2022-07-29,INST002,80.1442,81.3105,79.7721,80.4828,2578343.0,USD
2022-08-01,INST002,81.0218,82.586,78.4081,80.8319,2114555.0,USD
2022-08-02,INST002,80.473,82.8789,80.8161,80.9,3732986.0,USD
2022-08-03,INST002,79.3685,81.4118,78.3654,79.4878,340322.0,USD
2022-08-04,INST002,79.0717,79.6211,78.2277,78.4995,1899921.0,USD
2022-08-05,INST002,78.9636,81.8611,78.3435,79.7109,1662587.0,USD
2022-08-08,INST002,80.5972,81.4673,79.2693,80.9732,1293648.0,USD
2022-08-09,INST002,81.0846,81.235,78.8833,80.8563,2801239.0,USD
2022-08-10,INST002,80.0303,80.6223,80.1396,80.23,3030430.0,USD
2022-08-11,INST002,79.001,79.8094,78.1772,78.5961,2408922.0,USD
2022-08-12,INST002,77.7459,77.6173,77.0022,77.1891,2907662.0,USD
2022-08-15,INST002,78.5435,79.464,77.0974,79.0004,2471259.0,USD
2022-08-16,INST002,80.1412,81.9644,78.4075,79.8659,1147580.0,USD
2022-08-17,INST002,79.2184,80.0728,78.149,79.8347,4691411.0,USD
2022-08-18,INST002,81.0613,82.305,79.3476,81.1637,1465684.0,USD
2022-08-19,INST002,79.1658,79.6172,77.2506,79.3766,3948182.0,USD
2022-08-22,INST002,78.5725,78.5568,77.7587,78.5321,1541386.0,USD
2022-08-23,INST002,79.0557,80.0017,76.7672,79.0346,2364070.0,USD
2022-08-24,INST002,77.9934,78.8334,78.3231,78.5354,4922168.0,USD
2022-08-25,INST002,78.7575,81.4155,76.8909,79.132,3203583.0,USD
2022-08-26,INST002,79.4613,81.8724,78.5153,79.6218,160724.0,USD
2022-08-29,INST002,79.5019,81.7691,78.7403,79.6877,3686056.0,USD
2022-08-30,INST002,79.1295,80.4422,78.4256,78.6336,251073.0,USD
2022-08-31,INST002,77.2748,78.5569,75.8396,77.75,2071771.0,USD
2022-09-01,INST002,79.0613,79.7595,78.5722,78.8123,2355052.0,USD
2022-09-02,INST002,79.7102,80.5071,79.5686,80.4957,4171605.0,USD
2022-09-05,INST002,80.6035,80.7689,78.6069,80.494,1690526.0,USD
2022-09-06,INST002,79.4824,81.6719,79.0858,80.0626,2170972.0,USD
2022-09-07,INST002,80.5498,81.6204,80.1821,80.6463,1154430.0,USD
2022-09-08,INST002,79.3881,80.0005,77.993,79.3753,2478366.0,USD
2022-09-09,INST002,78.4116,78.8844,77.1565,77.7285,4008165.0,USD
2022-09-12,INST002,76.5443,77.4548,74.9194,76.4362,1377862.0,USD
2022-09-13,INST002,76.9796,78.4575,74.9012,76.6457,1526591.0,USD
2022-09-14,INST002,78.2553,78.2818,76.3116,77.4932,1089413.0,USD
2022-09-15,INST002,77.7279,78.0758,75.7614,78.0646,4314671.0,USD
2022-09-16,INST002,78.5535,80.5396,77.2783,78.7772,1974235.0,USD
2022-09-19,INST002,77.3138,79.2145,75.9083,77.1819,4399484.0,USD
2022-09-20,INST002,75.9335,77.487,76.0194,76.3823,1196278.0,USD
2022-09-21,INST002,76.5093,76.5084,74.228,76.3141,1794337.0,USD
2022-09-22,INST002,75.6866,76.9685,73.4065,75.0728,4776323.0,USD
2022-09-23,INST002,76.4015,78.2638,76.2116,76.9049,1141511.0,USD
2022-09-26,INST002,76.3836,77.6563,76.4297,76.491,473218.0,USD
2022-09-27,INST002,76.6468,78.3635,75.2411,76.985,4268003.0,USD
2022-09-28,INST002,76.2703,77.419,74.5955,75.627,4159871.0,USD
2022-09-29,INST002,74.2139,75.4925,73.0868,74.6207,2569281.0,USD
2022-09-30,INST002,75.6858,78.1045,74.63,76.0628,107217.0,USD
2022-10-03,INST002,78.4454,78.122,75.8812,77.7036,220436.0,USD
2022-10-04,INST002,75.7795,78.09,74.1105,75.8271,939787.0,USD
2022-10-05,INST002,77.3899,77.0282,75.4841,76.7748,4282241.0,USD
2022-10-06,INST002,76.9014,77.4172,75.4131,77.0564,3141421.0,USD
2022-10-07,INST002,76.344,76.3665,74.8169,75.6744,3688288.0,USD
2022-10-10,INST002,75.6159,76.197,74.3808,75.191,2044972.0,USD
2022-10-11,INST002,73.6356,75.7041,73.6425,73.7297,4150968.0,USD
2022-10-12,INST002,71.5292,74.0425,71.4537,72.0831,3994385.0,USD
2022-10-13,INST002,72.8837,73.4494,72.3549,72.8961,4356170.0,USD
2022-10-14,INST002,73.8299,74.4376,73.7005,74.405,2367533.0,USD
2022-10-17,INST002,73.3181,74.991,71.0364,72.9194,1853448.0,USD
2022-10-18,INST002,71.6522,72.4293,70.7145,71.481,2621823.0,USD
2022-10-19,INST002,73.5458,73.7807,71.305,72.9403,3482512.0,USD
2022-10-20,INST002,73.1774,74.0055,71.449,73.4531,4510279.0,USD
2022-10-21,INST002,74.6431,75.9975,74.4689,74.597,2805307.0,USD
2022-10-24,INST002,72.151,73.0619,71.8813,72.76,3398827.0,USD
2022-10-25,INST002,73.502,73.6469,71.8935,73.3349,3634568.0,USD
2022-10-26,INST002,74.5039,75.9478,72.0433,74.2396,1282163.0,USD
2022-10-27,INST002,75.3337,76.1577,75.1409,75.6186,997697.0,USD
2022-10-28,INST002,74.3283,75.6796,72.6107,74.6314,739023.0,USD
2022-10-31,INST002,75.2426,76.095,73.8283,75.5747,3692452.0,USD
2022-11-01,INST002,75.1437,76.9531,74.2303,75.1864,2092847.0,USD
2022-11-02,INST002,74.8539,76.8152,74.4231,75.0046,4879000.0,USD
2022-11-03,INST002,74.8853,75.5925,75.3407,75.5406,1985603.0,USD
2022-11-04,INST002,74.13,75.7891,71.8409,73.9983,2170776.0,USD
2022-11-07,INST002,72.6702,73.5231,71.4325,72.9649,3783503.0,USD
2022-11-08,INST002,71.2311,72.1332,70.8291,71.7238,1128018.0,USD
2022-11-09,INST002,71.8375,71.8355,70.829,71.5626,4336724.0,USD
2022-11-10,INST002,69.4863,70.9907,69.7826,69.8247,3064093.0,USD
2022-11-11,INST002,69.6176,70.1863,67.8606,69.7137,2716662.0,USD
2022-11-14,INST002,69.6853,70.338,68.3373,69.2659,860823.0,USD
2022-11-15,INST002,70.5711,71.4323,68.7312,70.4136,1455681.0,USD
2022-11-16,INST002,69.2153,69.9117,68.3115,68.8378,1208876.0,USD
2022-11-17,INST002,68.8442,70.1765,67.9527,68.5558,3368803.0,USD
2022-11-18,INST002,66.7412,67.5783,65.9899,67.2341,2041259.0,USD
2022-11-21,INST002,69.5181,70.4205,67.0111,68.8931,532199.0,USD
2022-11-22,INST002,71.0604,70.528,69.2275,70.404,2891824.0,USD
2022-11-23,INST002,68.9684,70.4563,67.8004,69.0505,4928747.0,USD
2022-11-24,INST002,69.6206,70.0691,67.3754,69.3005,3671093.0,USD
2022-11-25,INST002,70.1032,70.6848,68.3965,69.6152,4559348.0,USD
2022-11-28,INST002,68.2265,69.2643,66.9818,68.108,2713382.0,USD
2022-11-29,INST002,68.5112,70.756,67.301,69.0674,3829180.0,USD
2022-11-30,INST002,68.6958,69.3439,66.9202,68.4116,838254.0,USD
2022-12-01,INST002,68.7104,71.3738,68.8503,69.3768,1228235.0,USD
2022-12-02,INST002,70.7224,72.9402,69.6566,71.052,4337288.0,USD
2022-12-05,INST002,73.4204,73.77,72.2624,72.7045,2116168.0,USD
2022-12-06,INST002,71.1908,73.6504,70.9457,71.7858,1631045.0,USD
2022-12-07,INST002,71.2317,72.0659,69.8088,71.7612,1211330.0,USD
2022-12-08,INST002,73.1286,73.7427,72.4592,72.9868,4815340.0,USD
2022-12-09,INST002,73.6396,75.1992,72.13,73.1793,704112.0,USD
2022-12-12,INST002,71.3424,71.6302,69.9007,71.4048,269300.0,USD
2022-12-13,INST002,71.4113,72.0298,70.4212,70.9471,1966035.0,USD
2022-12-14,INST002,70.5341,70.6766,69.5695,70.4564,4524800.0,USD
2022-12-15,INST002,71.7479,72.0553,69.1796,71.1016,3865198.0,USD
2022-12-16,INST002,69.2056,71.1246,68.5161,69.6982,2985627.0,USD
2022-12-19,INST002,68.0498,68.9621,67.5825,68.0014,4243504.0,USD
2022-12-20,INST002,69.7314,70.1021,68.5251,69.0629,3379328.0,USD
2022-12-21,INST002,69.2261,69.8629,68.1057,69.4565,1369567.0,USD
2022-12-22,INST002,67.4487,68.5646,67.1337,67.7271,2621678.0,USD
2022-12-23,INST002,67.6226,69.3855,66.8712,68.0205,2476331.0,USD
2022-12-26,INST002,67.047,67.3655,65.8367,66.4773,2102877.0,USD
2022-12-27,INST002,65.1602,65.9069,63.7929,65.6237,4159223.0,USD
2022-12-28,INST002,66.4376,67.1127,64.8074,66.2686,1461767.0,USD
2022-12-29,INST002,66.9097,68.9458,65.9975,67.4094,4888451.0,USD
2022-12-30,INST002,67.6578,67.5643,67.0457,67.0585,4721168.0,USD
2023-01-02,INST002,66.7218,67.8227,66.3287,67.2319,3071833.0,USD
2023-01-03,INST002,65.7209,67.7054,65.1586,66.3716,4667679.0,USD
2023-01-04,INST002,65.5722,65.8806,63.749,65.7204,3052848.0,USD
2023-01-05,INST002,67.0579,67.0844,65.5494,66.5727,2171248.0,USD
2023-01-06,INST002,64.9392,66.3218,64.0413,65.373,3687802.0,USD
2023-01-09,INST002,65.9539,68.0555,65.5235,66.4861,3139812.0,USD
2023-01-10,INST002,66.0256,65.9072,64.7761,65.5481,4451149.0,USD
2023-01-11,INST002,67.2696,67.5072,65.011,66.7099,3542322.0,USD
2023-01-12,INST002,64.811,66.7867,64.3476,65.1254,3036931.0,USD
2023-01-13,INST002,66.6012,67.732,65.5524,66.0868,2330364.0,USD
2023-01-16,INST002,65.8926,67.6784,65.0059,66.0421,1341986.0,USD
2023-01-17,INST002,63.9226,65.3232,63.8366,64.5588,2171182.0,USD
2023-01-18,INST002,63.2626,64.8135,62.8822,63.0752,4093321.0,USD
2023-01-19,INST002,64.5734,65.6983,63.078,64.2354,4200486.0,USD
2023-01-20,INST002,63.2588,64.2413,62.367,63.5344,1136215.0,USD
2023-01-23,INST002,64.5461,65.1731,63.599,64.8601,4360607.0,USD
2023-01-24,INST002,65.5605,67.0008,64.2793,66.1903,4727280.0,USD
2023-01-25,INST002,65.8168,66.288,65.2652,65.373,4635649.0,USD
2023-01-26,INST002,64.8509,64.962,63.8969,64.3045,1528839.0,USD
2023-01-27,INST002,64.6423,66.1735,63.0122,64.7622,3172939.0,USD
2023-01-30,INST002,65.8882,67.653,64.5858,65.7588,1243783.0,USD
2023-01-31,INST002,66.3922,67.769,65.2231,66.3279,2609645.0,USD
2023-02-01,INST002,65.2164,66.4573,64.1607,64.7867,2690708.0,USD
2023-02-02,INST002,63.4092,63.9094,62.9587,63.2967,969318.0,USD
2023-02-03,INST002,62.7271,63.5427,61.4317,62.157,3183795.0,USD
2023-02-06,INST002,62.4144,63.6143,61.3585,62.1228,3750670.0,USD
2023-02-07,INST002,63.2942,63.6656,62.0434,63.1636,106800.0,USD
2023-02-08,INST002,64.3266,66.0158,62.8406,64.3755,2929651.0,USD
2023-02-09,INST002,63.9263,64.2522,62.5461,63.8681,3147511.0,USD
2023-02-10,INST002,65.1005,65.4089,63.7115,65.0318,811730.0,USD
2023-02-13,INST002,64.6854,65.5593,64.0691,64.5957,3871212.0,USD
2023-02-14,INST002,65.9834,67.8042,64.0591,65.9597,4068030.0,USD
2023-02-15,INST002,66.5028,67.7806,66.4776,66.6236,4430846.0,USD
2023-02-16,INST002,66.9469,67.564,67.2928,67.3897,4652256.0,USD
2023-02-17,INST002,67.6603,67.6024,65.8165,67.3066,4108933.0,USD
2023-02-20,INST002,67.9493,68.8552,67.3843,68.1615,3455127.0,USD
2023-02-21,INST002,68.2282,68.1916,66.0342,67.6393,432403.0,USD
2023-02-22,INST002,69.2081,68.9247,67.8112,68.905,3573711.0,USD
2023-02-23,INST002,69.0066,69.9086,67.721,69.3839,1112218.0,USD
2023-02-24,INST002,68.6341,70.8652,68.6137,69.152,4590956.0,USD
2023-02-27,INST002,70.3568,71.3914,69.6409,70.0187,4084421.0,USD
2023-02-28,INST002,71.2783,71.6664,69.6641,70.8256,3101601.0,USD
2023-03-01,INST002,72.8884,74.2676,70.209,72.2021,1098979.0,USD
2023-03-02,INST002,71.8534,72.2463,70.0054,71.1969,4261154.0,USD
2023-03-03,INST002,70.0633,69.9902,68.5389,69.5847,305174.0,USD
2023-03-06,INST002,68.9275,68.7213,67.0335,68.6692,1427406.0,USD
2023-03-07,INST002,69.7119,70.8947,69.894,70.3005,1758612.0,USD
2023-03-08,INST002,68.6252,69.3956,67.6074,68.8496,1001032.0,USD
2023-03-09,INST002,69.808,70.1242,69.169,69.2833,967766.0,USD
2023-03-10,INST002,69.4575,71.5538,69.518,69.6845,2551484.0,USD
2023-03-13,INST002,68.8761,69.6016,67.9066,68.6897,1317881.0,USD
2023-03-14,INST002,69.5881,69.7893,68.0195,68.9065,4018682.0,USD
2023-03-15,INST002,68.2998,68.0233,65.885,67.806,2544052.0,USD
2023-03-16,INST002,66.2187,67.7545,66.2647,66.7266,108981.0,USD
2023-03-17,INST002,66.1164,66.8521,66.415,66.433,4209115.0,USD
2023-03-20,INST002,67.187,67.3907,65.9172,66.6725,4364833.0,USD
2023-03-21,INST002,66.9661,68.804,67.1807,67.4501,4814291.0,USD
2023-03-22,INST002,65.7921,66.4917,65.0375,66.1115,4052461.0,USD
2023-03-23,INST002,64.2909,66.2569,64.3531,64.8476,2241750.0,USD
2023-03-24,INST002,63.5435,63.9941,62.4452,63.8717,3574129.0,USD
2023-03-27,INST002,64.8957,65.5388,63.8027,64.4102,1160091.0,USD
2023-03-28,INST002,64.5059,64.824,63.0829,64.4439,3171969.0,USD
2023-03-29,INST002,64.0025,65.7945,63.3756,64.1828,265669.0,USD
2023-03-30,INST002,62.9659,63.284,61.8525,62.6741,3824155.0,USD
2023-03-31,INST002,63.5744,63.8718,63.3963,63.4521,4219413.0,USD
2023-04-03,INST002,63.4228,63.3284,63.2435,63.3238,1139020.0,USD
2023-04-04,INST002,62.8267,64.65,62.2054,63.3346,2775913.0,USD
2023-04-05,INST002,63.4514,64.9949,62.8252,63.821,658877.0,USD
2023-04-06,INST002,62.2942,63.633,61.143,62.8911,4639080.0,USD
2023-04-07,INST002,63.5458,64.7155,63.041,63.2355,329384.0,USD
2023-04-10,INST002,62.7712,64.3366,61.652,62.7143,1595129.0,USD
2023-04-11,INST002,62.1041,62.7511,60.6949,62.0866,4547975.0,USD
2023-04-12,INST002,63.6854,63.163,62.8629,63.0662,1076681.0,USD
2023-04-13,INST002,62.9917,64.5606,61.9185,63.1352,1823969.0,USD
2023-04-14,INST002,64.9573,65.0917,62.8124,64.6382,2295435.0,USD
2023-04-17,INST002,65.6338,67.814,63.9845,65.8546,1021081.0,USD
2023-04-18,INST002,66.9718,68.514,65.3073,66.6705,475914.0,USD
2023-04-19,INST002,65.2465,66.4093,64.0086,65.5938,2730739.0,USD
2023-04-20,INST002,66.5261,67.685,64.6426,66.1902,594488.0,USD
2023-04-21,INST002,65.1609,65.0773,63.4582,64.8387,3169891.0,USD
2023-04-24,INST002,65.1222,65.0512,62.9415,64.8722,3716831.0,USD
2023-04-25,INST002,66.454,67.4355,64.4453,65.9981,1515476.0,USD
2023-04-26,INST002,66.1471,66.5253,64.944,65.6177,3587165.0,USD
2023-04-27,INST002,65.5226,66.0294,65.7374,65.9544,916736.0,USD
2023-04-28,INST002,64.6058,65.0929,64.0498,64.5233,4083091.0,USD
2023-05-01,INST002,65.3449,67.514,65.4367,65.9383,521177.0,USD
2023-05-02,INST002,64.7579,65.8389,64.0643,65.016,3921071.0,USD
2023-05-03,INST002,63.9664,65.0532,63.0216,63.603,1364651.0,USD
2023-05-04,INST002,62.6271,63.4634,61.2225,62.8556,4959564.0,USD
2023-05-05,INST002,60.9853,61.8989,61.208,61.4784,1317654.0,USD
2023-05-08,INST002,61.1379,61.3683,59.8479,60.7277,459241.0,USD
2023-05-09,INST002,60.9876,62.3075,60.3606,60.8331,2699089.0,USD
2023-05-10,INST002,59.6662,59.8684,59.2991,59.6687,1963105.0,USD
2023-05-11,INST002,59.7996,61.1747,58.2434,59.5665,3947142.0,USD
2023-05-12,INST002,59.4381,60.6489,57.8318,59.0856,2915146.0,USD
2023-05-15,INST002,60.0775,61.1205,59.8482,59.9599,3870579.0,USD
2023-05-16,INST002,60.0841,59.8549,58.9983,59.568,1634133.0,USD
2023-05-17,INST002,58.1919,58.9756,57.1627,58.626,2247545.0,USD
2023-05-18,INST002,57.2892,58.9583,55.9409,57.5839,958442.0,USD
2023-05-19,INST002,57.756,57.8492,56.2031,57.8406,2063091.0,USD
2023-05-22,INST002,57.7278,59.3776,56.2124,57.9139,4982464.0,USD
2023-05-23,INST002,57.0739,57.7087,56.4121,57.0169,174995.0,USD
2023-05-24,INST002,55.3959,56.5177,54.5511,55.6239,3417548.0,USD
2023-05-25,INST002,54.5155,55.8508,54.0219,54.9307,3814939.0,USD
2023-05-26,INST002,54.3197,55.3257,54.6306,54.6821,4696528.0,USD
2023-05-29,INST002,54.1672,53.819,53.4607,53.7434,1427441.0,USD
2023-05-30,INST002,54.5741,55.8728,53.9024,54.9161,3667770.0,USD
2023-05-31,INST002,54.5618,54.6479,52.6723,54.1596,3247209.0,USD
2023-06-01,INST002,55.6725,56.8598,54.3983,55.3568,4879366.0,USD
2023-06-02,INST002,55.1283,55.9766,55.538,55.682,249776.0,USD
2023-06-05,INST002,56.3083,57.3655,54.9961,56.2811,1169881.0,USD
2023-06-06,INST002,57.2565,58.6015,56.0831,57.3732,4631370.0,USD
2023-06-07,INST002,58.8818,59.9043,58.1828,58.421,644260.0,USD
2023-06-08,INST002,58.9978,59.2466,58.8598,59.1665,2199095.0,USD
2023-06-09,INST002,59.3934,60.1392,58.308,59.2651,1409004.0,USD
2023-06-12,INST002,60.3309,60.6634,59.8451,60.1133,2492630.0,USD
2023-06-13,INST002,58.7327,60.5857,57.4457,58.9948,3353319.0,USD
2023-06-14,INST002,58.9496,59.7087,57.596,59.3443,875155.0,USD
2023-06-15,INST002,58.0667,58.8083,57.5285,58.1848,3953879.0,USD
2023-06-16,INST002,58.1654,58.5296,56.5691,57.9434,3538136.0,USD
2023-06-19,INST002,59.7054,60.9628,58.9495,59.2586,1868681.0,USD
2023-06-20,INST002,59.6774,61.3808,58.0033,59.6884,4972657.0,USD
2023-06-21,INST002,61.2284,62.1492,60.4078,60.8331,687261.0,USD
2023-06-22,INST002,62.7694,64.0631,62.0552,62.3055,475801.0,USD
2023-06-23,INST002,61.5859,62.1718,60.4766,61.0565,1269742.0,USD
2023-06-26,INST002,61.1253,61.866,59.1297,60.7189,330331.0,USD
2023-06-27,INST002,61.0289,62.1619,60.8566,61.2431,3429206.0,USD
2023-06-28,INST002,60.8069,60.6597,59.5318,60.6188,4050967.0,USD
2023-06-29,INST002,59.7738,61.2109,58.8642,59.7122,3416207.0,USD
2023-06-30,INST002,60.0401,61.9402,60.2973,60.3492,919371.0,USD
2023-07-03,INST002,61.5494,63.4091,61.1378,61.6729,4681116.0,USD
2023-07-04,INST002,61.4678,62.511,59.9516,61.4718,3637314.0,USD
2023-07-05,INST002,62.7515,64.5404,62.7643,62.892,1328102.0,USD
2023-07-06,INST002,62.8212,63.879,60.6596,62.223,655769.0,USD
2023-07-07,INST002,61.6883,61.6967,61.3651,61.6472,1153661.0,USD
2023-07-10,INST002,62.3436,63.2086,62.5826,62.6389,3030553.0,USD
2023-07-11,INST002,61.9343,62.3348,59.9973,61.57,1605218.0,USD
2023-07-12,INST002,61.9322,62.9786,60.3009,61.9539,2970334.0,USD
2023-07-13,INST002,64.0066,64.6189,62.8992,63.4157,4786752.0,USD
2023-07-14,INST002,62.6723,63.4145,62.3681,62.6494,4087518.0,USD
2023-07-17,INST002,60.8876,61.9973,60.2442,61.0989,2631592.0,USD
2023-07-18,INST002,60.8204,61.6292,59.5152,60.4193,203193.0,USD
2023-07-19,INST002,60.043,61.0637,58.8964,59.6088,1779626.0,USD
2023-07-20,INST002,60.009,60.9742,59.0278,59.8973,966793.0,USD
2023-07-21,INST002,60.8482,61.9213,59.2951,60.8551,2089368.0,USD
2023-07-24,INST002,61.9638,61.8908,61.5076,61.8584,3529705.0,USD
2023-07-25,INST002,61.922,63.3567,60.7966,62.0135,2155503.0,USD
2023-07-26,INST002,61.2775,62.728,60.2518,61.3071,102302.0,USD
2023-07-27,INST002,60.2443,60.5147,58.8377,60.3432,4669843.0,USD
2023-07-28,INST002,59.7508,60.1955,58.8637,60.1404,939029.0,USD
2023-07-31,INST002,60.3768,61.3989,59.5604,60.3945,3784068.0,USD
2023-08-01,INST002,61.6537,61.8989,60.1532,61.1352,4962784.0,USD
2023-08-02,INST002,62.6983,63.7463,61.6728,62.0791,2293839.0,USD
2023-08-03,INST002,63.1552,64.942,62.2991,63.4719,463198.0,USD
2023-08-04,INST002,63.7739,65.4659,62.3193,63.5851,4839542.0,USD
2023-08-07,INST002,65.0759,66.4183,62.8744,64.6065,1606847.0,USD
2023-08-08,INST002,64.0651,64.0121,62.8064,63.8831,3845477.0,USD
2023-08-09,INST002,64.1369,64.5065,62.9086,64.3782,282085.0,USD
2023-08-10,INST002,65.1872,65.8743,65.0633,65.1262,699682.0,USD
2023-08-11,INST002,66.0415,68.0884,64.7609,66.1563,556084.0,USD
2023-08-14,INST002,65.4074,66.4835,65.2816,65.5574,3756456.0,USD
2023-08-15,INST002,66.7509,66.9422,65.0553,66.1972,2133723.0,USD
2023-08-16,INST002,65.2202,66.0002,64.127,65.5805,978562.0,USD
2023-08-17,INST002,64.4869,65.6826,63.9815,64.4432,1806015.0,USD
2023-08-18,INST002,63.8125,63.8888,62.3695,63.6985,2075333.0,USD
2023-08-21,INST002,63.6118,65.028,62.9477,63.5915,1848577.0,USD
2023-08-22,INST002,64.2539,65.5027,62.5029,63.9733,1466501.0,USD
2023-08-23,INST002,62.4976,63.3223,60.9187,62.7883,2837883.0,USD
2023-08-24,INST002,63.9783,64.2152,63.741,64.0716,1086186.0,USD
2023-08-25,INST002,63.9485,63.6813,63.3996,63.4498,4766864.0,USD
2023-08-28,INST002,64.4739,66.282,63.4306,64.6778,1882424.0,USD
2023-08-29,INST002,65.5491,66.7385,65.8151,66.0045,883825.0,USD
2023-08-30,INST002,67.2755,67.179,66.0628,66.7905,103898.0,USD
2023-08-31,INST002,68.4635,69.6799,68.0384,68.2503,851556.0,USD
2023-09-01,INST002,68.21,67.6973,67.0104,67.5466,1937837.0,USD
2023-09-04,INST002,68.186,68.9248,67.1107,68.7365,750875.0,USD
2023-09-05,INST002,67.8733,70.3119,66.6378,68.3915,3717322.0,USD
2023-09-06,INST002,67.9597,68.9879,66.5215,68.3797,4536189.0,USD
2023-09-07,INST002,69.9854,70.242,67.7091,69.607,4385776.0,USD
2023-09-08,INST002,68.602,69.4323,66.7128,68.4942,2903060.0,USD
2023-09-11,INST002,69.3937,71.5884,68.5972,69.8089,2395037.0,USD
2023-09-12,INST002,68.986,69.0499,66.7982,68.3514,3452955.0,USD
2023-09-13,INST002,66.9443,67.8597,66.3304,66.7939,853588.0,USD
2023-09-14,INST002,68.016,69.9012,67.8557,68.1591,2087066.0,USD
2023-09-15,INST002,68.3389,69.9971,67.7591,68.3175,1324334.0,USD
2023-09-18,INST002,69.1585,70.2255,67.2663,68.7507,1445797.0,USD
2023-09-19,INST002,67.804,69.2955,67.2072,68.094,4725225.0,USD
2023-09-20,INST002,66.8984,68.9899,67.0897,67.2762,1971178.0,USD
2023-09-21,INST002,66.7426,68.9018,66.4909,67.196,1682747.0,USD
2023-09-22,INST002,66.555,66.6044,66.1215,66.122,4122250.0,USD
2023-09-25,INST002,67.0724,67.6231,66.4276,66.5454,511810.0,USD
2023-09-26,INST002,65.8744,66.7924,65.7312,66.2486,4270577.0,USD
2023-09-27,INST002,65.0499,66.4154,64.9742,65.0932,2816058.0,USD
2023-09-28,INST002,66.5422,68.357,64.6635,66.3741,4097580.0,USD
2023-09-29,INST002,66.1065,68.1494,65.9401,66.2622,4312602.0,USD
2023-10-02,INST002,67.1156,66.9807,64.5592,66.5291,3989377.0,USD
2023-10-03,INST002,65.1949,66.3453,64.4104,65.2788,3966570.0,USD
2023-10-04,INST002,64.5453,64.743,62.6803,64.0578,4230042.0,USD
2023-10-05,INST002,63.5075,63.8924,63.0483,63.1005,4106905.0,USD
2023-10-06,INST002,61.8082,61.7576,60.9197,61.6101,3430465.0,USD
2023-10-09,INST002,63.4373,64.8774,62.9537,63.019,1694070.0,USD
2023-10-10,INST002,61.8745,63.3659,61.8672,62.1208,581454.0,USD
2023-10-11,INST002,61.9761,62.9866,60.1107,61.6368,4461117.0,USD
2023-10-12,INST002,61.7029,62.3381,61.4008,61.5029,3170648.0,USD
2023-10-13,INST002,62.6133,64.2122,62.3116,62.439,4440750.0,USD
2023-10-16,INST002,61.8736,61.933,61.1564,61.8206,263204.0,USD
2023-10-17,INST002,60.1266,61.1373,59.2636,60.7106,2459494.0,USD
2023-10-18,INST002,61.8539,62.5622,60.8011,61.4195,2002602.0,USD
2023-10-19,INST002,63.5091,63.2093,61.7776,62.8829,489663.0,USD
2023-10-20,INST002,63.1835,64.1726,62.579,63.1682,1156484.0,USD
2023-10-23,INST002,62.2197,63.1845,62.2044,62.2106,3816481.0,USD
2023-10-24,INST002,62.2007,62.9344,60.3513,62.2086,4318466.0,USD
2023-10-25,INST002,61.797,62.4659,61.2942,61.7336,167872.0,USD
2023-10-26,INST002,61.7896,61.8245,61.4527,61.5743,2537789.0,USD
2023-10-27,INST002,62.6895,63.2818,61.3665,62.7955,2990320.0,USD
2023-10-30,INST002,64.5297,65.5672,64.13,64.34,2499695.0,USD
2023-10-31,INST002,64.0221,65.9435,62.7183,64.2746,4027974.0,USD
2023-11-01,INST002,64.4746,65.7796,63.2176,64.6291,284176.0,USD
2023-11-02,INST002,65.7319,67.3982,64.4373,65.6128,4405800.0,USD
2023-11-03,INST002,66.5807,66.8621,66.0861,66.3917,1475500.0,USD
2023-11-06,INST002,67.3686,68.1808,67.5861,68.0353,606665.0,USD
2023-11-07,INST002,68.619,70.6506,67.5082,69.2801,3436411.0,USD
2023-11-08,INST002,69.5362,69.8393,67.466,69.0406,4584865.0,USD
2023-11-09,INST002,68.7333,69.5368,68.3641,69.0388,4894142.0,USD
2023-11-10,INST002,68.3853,69.1877,68.5908,68.7897,2457338.0,USD
2023-11-13,INST002,68.9325,69.7794,66.7313,68.5673,4468064.0,USD
2023-11-14,INST002,68.4181,69.6604,67.6355,68.5738,2873879.0,USD
2023-11-15,INST002,67.1775,67.6698,66.65,67.5786,2542412.0,USD
2023-11-16,INST002,65.8459,67.6484,65.6197,66.0364,2243492.0,USD
2023-11-17,INST002,65.0787,65.4198,63.5798,65.1114,2004918.0,USD
2023-11-20,INST002,65.2329,66.3084,63.5893,65.2202,1112342.0,USD
2023-11-21,INST002,63.942,64.622,64.4172,64.4313,4592366.0,USD
2023-11-22,INST002,62.612,64.5876,61.3767,62.8706,633893.0,USD
2023-11-23,INST002,63.9641,64.5265,63.624,64.1567,2941928.0,USD
2023-11-24,INST002,62.9904,64.7886,62.6079,63.5747,3541185.0,USD
2023-11-27,INST002,64.4724,65.5256,63.2327,63.8978,1918360.0,USD
2023-11-28,INST002,64.1149,65.9434,64.073,64.4993,242847.0,USD
2023-11-29,INST002,62.4021,63.183,61.372,62.9651,2412573.0,USD
2023-11-30,INST002,63.2978,63.2944,62.2685,62.7279,4428243.0,USD
2023-12-01,INST002,63.3915,64.7249,61.4198,62.9834,2325981.0,USD
2023-12-04,INST002,64.1035,65.243,64.3691,64.4349,2127998.0,USD
2023-12-05,INST002,63.0872,63.5672,61.8343,63.0706,2294700.0,USD
2023-12-06,INST002,63.0514,64.8125,61.8111,63.3084,2996256.0,USD
2023-12-07,INST002,64.2612,64.0813,62.2133,63.9719,2272138.0,USD
2023-12-08,INST002,65.2609,66.1022,64.1396,65.0694,4530516.0,USD
2023-12-11,INST002,65.0966,65.588,64.7467,64.808,3847661.0,USD
2023-12-12,INST002,64.26,66.293,63.306,64.6616,1621995.0,USD
2023-12-13,INST002,64.2848,64.6667,62.8644,63.8754,1783122.0,USD
2023-12-14,INST002,63.8437,63.6575,62.6144,63.3301,3964582.0,USD
2023-12-15,INST002,62.5941,64.1782,62.3397,62.4085,1897921.0,USD
2023-12-18,INST002,63.1322,63.3572,61.8527,62.7641,3821899.0,USD
2023-12-19,INST002,60.984,61.35,60.6881,61.2159,1478318.0,USD
2023-12-20,INST002,60.7449,61.3766,58.6275,60.1898,3948035.0,USD
2023-12-21,INST002,59.7487,60.4869,59.0692,59.347,3579768.0,USD
2023-12-22,INST002,59.1425,59.2163,59.1636,59.1925,3825254.0,USD
2023-12-25,INST002,60.596,61.4363,58.7919,60.3238,3171663.0,USD
2023-12-26,INST002,60.6706,61.9682,60.258,60.532,1096558.0,USD
2023-12-27,INST002,59.7481,60.1678,58.2396,59.2796,2224971.0,USD
2023-12-28,INST002,59.9481,60.941,59.325,59.936,3143900.0,USD
2023-12-29,INST002,58.7369,59.8598,58.0882,59.0671,3381151.0,USD
2024-01-01,INST002,58.7884,59.8634,58.1917,58.7585,487202.0,USD
2024-01-02,INST002,60.1457,60.8999,59.119,60.0064,3363969.0,USD
2024-01-03,INST002,59.1233,60.3605,59.0138,59.4539,4107468.0,USD
2024-01-04,INST002,58.9155,58.8632,57.165,58.4689,4152503.0,USD
2024-01-05,INST002,58.3564,59.2325,56.5131,58.2013,4496322.0,USD
2024-01-08,INST002,57.1679,58.3149,57.5372,57.7311,4082451.0,USD
2024-01-09,INST002,59.2255,59.9396,57.8623,59.1304,1844933.0,USD
2024-01-10,INST002,59.0112,59.5699,57.541,59.146,515083.0,USD
2024-01-11,INST002,58.5098,58.2417,57.8243,58.1146,2986655.0,USD
2024-01-12,INST002,59.4773,60.8775,58.6157,59.3243,1815404.0,USD
2024-01-15,INST002,59.4404,60.2281,59.5773,59.6753,3559116.0,USD
2024-01-16,INST002,59.2543,60.095,58.7442,59.6077,1361881.0,USD
2024-01-17,INST002,58.5427,60.5715,57.2539,58.9787,1413713.0,USD
2024-01-18,INST002,59.5178,60.4367,58.0265,59.5336,3987496.0,USD
2024-01-19,INST002,60.5617,60.8167,59.2605,60.0367,4788747.0,USD
2024-01-22,INST002,59.0824,60.096,58.7622,58.9949,1522721.0,USD
2024-01-23,INST002,58.1009,58.1183,57.6019,57.7381,1541335.0,USD
2024-01-24,INST002,58.8904,60.0733,57.3764,58.8918,1809836.0,USD
2024-01-25,INST002,59.221,59.526,58.0785,59.2039,4176655.0,USD
2024-01-26,INST002,59.4769,59.7653,57.5881,59.0975,2621917.0,USD
2024-01-29,INST002,60.4417,60.9155,59.4903,60.3143,4808428.0,USD
2024-01-30,INST002,59.679,60.2719,58.7933,59.5787,4243403.0,USD
2024-01-31,INST002,60.1667,62.4707,59.8743,60.6672,2754264.0,USD
2024-02-01,INST002,59.7757,59.6211,58.7853,59.2904,3200075.0,USD
2024-02-02,INST002,59.3973,61.0378,57.9949,59.4432,151457.0,USD
2024-02-05,INST002,58.5499,59.9093,58.1056,58.912,2197809.0,USD
2024-02-06,INST002,59.7871,61.0139,57.9777,59.6792,2174859.0,USD
2024-02-07,INST002,60.3036,60.6293,59.2605,59.7585,710813.0,USD
2024-02-08,INST002,60.6442,63.0209,59.8515,61.2288,1408293.0,USD
2024-02-09,INST002,60.4529,61.1088,58.3266,60.0144,3505615.0,USD
2024-02-12,INST002,61.7346,61.4438,61.3128,61.413,3506043.0,USD
2024-02-13,INST002,62.1129,63.641,61.0307,61.8314,1195585.0,USD
2024-02-14,INST002,61.5913,62.353,60.2541,61.7125,953055.0,USD
2024-02-15,INST002,61.608,61.7441,61.2509,61.6499,463268.0,USD
2024-02-16,INST002,60.3922,61.6444,60.2748,60.745,2935494.0,USD
2024-02-19,INST002,59.3361,61.011,58.4127,59.6146,3915328.0,USD
2024-02-20,INST002,59.7842,60.3321,60.0875,60.1227,1183892.0,USD
2024-02-21,INST002,58.2116,60.106,58.29,58.6237,932728.0,USD
2024-02-22,INST002,59.7112,61.0049,59.3386,59.5588,4178723.0,USD
2024-02-23,INST002,58.127,59.658,56.9901,58.3357,2867636.0,USD
2024-02-26,INST002,57.3291,59.0439,56.65,57.5463,3492984.0,USD
2024-02-27,INST002,58.9195,59.7698,57.3449,58.6603,1299379.0,USD
2024-02-28,INST002,58.5673,58.7638,58.41,58.5918,4189713.0,USD
2024-02-29,INST002,59.7721,60.5644,59.3109,59.7451,980687.0,USD
2024-03-01,INST002,60.6983,61.7756,60.7001,60.9625,2750596.0,USD
2024-03-04,INST002,60.2025,61.4437,58.2808,60.0635,883471.0,USD
2024-03-05,INST002,58.4111,60.0981,57.9759,58.8945,2360205.0,USD
2024-03-06,INST002,60.4731,61.7985,59.2032,60.1366,2726010.0,USD
2024-03-07,INST002,58.7742,59.773,58.8982,59.2044,3008477.0,USD
2024-03-08,INST002,57.8463,58.2819,57.3632,58.193,3706742.0,USD
2024-03-11,INST002,57.7206,59.1987,57.0508,57.5697,1736383.0,USD
2024-03-12,INST002,56.8056,57.5124,56.524,57.1577,1102262.0,USD
2024-03-13,INST002,56.1505,56.5674,56.0635,56.1302,4151912.0,USD
2024-03-14,INST002,56.4404,57.1554,56.3053,56.4577,3757071.0,USD
2024-03-15,INST002,56.903,57.5941,56.3251,57.1175,1294651.0,USD
2024-03-18,INST002,58.0071,58.8398,56.2015,57.6948,3591274.0,USD
2024-03-19,INST002,58.1424,59.4773,58.2279,58.2338,2502694.0,USD
2024-03-20,INST002,58.6396,58.8178,56.5609,58.187,4121114.0,USD
2024-03-21,INST002,57.2424,58.3307,56.0695,56.9489,591860.0,USD
2024-03-22,INST002,55.9084,56.3503,55.5199,55.5933,389045.0,USD
2024-03-25,INST002,55.3206,55.1811,54.4587,55.0016,4357166.0,USD
2024-03-26,INST002,56.1044,57.1853,55.3237,56.0466,4008518.0,USD
2024-03-27,INST002,57.1408,57.951,56.8667,56.8923,2043720.0,USD
2024-03-28,INST002,55.2892,55.5895,54.0936,55.4826,4881438.0,USD
2024-03-29,INST002,56.3185,57.054,54.9102,56.0318,3407641.0,USD
2024-04-01,INST002,57.4189,58.4776,56.2614,57.1004,3573283.0,USD
2024-04-02,INST002,57.1442,57.8913,55.8648,57.0489,378864.0,USD
2024-04-03,INST002,56.8729,57.0689,56.6329,57.0545,1665766.0,USD
2024-04-04,INST002,56.4934,57.0224,54.8099,55.937,326580.0,USD
2024-04-05,INST002,56.2779,57.6085,55.115,56.1523,1534035.0,USD
2024-04-08,INST002,56.1435,56.891,55.1318,56.2064,4921813.0,USD
2024-04-09,INST002,55.3236,56.6233,54.1519,55.7702,4774168.0,USD
2024-04-10,INST002,55.5128,55.8123,55.6092,55.6477,3033267.0,USD
2024-04-11,INST002,56.4488,57.1903,55.3639,56.1729,3430156.0,USD
2024-04-12,INST002,57.2191,59.121,55.9892,57.459,3734000.0,USD
2024-04-15,INST002,58.3599,59.1353,56.8494,57.9878,1839300.0,USD
2024-04-16,INST002,57.2189,57.5044,57.3251,57.4681,2724440.0,USD
2024-04-17,INST002,58.5517,59.4228,56.9769,58.2999,4480336.0,USD
2024-04-18,INST002,59.4094,60.674,58.6361,59.7374,2295028.0,USD
2024-04-19,INST002,58.4806,59.3993,57.9699,58.6702,634639.0,USD
2024-04-22,INST002,59.273,60.935,58.2682,59.5572,1099966.0,USD
2024-04-23,INST002,58.5086,59.2897,58.0629,58.1179,3793080.0,USD
2024-04-24,INST002,56.2904,56.9573,55.5181,56.7041,817748.0,USD
2024-04-25,INST002,57.5543,59.7034,57.0793,58.1061,1266796.0,USD
2024-04-26,INST002,59.2265,59.5108,58.7359,58.79,3842960.0,USD
2024-04-29,INST002,59.9354,61.2727,59.8438,59.8735,819510.0,USD
2024-04-30,INST002,58.044,59.5824,56.6925,58.4121,2386643.0,USD
2024-05-01,INST002,58.7706,58.7006,58.1818,58.5603,1980320.0,USD
2024-05-02,INST002,59.2796,60.0854,58.1595,59.1014,3699630.0,USD
2024-05-03,INST002,60.282,60.2895,58.14,59.7291,4730620.0,USD
2024-05-06,INST002,58.5894,59.0916,57.1425,58.7633,561936.0,USD
2024-05-07,INST002,58.4757,59.1714,56.9661,58.4412,4150038.0,USD
2024-05-08,INST002,58.1528,58.8339,57.2159,58.7192,4680265.0,USD
2024-05-09,INST002,60.6049,61.2154,59.8465,60.0714,4679886.0,USD
2024-05-10,INST002,60.4652,61.9639,59.149,60.3601,1433812.0,USD
2024-05-13,INST002,58.8869,59.8846,57.8867,59.1965,4782022.0,USD
2024-05-14,INST002,59.7575,59.9466,57.6683,59.4275,1292186.0,USD
2024-05-15,INST002,59.4376,61.0124,58.6578,59.7285,1958291.0,USD
2024-05-16,INST002,60.3343,61.2315,59.1616,60.4463,2159054.0,USD
2024-05-17,INST002,60.2581,61.8155,59.0445,60.0491,2850259.0,USD
2024-05-20,INST002,58.9175,60.1227,58.4685,59.3253,4645172.0,USD
2024-05-21,INST002,58.1719,59.337,56.9475,58.0445,4475249.0,USD
2024-05-22,INST002,57.0305,57.3391,56.2498,56.687,3248122.0,USD
2024-05-23,INST002,57.3712,58.2622,56.5617,57.5144,3197154.0,USD
2024-05-24,INST002,56.0964,56.8043,55.9662,56.507,4263925.0,USD
2024-05-27,INST002,56.2646,57.3399,54.522,55.8398,4693156.0,USD
2024-05-28,INST002,57.4552,57.7887,55.511,57.1973,3254928.0,USD
2024-05-29,INST002,57.9653,58.591,56.8961,58.5058,846839.0,USD
2024-05-30,INST002,59.0637,59.776,58.1627,59.4245,4790967.0,USD
2024-05-31,INST002,61.0819,61.7376,60.5783,60.8031,2866317.0,USD
2024-06-03,INST002,58.8112,60.2229,58.4253,59.2865,3679896.0,USD
2024-06-04,INST002,57.8508,58.4595,56.7259,57.8101,1384478.0,USD
2024-06-05,INST002,58.779,58.8312,57.0001,58.3977,3363216.0,USD
2024-06-06,INST002,58.698,58.5823,58.2612,58.3735,2216461.0,USD
2024-06-07,INST002,57.1531,58.1177,56.2906,57.482,3911142.0,USD
2024-06-10,INST002,57.7726,59.8048,56.7904,58.2791,1767312.0,USD
2024-06-11,INST002,58.1082,58.6895,58.5455,58.5624,2810490.0,USD
2024-06-12,INST002,58.7402,60.77,58.0876,59.2894,1464904.0,USD
2024-06-13,INST002,59.5474,60.173,58.5216,59.3678,3535173.0,USD
2024-06-14,INST002,60.269,62.2707,60.3914,60.5102,3363969.0,USD
2024-06-17,INST002,60.7226,62.4133,60.3733,61.3052,1622435.0,USD
2024-06-18,INST002,60.1675,60.6174,59.7122,60.1996,3013530.0,USD
2024-06-19,INST002,60.7091,61.6881,60.0485,60.8387,3313369.0,USD
2024-06-20,INST002,61.6003,61.3253,60.5827,61.0085,3294223.0,USD
2024-06-21,INST002,60.8912,61.7559,59.927,60.7628,1784484.0,USD
2024-06-24,INST002,61.2674,62.4547,61.283,61.3016,869841.0,USD
2024-06-25,INST002,62.6411,63.456,62.5889,62.6104,3726734.0,USD
2024-06-26,INST002,62.6263,64.0792,61.4844,62.4115,4683057.0,USD
2024-06-27,INST002,62.1648,63.6119,61.236,62.1397,3085544.0,USD
2024-06-28,INST002,61.8634,63.1825,60.4706,61.6114,3536698.0,USD
2024-07-01,INST002,62.0511,63.214,60.6503,61.9257,1526679.0,USD
2024-07-02,INST002,61.5613,61.3622,59.8404,61.2991,345309.0,USD
2024-07-03,INST002,61.472,63.2415,60.6641,61.6941,2508095.0,USD
2024-07-04,INST002,62.4741,63.3037,61.6245,62.0621,4879464.0,USD
2024-07-05,INST002,61.7325,63.1896,59.9071,61.7224,4803482.0,USD
2024-07-08,INST002,61.8814,62.6512,61.4298,62.2276,3000515.0,USD
2024-07-09,INST002,62.424,62.9194,61.1709,61.865,3978246.0,USD
2024-07-10,INST002,63.242,63.7213,61.5697,63.0545,3351571.0,USD
2024-07-11,INST002,63.862,64.9636,63.3387,63.8558,1090643.0,USD
2024-07-12,INST002,64.3104,64.4552,62.9997,64.1186,1230380.0,USD
2024-07-15,INST002,63.8508,63.7398,62.3774,63.3869,3649603.0,USD
2024-07-16,INST002,63.8573,64.9658,62.8378,64.0898,428622.0,USD
2024-07-17,INST002,63.4526,64.0275,63.0456,63.057,2876874.0,USD
2024-07-18,INST002,61.974,63.4552,60.6702,62.5308,890461.0,USD
2024-07-19,INST002,61.4306,61.8452,59.8896,61.5834,2914043.0,USD
2024-07-22,INST002,61.2128,61.7978,59.206,60.8083,2095908.0,USD
2024-07-23,INST002,60.8499,61.9056,59.89,60.8789,4772145.0,USD
2024-07-24,INST002,60.9011,62.1137,60.6806,61.1286,3209291.0,USD
2024-07-25,INST002,62.1769,62.9736,61.8281,62.274,2191198.0,USD
2024-07-26,INST002,62.9424,64.941,62.4147,63.1262,1355222.0,USD
2024-07-29,INST002,63.7388,66.2083,63.2504,64.3474,1634584.0,USD
2024-07-30,INST002,64.4972,65.0733,63.6946,64.3262,3476949.0,USD
2024-07-31,INST002,64.757,66.491,63.39,64.5837,2970753.0,USD
2024-08-01,INST002,64.5039,65.5844,63.8542,64.556,4958221.0,USD
2024-08-02,INST002,65.3408,66.0965,65.1189,65.6101,1417782.0,USD
2024-08-05,INST002,66.2108,67.8552,65.2949,66.7725,4079547.0,USD
2024-08-06,INST002,66.0942,67.9065,65.8693,66.2162,4335697.0,USD
2024-08-07,INST002,65.5815,67.2842,66.1025,66.1548,2356694.0,USD
2024-08-08,INST002,66.0644,67.3208,64.2886,65.5389,1224465.0,USD
2024-08-09,INST002,66.637,67.4616,64.9922,66.6512,4147956.0,USD
2024-08-12,INST002,66.4367,67.1186,65.5724,66.0795,805723.0,USD
2024-08-13,INST002,67.6402,68.985,67.0037,67.1885,1016093.0,USD
2024-08-14,INST002,67.1933,67.5323,65.9767,67.2325,1455594.0,USD
2024-08-15,INST002,66.6619,66.4015,65.721,66.2331,1235775.0,USD
2024-08-16,INST002,65.6325,67.4476,64.4307,66.1735,4375552.0,USD
2024-08-19,INST002,64.4789,66.1827,63.0766,64.8359,1606908.0,USD
2024-08-20,INST002,64.9436,66.0728,63.9095,65.5176,3630398.0,USD
2024-08-21,INST002,64.4336,65.7669,63.9352,64.8368,3112401.0,USD
2024-08-22,INST002,63.2408,63.91,61.4729,63.2243,1172136.0,USD
2024-08-23,INST002,64.3467,64.8437,63.9266,64.2893,2180641.0,USD
2024-08-26,INST002,64.5456,65.2626,63.9929,64.4003,680981.0,USD
2024-08-27,INST002,63.5038,64.5142,62.2033,62.8997,2988713.0,USD
2024-08-28,INST002,61.8646,62.9737,62.2501,62.4377,4062656.0,USD
2024-08-29,INST002,61.1874,62.4842,59.5637,61.0553,3188515.0,USD
2024-08-30,INST002,60.3501,61.6438,59.5605,60.8795,2610890.0,USD
2024-09-02,INST002,61.7129,61.9885,60.2096,61.8778,1081167.0,USD
2024-09-03,INST002,62.1718,63.2833,60.8026,62.2164,1673607.0,USD
2024-09-04,INST002,61.5085,62.5075,60.9287,61.0262,2935782.0,USD
2024-09-05,INST002,61.1393,62.3303,59.5268,61.2968,2343910.0,USD
2024-09-06,INST002,59.344,60.8345,58.7165,59.8503,3166359.0,USD
2024-09-09,INST002,60.3609,61.7448,58.6691,60.0641,3682260.0,USD
2024-09-10,INST002,60.521,60.9408,59.408,60.869,4303060.0,USD
2024-09-11,INST002,60.352,61.4891,60.4976,60.9559,2200575.0,USD
2024-09-12,INST002,61.3219,61.7417,60.7851,61.3489,4678230.0,USD
2024-09-13,INST002,62.047,63.5674,60.3995,61.748,3294137.0,USD
2024-09-16,INST002,61.5789,62.3843,60.3345,62.0712,129620.0,USD
2024-09-17,INST002,64.158,64.8448,62.2725,63.6217,333193.0,USD
2024-09-18,INST002,64.3332,65.8502,63.258,64.0844,132805.0,USD
2024-09-19,INST002,65.1505,66.2681,65.1668,65.269,744240.0,USD
2024-09-20,INST002,66.0983,67.4855,65.8397,66.5641,2315178.0,USD
2024-09-23,INST002,66.2753,67.7792,64.6883,66.1876,229964.0,USD
2024-09-24,INST002,65.348,66.8745,64.4805,65.9365,3324115.0,USD
2024-09-25,INST002,67.4811,67.525,67.292,67.382,1466173.0,USD
2024-09-26,INST002,67.9328,68.9105,66.2103,67.3616,816285.0,USD
2024-09-27,INST002,68.673,68.5019,67.8286,68.0693,3833256.0,USD
2024-09-30,INST002,67.062,68.1808,66.0566,67.2285,1388847.0,USD
2024-10-01,INST002,67.8196,69.2051,66.6147,67.3757,3783809.0,USD
2024-10-02,INST002,66.3722,67.2557,65.2594,65.9615,683069.0,USD
2024-10-03,INST002,66.0248,66.3744,65.1415,65.8189,1907773.0,USD
2024-10-04,INST002,64.5761,65.5202,63.453,65.1605,4735620.0,USD
2024-10-07,INST002,64.7381,65.409,63.7695,64.4495,3429906.0,USD
2024-10-08,INST002,64.7123,66.082,63.8905,64.2054,4735618.0,USD
2024-10-09,INST002,64.2444,64.2195,62.1571,63.8113,2445902.0,USD
2024-10-10,INST002,63.3045,65.1153,62.2345,63.5542,4540873.0,USD
2024-10-11,INST002,62.0848,62.8721,60.9395,62.1686,973579.0,USD
2024-10-14,INST002,61.0277,62.4777,60.6906,61.3882,2721698.0,USD
2024-10-15,INST002,62.3046,63.7441,61.9327,62.0192,1925189.0,USD
2024-10-16,INST002,61.0707,61.6631,59.8775,60.6556,4697238.0,USD
2024-10-17,INST002,59.9619,60.562,59.1047,60.0836,127038.0,USD
2024-10-18,INST002,61.127,61.4682,59.9402,60.597,2076575.0,USD
2024-10-21,INST002,61.9992,62.4886,61.1999,61.7689,1887546.0,USD
2024-10-22,INST002,62.281,62.0325,60.5672,61.7834,3400473.0,USD
2024-10-23,INST002,62.4721,63.7293,61.4253,63.0408,2700072.0,USD
2024-10-24,INST002,63.3839,65.2104,63.0012,63.7634,533397.0,USD
2024-10-25,INST002,63.205,63.4064,62.0626,62.7044,4836285.0,USD
2024-10-28,INST002,61.1094,62.8554,60.6435,61.2451,211847.0,USD
2024-10-29,INST002,62.767,63.0032,62.611,62.7247,763737.0,USD
2024-10-30,INST002,61.2891,63.5858,61.1594,61.8703,1346893.0,USD
2024-10-31,INST002,60.8645,61.5926,61.1316,61.408,4326503.0,USD
2024-11-01,INST002,59.6121,60.3381,58.7396,60.1987,2757717.0,USD
2024-11-04,INST002,60.7258,60.9968,59.1014,60.2988,215818.0,USD
2024-11-05,INST002,59.05,59.8017,58.6603,59.2269,2204839.0,USD
2024-11-06,INST002,58.7955,59.1984,57.5111,58.7163,4292731.0,USD
2024-11-07,INST002,60.0199,61.3697,58.6254,59.9775,464350.0,USD
2024-11-08,INST002,59.7069,61.6853,58.6468,60.063,4595733.0,USD
2024-11-11,INST002,60.7673,60.7602,59.2187,60.3917,1676113.0,USD
2024-11-12,INST002,60.415,61.873,59.3553,60.2835,1526522.0,USD
2024-11-13,INST002,60.1573,61.1325,59.2274,60.741,3086999.0,USD
2024-11-14,INST002,61.4991,62.4118,60.696,61.8734,1902374.0,USD
2024-11-15,INST002,62.1384,63.3644,61.3896,62.2047,4395244.0,USD
2024-11-18,INST002,63.1748,63.5882,62.985,63.1311,2773499.0,USD
2024-11-19,INST002,62.7983,64.575,61.5555,62.9344,4603517.0,USD
2024-11-20,INST002,62.9593,64.3231,60.9099,62.6078,4208000.0,USD
2024-11-21,INST002,63.9154,64.3192,61.6384,63.4623,1547059.0,USD
2024-11-22,INST002,63.5946,64.196,63.0043,64.1481,1178568.0,USD
2024-11-25,INST002,62.2623,64.3442,62.7318,62.8724,2582294.0,USD
2024-11-26,INST002,63.3372,63.8312,62.0177,62.9745,715438.0,USD
2024-11-27,INST002,63.9282,64.7979,63.8385,64.4317,3283165.0,USD
2024-11-28,INST002,63.3803,64.3397,61.5726,63.0503,4974809.0,USD
2024-11-29,INST002,63.942,63.5656,61.7597,63.5531,2934253.0,USD
2024-12-02,INST002,63.3937,64.3424,61.9603,63.2328,593230.0,USD
2024-12-03,INST002,64.3513,66.1133,64.028,64.5505,392804.0,USD
2024-12-04,INST002,64.4836,64.7333,63.6038,64.2064,989406.0,USD
2024-12-05,INST002,63.0169,64.4583,62.0454,62.8406,4173419.0,USD
2024-12-06,INST002,62.6565,62.4073,61.4,62.3124,882285.0,USD
2024-12-09,INST002,61.4893,61.5054,60.0303,61.2789,619016.0,USD
2024-12-10,INST002,62.2134,63.3803,61.6863,62.0209,3924317.0,USD
2024-12-11,INST002,62.9384,64.1364,61.5791,62.7066,332339.0,USD
2024-12-12,INST002,61.6028,63.0726,60.8523,61.5906,1798877.0,USD
2024-12-13,INST002,60.3511,60.934,59.6225,60.5655,2428777.0,USD
2024-12-16,INST002,60.1023,60.5832,58.724,60.0767,313808.0,USD
2024-12-17,INST002,59.4748,61.2191,58.4363,59.6913,1632068.0,USD
2024-12-18,INST002,59.7819,60.3148,59.5665,59.7245,3054038.0,USD
2024-12-19,INST002,58.9069,60.9811,58.0128,59.2602,4720246.0,USD
2024-12-20,INST002,60.2767,61.2898,58.8687,60.4678,564797.0,USD
2024-12-23,INST002,60.312,61.9624,59.8206,60.6625,2958776.0,USD
2024-12-24,INST002,59.8411,61.6825,60.2321,60.3747,1397969.0,USD
2024-12-25,INST002,61.0019,62.3684,59.38,60.586,4198402.0,USD
2024-12-26,INST002,59.1592,60.4719,58.797,59.0852,1686973.0,USD
2024-12-27,INST002,60.7856,60.8395,59.4851,60.2788,1661101.0,USD
2024-12-30,INST002,59.5674,60.8731,58.7722,59.5681,1674537.0,USD
2024-12-31,INST002,60.2142,61.8431,58.7679,60.1775,1538077.0,USD
2022-01-03,INST003,120.7362,122.7757,119.6167,121.7524,748770.0,EUR
2022-01-04,INST003,120.0942,119.9276,116.5575,119.3016,3464026.0,EUR
2022-01-05,INST003,118.9817,121.087,119.1486,119.8569,419401.0,EUR
2022-01-06,INST003,119.2349,119.4553,116.4191,118.8962,1758522.0,EUR
2022-01-07,INST003,116.4727,119.4458,115.8943,116.4882,3972192.0,EUR
2022-01-10,INST003,115.6987,118.0538,114.5426,116.515,811322.0,EUR
2022-01-11,INST003,117.5198,117.7864,115.3497,116.6729,1247603.0,EUR
2022-01-12,INST003,115.9716,117.1464,115.8808,116.7517,1611895.0,EUR
2022-01-13,INST003,118.3316,120.5433,116.7317,119.0729,2920514.0,EUR
2022-01-14,INST003,120.5731,121.6849,116.8681,120.082,4989551.0,EUR
2022-01-17,INST003,121.6927,122.8499,122.371,122.6579,2336436.0,EUR
2022-01-18,INST003,124.9747,125.918,124.4349,125.5279,2244614.0,EUR
2022-01-19,INST003,128.3871,129.3088,127.525,128.0189,2369748.0,EUR
2022-01-20,INST003,128.3639,128.8221,125.9674,127.4934,1123205.0,EUR
2022-01-21,INST003,126.6503,126.4196,122.1873,125.7741,1239014.0,EUR
2022-01-24,INST003,128.7919,128.4269,124.182,127.8498,2324181.0,EUR
2022-01-25,INST003,128.1822,128.7658,126.9582,127.2228,2893532.0,EUR
2022-01-26,INST003,129.3628,132.1524,126.891,129.0097,2440196.0,EUR
2022-01-27,INST003,130.8912,134.8658,129.4349,131.3128,4472788.0,EUR
2022-01-28,INST003,132.5723,135.767,130.2225,132.4132,3018801.0,EUR
2022-01-31,INST003,132.3374,135.074,128.4183,131.9505,2750047.0,EUR
2022-02-01,INST003,130.7003,131.5868,129.2963,131.2277,3650992.0,EUR
2022-02-02,INST003,129.8492,132.4083,128.7804,130.9088,939804.0,EUR
2022-02-03,INST003,128.4629,132.0688,128.4979,129.7559,347734.0,EUR
2022-02-04,INST003,128.0663,127.7006,125.2525,126.9386,4836245.0,EUR
2022-02-07,INST003,126.8546,128.4221,125.8405,127.6536,3275735.0,EUR
2022-02-08,INST003,130.6186,132.9042,126.0076,129.4804,3126154.0,EUR
2022-02-09,INST003,128.6515,129.079,125.9695,127.9027,4661288.0,EUR
2022-02-10,INST003,129.9808,130.3542,128.3694,128.8692,3042011.0,EUR
2022-02-11,INST003,128.0446,129.667,127.8466,129.2685,1996927.0,EUR
2022-02-14,INST003,131.2685,133.2491,129.7587,131.4088,4874484.0,EUR
2022-02-15,INST003,129.6141,131.7193,130.6679,130.7378,2971468.0,EUR
2022-02-16,INST003,132.497,135.6494,130.5818,132.339,2087141.0,EUR
2022-02-17,INST003,134.2087,137.604,131.5976,134.1167,2161507.0,EUR
2022-02-18,INST003,136.0802,138.084,135.3318,137.0877,3876464.0,EUR
2022-02-21,INST003,134.8345,136.3048,132.3902,136.0139,4310493.0,EUR
2022-02-22,INST003,137.483,137.7965,135.0954,136.6629,737687.0,EUR
2022-02-23,INST003,138.7903,140.9702,137.1872,137.478,548001.0,EUR
2022-02-24,INST003,137.4359,141.8233,136.3292,138.3513,1533956.0,EUR
2022-02-25,INST003,136.6863,136.9593,135.5041,136.8949,918260.0,EUR
2022-02-28,INST003,139.7895,140.9625,139.7291,139.8412,528009.0,EUR
2022-03-01,INST003,139.0527,141.4431,135.562,138.9984,1286538.0,EUR
2022-03-02,INST003,140.3983,142.7988,138.8046,140.6608,1712970.0,EUR
2022-03-03,INST003,141.7029,143.3737,137.9083,141.1622,1764591.0,EUR
2022-03-04,INST003,138.0149,142.5264,138.3457,138.9151,1757994.0,EUR
2022-03-07,INST003,137.2531,136.2798,133.3121,135.9138,2704877.0,EUR
2022-03-08,INST003,133.1383,137.5363,132.3995,133.7566,2924631.0,EUR
2022-03-09,INST003,137.2687,140.9139,133.675,137.0872,2455518.0,EUR
2022-03-10,INST003,137.5417,140.0982,134.5904,137.4483,1969494.0,EUR
2022-03-11,INST003,138.1555,138.0951,135.8471,137.3839,3617419.0,EUR
2022-03-14,INST003,140.6969,141.031,137.4341,140.5652,2973088.0,EUR
2022-03-15,INST003,143.0385,144.5524,140.4639,143.9019,3852237.0,EUR
2022-03-16,INST003,142.4974,143.4499,137.6118,141.4119,327862.0,EUR
2022-03-17,INST003,140.9651,143.8062,137.5593,140.9773,4794894.0,EUR
2022-03-18,INST003,138.8471,139.3434,138.1338,138.8438,3710360.0,EUR
2022-03-21,INST003,137.9733,138.3725,135.4495,136.9372,1365537.0,EUR
2022-03-22,INST003,139.5998,141.642,135.648,138.5737,519843.0,EUR
2022-03-23,INST003,141.4884,142.6193,140.5226,141.4922,1431257.0,EUR
2022-03-24,INST003,142.9503,144.1828,141.3517,143.4785,2242117.0,EUR
2022-03-25,INST003,140.1898,143.9749,137.9216,141.3713,2803206.0,EUR
2022-03-28,INST003,139.3088,139.2652,138.7716,139.154,4625628.0,EUR
2022-03-29,INST003,141.3818,145.5467,141.5997,142.0197,1387080.0,EUR
2022-03-30,INST003,137.9713,139.3757,135.7594,138.6327,2645947.0,EUR
2022-03-31,INST003,139.3915,139.3228,135.5476,138.7089,3040425.0,EUR
2022-04-01,INST003,140.7495,144.6257,138.139,140.697,4553204.0,EUR
2022-04-04,INST003,139.0566,140.4308,138.0595,140.1157,1373817.0,EUR
2022-04-05,INST003,141.6822,142.9614,138.2589,140.6519,4818517.0,EUR
2022-04-06,INST003,143.7572,144.4492,139.9358,143.2437,1940920.0,EUR
2022-04-07,INST003,142.7962,145.3239,139.416,143.0345,3792019.0,EUR
2022-04-08,INST003,145.9348,147.2542,145.0996,145.1244,1173269.0,EUR
2022-04-11,INST003,145.7789,151.4755,145.7512,147.1329,4745813.0,EUR
2022-04-12,INST003,150.5622,152.6025,146.3342,149.246,1969886.0,EUR
2022-04-13,INST003,147.4452,150.3441,146.65,148.5387,3714813.0,EUR
2022-04-14,INST003,148.1222,151.9398,145.9331,149.2334,4668828.0,EUR
2022-04-15,INST003,151.1293,151.9821,149.0508,149.6589,255623.0,EUR
2022-04-18,INST003,150.1144,150.5925,147.9848,149.3946,2548199.0,EUR
2022-04-19,INST003,146.6604,145.9551,144.2234,145.8096,865800.0,EUR
2022-04-20,INST003,143.3711,147.535,142.6038,143.9423,4629505.0,EUR
2022-04-21,INST003,148.0191,149.141,146.0807,146.5944,4046279.0,EUR
2022-04-22,INST003,147.9442,153.0738,145.882,149.335,3722822.0,EUR
2022-04-25,INST003,147.2414,149.738,146.9124,148.2478,1225674.0,EUR
2022-04-26,INST003,150.7698,150.0227,146.7556,149.3158,1137223.0,EUR
2022-04-27,INST003,149.1746,150.8686,148.3458,149.6749,1680765.0,EUR
2022-04-28,INST003,151.0804,153.2256,148.436,152.3347,3875828.0,EUR
2022-04-29,INST003,150.5777,153.5735,148.6789,151.8425,1446846.0,EUR
2022-05-02,INST003,153.3912,157.8552,151.7074,154.7045,576133.0,EUR
2022-05-03,INST003,157.2256,161.6009,155.1622,158.4548,2062608.0,EUR
2022-05-04,INST003,158.4635,163.1689,156.3299,159.6659,3308806.0,EUR
2022-05-05,INST003,161.7958,165.1026,158.6236,160.4793,4849276.0,EUR
2022-05-06,INST003,163.4053,168.3399,158.9243,163.6238,1957158.0,EUR
2022-05-09,INST003,165.5316,166.9478,164.1138,165.6052,3792211.0,EUR
2022-05-10,INST003,166.7801,170.254,164.2863,166.7888,4349422.0,EUR
2022-05-11,INST003,168.9418,170.4248,167.6734,169.292,1376823.0,EUR
2022-05-12,INST003,171.0477,173.8518,168.8187,169.4861,3988715.0,EUR
2022-05-13,INST003,166.394,170.0408,164.3614,165.7482,423473.0,EUR
2022-05-16,INST003,167.6301,171.3122,168.2593,169.0913,979284.0,EUR
2022-05-17,INST003,168.3073,169.9193,168.1258,168.52,1691269.0,EUR
2022-05-18,INST003,169.0907,173.1684,165.1671,170.1488,3357138.0,EUR
2022-05-19,INST003,169.9891,171.3074,166.2227,169.2145,1919472.0,EUR
2022-05-20,INST003,166.3638,171.1551,163.2267,167.1608,338485.0,EUR
2022-05-23,INST003,166.2479,167.3958,165.4286,165.9256,3216209.0,EUR
2022-05-24,INST003,165.271,166.4963,164.3906,165.7152,3342762.0,EUR
2022-05-25,INST003,163.3494,164.2354,161.5928,162.1027,2579334.0,EUR
2022-05-26,INST003,163.628,165.8026,158.7057,162.9152,2388084.0,EUR
2022-05-27,INST003,165.2387,164.9853,159.305,163.8116,481798.0,EUR
2022-05-30,INST003,167.4676,170.6147,162.6603,166.0266,4100714.0,EUR
2022-05-31,INST003,168.3343,171.2071,165.1924,169.4454,858050.0,EUR
2022-06-01,INST003,174.5122,176.0106,169.0832,173.5032,4999509.0,EUR
2022-06-02,INST003,174.2151,178.1873,170.6975,173.6022,2693100.0,EUR
2022-06-03,INST003,171.7455,174.549,167.6242,171.1562,2129727.0,EUR
2022-06-06,INST003,167.8877,169.1983,165.2337,168.2052,970525.0,EUR
2022-06-07,INST003,164.4134,165.6717,164.3612,164.4085,1739840.0,EUR
2022-06-08,INST003,160.8024,162.5231,158.9836,162.3099,2661964.0,EUR
2022-06-09,INST003,159.0689,161.143,158.7439,160.0322,3233625.0,EUR
2022-06-10,INST003,164.0243,167.9887,161.9311,163.2172,2931342.0,EUR
2022-06-13,INST003,166.2444,165.9967,165.8818,165.9399,164907.0,EUR
2022-06-14,INST003,167.7174,170.2657,162.1491,167.1463,1464363.0,EUR
2022-06-15,INST003,166.2737,169.4253,161.1825,165.7233,3765592.0,EUR
2022-06-16,INST003,160.8406,162.6976,160.8086,161.7678,3137016.0,EUR
2022-06-17,INST003,157.5297,162.6483,155.4589,158.2543,2333753.0,EUR
2022-06-20,INST003,159.7358,160.7514,157.3728,160.2413,2271096.0,EUR
2022-06-21,INST003,161.699,161.0411,157.5981,160.2008,1160012.0,EUR
2022-06-22,INST003,163.1128,166.0612,159.6106,162.0321,577895.0,EUR
2022-06-23,INST003,157.9326,161.936,154.8108,158.9109,408685.0,EUR
2022-06-24,INST003,156.3561,159.4486,156.4722,156.7716,820913.0,EUR
2022-06-27,INST003,158.2693,158.7647,153.9418,158.2215,2833819.0,EUR
2022-06-28,INST003,157.3127,161.336,152.5156,156.9778,608401.0,EUR
2022-06-29,INST003,158.0087,158.1341,153.5302,157.6808,4328209.0,EUR
2022-06-30,INST003,155.7026,158.1249,155.1356,156.974,2876314.0,EUR
2022-07-01,INST003,157.3009,157.718,152.4812,156.6929,1906673.0,EUR
2022-07-04,INST003,153.9071,154.1374,152.3279,153.1704,1666460.0,EUR
2022-07-05,INST003,156.1517,156.978,152.7771,154.6506,3093971.0,EUR
2022-07-06,INST003,154.63,155.1651,151.6428,153.2101,2262709.0,EUR
2022-07-07,INST003,150.365,150.4815,147.1457,150.1402,546482.0,EUR
2022-07-08,INST003,152.4124,153.4282,149.242,152.0294,658511.0,EUR
2022-07-11,INST003,147.9874,150.7448,146.5216,148.8856,4615821.0,EUR
2022-07-12,INST003,150.6764,153.2738,146.6253,150.1604,2352520.0,EUR
2022-07-13,INST003,152.249,156.5161,149.4898,153.5218,4248335.0,EUR
2022-07-14,INST003,152.9789,155.4756,153.3291,154.0432,3535668.0,EUR
2022-07-15,INST003,151.4861,152.7561,150.6956,152.3198,3251626.0,EUR
2022-07-18,INST003,150.2019,150.6087,147.1247,150.3706,998289.0,EUR
2022-07-19,INST003,146.4791,150.9558,147.6729,147.6768,3281273.0,EUR
2022-07-20,INST003,147.1692,151.1793,147.7089,148.581,2837144.0,EUR
2022-07-21,INST003,151.0663,150.1175,147.5588,150.1144,4622813.0,EUR
2022-07-22,INST003,147.5588,151.3569,145.6717,149.005,2512575.0,EUR
2022-07-25,INST003,150.0771,150.6826,148.7369,150.446,3261654.0,EUR
2022-07-26,INST003,150.1656,153.9942,147.723,151.5934,3204420.0,EUR
2022-07-27,INST003,149.3456,151.2721,148.1071,149.8211,577997.0,EUR
2022-07-28,INST003,150.436,152.2263,147.4504,150.5259,4722606.0,EUR
2022-07-29,INST003,149.9774,151.4079,148.7283,149.8494,2514673.0,EUR
2022-08-01,INST003,147.2437,149.944,145.0658,147.2954,751025.0,EUR
2022-08-02,INST003,149.2219,153.2923,146.3029,149.5406,4023016.0,EUR
2022-08-03,INST003,148.4176,149.9663,148.4996,149.0648,4790586.0,EUR
2022-08-04,INST003,146.6958,146.572,143.7477,145.5482,4466837.0,EUR
2022-08-05,INST003,144.2675,144.3094,142.5547,143.3388,3927247.0,EUR
2022-08-08,INST003,141.2396,144.3121,140.492,142.3999,3381488.0,EUR
2022-08-09,INST003,140.1351,144.6382,137.2883,140.5044,3359293.0,EUR
2022-08-10,INST003,141.8184,143.1658,141.4723,142.3244,4740767.0,EUR
2022-08-11,INST003,140.9622,142.7879,140.3599,140.9333,1809020.0,EUR
2022-08-12,INST003,140.7241,141.7715,138.6955,139.3918,3132617.0,EUR
2022-08-15,INST003,141.4164,145.5251,142.2714,142.3218,3262623.0,EUR
2022-08-16,INST003,140.3644,141.6355,140.09,141.4202,4700563.0,EUR
2022-08-17,INST003,143.935,144.396,141.4994,142.7501,4768564.0,EUR
2022-08-18,INST003,138.4592,141.7436,139.2256,139.4033,3865513.0,EUR
2022-08-19,INST003,136.364,139.5187,133.4211,135.9896,4386026.0,EUR
2022-08-22,INST003,133.9966,137.3829,132.5496,134.4304,1669199.0,EUR
2022-08-23,INST003,136.6695,138.5324,134.7781,136.45,2322408.0,EUR
2022-08-24,INST003,138.9486,142.2675,138.4116,139.8077,2899188.0,EUR
2022-08-25,INST003,136.6653,137.702,135.4465,136.6254,2341458.0,EUR
2022-08-26,INST003,135.4803,136.5774,131.3841,135.2805,1027328.0,EUR
2022-08-29,INST003,133.2501,134.0836,131.1563,133.0431,2738934.0,EUR
2022-08-30,INST003,136.9705,137.9235,135.6654,136.134,2055894.0,EUR
2022-08-31,INST003,136.0589,139.016,132.6078,136.6352,1814794.0,EUR
2022-09-01,INST003,132.0394,135.8777,132.9063,133.3485,3124129.0,EUR
2022-09-02,INST003,134.3303,135.6722,133.746,135.2152,3023217.0,EUR
2022-09-05,INST003,132.5639,134.4947,131.7034,132.1552,4325516.0,EUR
2022-09-06,INST003,132.0273,134.137,131.6471,132.3071,1306382.0,EUR
2022-09-07,INST003,132.092,135.4077,130.023,133.4125,926481.0,EUR
2022-09-08,INST003,132.0133,133.5147,131.0706,132.9842,4707967.0,EUR
2022-09-09,INST003,132.988,132.5799,131.6807,132.4938,1496356.0,EUR
2022-09-12,INST003,131.931,131.3844,127.9945,130.834,4170162.0,EUR
2022-09-13,INST003,133.0168,135.3208,131.7797,133.5847,4009022.0,EUR
2022-09-14,INST003,135.7888,136.245,134.9199,136.2087,4434695.0,EUR
2022-09-15,INST003,135.9976,139.2906,132.605,135.9506,4215919.0,EUR
2022-09-16,INST003,139.4278,138.6193,137.5191,138.2243,1206740.0,EUR
2022-09-19,INST003,140.4611,139.7385,137.5849,139.4176,3182445.0,EUR
2022-09-20,INST003,136.6109,140.4659,135.968,136.8192,3458089.0,EUR
2022-09-21,INST003,136.6233,139.374,132.3209,136.1716,1052331.0,EUR
2022-09-22,INST003,134.0047,138.0273,131.985,134.0445,1632439.0,EUR
2022-09-23,INST003,134.2975,137.5923,131.8843,134.2222,3849109.0,EUR
2022-09-26,INST003,136.8043,138.7028,135.9926,136.3003,4474901.0,EUR
2022-09-27,INST003,133.3261,136.4152,133.7165,134.2755,2732263.0,EUR
2022-09-28,INST003,130.2491,132.7814,128.1682,131.208,1710498.0,EUR
2022-09-29,INST003,132.2597,135.4779,130.684,133.1752,2045070.0,EUR
2022-09-30,INST003,130.8945,133.9663,130.8172,131.9959,1652020.0,EUR
2022-10-03,INST003,133.9155,137.5023,130.9586,134.5256,855678.0,EUR
2022-10-04,INST003,132.9462,134.8511,132.6049,133.6234,2576119.0,EUR
2022-10-05,INST003,132.7044,136.2497,130.5888,133.5578,2750001.0,EUR
2022-10-06,INST003,133.5584,134.4622,131.4328,134.223,1596134.0,EUR
2022-10-07,INST003,131.9384,135.234,129.7761,132.1559,2521420.0,EUR
2022-10-10,INST003,132.1026,133.9172,126.9855,130.8611,2162945.0,EUR
2022-10-11,INST003,130.2353,133.0182,129.3798,130.8081,3173467.0,EUR
2022-10-12,INST003,128.0034,131.3888,127.689,128.7049,3448303.0,EUR
2022-10-13,INST003,131.8159,133.3372,128.5643,131.5341,2996972.0,EUR
2022-10-14,INST003,130.9602,134.3629,130.1957,130.5145,147554.0,EUR
2022-10-17,INST003,128.9343,130.2335,127.8705,127.8923,2722625.0,EUR
2022-10-18,INST003,127.1587,127.4737,125.2297,127.1046,4176458.0,EUR
2022-10-19,INST003,126.7099,126.006,125.5098,125.7167,751688.0,EUR
2022-10-20,INST003,122.7019,124.7842,121.1239,123.4271,922879.0,EUR
2022-10-21,INST003,124.8304,128.7265,123.8598,125.5789,1584670.0,EUR
2022-10-24,INST003,122.2924,125.1279,120.6656,123.268,1027403.0,EUR
2022-10-25,INST003,126.2527,129.1499,125.4211,126.0841,4040602.0,EUR
2022-10-26,INST003,123.8499,124.5119,122.5933,123.8365,1898570.0,EUR
2022-10-27,INST003,123.1273,125.2389,122.1203,122.6526,2390781.0,EUR
2022-10-28,INST003,120.3299,121.2047,117.0845,119.6027,4971175.0,EUR
2022-10-31,INST003,117.899,119.5974,116.6634,117.3057,3215436.0,EUR
2022-11-01,INST003,115.4919,115.508,114.1746,115.2525,3529679.0,EUR
2022-11-02,INST003,112.8884,113.2455,111.104,112.7644,1335790.0,EUR
2022-11-03,INST003,109.456,111.4728,107.3907,110.1167,1851913.0,EUR
2022-11-04,INST003,109.3696,111.445,109.1217,110.0059,4991345.0,EUR
2022-11-07,INST003,111.1618,112.3668,109.9744,110.1851,2881709.0,EUR
2022-11-08,INST003,109.1054,108.5534,105.8468,108.2693,3009546.0,EUR
2022-11-09,INST003,108.4351,110.181,108.184,108.1878,2405464.0,EUR
2022-11-10,INST003,108.3108,111.7351,107.0542,109.3977,2041189.0,EUR
2022-11-11,INST003,108.1662,109.5716,107.6997,107.8249,3827168.0,EUR
2022-11-14,INST003,108.5951,110.0893,106.0647,108.4982,387627.0,EUR
2022-11-15,INST003,106.0257,109.9812,104.9149,106.9064,1497827.0,EUR
2022-11-16,INST003,104.2069,105.7167,104.3036,104.557,2262287.0,EUR
2022-11-17,INST003,102.6635,104.071,101.4903,102.0962,1338506.0,EUR
2022-11-18,INST003,104.729,104.9158,103.8938,103.9688,1782684.0,EUR
2022-11-21,INST003,103.8702,105.5136,102.2343,103.7507,2677227.0,EUR
2022-11-22,INST003,103.7879,105.6409,100.6906,103.0801,1828910.0,EUR
2022-11-23,INST003,102.074,103.2035,101.2548,101.8369,3692484.0,EUR
2022-11-24,INST003,100.1779,102.6367,99.5317,100.0005,2273669.0,EUR
2022-11-25,INST003,98.7093,98.9589,96.2745,98.1874,803755.0,EUR
2022-11-28,INST003,97.3529,98.9862,97.9915,98.0233,892270.0,EUR
2022-11-29,INST003,98.458,99.2271,97.9895,98.7751,3973052.0,EUR
2022-11-30,INST003,97.5677,99.5164,96.9815,97.1234,3994036.0,EUR
2022-12-01,INST003,97.2653,100.0195,96.5357,98.2438,793937.0,EUR
2022-12-02,INST003,97.3832,99.2328,95.1889,97.387,4211002.0,EUR
2022-12-05,INST003,100.1168,99.9995,98.2972,99.3821,898456.0,EUR
2022-12-06,INST003,97.5008,98.9583,95.5858,97.3338,4712925.0,EUR
2022-12-07,INST003,97.1586,98.5777,96.7506,96.9288,1333617.0,EUR
2022-12-08,INST003,98.9833,101.8925,96.4107,98.9838,1066353.0,EUR
2022-12-09,INST003,98.3432,100.5146,96.4499,99.0282,3537355.0,EUR
2022-12-12,INST003,96.1046,99.3798,96.1022,96.5772,966757.0,EUR
2022-12-13,INST003,95.3378,95.1037,94.444,94.8245,3547572.0,EUR
2022-12-14,INST003,92.1651,95.5742,92.7375,93.0477,4347175.0,EUR
2022-12-15,INST003,93.7234,95.7624,92.2788,93.0424,3260647.0,EUR
2022-12-16,INST003,93.8383,97.3748,93.604,94.7575,1187880.0,EUR
2022-12-19,INST003,95.8198,96.0429,94.3266,94.9947,583336.0,EUR
2022-12-20,INST003,93.9746,95.5217,91.8915,94.0201,4718813.0,EUR
2022-12-21,INST003,93.5687,94.8413,91.0833,93.4867,3305570.0,EUR
2022-12-22,INST003,91.8733,94.2074,90.5737,92.4769,4611597.0,EUR
2022-12-23,INST003,92.476,95.6928,92.618,93.0929,3030922.0,EUR
2022-12-26,INST003,94.4347,95.9489,93.7168,94.9245,545116.0,EUR
2022-12-27,INST003,93.8837,94.1701,90.8472,93.0226,4286928.0,EUR
2022-12-28,INST003,95.2714,97.8469,94.7316,95.3438,536742.0,EUR
2022-12-29,INST003,95.5539,96.918,94.4701,95.5649,3138477.0,EUR
2022-12-30,INST003,93.7103,96.6921,92.5345,94.541,566028.0,EUR
2023-01-02,INST003,93.86,96.9819,91.5042,94.2954,1997252.0,EUR
2023-01-03,INST003,92.5827,94.1422,92.8086,93.2798,414942.0,EUR
2023-01-04,INST003,95.6744,96.8794,94.2913,94.9648,3429398.0,EUR
2023-01-05,INST003,96.7563,99.5174,95.003,96.9541,694331.0,EUR
2023-01-06,INST003,96.4081,97.8125,93.9947,96.2421,3506862.0,EUR
2023-01-09,INST003,95.8114,97.2317,93.9689,96.5909,3100481.0,EUR
2023-01-10,INST003,98.4941,98.8571,96.3374,98.8299,1747109.0,EUR
2023-01-11,INST003,97.8992,100.7111,96.1258,98.5212,4442202.0,EUR
2023-01-12,INST003,98.1209,99.0044,96.7194,98.2671,3384142.0,EUR
2023-01-13,INST003,96.0572,98.8871,96.2888,96.361,2231024.0,EUR
2023-01-16,INST003,95.7461,98.041,95.2933,96.6067,4400716.0,EUR
2023-01-17,INST003,95.0366,94.9313,93.832,94.2006,4468706.0,EUR
2023-01-18,INST003,93.299,95.7837,92.1416,93.4027,4124811.0,EUR
2023-01-19,INST003,91.6416,91.8075,89.4759,91.7679,4511368.0,EUR
2023-01-20,INST003,89.2361,90.6282,87.2432,89.5928,350174.0,EUR
2023-01-23,INST003,88.4552,88.4073,87.8116,88.1209,1385198.0,EUR
2023-01-24,INST003,85.8227,87.1627,84.9614,86.4863,1366678.0,EUR
2023-01-25,INST003,88.5571,89.8684,87.6773,87.7365,4048294.0,EUR
2023-01-26,INST003,89.1686,89.8288,86.9839,88.6988,3675053.0,EUR
2023-01-27,INST003,89.4802,90.421,89.4156,89.6516,2171943.0,EUR
2023-01-30,INST003,89.3934,90.4785,88.0714,90.0663,3163466.0,EUR
2023-01-31,INST003,90.0662,92.4941,88.0058,89.9074,240052.0,EUR
2023-02-01,INST003,88.1647,88.3756,86.36,87.7282,1365734.0,EUR
2023-02-02,INST003,87.2369,88.7571,86.3125,86.9247,4263278.0,EUR
2023-02-03,INST003,86.6701,86.3295,85.5154,85.8243,3071626.0,EUR
2023-02-06,INST003,86.8154,88.191,84.8383,86.3415,3376546.0,EUR
2023-02-07,INST003,85.3974,86.804,84.6934,85.5178,4639364.0,EUR
2023-02-08,INST003,85.4682,86.4673,84.1342,85.3092,4008109.0,EUR
2023-02-09,INST003,84.3301,86.8827,84.5447,84.7372,1151029.0,EUR
2023-02-10,INST003,87.2602,88.303,85.0698,86.8217,1405130.0,EUR
2023-02-13,INST003,86.4574,88.1353,85.7528,87.2864,4751177.0,EUR
2023-02-14,INST003,86.9642,86.417,86.0972,86.2894,2878823.0,EUR
2023-02-15,INST003,88.5515,89.6768,86.1956,87.6873,1598014.0,EUR
2023-02-16,INST003,86.741,89.7014,86.1163,87.4811,4078503.0,EUR
2023-02-17,INST003,87.8511,88.9937,87.9504,88.6814,2095407.0,EUR
2023-02-20,INST003,86.2263,87.4631,86.2576,87.0261,4893689.0,EUR
2023-02-21,INST003,86.2484,86.9553,84.8192,86.3549,1108269.0,EUR
2023-02-22,INST003,85.6108,86.5969,83.9287,84.9555,1731044.0,EUR
2023-02-23,INST003,86.8248,88.7683,86.8034,86.968,478932.0,EUR
2023-02-24,INST003,87.5361,89.1423,84.6037,86.7588,4367794.0,EUR
2023-02-27,INST003,85.6863,87.5511,83.9679,86.2124,3879669.0,EUR
2023-02-28,INST003,86.9152,88.4888,85.8867,86.118,559060.0,EUR
2023-03-01,INST003,84.8919,85.2073,82.888,84.3308,4689679.0,EUR
2023-03-02,INST003,85.6067,87.8652,83.5254,85.6059,1412338.0,EUR
2023-03-03,INST003,87.3088,86.9359,85.9412,86.7567,2539340.0,EUR
2023-03-06,INST003,87.808,89.7869,87.2755,88.2341,4108401.0,EUR
2023-03-07,INST003,88.4773,90.8313,87.802,88.3808,4930807.0,EUR
2023-03-08,INST003,88.5034,88.1527,85.8283,87.655,2792987.0,EUR
2023-03-09,INST003,88.5049,89.9462,86.2784,87.7721,4822130.0,EUR
2023-03-10,INST003,89.4463,90.6875,86.0547,88.6559,3856547.0,EUR
2023-03-13,INST003,88.5357,91.2417,88.4804,89.1207,405971.0,EUR
2023-03-14,INST003,86.9977,88.9134,86.0298,87.5518,2037276.0,EUR
2023-03-15,INST003,85.9177,86.8515,85.4413,85.9625,961747.0,EUR
2023-03-16,INST003,87.2826,89.4444,84.5909,87.0498,4721408.0,EUR
2023-03-17,INST003,90.0106,90.1765,86.6443,89.1239,4457338.0,EUR
2023-03-20,INST003,89.9072,92.8628,89.0007,90.5121,1556349.0,EUR
2023-03-21,INST003,88.8806,90.7533,87.2049,88.6622,547452.0,EUR
2023-03-22,INST003,89.0874,90.4836,86.5317,88.9443,2262034.0,EUR
2023-03-23,INST003,88.6585,90.1293,86.3396,87.9501,2842766.0,EUR
2023-03-24,INST003,90.0543,90.733,87.8703,90.1445,1673151.0,EUR
2023-03-27,INST003,92.1722,92.8922,91.2411,91.5071,2655440.0,EUR
2023-03-28,INST003,92.438,94.4286,90.9881,93.138,2339990.0,EUR
2023-03-29,INST003,94.7481,94.7715,94.0118,94.4461,4623299.0,EUR
2023-03-30,INST003,96.0221,97.153,95.296,96.3843,335774.0,EUR
2023-03-31,INST003,95.5714,95.7739,93.6449,95.012,349262.0,EUR
2023-04-03,INST003,96.7301,97.8873,93.5364,96.2035,1365305.0,EUR
2023-04-04,INST003,93.5517,94.9955,93.1523,94.0937,3158830.0,EUR
2023-04-05,INST003,94.083,95.0238,91.7096,93.1637,944029.0,EUR
2023-04-06,INST003,91.9262,93.5095,90.3934,91.3636,572690.0,EUR
2023-04-07,INST003,90.4425,91.5073,88.4431,89.6721,4897560.0,EUR
2023-04-10,INST003,90.6691,91.494,91.3359,91.4855,1330038.0,EUR
2023-04-11,INST003,90.4136,89.8414,88.1623,89.7706,1975460.0,EUR
2023-04-12,INST003,92.4865,92.7751,89.8477,91.889,770065.0,EUR
2023-04-13,INST003,90.5513,90.9138,89.5713,90.1184,3702178.0,EUR
2023-04-14,INST003,91.8535,94.4197,89.4104,92.1012,1400342.0,EUR
2023-04-17,INST003,90.4809,91.8206,88.8952,90.5394,3696897.0,EUR
2023-04-18,INST003,93.6094,93.4717,90.3252,92.6991,225384.0,EUR
2023-04-19,INST003,92.1338,92.9024,91.7213,91.7752,1868364.0,EUR
2023-04-20,INST003,94.1631,94.2494,93.0972,94.0248,3765808.0,EUR
2023-04-21,INST003,92.5092,95.8252,91.4142,93.0942,4064610.0,EUR
2023-04-24,INST003,93.7735,93.1086,90.6019,92.9393,2892328.0,EUR
2023-04-25,INST003,92.7458,92.0687,89.3147,91.8897,763261.0,EUR
2023-04-26,INST003,90.8626,92.3588,88.6247,90.6463,481432.0,EUR
2023-04-27,INST003,89.9224,91.3055,88.3704,89.1342,2784515.0,EUR
2023-04-28,INST003,87.8373,89.887,87.2642,87.6851,560097.0,EUR
2023-05-01,INST003,86.4466,87.8421,84.9785,85.7598,1863203.0,EUR
2023-05-02,INST003,86.6116,89.4743,85.6544,87.2764,2664542.0,EUR
2023-05-03,INST003,87.6351,90.1635,87.7197,87.9738,3630470.0,EUR
2023-05-04,INST003,89.0668,89.5204,87.8779,89.5068,3058767.0,EUR
2023-05-05,INST003,89.7831,92.3367,88.1697,89.7426,4234049.0,EUR
2023-05-08,INST003,88.1702,89.5149,86.241,87.7576,4720467.0,EUR
2023-05-09,INST003,86.3793,87.3775,84.8853,86.5599,909305.0,EUR
2023-05-10,INST003,88.5075,88.746,86.8686,87.7543,3025961.0,EUR
2023-05-11,INST003,87.6733,88.6644,85.673,87.6692,1743765.0,EUR
2023-05-12,INST003,87.8604,87.0663,86.2743,87.064,3122271.0,EUR
2023-05-15,INST003,88.3035,89.3087,87.1937,88.1724,3362367.0,EUR
2023-05-16,INST003,87.2336,86.8747,86.6059,86.8507,3582678.0,EUR
2023-05-17,INST003,85.863,87.697,86.3251,86.7147,713054.0,EUR
2023-05-18,INST003,86.6148,88.5106,85.3518,86.6547,2559998.0,EUR
2023-05-19,INST003,88.1409,90.324,86.038,88.6354,3382358.0,EUR
2023-05-22,INST003,87.4048,89.8531,86.8941,87.5504,1051914.0,EUR
2023-05-23,INST003,84.9777,87.6079,83.4612,85.7066,1649302.0,EUR
2023-05-24,INST003,86.5851,87.4024,86.2174,87.2752,4827041.0,EUR
2023-05-25,INST003,86.7323,88.1123,85.0176,86.3503,826941.0,EUR
2023-05-26,INST003,85.8489,85.6145,84.009,85.2818,4119894.0,EUR
2023-05-29,INST003,84.5156,85.8657,84.5321,85.2453,3643983.0,EUR
2023-05-30,INST003,86.2352,88.3882,85.1814,86.0785,270881.0,EUR
2023-05-31,INST003,84.3474,83.9861,83.029,83.9559,4550651.0,EUR
2023-06-01,INST003,81.2597,82.4565,80.603,82.0001,1732387.0,EUR
2023-06-02,INST003,80.4734,81.4271,80.5676,80.9762,1303650.0,EUR
2023-06-05,INST003,83.2366,83.505,80.9583,82.5543,2320996.0,EUR
2023-06-06,INST003,81.0656,82.7545,78.2781,80.6828,2859088.0,EUR
2023-06-07,INST003,82.0015,82.5855,80.8515,81.8226,3278658.0,EUR
2023-06-08,INST003,82.1455,84.0401,81.6461,82.4552,3336103.0,EUR
2023-06-09,INST003,81.9449,83.2394,80.439,82.689,4546397.0,EUR
2023-06-12,INST003,82.7634,83.5049,82.2848,83.3069,4152140.0,EUR
2023-06-13,INST003,82.8501,83.8272,82.3462,83.2447,4350714.0,EUR
2023-06-14,INST003,83.966,85.6621,82.3396,84.3433,739952.0,EUR
2023-06-15,INST003,84.9342,85.0214,83.9875,84.4596,856502.0,EUR
2023-06-16,INST003,85.2504,87.4419,83.4071,85.3964,2762948.0,EUR
2023-06-19,INST003,83.4859,84.3609,83.6101,83.8212,2001014.0,EUR
2023-06-20,INST003,83.9642,86.3176,82.1591,84.2829,4596549.0,EUR
2023-06-21,INST003,83.5885,85.3513,83.1504,83.5775,3628928.0,EUR
2023-06-22,INST003,82.1948,82.1485,80.8381,81.5662,1360232.0,EUR
2023-06-23,INST003,83.3674,84.0879,81.9826,82.6516,3301944.0,EUR
2023-06-26,INST003,82.7264,84.7896,81.0493,82.4055,462991.0,EUR
2023-06-27,INST003,80.7613,82.7209,80.4068,81.4547,3506004.0,EUR
2023-06-28,INST003,80.4796,83.5052,79.7422,81.17,210266.0,EUR
2023-06-29,INST003,81.4745,81.8624,80.7085,80.9462,1076752.0,EUR
2023-06-30,INST003,81.4446,81.6812,80.64,80.7108,4566251.0,EUR
2023-07-03,INST003,81.593,83.3993,80.6934,81.4609,4306183.0,EUR
2023-07-04,INST003,80.6536,81.5738,78.9899,80.9797,353384.0,EUR
2023-07-05,INST003,80.6246,81.0548,79.0725,80.348,2903051.0,EUR
2023-07-06,INST003,81.8113,83.914,81.481,81.7391,817219.0,EUR
2023-07-07,INST003,81.1343,82.5474,81.0417,81.7899,115668.0,EUR
2023-07-10,INST003,81.8574,82.2529,79.4736,81.647,2200006.0,EUR
2023-07-11,INST003,80.2934,82.5036,80.0937,80.5226,3046293.0,EUR
2023-07-12,INST003,80.6172,82.5501,80.1694,81.2895,385219.0,EUR
2023-07-13,INST003,81.967,81.8641,80.9357,81.7865,1583867.0,EUR
2023-07-14,INST003,81.8225,83.7819,80.6476,82.4026,2965715.0,EUR
2023-07-17,INST003,81.5658,83.1046,81.9,82.1426,2765559.0,EUR
2023-07-18,INST003,84.7789,85.662,83.6417,84.0183,4549875.0,EUR
2023-07-19,INST003,85.539,86.739,83.9951,86.0055,1014523.0,EUR
2023-07-20,INST003,84.4345,85.9873,84.6525,85.0405,3170102.0,EUR
2023-07-21,INST003,82.6433,83.0881,80.5822,83.0684,4997166.0,EUR
2023-07-24,INST003,80.2952,81.3773,79.5115,81.0469,2054908.0,EUR
2023-07-25,INST003,80.0357,80.8498,78.3962,80.1161,4789339.0,EUR
2023-07-26,INST003,77.8997,80.4063,76.9117,78.4186,4984541.0,EUR
2023-07-27,INST003,78.0929,79.2577,76.4737,77.5762,337796.0,EUR
2023-07-28,INST003,75.8203,77.0679,74.4847,75.8716,2385296.0,EUR
2023-07-31,INST003,75.6548,77.1208,73.6506,75.3359,4689934.0,EUR
2023-08-01,INST003,75.5459,78.1985,74.9744,76.2708,3600601.0,EUR
2023-08-02,INST003,75.3023,75.67,74.8192,75.339,3667159.0,EUR
2023-08-03,INST003,77.565,77.8397,75.9481,76.808,4230010.0,EUR
2023-08-04,INST003,76.1199,77.1448,76.5704,76.7079,890990.0,EUR
2023-08-07,INST003,77.4285,77.8096,76.9186,76.9977,144337.0,EUR
2023-08-08,INST003,77.4093,79.3449,77.6216,77.6525,3549073.0,EUR
2023-08-09,INST003,77.9979,77.9033,76.2577,77.2351,2223935.0,EUR
2023-08-10,INST003,75.9018,77.5227,73.7284,75.3618,3582057.0,EUR
2023-08-11,INST003,75.4329,76.6278,73.7802,75.1451,2986930.0,EUR
2023-08-14,INST003,77.4056,79.1164,75.5611,76.9175,3523283.0,EUR
2023-08-15,INST003,76.9556,77.6478,76.3713,77.0625,4633965.0,EUR
2023-08-16,INST003,77.3541,79.3967,76.1667,77.4711,2313114.0,EUR
2023-08-17,INST003,77.9548,79.4152,77.2487,77.9462,2215199.0,EUR
2023-08-18,INST003,77.1314,78.5344,75.6566,77.5315,3746423.0,EUR
2023-08-21,INST003,77.277,77.8041,74.2718,76.5125,1503530.0,EUR
2023-08-22,INST003,75.4708,76.3299,73.5018,74.88,3664361.0,EUR
2023-08-23,INST003,74.6133,76.3408,73.6091,75.1941,3524446.0,EUR
2023-08-24,INST003,73.8006,73.9941,72.8081,73.3174,717226.0,EUR
2023-08-25,INST003,73.9048,73.9879,72.4336,73.9125,2758170.0,EUR
2023-08-28,INST003,75.0595,76.2856,73.1308,74.4131,2837932.0,EUR
2023-08-29,INST003,74.4658,75.8307,72.9506,74.9637,1866388.0,EUR
2023-08-30,INST003,75.5606,76.4827,73.6949,75.1967,4321793.0,EUR
2023-08-31,INST003,76.6981,77.1345,76.7944,76.9066,3836119.0,EUR
2023-09-01,INST003,74.7205,75.5155,73.9734,74.9841,3971801.0,EUR
2023-09-04,INST003,75.4169,76.3505,75.4135,75.799,4936527.0,EUR
2023-09-05,INST003,74.8265,76.3293,73.6787,74.9686,3078523.0,EUR
2023-09-06,INST003,74.1087,73.7148,72.6585,73.6913,675812.0,EUR
2023-09-07,INST003,72.1795,73.7902,70.9188,72.4123,229883.0,EUR
2023-09-08,INST003,72.6143,73.7714,71.0546,72.7877,4912206.0,EUR
2023-09-11,INST003,72.1713,73.5593,72.0669,72.6911,1543712.0,EUR
2023-09-12,INST003,71.1891,73.6618,70.445,71.7018,1848236.0,EUR
2023-09-13,INST003,69.8425,70.3572,69.4927,70.2185,2572652.0,EUR
2023-09-14,INST003,70.0395,71.4191,69.6441,70.6718,1534234.0,EUR
2023-09-15,INST003,70.9779,72.2622,69.701,71.449,3620367.0,EUR
2023-09-18,INST003,72.6209,74.6431,71.4889,72.8836,1281986.0,EUR
2023-09-19,INST003,72.0651,73.5383,71.8648,72.2782,4439044.0,EUR
2023-09-20,INST003,72.6041,74.4209,70.7917,72.6085,3427094.0,EUR
2023-09-21,INST003,73.375,73.4911,72.8291,73.3206,1552503.0,EUR
2023-09-22,INST003,74.6158,76.1831,72.2467,74.3931,1415289.0,EUR
2023-09-25,INST003,75.8653,77.4726,75.727,76.1321,714461.0,EUR
2023-09-26,INST003,76.3692,77.2654,74.4338,75.8683,3451893.0,EUR
2023-09-27,INST003,76.5173,78.4056,75.2927,76.1353,2165760.0,EUR
2023-09-28,INST003,78.0981,78.2608,75.6271,77.5111,4885869.0,EUR
2023-09-29,INST003,76.7142,77.6821,76.2188,77.2779,2260778.0,EUR
2023-10-02,INST003,78.548,79.987,78.568,78.862,3219935.0,EUR
2023-10-03,INST003,80.3078,83.0673,79.8375,80.704,710361.0,EUR
2023-10-04,INST003,78.9905,79.964,78.753,79.0802,3785104.0,EUR
2023-10-05,INST003,80.5096,82.483,80.0259,80.8392,2520810.0,EUR
2023-10-06,INST003,80.3436,81.8115,78.2321,79.9691,1154858.0,EUR
2023-10-09,INST003,81.2377,83.2023,80.0148,81.9077,372727.0,EUR
2023-10-10,INST003,79.2692,80.5574,79.2771,79.8998,3351667.0,EUR
2023-10-11,INST003,79.8022,79.3241,79.0541,79.3092,1441710.0,EUR
2023-10-12,INST003,81.3379,82.8738,79.8501,80.7934,913433.0,EUR
2023-10-13,INST003,81.6855,84.173,81.258,81.8655,2449551.0,EUR
2023-10-16,INST003,80.045,80.4249,78.7678,80.309,1901145.0,EUR
2023-10-17,INST003,82.3445,83.5764,80.1219,81.9017,3380699.0,EUR
2023-10-18,INST003,80.8219,82.1834,79.9151,80.9971,3514811.0,EUR
2023-10-19,INST003,81.3567,82.0519,79.06,81.067,2085389.0,EUR
2023-10-20,INST003,81.0964,83.336,80.0918,81.5466,2371563.0,EUR
2023-10-23,INST003,79.6633,80.7747,79.5418,80.144,4242899.0,EUR
2023-10-24,INST003,80.8241,80.5527,78.1496,80.2148,4406564.0,EUR
2023-10-25,INST003,80.9395,81.7045,79.0326,80.2092,4070014.0,EUR
2023-10-26,INST003,79.6708,80.7478,79.6086,80.466,114812.0,EUR
2023-10-27,INST003,81.8731,82.2763,81.0074,81.8069,1553618.0,EUR
2023-10-30,INST003,82.3149,83.778,80.3249,82.1875,3435352.0,EUR
2023-10-31,INST003,82.6477,83.4394,82.0154,82.2946,1705517.0,EUR
2023-11-01,INST003,83.8006,83.6396,81.8704,83.5558,1887620.0,EUR
2023-11-02,INST003,81.6913,82.229,81.3452,82.1802,2463423.0,EUR
2023-11-03,INST003,83.205,84.9456,81.5977,83.5732,3182443.0,EUR
2023-11-06,INST003,81.9931,83.8068,81.6415,81.6713,1285200.0,EUR
2023-11-07,INST003,80.0212,81.0696,78.5033,80.2071,1020806.0,EUR
2023-11-08,INST003,81.6143,84.0211,80.7868,82.0436,1587274.0,EUR
2023-11-09,INST003,80.6642,81.0804,78.0252,80.2445,608976.0,EUR
2023-11-10,INST003,78.1936,80.8337,78.1901,78.5396,4563100.0,EUR
2023-11-13,INST003,76.9962,78.7009,77.0055,77.6503,3941679.0,EUR
2023-11-14,INST003,78.6115,79.8817,77.8096,78.2515,1900728.0,EUR
2023-11-15,INST003,77.9391,78.3569,77.0047,77.2379,2262731.0,EUR
2023-11-16,INST003,75.3506,75.7364,74.6532,75.5085,2054692.0,EUR
2023-11-17,INST003,76.4218,77.9879,75.345,76.3359,2902923.0,EUR
2023-11-20,INST003,75.2156,77.5947,74.4653,75.4255,1168613.0,EUR
2023-11-21,INST003,76.1066,77.3153,74.3889,75.9223,4453601.0,EUR
2023-11-22,INST003,76.0005,77.5087,74.1874,75.7898,2182779.0,EUR
2023-11-23,INST003,75.4027,75.9766,73.9433,74.9954,4678114.0,EUR
2023-11-24,INST003,76.1278,77.2565,74.7879,76.2334,152527.0,EUR
2023-11-27,INST003,75.6505,77.5558,74.4175,76.223,3051978.0,EUR
2023-11-28,INST003,75.1376,75.7349,74.0136,75.0897,418063.0,EUR
2023-11-29,INST003,74.1263,74.8218,73.8573,74.3052,2804081.0,EUR
2023-11-30,INST003,75.8944,77.5231,74.4562,75.4473,3249033.0,EUR
2023-12-01,INST003,73.7594,75.0226,73.2366,73.8272,122199.0,EUR
2023-12-04,INST003,74.3787,76.026,72.3786,74.007,2474208.0,EUR
2023-12-05,INST003,72.8683,75.3914,73.4523,73.5256,1133939.0,EUR
2023-12-06,INST003,73.5869,73.5069,72.015,73.1976,1592814.0,EUR
2023-12-07,INST003,71.4708,72.0033,71.1066,71.6147,3192531.0,EUR
2023-12-08,INST003,70.6586,72.162,69.3728,70.0622,4997915.0,EUR
2023-12-11,INST003,69.7808,70.4109,68.2224,70.0522,3839164.0,EUR
2023-12-12,INST003,70.7261,72.7189,69.6603,71.3256,1844514.0,EUR
2023-12-13,INST003,72.3779,73.2397,70.0593,71.7547,2441032.0,EUR
2023-12-14,INST003,70.2305,70.5394,68.9928,70.4549,1958542.0,EUR
2023-12-15,INST003,69.4855,70.9435,68.0625,69.102,4336108.0,EUR
2023-12-18,INST003,70.0054,70.7668,68.1516,70.2404,2941617.0,EUR
2023-12-19,INST003,72.2598,74.05,69.8388,71.9456,1686632.0,EUR
2023-12-20,INST003,70.546,71.3015,68.5008,70.2838,1618078.0,EUR
2023-12-21,INST003,69.3442,71.6304,69.6801,69.8424,3607762.0,EUR
2023-12-22,INST003,70.7189,71.7054,70.5159,71.1911,2739969.0,EUR
2023-12-25,INST003,69.5549,70.6185,68.1551,70.0184,4922827.0,EUR
2023-12-26,INST003,68.7014,69.5447,68.113,69.2586,1773603.0,EUR
2023-12-27,INST003,68.602,69.1953,68.0589,68.4391,3187515.0,EUR
2023-12-28,INST003,69.2343,70.5894,68.5067,69.7998,2156510.0,EUR
2023-12-29,INST003,68.9797,69.3346,67.3287,68.4975,3131561.0,EUR
2024-01-01,INST003,70.2537,71.079,68.8104,69.6998,515210.0,EUR
2024-01-02,INST003,71.8513,73.0566,70.6443,71.2809,2719223.0,EUR
2024-01-03,INST003,73.115,72.8329,70.4508,72.4895,3022702.0,EUR
2024-01-04,INST003,71.2006,71.7927,69.1218,70.7897,454392.0,EUR
2024-01-05,INST003,70.9798,73.2988,70.5098,71.3015,4451664.0,EUR
2024-01-08,INST003,69.785,71.8813,69.655,69.888,909238.0,EUR
2024-01-09,INST003,68.8049,70.814,67.3935,69.2545,3864280.0,EUR
2024-01-10,INST003,70.2393,71.7747,69.422,70.2989,1001997.0,EUR
2024-01-11,INST003,71.3307,72.4833,69.4621,70.9876,3874888.0,EUR
2024-01-12,INST003,71.4324,73.5101,71.0491,71.9938,697920.0,EUR
2024-01-15,INST003,70.9445,73.0299,69.5772,71.0068,1609647.0,EUR
2024-01-16,INST003,71.4584,73.8541,70.1317,71.8232,3974614.0,EUR
2024-01-17,INST003,71.3646,72.9251,70.3476,70.9652,2933305.0,EUR
2024-01-18,INST003,70.9609,71.5005,71.0659,71.1192,1910389.0,EUR
2024-01-19,INST003,70.1885,71.097,69.9242,70.8775,421779.0,EUR
2024-01-22,INST003,71.6451,72.0626,70.0235,71.4914,1234990.0,EUR
2024-01-23,INST003,71.9182,73.4543,71.5819,72.4187,3596814.0,EUR
2024-01-24,INST003,74.5898,75.2195,72.0687,74.019,3345102.0,EUR
2024-01-25,INST003,74.1875,75.8101,73.1365,73.6556,145330.0,EUR
2024-01-26,INST003,74.6479,76.0932,72.9484,75.001,4290892.0,EUR
2024-01-29,INST003,73.3971,74.9532,72.0793,73.4122,2099164.0,EUR
2024-01-30,INST003,72.8494,73.7088,70.842,72.1943,1603254.0,EUR
2024-01-31,INST003,73.719,74.085,73.0079,73.4478,3533010.0,EUR
2024-02-01,INST003,72.6092,73.8254,72.2597,73.222,242609.0,EUR
2024-02-02,INST003,73.5322,73.4459,72.7591,73.2109,945795.0,EUR
2024-02-05,INST003,72.5484,73.5074,71.7248,72.9162,583494.0,EUR
2024-02-06,INST003,72.7576,73.9074,70.6146,72.62,4960174.0,EUR
2024-02-07,INST003,73.346,73.6083,71.4857,73.2277,1343915.0,EUR
2024-02-08,INST003,72.903,74.0363,72.0282,72.5967,3539593.0,EUR
2024-02-09,INST003,72.9505,74.4367,71.5903,72.7537,1006295.0,EUR
2024-02-12,INST003,74.1877,76.2838,73.6051,74.5197,4541523.0,EUR
2024-02-13,INST003,72.543,73.7258,71.0955,73.2723,4929766.0,EUR
2024-02-14,INST003,72.4581,73.2022,70.7701,72.839,2671375.0,EUR
2024-02-15,INST003,74.0427,76.1246,73.8855,74.1378,991788.0,EUR
2024-02-16,INST003,73.8103,75.8998,72.7813,73.9526,4704626.0,EUR
2024-02-19,INST003,75.6684,76.3602,74.7062,75.7708,3639591.0,EUR
2024-02-20,INST003,76.0935,76.0012,74.6486,75.5518,4811439.0,EUR
2024-02-21,INST003,76.5708,77.3257,74.3259,75.9268,3618772.0,EUR
2024-02-22,INST003,76.2564,77.3012,74.2421,76.1677,1409513.0,EUR
2024-02-23,INST003,76.1182,76.6659,74.7274,75.8864,2065393.0,EUR
2024-02-26,INST003,76.0007,76.4672,75.4231,76.3217,569923.0,EUR
2024-02-27,INST003,75.3873,75.4753,74.4504,74.6659,3234233.0,EUR
2024-02-28,INST003,74.6717,75.3984,73.6532,74.7379,875600.0,EUR
2024-02-29,INST003,75.6442,77.8556,73.89,75.8187,3507956.0,EUR
2024-03-01,INST003,76.0141,76.6768,74.9714,76.5515,3952947.0,EUR
2024-03-04,INST003,76.8025,76.8039,76.1254,76.1429,4595011.0,EUR
2024-03-05,INST003,75.3657,77.5909,73.3327,75.4111,1146730.0,EUR
2024-03-06,INST003,76.0792,77.0879,74.284,75.3576,1983569.0,EUR
2024-03-07,INST003,77.133,78.4512,76.1827,76.6627,2101785.0,EUR
2024-03-08,INST003,78.145,79.1365,75.4913,77.7016,117554.0,EUR
2024-03-11,INST003,78.8497,79.141,77.6496,78.5281,864449.0,EUR
2024-03-12,INST003,78.1612,80.0525,76.0464,78.1962,1819911.0,EUR
2024-03-13,INST003,77.3962,78.4516,74.7646,76.6983,3555254.0,EUR
2024-03-14,INST003,74.4517,76.7349,73.1838,74.8955,1980629.0,EUR
2024-03-15,INST003,74.1822,75.7111,72.5522,73.9411,1689858.0,EUR
2024-03-18,INST003,73.1882,73.8395,71.0184,72.8506,1028350.0,EUR
2024-03-19,INST003,72.902,73.0103,71.4476,72.3699,2847321.0,EUR
2024-03-20,INST003,71.1476,71.1129,69.2069,71.0803,4841553.0,EUR
2024-03-21,INST003,70.9899,71.7135,71.4209,71.627,1261454.0,EUR
2024-03-22,INST003,71.2849,73.2993,71.5518,71.9021,3938642.0,EUR
2024-03-25,INST003,69.5599,70.8039,68.6566,70.1834,3186046.0,EUR
2024-03-26,INST003,71.5551,72.236,70.7214,71.6684,1316321.0,EUR
2024-03-27,INST003,73.2776,74.1548,71.6186,73.1015,3772780.0,EUR
2024-03-28,INST003,74.4604,75.4982,72.8434,74.4528,4488112.0,EUR
2024-03-29,INST003,74.3361,73.9305,72.5852,73.7319,2673943.0,EUR
2024-04-01,INST003,73.3136,73.9809,70.8716,72.8822,3938188.0,EUR
2024-04-02,INST003,72.3457,73.3799,70.0023,71.7959,183105.0,EUR
2024-04-03,INST003,72.6246,74.9357,72.9156,73.3414,4737922.0,EUR
2024-04-04,INST003,73.3001,74.7775,73.7022,73.8385,4436774.0,EUR
2024-04-05,INST003,72.9685,73.9992,71.7235,73.3831,3938199.0,EUR
2024-04-08,INST003,72.2043,73.929,70.1852,71.9702,1302284.0,EUR
2024-04-09,INST003,70.9933,70.7864,69.6862,70.4415,3895241.0,EUR
2024-04-10,INST003,70.6891,73.1484,70.7031,71.1479,2576668.0,EUR
2024-04-11,INST003,70.8865,71.6693,70.6414,71.2009,4741056.0,EUR
2024-04-12,INST003,71.2841,72.3752,71.1148,71.5804,2432730.0,EUR
2024-04-15,INST003,71.3631,72.7118,71.043,71.6047,1469482.0,EUR
2024-04-16,INST003,72.6165,73.1382,71.2763,72.889,2397444.0,EUR
2024-04-17,INST003,72.0275,72.1515,70.673,71.4701,2447213.0,EUR
2024-04-18,INST003,70.3509,72.5847,70.2075,70.4948,2636279.0,EUR
2024-04-19,INST003,71.2122,73.4716,70.8656,71.5894,4322122.0,EUR
2024-04-22,INST003,70.2046,72.3465,68.9408,70.4202,1113834.0,EUR
2024-04-23,INST003,72.0337,73.4602,70.9345,72.0549,491777.0,EUR
2024-04-24,INST003,71.3721,71.5516,69.0452,71.0203,1708383.0,EUR
2024-04-25,INST003,72.1042,72.2159,70.4851,72.0277,3929570.0,EUR
2024-04-26,INST003,70.6543,71.4909,70.852,70.9746,4038882.0,EUR
2024-04-29,INST003,71.3218,72.1796,70.9999,71.9831,1852195.0,EUR
2024-04-30,INST003,72.7501,74.5315,71.9047,73.2667,956627.0,EUR
2024-05-01,INST003,73.0258,74.4718,71.8217,73.1532,1619362.0,EUR
2024-05-02,INST003,70.9505,72.8187,69.9658,71.3399,4272092.0,EUR
2024-05-03,INST003,71.406,71.3351,69.6215,71.1403,1702485.0,EUR
2024-05-06,INST003,72.2358,72.8837,71.7684,72.3641,1305961.0,EUR
2024-05-07,INST003,71.2584,71.9036,70.4666,71.1929,4368203.0,EUR
2024-05-08,INST003,70.2602,70.0452,69.5467,70.0165,1585836.0,EUR
2024-05-09,INST003,71.021,73.4822,69.529,71.3863,4243391.0,EUR
2024-05-10,INST003,69.7361,69.9463,69.2689,69.7643,819448.0,EUR
2024-05-13,INST003,70.1848,70.2687,69.3905,69.5287,2750424.0,EUR
2024-05-14,INST003,69.3443,70.9964,69.4541,69.952,2954461.0,EUR
2024-05-15,INST003,70.8879,71.3659,69.9313,70.6742,4698839.0,EUR
2024-05-16,INST003,71.3066,73.637,71.2843,71.4945,207577.0,EUR
2024-05-17,INST003,70.2253,71.1693,68.5464,69.7617,3443162.0,EUR
2024-05-20,INST003,69.2783,70.7122,68.1863,68.9081,105170.0,EUR
2024-05-21,INST003,68.8647,69.0363,67.6463,68.9231,1942090.0,EUR
2024-05-22,INST003,68.3514,69.5299,66.4563,67.7022,4920197.0,EUR
2024-05-23,INST003,66.4237,67.7442,64.9427,66.3347,1313196.0,EUR
2024-05-24,INST003,66.6569,66.9498,64.326,66.0114,2849188.0,EUR
2024-05-27,INST003,64.8835,67.1619,63.8422,65.3024,1414776.0,EUR
2024-05-28,INST003,65.0583,65.8215,63.1625,64.9486,3920535.0,EUR
2024-05-29,INST003,66.3507,67.6386,65.8093,66.5475,2818725.0,EUR
2024-05-30,INST003,66.5796,67.886,64.6473,66.4537,4010030.0,EUR
2024-05-31,INST003,66.0353,67.2737,65.2985,65.4257,966695.0,EUR
2024-06-03,INST003,65.5843,67.4808,65.2238,65.8129,3767372.0,EUR
2024-06-04,INST003,65.0041,65.9459,64.4516,64.7053,906280.0,EUR
2024-06-05,INST003,65.0037,66.0256,64.2414,65.5395,2749728.0,EUR
2024-06-06,INST003,64.5012,65.192,63.9368,65.0599,4450384.0,EUR
2024-06-07,INST003,65.9555,66.1767,63.8623,65.6746,2287686.0,EUR
2024-06-10,INST003,64.3257,66.5465,63.4124,64.6539,717426.0,EUR
2024-06-11,INST003,65.0981,66.5363,63.6844,65.3674,520113.0,EUR
2024-06-12,INST003,64.3514,65.6569,63.4999,64.1241,1453245.0,EUR
2024-06-13,INST003,62.4393,63.4421,61.8674,62.7252,1422085.0,EUR
2024-06-14,INST003,61.8397,63.6064,60.5349,61.7808,1747488.0,EUR
2024-06-17,INST003,60.0802,61.8553,60.0913,60.4045,4216497.0,EUR
2024-06-18,INST003,59.137,60.3482,59.072,59.2984,455821.0,EUR
2024-06-19,INST003,59.0975,60.7933,58.5642,59.6131,703392.0,EUR
2024-06-20,INST003,59.8614,60.5584,58.6728,60.1068,2501730.0,EUR
2024-06-21,INST003,60.9527,61.863,60.7741,61.2605,3872344.0,EUR
2024-06-24,INST003,60.3096,60.5642,58.2812,59.9037,1066029.0,EUR
2024-06-25,INST003,58.8483,59.0222,58.3979,58.8989,2560658.0,EUR
2024-06-26,INST003,58.5111,58.6594,56.9849,57.9433,1173328.0,EUR
2024-06-27,INST003,58.9207,58.8151,58.4091,58.7035,4296042.0,EUR
2024-06-28,INST003,58.2427,59.107,57.9547,58.006,2761684.0,EUR
2024-07-01,INST003,57.3326,57.8934,57.1354,57.5744,236157.0,EUR
2024-07-02,INST003,56.4054,57.0507,54.868,56.3397,549836.0,EUR
2024-07-03,INST003,57.3692,57.5413,56.2947,57.5122,3589336.0,EUR
2024-07-04,INST003,57.3403,57.736,55.8852,57.1978,3195580.0,EUR
2024-07-05,INST003,56.3667,57.157,56.2449,56.5012,2405977.0,EUR
2024-07-08,INST003,58.1215,58.5639,57.4933,57.7459,3431615.0,EUR
2024-07-09,INST003,56.475,57.349,56.95,56.9855,4336627.0,EUR
2024-07-10,INST003,56.706,58.1977,56.4588,57.181,2742269.0,EUR
2024-07-11,INST003,57.5292,58.2073,56.9478,57.5981,4322230.0,EUR
2024-07-12,INST003,57.6034,58.9704,56.8583,57.7219,2215498.0,EUR
2024-07-15,INST003,58.7994,58.4598,57.5319,58.3541,1891233.0,EUR
2024-07-16,INST003,58.9347,59.987,57.6136,58.4943,165123.0,EUR
2024-07-17,INST003,57.8522,59.5332,57.1354,58.2654,2113795.0,EUR
2024-07-18,INST003,59.4381,61.24,58.5162,59.5269,1485839.0,EUR
2024-07-19,INST003,59.1224,58.8466,58.6917,58.7621,3945731.0,EUR
2024-07-22,INST003,60.2804,61.1941,58.3226,60.0552,4829048.0,EUR
2024-07-23,INST003,59.7202,59.884,58.2195,59.7009,4284367.0,EUR
2024-07-24,INST003,59.0008,60.2221,58.8283,59.0927,2750359.0,EUR
2024-07-25,INST003,59.6744,60.1435,58.9231,59.3119,262716.0,EUR
2024-07-26,INST003,57.9492,59.1404,57.2381,58.2708,135469.0,EUR
2024-07-29,INST003,58.496,59.483,57.9714,59.078,2749377.0,EUR
2024-07-30,INST003,58.8174,60.5197,57.4987,58.7791,1112595.0,EUR
2024-07-31,INST003,59.3613,59.4545,57.5726,59.2073,2177988.0,EUR
2024-08-01,INST003,60.6417,60.983,59.3146,60.572,1312002.0,EUR
2024-08-02,INST003,60.5727,60.8059,59.9721,60.5862,2558470.0,EUR
2024-08-05,INST003,61.5079,62.3743,60.9674,61.2255,947347.0,EUR
2024-08-06,INST003,61.6296,62.6927,61.6189,61.8187,478864.0,EUR
2024-08-07,INST003,61.4751,61.8903,59.522,61.0367,2487662.0,EUR
2024-08-08,INST003,62.1389,63.0138,61.3318,62.0668,3845287.0,EUR
2024-08-09,INST003,62.0456,61.8529,61.6682,61.7702,3193383.0,EUR
2024-08-12,INST003,61.6639,62.2274,60.52,61.9935,2650498.0,EUR
2024-08-13,INST003,64.0023,64.5033,62.2957,63.4481,159876.0,EUR
2024-08-14,INST003,63.4889,63.5947,62.1157,63.557,770539.0,EUR
2024-08-15,INST003,64.3711,63.943,62.5539,63.9214,4448017.0,EUR
2024-08-16,INST003,64.9986,66.2223,63.9,65.4873,1644667.0,EUR
2024-08-19,INST003,65.2391,65.4415,63.3708,65.2763,4920802.0,EUR
2024-08-20,INST003,66.6873,66.5768,64.7326,66.2555,1185045.0,EUR
2024-08-21,INST003,66.7634,67.1955,66.473,66.9549,4382752.0,EUR
2024-08-22,INST003,67.45,68.8593,65.8081,67.1071,4176308.0,EUR
2024-08-23,INST003,65.8329,67.9985,64.596,66.0481,4423855.0,EUR
2024-08-26,INST003,68.0728,69.3397,65.971,67.4752,4544786.0,EUR
2024-08-27,INST003,67.781,68.1507,67.0935,67.6581,1600713.0,EUR
2024-08-28,INST003,67.4632,69.7204,66.6936,67.8557,4269551.0,EUR
2024-08-29,INST003,68.7903,70.3097,68.4821,68.9657,2191391.0,EUR
2024-08-30,INST003,68.7635,69.6602,68.019,68.646,3103348.0,EUR
2024-09-02,INST003,70.0458,71.5663,67.8022,69.5547,1170378.0,EUR
2024-09-03,INST003,71.3253,72.8854,69.3362,70.9321,137657.0,EUR
2024-09-04,INST003,72.1993,74.1832,71.7122,72.3825,3589659.0,EUR
2024-09-05,INST003,71.3045,73.1902,69.9303,71.8673,1384929.0,EUR
2024-09-06,INST003,71.7901,73.026,70.1856,71.8898,3879253.0,EUR
2024-09-09,INST003,71.1608,72.6113,69.6025,70.9963,1387302.0,EUR
2024-09-10,INST003,71.2772,71.461,69.3484,71.1852,4345595.0,EUR
2024-09-11,INST003,72.9105,73.5523,70.828,72.2537,1140631.0,EUR
2024-09-12,INST003,72.0464,73.9554,71.6027,72.4213,1525996.0,EUR
2024-09-13,INST003,74.1106,74.5439,71.9921,73.774,4241224.0,EUR
2024-09-16,INST003,72.8997,74.6145,71.1443,73.2726,3180914.0,EUR
2024-09-17,INST003,75.1074,74.7061,72.5185,74.5188,3369755.0,EUR
2024-09-18,INST003,75.3894,75.6218,73.5776,74.8371,2398076.0,EUR
2024-09-19,INST003,75.263,76.5876,74.8119,75.6128,3570058.0,EUR
2024-09-20,INST003,76.7881,78.9518,75.1296,77.1453,4149198.0,EUR
2024-09-23,INST003,78.6268,78.2743,77.4725,78.1728,2422965.0,EUR
2024-09-24,INST003,79.4508,81.1903,79.632,79.9028,306161.0,EUR
2024-09-25,INST003,78.418,80.6404,77.286,78.9738,3239670.0,EUR
2024-09-26,INST003,81.0042,82.3184,79.3117,80.6141,1668982.0,EUR
2024-09-27,INST003,81.1945,83.5663,79.3278,81.2276,2122384.0,EUR
2024-09-30,INST003,79.6839,80.9807,78.4322,80.1709,3913882.0,EUR
2024-10-01,INST003,80.7581,82.4459,80.8057,81.2411,1355807.0,EUR
2024-10-02,INST003,81.896,83.7616,80.8739,82.1248,3574351.0,EUR
2024-10-03,INST003,81.9201,82.4558,81.392,81.6995,3812988.0,EUR
2024-10-04,INST003,82.9582,82.869,82.071,82.5749,3011354.0,EUR
2024-10-07,INST003,84.7644,85.7587,82.5,84.1066,3158871.0,EUR
2024-10-08,INST003,82.425,84.2135,79.8761,82.0261,111180.0,EUR
2024-10-09,INST003,82.1164,84.3649,79.8238,82.244,1983503.0,EUR
2024-10-10,INST003,80.9605,81.7529,79.5554,80.9756,2791858.0,EUR
2024-10-11,INST003,82.0962,84.4245,81.8678,82.6946,3376004.0,EUR
2024-10-14,INST003,82.994,85.1442,83.018,83.5781,4143062.0,EUR
2024-10-15,INST003,85.0573,85.5389,84.3872,84.786,4721700.0,EUR
2024-10-16,INST003,82.4085,84.3499,81.6851,83.0288,2041708.0,EUR
2024-10-17,INST003,81.6825,84.2453,80.1166,81.9752,1595036.0,EUR
2024-10-18,INST003,80.2901,82.4256,79.3159,80.4509,2097485.0,EUR
2024-10-21,INST003,82.5202,83.6842,81.9053,82.2057,3152020.0,EUR
2024-10-22,INST003,80.6347,82.6483,79.8038,81.215,3039893.0,EUR
2024-10-23,INST003,82.0235,83.2103,81.552,82.3661,3481643.0,EUR
2024-10-24,INST003,80.2774,81.6149,80.1487,80.5615,3904228.0,EUR
2024-10-25,INST003,79.7113,81.5948,78.0406,80.1348,668850.0,EUR
2024-10-28,INST003,79.222,79.9551,77.6112,78.8696,2502802.0,EUR
2024-10-29,INST003,79.0011,81.0317,79.3695,79.7887,1992684.0,EUR
2024-10-30,INST003,79.9879,82.9117,80.0638,80.5494,2674339.0,EUR
2024-10-31,INST003,82.4299,82.5994,81.2124,81.7792,602805.0,EUR
2024-11-01,INST003,81.825,84.2975,81.502,82.1872,3126602.0,EUR
2024-11-04,INST003,81.5535,82.8848,80.2162,81.7752,4108004.0,EUR
2024-11-05,INST003,83.3784,83.9545,83.0786,83.2497,3877798.0,EUR
2024-11-06,INST003,83.5511,86.4887,83.8569,84.0865,4888878.0,EUR
2024-11-07,INST003,81.8192,83.8371,80.6288,82.1916,1917938.0,EUR
2024-11-08,INST003,82.7759,83.5904,81.7469,83.3768,837413.0,EUR
2024-11-11,INST003,81.5838,82.0029,81.6271,81.7672,3245519.0,EUR
2024-11-12,INST003,83.9902,85.5831,83.0755,83.1977,3690819.0,EUR
2024-11-13,INST003,83.6525,85.4428,82.1105,83.9802,659470.0,EUR
2024-11-14,INST003,82.2453,83.2405,80.4707,82.9181,1219516.0,EUR
2024-11-15,INST003,83.3931,86.4763,81.8177,84.0507,4858429.0,EUR
2024-11-18,INST003,84.5461,84.479,82.8202,83.8702,1811352.0,EUR
2024-11-19,INST003,85.0248,85.8946,84.2859,84.5185,1590132.0,EUR
2024-11-20,INST003,87.3376,86.5767,85.4468,86.5149,2936369.0,EUR
2024-11-21,INST003,88.3304,89.1798,85.9799,87.8597,542424.0,EUR
2024-11-22,INST003,88.5325,88.7695,86.7565,88.1082,3106289.0,EUR
2024-11-25,INST003,88.6782,88.7944,85.9517,87.8073,4213698.0,EUR
2024-11-26,INST003,87.5759,88.3566,87.6116,87.7712,1256294.0,EUR
2024-11-27,INST003,88.2921,90.0306,87.6664,89.0657,3500324.0,EUR
2024-11-28,INST003,90.9978,93.3992,88.5024,91.2098,1152320.0,EUR
2024-11-29,INST003,89.0419,91.3004,88.6855,89.7761,3394478.0,EUR
2024-12-02,INST003,89.5399,91.5563,88.4829,89.3116,1241035.0,EUR
2024-12-03,INST003,90.577,92.2078,89.9859,91.0842,2950255.0,EUR
2024-12-04,INST003,91.1043,94.672,89.6831,91.9699,3780678.0,EUR
2024-12-05,INST003,93.2086,95.1682,91.9388,92.5155,3218685.0,EUR
2024-12-06,INST003,94.1877,94.926,93.3275,93.4741,4973119.0,EUR
2024-12-09,INST003,93.2867,95.13,91.6515,92.5488,1933060.0,EUR
2024-12-10,INST003,91.3689,93.0562,89.916,90.471,3306423.0,EUR
2024-12-11,INST003,91.5699,93.0348,90.8203,92.0369,2478109.0,EUR
2024-12-12,INST003,91.2792,92.0033,88.9586,90.9664,3828600.0,EUR
2024-12-13,INST003,89.4379,91.5009,87.9435,88.9828,426575.0,EUR
2024-12-16,INST003,87.978,89.0158,87.3031,88.738,2234690.0,EUR
2024-12-17,INST003,88.5882,88.5049,85.7018,88.1677,2380442.0,EUR
2024-12-18,INST003,87.0283,88.0366,85.4155,86.9449,269645.0,EUR
2024-12-19,INST003,84.7825,86.6312,82.4875,84.9223,1302715.0,EUR
2024-12-20,INST003,85.3677,85.2155,84.5343,84.835,4796778.0,EUR
2024-12-23,INST003,83.9203,85.0414,81.8992,84.0193,4326617.0,EUR
2024-12-24,INST003,85.7131,87.2737,83.636,85.1028,1667954.0,EUR
2024-12-25,INST003,86.6751,87.1589,85.5456,86.0932,3612655.0,EUR
2024-12-26,INST003,86.0633,87.4725,84.576,85.5265,3199913.0,EUR
2024-12-27,INST003,83.6158,84.119,82.9566,83.4947,615458.0,EUR
2024-12-30,INST003,84.2584,85.6355,82.6649,84.4708,2930828.0,EUR
2024-12-31,INST003,84.6367,86.6584,84.3403,84.6002,3252144.0,EUR
2022-01-03,INST004,132.2767,134.7587,128.0073,131.1398,1264754.0,EUR
2022-01-04,INST004,133.003,133.9486,133.1768,133.3424,2854188.0,EUR
2022-01-05,INST004,132.1508,134.1999,132.0438,132.9522,4622405.0,EUR
2022-01-06,INST004,136.8038,138.4566,135.3534,136.0557,821744.0,EUR
2022-01-07,INST004,136.7408,139.8493,134.9433,137.5055,1282640.0,EUR
2022-01-10,INST004,136.4593,140.2336,135.381,137.5282,2364779.0,EUR
2022-01-11,INST004,138.5303,141.4385,134.0304,137.5255,4851815.0,EUR
2022-01-12,INST004,140.3462,142.2003,137.1671,139.0888,952541.0,EUR
2022-01-13,INST004,138.9281,141.568,137.6902,139.0189,4270404.0,EUR
2022-01-14,INST004,136.3449,137.8955,135.5774,135.9099,4079948.0,EUR
2022-01-17,INST004,134.1079,138.2725,132.1318,134.6725,4877795.0,EUR
2022-01-18,INST004,136.005,139.9284,133.8374,136.1621,704536.0,EUR
2022-01-19,INST004,136.1478,139.902,135.7274,137.4548,748588.0,EUR
2022-01-20,INST004,138.8456,140.4159,137.4012,140.0732,3444886.0,EUR
2022-01-21,INST004,142.9393,142.3119,140.8804,141.9832,4482401.0,EUR
2022-01-24,INST004,139.7052,140.1594,137.6387,138.5348,3475540.0,EUR
2022-01-25,INST004,138.0971,141.0407,135.8126,138.8906,227730.0,EUR
2022-01-26,INST004,140.9544,140.791,136.7066,140.5936,2666076.0,EUR
2022-01-27,INST004,140.9739,141.4867,139.4437,140.8251,1825919.0,EUR
2022-01-28,INST004,145.297,146.1266,143.7381,143.9198,3902930.0,EUR
2022-01-31,INST004,141.3621,144.766,140.8615,141.1928,654178.0,EUR
2022-02-01,INST004,139.2696,142.1403,137.5209,138.3878,278174.0,EUR
2022-02-02,INST004,136.1864,137.4911,136.1774,136.5885,4837945.0,EUR
2022-02-03,INST004,134.973,138.2784,133.5597,135.0203,1369490.0,EUR
2022-02-04,INST004,132.5176,132.9022,130.9894,131.8636,1088192.0,EUR
2022-02-07,INST004,130.5509,134.0601,130.9913,131.4243,2317058.0,EUR
2022-02-08,INST004,131.7293,133.9122,128.1026,131.654,3307104.0,EUR
2022-02-09,INST004,135.5562,136.6912,132.9024,134.5162,603231.0,EUR
2022-02-10,INST004,132.0609,133.8928,128.895,131.639,4956174.0,EUR
2022-02-11,INST004,133.7016,133.1227,128.667,132.5584,3393576.0,EUR
2022-02-14,INST004,131.5969,132.7518,129.8859,130.5863,3085794.0,EUR
2022-02-15,INST004,132.0978,133.2704,128.5087,131.1382,2416841.0,EUR
2022-02-16,INST004,129.1692,132.1509,127.9949,128.7591,4603301.0,EUR
2022-02-17,INST004,130.4986,133.011,128.3314,129.7446,4960906.0,EUR
2022-02-18,INST004,129.5021,132.9341,128.4897,130.0722,799912.0,EUR
2022-02-21,INST004,132.0716,132.9989,131.7694,132.1055,106419.0,EUR
2022-02-22,INST004,130.2524,132.4235,128.4701,129.4896,1139646.0,EUR
2022-02-23,INST004,128.4376,128.8893,124.2183,127.5091,4599119.0,EUR
2022-02-24,INST004,129.9649,130.6113,126.6218,129.243,2127971.0,EUR
2022-02-25,INST004,129.3439,131.6848,128.2978,129.3639,3427592.0,EUR
2022-02-28,INST004,127.3994,128.2901,123.5507,126.5749,4642173.0,EUR
2022-03-01,INST004,129.7452,132.0576,126.9218,128.5358,484820.0,EUR
2022-03-02,INST004,127.0438,127.7769,123.8539,126.4419,3234794.0,EUR
2022-03-03,INST004,129.7321,132.5113,127.439,129.0724,859382.0,EUR
2022-03-04,INST004,128.7959,130.5254,127.4637,129.1887,1266663.0,EUR
2022-03-07,INST004,127.2222,128.8499,126.3779,127.3664,4009421.0,EUR
2022-03-08,INST004,125.2731,128.9779,125.3004,126.0115,497234.0,EUR
2022-03-09,INST004,125.4666,127.2693,122.7716,126.492,1049079.0,EUR
2022-03-10,INST004,129.5443,129.8109,127.117,128.7562,145117.0,EUR
2022-03-11,INST004,130.2607,134.1613,127.313,131.179,3938529.0,EUR
2022-03-14,INST004,128.9648,131.5801,126.2442,129.4795,1684631.0,EUR
2022-03-15,INST004,126.1721,129.9682,123.8909,127.2457,2724476.0,EUR
2022-03-16,INST004,127.3577,131.5298,128.5576,128.5665,3969388.0,EUR
2022-03-17,INST004,127.6264,131.4859,125.3925,128.3784,4617688.0,EUR
2022-03-18,INST004,129.7812,133.3583,128.7384,130.7291,1422736.0,EUR
2022-03-21,INST004,130.4936,131.9079,129.501,131.3167,1268675.0,EUR
2022-03-22,INST004,130.0892,131.6525,130.3434,130.9195,369355.0,EUR
2022-03-23,INST004,131.9501,135.058,129.7399,132.8881,1808077.0,EUR
2022-03-24,INST004,130.7814,131.9886,128.3632,130.8044,1951955.0,EUR
2022-03-25,INST004,130.2316,132.1614,129.1843,130.8113,3661509.0,EUR
2022-03-28,INST004,133.7754,136.7929,129.6512,133.6062,2784910.0,EUR
2022-03-29,INST004,132.4622,135.4457,129.5892,132.6278,774431.0,EUR
2022-03-30,INST004,130.0668,133.0473,127.2235,130.6057,1225961.0,EUR
2022-03-31,INST004,129.8061,131.1487,129.2117,130.2102,513438.0,EUR
2022-04-01,INST004,130.4507,132.3411,129.6938,131.4962,2166027.0,EUR
2022-04-04,INST004,134.2278,135.8016,134.6291,134.7137,1533278.0,EUR
2022-04-05,INST004,136.5041,138.3482,134.6636,137.3472,600750.0,EUR
2022-04-06,INST004,136.7303,139.5944,133.6179,137.0072,3792519.0,EUR
2022-04-07,INST004,135.6319,140.0009,133.8481,136.8135,4984050.0,EUR
2022-04-08,INST004,135.6558,134.9249,134.4015,134.8184,4796747.0,EUR
2022-04-11,INST004,131.3412,133.942,132.459,132.4634,3925557.0,EUR
2022-04-12,INST004,132.6537,136.6789,132.4387,132.9305,3575384.0,EUR
2022-04-13,INST004,135.5516,135.688,134.1082,134.5805,4634274.0,EUR
2022-04-14,INST004,135.9973,138.3637,136.7651,137.0664,1174062.0,EUR
2022-04-15,INST004,136.6292,139.275,133.3049,136.4488,711124.0,EUR
2022-04-18,INST004,139.6194,138.999,138.5251,138.8041,3416100.0,EUR
2022-04-19,INST004,142.3271,142.4268,139.3423,141.4815,3494012.0,EUR
2022-04-20,INST004,138.0106,141.2669,138.0678,138.3478,1601079.0,EUR
2022-04-21,INST004,135.5398,136.8097,131.548,134.9025,2954276.0,EUR
2022-04-22,INST004,133.6219,137.4475,133.4506,134.6984,4358208.0,EUR
2022-04-25,INST004,137.6352,139.4528,132.6421,136.6079,4489551.0,EUR
2022-04-26,INST004,136.1234,135.3692,133.3858,134.8557,3594521.0,EUR
2022-04-27,INST004,135.4275,136.6471,133.9376,135.4248,4548589.0,EUR
2022-04-28,INST004,139.27,141.683,135.5152,138.312,2261100.0,EUR
2022-04-29,INST004,139.3067,143.1675,136.0576,139.4145,2406563.0,EUR
2022-05-02,INST004,140.2753,143.689,139.7022,140.9154,2017603.0,EUR
2022-05-03,INST004,140.4012,142.4602,138.1583,139.3659,3428179.0,EUR
2022-05-04,INST004,143.3418,146.5224,142.0864,142.581,126297.0,EUR
2022-05-05,INST004,140.2761,143.4838,137.7253,139.5983,804489.0,EUR
2022-05-06,INST004,135.6334,139.8671,134.8552,136.3795,619293.0,EUR
2022-05-09,INST004,135.4179,138.9924,134.0837,135.4654,1842333.0,EUR
2022-05-10,INST004,138.0848,141.1145,134.6214,137.1491,4574555.0,EUR
2022-05-11,INST004,135.013,136.7284,133.3264,135.8874,3998971.0,EUR
2022-05-12,INST004,138.328,141.9172,136.7705,139.1688,376623.0,EUR
2022-05-13,INST004,143.3859,143.4603,140.3447,142.083,927272.0,EUR
2022-05-16,INST004,142.329,145.3959,139.6827,141.4473,837289.0,EUR
2022-05-17,INST004,140.9683,143.8336,136.6174,140.2985,4601077.0,EUR
2022-05-18,INST004,136.633,138.7726,134.7587,137.8177,787203.0,EUR
2022-05-19,INST004,139.5892,140.941,137.0018,140.2368,3547133.0,EUR
2022-05-20,INST004,141.8218,142.9517,142.3306,142.3855,4490857.0,EUR
2022-05-23,INST004,144.0465,147.4537,143.8559,144.8424,1433409.0,EUR
2022-05-24,INST004,149.276,151.6456,145.8371,147.9111,3278978.0,EUR
2022-05-25,INST004,151.8236,153.9834,149.7608,151.4756,4708812.0,EUR
2022-05-26,INST004,153.6083,154.483,151.2612,152.6847,4139213.0,EUR
2022-05-27,INST004,153.012,154.2452,153.0406,153.9771,2644599.0,EUR
2022-05-30,INST004,152.3415,151.9711,147.4447,151.7915,2888167.0,EUR
2022-05-31,INST004,151.508,152.8093,148.4888,152.0151,2429546.0,EUR
2022-06-01,INST004,153.3922,158.3967,150.2458,154.5258,313381.0,EUR
2022-06-02,INST004,158.9525,161.5881,157.1643,157.8705,2585220.0,EUR
2022-06-03,INST004,158.5635,161.6178,157.8517,159.1217,1995024.0,EUR
2022-06-06,INST004,160.3911,160.0564,155.781,159.0132,1914329.0,EUR
2022-06-07,INST004,163.9396,164.7056,160.2702,162.6348,3633934.0,EUR
2022-06-08,INST004,165.4691,170.5474,165.2277,166.0344,657967.0,EUR
2022-06-09,INST004,163.356,164.3338,157.9244,162.6269,794403.0,EUR
2022-06-10,INST004,161.9044,163.698,159.038,161.2313,2783922.0,EUR
2022-06-13,INST004,157.9259,162.8606,155.5149,159.0059,4134016.0,EUR
2022-06-14,INST004,157.8915,158.7421,156.7765,158.0167,3548400.0,EUR
2022-06-15,INST004,159.8627,160.4813,157.2491,159.4747,4142294.0,EUR
2022-06-16,INST004,156.2702,157.228,155.2625,156.4611,693753.0,EUR
2022-06-17,INST004,156.7077,156.0507,155.8923,155.9362,2779900.0,EUR
2022-06-20,INST004,153.6001,156.7071,152.0443,152.7393,4280753.0,EUR
2022-06-21,INST004,154.133,154.3641,148.9957,152.6635,2700018.0,EUR
2022-06-22,INST004,154.6446,158.7394,153.0796,154.5557,182519.0,EUR
2022-06-23,INST004,157.1065,159.8097,155.932,158.0343,2079570.0,EUR
2022-06-24,INST004,155.915,158.8579,153.327,157.0287,3709521.0,EUR
2022-06-27,INST004,156.2758,158.3872,155.8215,157.2096,2940287.0,EUR
2022-06-28,INST004,154.8334,158.3483,155.1502,155.7325,1409574.0,EUR
2022-06-29,INST004,157.2716,158.2439,154.9758,157.0782,3518789.0,EUR
2022-06-30,INST004,161.9025,161.5683,157.0324,160.841,4240724.0,EUR
2022-07-01,INST004,159.2381,161.8,158.9585,160.3227,1874036.0,EUR
2022-07-04,INST004,159.1388,160.3634,154.3602,158.5132,260699.0,EUR
2022-07-05,INST004,157.511,158.4978,152.6812,156.9655,4736800.0,EUR
2022-07-06,INST004,156.1506,160.2984,151.2876,155.73,4142421.0,EUR
2022-07-07,INST004,157.4254,161.0049,156.292,157.5797,2089382.0,EUR
2022-07-08,INST004,161.4875,161.6322,159.9502,160.418,1015390.0,EUR
2022-07-11,INST004,157.2346,158.9554,155.3066,156.6561,108409.0,EUR
2022-07-12,INST004,156.3724,157.993,153.848,157.627,3922564.0,EUR
2022-07-13,INST004,153.6223,157.8295,152.2515,154.935,534456.0,EUR
2022-07-14,INST004,154.989,160.0999,152.0892,156.1102,1553174.0,EUR
2022-07-15,INST004,160.2065,162.3051,156.0361,159.6463,4184800.0,EUR
2022-07-18,INST004,159.2032,159.0022,158.398,158.4457,3790155.0,EUR
2022-07-19,INST004,158.257,161.0258,153.1875,157.8513,4619045.0,EUR
2022-07-20,INST004,161.6192,161.6916,159.9383,161.5516,4432072.0,EUR
2022-07-21,INST004,161.7213,163.4335,156.3732,160.8855,2995283.0,EUR
2022-07-22,INST004,157.5035,161.5598,157.8844,158.4693,2854111.0,EUR
2022-07-25,INST004,160.8922,163.7939,160.1996,161.1041,117687.0,EUR
2022-07-26,INST004,162.343,165.5201,159.3007,162.2104,3532161.0,EUR
2022-07-27,INST004,159.2689,160.0327,158.5005,159.2637,308216.0,EUR
2022-07-28,INST004,161.9986,163.509,159.1632,161.812,4263410.0,EUR
2022-07-29,INST004,161.1935,163.33,158.5747,160.09,2199274.0,EUR
2022-08-01,INST004,155.9119,160.1945,152.2948,156.1024,1842493.0,EUR
2022-08-02,INST004,158.0941,160.5249,155.1173,156.9709,800209.0,EUR
2022-08-03,INST004,156.5411,160.6892,153.6576,156.9857,2996586.0,EUR
2022-08-04,INST004,151.7997,157.0567,149.085,153.1094,699802.0,EUR
2022-08-05,INST004,156.6768,155.4226,153.7518,155.3528,4800246.0,EUR
2022-08-08,INST004,153.9971,154.7655,152.2051,154.5723,3701231.0,EUR
2022-08-09,INST004,156.0272,158.1978,153.1099,157.2755,3992390.0,EUR
2022-08-10,INST004,155.9597,159.7584,152.7515,155.6818,3359573.0,EUR
2022-08-11,INST004,158.337,159.6009,156.8712,158.8632,1155998.0,EUR
2022-08-12,INST004,160.7345,160.6428,158.6754,159.9226,2141803.0,EUR
2022-08-15,INST004,159.1773,160.7349,154.5693,158.2293,4636162.0,EUR
2022-08-16,INST004,155.2184,158.9654,153.5997,155.207,1006276.0,EUR
2022-08-17,INST004,159.5314,159.7439,156.6629,158.0743,4487722.0,EUR
2022-08-18,INST004,158.3475,160.9097,156.7074,157.1437,1930472.0,EUR
2022-08-19,INST004,153.9771,157.7091,150.5874,154.2343,542228.0,EUR
2022-08-22,INST004,155.4223,156.9001,153.3683,155.0723,1878149.0,EUR
2022-08-23,INST004,158.6455,163.0645,157.5394,158.6129,4542950.0,EUR
2022-08-24,INST004,160.2955,164.6535,157.1895,161.4619,476968.0,EUR
2022-08-25,INST004,162.6366,164.5472,162.6333,162.7363,458243.0,EUR
2022-08-26,INST004,166.9193,171.2038,164.2868,166.2835,466902.0,EUR
2022-08-29,INST004,168.4826,170.2503,165.9305,167.4714,2569679.0,EUR
2022-08-30,INST004,164.9735,164.3089,160.8418,163.502,3818642.0,EUR
2022-08-31,INST004,166.005,169.1,163.3704,166.5458,4989940.0,EUR
2022-09-01,INST004,166.7429,165.8065,164.7323,165.7372,4368531.0,EUR
2022-09-02,INST004,162.9693,162.6008,160.2925,162.1099,3503000.0,EUR
2022-09-05,INST004,166.1383,169.6369,161.2857,165.5904,4618789.0,EUR
2022-09-06,INST004,165.5401,168.4987,163.6155,166.9411,1552817.0,EUR
2022-09-07,INST004,169.0092,171.6068,169.8155,170.4369,1868509.0,EUR
2022-09-08,INST004,168.3458,171.0696,168.1963,169.3019,4238361.0,EUR
2022-09-09,INST004,174.27,175.2247,172.7172,173.0875,2005331.0,EUR
2022-09-12,INST004,177.1953,178.9885,172.539,175.7657,4739952.0,EUR
2022-09-13,INST004,177.2557,181.1001,174.9549,178.2276,4724912.0,EUR
2022-09-14,INST004,173.9312,178.3281,173.1555,174.1954,2169140.0,EUR
2022-09-15,INST004,175.1322,177.2133,170.1452,175.2066,487708.0,EUR
2022-09-16,INST004,178.2197,180.9467,176.357,177.1111,1490897.0,EUR
2022-09-19,INST004,175.2961,178.145,171.0481,174.836,1527166.0,EUR
2022-09-20,INST004,172.9698,178.4048,169.8646,174.472,2284961.0,EUR
2022-09-21,INST004,176.5865,178.3307,173.1938,175.8902,4706323.0,EUR
2022-09-22,INST004,175.1192,176.7783,173.9108,176.2249,552451.0,EUR
2022-09-23,INST004,178.5241,179.8279,175.3251,177.8506,1603073.0,EUR
2022-09-26,INST004,181.5142,181.4726,180.88,180.9805,4997137.0,EUR
2022-09-27,INST004,183.1414,187.0182,182.5718,183.1724,2446107.0,EUR
2022-09-28,INST004,179.9475,180.6825,178.302,180.4747,401854.0,EUR
2022-09-29,INST004,178.1724,181.2024,174.8319,177.2767,4608258.0,EUR
2022-09-30,INST004,174.0431,174.579,171.3506,173.7966,1952938.0,EUR
2022-10-03,INST004,170.1895,174.4139,167.121,171.6221,4574008.0,EUR
2022-10-04,INST004,171.9905,175.1017,166.9691,171.396,1868129.0,EUR
2022-10-05,INST004,175.0573,176.7596,173.5729,174.5269,1033758.0,EUR
2022-10-06,INST004,179.2626,182.6471,177.2698,178.6731,1663273.0,EUR
2022-10-07,INST004,181.3996,181.9279,176.1888,180.2341,1338461.0,EUR
2022-10-10,INST004,177.0415,177.8562,174.9325,176.9421,4180749.0,EUR
2022-10-11,INST004,176.4624,179.5766,172.6656,176.9919,1094377.0,EUR
2022-10-12,INST004,178.3546,181.7095,179.0253,179.8338,3614567.0,EUR
2022-10-13,INST004,177.4303,178.5389,175.9359,178.0695,384279.0,EUR
2022-10-14,INST004,181.4823,183.029,177.0057,182.4292,4667938.0,EUR
2022-10-17,INST004,179.116,182.6913,177.8499,178.6728,2255182.0,EUR
2022-10-18,INST004,174.2312,178.2672,173.731,174.5288,1071106.0,EUR
2022-10-19,INST004,175.4519,179.0966,174.2703,174.7445,4963541.0,EUR
2022-10-20,INST004,178.4923,180.5468,175.9786,178.8458,2342370.0,EUR
2022-10-21,INST004,178.2407,182.4389,177.2444,179.5289,1715138.0,EUR
2022-10-24,INST004,174.612,175.463,172.0709,175.0434,2662804.0,EUR
2022-10-25,INST004,177.729,181.5215,174.0443,178.5595,2050100.0,EUR
2022-10-26,INST004,175.8362,177.7374,169.2744,174.2404,953014.0,EUR
2022-10-27,INST004,177.0343,179.9291,172.4382,176.0498,4128270.0,EUR
2022-10-28,INST004,174.1021,176.9639,171.5567,172.4868,4980511.0,EUR
2022-10-31,INST004,174.3773,179.2482,171.875,174.5914,3821718.0,EUR
2022-11-01,INST004,176.3039,181.478,171.8613,176.4546,2679755.0,EUR
2022-11-02,INST004,176.3345,176.8234,174.161,176.0535,270343.0,EUR
2022-11-03,INST004,179.9387,183.0218,177.9789,178.7261,406817.0,EUR
2022-11-04,INST004,182.0009,183.5151,177.9402,180.8936,2718208.0,EUR
2022-11-07,INST004,176.8545,183.9237,176.5685,178.5871,1910568.0,EUR
2022-11-08,INST004,181.999,184.5889,179.3757,181.3358,3054468.0,EUR
2022-11-09,INST004,182.0784,184.1465,177.7139,181.7013,1378927.0,EUR
2022-11-10,INST004,178.0835,181.5842,174.9769,179.184,653744.0,EUR
2022-11-11,INST004,179.1913,181.8608,173.4823,178.3225,2118684.0,EUR
2022-11-14,INST004,179.6211,182.6474,179.1138,180.5946,1327975.0,EUR
2022-11-15,INST004,178.2367,181.7103,174.6204,179.4702,1869214.0,EUR
2022-11-16,INST004,175.7765,179.8121,174.1965,175.3648,4208387.0,EUR
2022-11-17,INST004,169.809,174.2834,166.8502,171.0368,905764.0,EUR
2022-11-18,INST004,171.924,175.0002,172.0228,172.539,1731906.0,EUR
2022-11-21,INST004,174.866,175.1844,173.6794,174.2671,222007.0,EUR
2022-11-22,INST004,172.9536,176.6816,168.1203,172.4664,4756534.0,EUR
2022-11-23,INST004,170.9263,176.1849,169.2633,172.4714,2267468.0,EUR
2022-11-24,INST004,171.9843,174.3606,172.3548,172.4499,1815893.0,EUR
2022-11-25,INST004,176.7886,178.1555,170.9552,175.4408,2451593.0,EUR
2022-11-28,INST004,179.4424,182.2403,176.5874,178.8528,200939.0,EUR
2022-11-29,INST004,176.2729,179.8834,177.1744,177.7259,867514.0,EUR
2022-11-30,INST004,177.7637,178.8,173.3099,178.312,3117060.0,EUR
2022-12-01,INST004,176.8856,177.0718,173.2213,175.9145,3450666.0,EUR
2022-12-02,INST004,181.5005,181.3131,175.8592,180.1899,1815286.0,EUR
2022-12-05,INST004,176.6871,178.5126,174.9755,177.386,108356.0,EUR
2022-12-06,INST004,174.2933,175.6091,170.2139,173.5247,1412044.0,EUR
2022-12-07,INST004,170.5595,172.8768,168.8345,169.8182,1841473.0,EUR
2022-12-08,INST004,168.624,172.4656,168.705,170.2527,4872346.0,EUR
2022-12-09,INST004,171.5725,171.0347,168.8095,170.0568,1298592.0,EUR
2022-12-12,INST004,172.2274,172.0047,171.423,171.6015,819358.0,EUR
2022-12-13,INST004,171.4048,172.8414,166.4149,170.6454,210362.0,EUR
2022-12-14,INST004,170.3645,172.0028,168.1805,171.3292,939231.0,EUR
2022-12-15,INST004,173.6362,173.7014,171.1131,172.7885,2777731.0,EUR
2022-12-16,INST004,170.6384,174.7527,166.7116,171.777,1834538.0,EUR
2022-12-19,INST004,167.1145,172.6802,167.5847,167.9724,620091.0,EUR
2022-12-20,INST004,170.0265,172.3556,166.2398,170.4321,3220539.0,EUR
2022-12-21,INST004,170.9191,174.8773,170.3508,171.9408,2580116.0,EUR
2022-12-22,INST004,176.3975,176.3523,170.8739,175.0076,318660.0,EUR
2022-12-23,INST004,169.9214,175.0275,169.7103,170.7769,3255302.0,EUR
2022-12-26,INST004,173.1726,175.2966,171.2152,174.7622,2732982.0,EUR
2022-12-27,INST004,173.3692,177.3788,171.5246,174.5693,3526265.0,EUR
2022-12-28,INST004,176.2815,181.909,172.6773,177.9876,895348.0,EUR
2022-12-29,INST004,183.1178,186.0358,179.5811,181.5262,205574.0,EUR
2022-12-30,INST004,181.8872,181.6539,179.3298,180.5999,3679722.0,EUR
2023-01-02,INST004,178.1602,181.8671,175.5016,177.3665,1342939.0,EUR
2023-01-03,INST004,175.0863,174.413,168.878,173.5428,4223556.0,EUR
2023-01-04,INST004,173.1043,175.6297,173.957,174.8525,1610227.0,EUR
2023-01-05,INST004,176.3202,180.5806,175.3094,176.8413,1187457.0,EUR
2023-01-06,INST004,177.9557,178.4035,175.8046,177.1702,2393204.0,EUR
2023-01-09,INST004,176.7903,179.5573,178.0238,178.4422,3905101.0,EUR
2023-01-10,INST004,176.8923,176.522,170.8929,175.2306,3230037.0,EUR
2023-01-11,INST004,177.6076,178.5569,175.9528,176.2825,1363687.0,EUR
2023-01-12,INST004,177.1914,182.3556,175.7947,177.413,4698368.0,EUR
2023-01-13,INST004,180.8456,182.3315,179.9327,181.4875,1279635.0,EUR
2023-01-16,INST004,180.6704,182.5136,179.4152,181.8795,4389438.0,EUR
2023-01-17,INST004,182.3628,184.1309,179.4299,184.0115,1561451.0,EUR
2023-01-18,INST004,186.3478,187.6806,183.5841,184.6762,1008634.0,EUR
2023-01-19,INST004,184.252,185.2147,181.3903,184.2605,203844.0,EUR
2023-01-20,INST004,179.8018,183.5684,177.3426,179.8457,733516.0,EUR
2023-01-23,INST004,177.8681,176.7849,175.0835,176.4897,535414.0,EUR
2023-01-24,INST004,179.9516,183.7131,174.4612,179.4497,3739800.0,EUR
2023-01-25,INST004,178.6371,181.2077,176.5612,179.2304,1019733.0,EUR
2023-01-26,INST004,183.4861,188.1066,179.2503,183.1725,1373003.0,EUR
2023-01-27,INST004,179.6063,179.9997,175.007,179.6081,1682852.0,EUR
2023-01-30,INST004,183.3102,184.4216,178.6228,181.6067,2234835.0,EUR
2023-01-31,INST004,178.4559,180.7917,175.9673,177.436,2984455.0,EUR
2023-02-01,INST004,176.4667,178.8573,174.5567,177.512,133909.0,EUR
2023-02-02,INST004,179.4128,178.7649,173.0144,178.1524,2542503.0,EUR
2023-02-03,INST004,181.511,181.8595,176.0522,180.1153,4097221.0,EUR
2023-02-06,INST004,181.0377,186.2724,180.7508,181.6297,2853460.0,EUR
2023-02-07,INST004,183.41,186.1093,183.6667,184.5862,2756638.0,EUR
2023-02-08,INST004,179.3229,183.3802,179.5968,180.758,4584716.0,EUR
2023-02-09,INST004,176.4005,177.8029,174.2849,177.6449,1420983.0,EUR
2023-02-10,INST004,174.5696,175.4937,168.4409,173.3432,1177959.0,EUR
2023-02-13,INST004,170.8589,174.2592,166.459,169.7162,252523.0,EUR
2023-02-14,INST004,170.6741,172.8012,168.5947,169.7707,3863847.0,EUR
2023-02-15,INST004,168.7414,169.5945,165.4574,169.1717,1771739.0,EUR
2023-02-16,INST004,172.24,172.8971,168.6825,171.5118,4030386.0,EUR
2023-02-17,INST004,173.153,175.8726,169.0963,172.0976,3481210.0,EUR
2023-02-20,INST004,169.2308,173.966,167.2518,169.9358,2766334.0,EUR
2023-02-21,INST004,166.7827,168.3994,163.6107,167.691,957985.0,EUR
2023-02-22,INST004,165.8244,166.3835,162.6523,165.0414,4110141.0,EUR
2023-02-23,INST004,163.3765,163.8396,157.7575,161.9325,2180072.0,EUR
2023-02-24,INST004,163.1526,168.1219,162.6267,163.4808,3473418.0,EUR
2023-02-27,INST004,161.9108,163.2712,159.365,160.427,4332000.0,EUR
2023-02-28,INST004,156.814,162.7823,157.7019,158.2128,3558386.0,EUR
2023-03-01,INST004,161.1493,160.7741,156.1936,159.847,751373.0,EUR
2023-03-02,INST004,158.9083,162.4314,156.5282,159.9254,2187544.0,EUR
2023-03-03,INST004,161.2119,164.7947,159.4675,162.0259,2291553.0,EUR
2023-03-06,INST004,160.305,159.1082,155.6594,159.0545,4217441.0,EUR
2023-03-07,INST004,157.9076,160.34,154.7625,157.5232,4552058.0,EUR
2023-03-08,INST004,155.862,161.1536,157.1463,157.1634,3062139.0,EUR
2023-03-09,INST004,153.5612,158.3579,154.2209,155.0848,1450874.0,EUR
2023-03-10,INST004,159.6358,160.441,156.9564,158.4214,3953258.0,EUR
2023-03-13,INST004,156.51,159.1221,151.2339,155.5607,546982.0,EUR
2023-03-14,INST004,155.3847,157.7213,150.9016,154.4986,4495460.0,EUR
2023-03-15,INST004,151.8759,151.3524,147.7545,150.7051,1165868.0,EUR
2023-03-16,INST004,152.8731,154.1163,151.475,153.9801,2231110.0,EUR
2023-03-17,INST004,154.9045,155.3945,151.542,153.4474,1281107.0,EUR
2023-03-20,INST004,154.8026,156.7234,150.189,154.8008,1420745.0,EUR
2023-03-21,INST004,150.0074,153.5822,149.0426,151.267,1765978.0,EUR
2023-03-22,INST004,147.4481,150.3831,145.7767,147.7042,3115549.0,EUR
2023-03-23,INST004,143.8725,148.4515,143.6813,145.0614,3614995.0,EUR
2023-03-24,INST004,143.6973,145.0888,140.8501,143.7769,573752.0,EUR
2023-03-27,INST004,143.4895,143.3481,142.0627,142.2533,2297349.0,EUR
2023-03-28,INST004,143.1248,146.7017,141.3128,143.307,3222626.0,EUR
2023-03-29,INST004,146.414,150.8632,145.4012,146.7883,1068605.0,EUR
2023-03-30,INST004,148.3523,153.9701,145.022,149.5046,4159960.0,EUR
2023-03-31,INST004,144.8122,149.7897,145.0238,145.9671,2573211.0,EUR
2023-04-03,INST004,147.4552,147.3251,146.1946,147.0924,4261616.0,EUR
2023-04-04,INST004,143.3757,144.7973,142.8783,143.4491,1313504.0,EUR
2023-04-05,INST004,141.8329,144.5071,140.9729,141.741,1582355.0,EUR
2023-04-06,INST004,142.0833,143.9987,140.4227,141.21,635886.0,EUR
2023-04-07,INST004,143.5845,144.7048,138.2773,142.4665,103665.0,EUR
2023-04-10,INST004,143.7486,147.6427,141.2601,143.4555,3895453.0,EUR
2023-04-11,INST004,146.4564,148.5154,142.1806,145.4621,2864515.0,EUR
2023-04-12,INST004,142.8961,144.4189,141.4038,142.1923,4769564.0,EUR
2023-04-13,INST004,140.7325,142.2939,137.9725,141.0795,4702507.0,EUR
2023-04-14,INST004,141.0826,143.4819,139.429,141.1052,2304392.0,EUR
2023-04-17,INST004,138.2853,142.3193,135.6435,138.8568,233357.0,EUR
2023-04-18,INST004,141.1042,144.9267,140.8929,141.1426,1328564.0,EUR
2023-04-19,INST004,138.7226,140.8961,137.6661,138.6303,1765232.0,EUR
2023-04-20,INST004,135.8985,135.9018,134.663,135.4871,684749.0,EUR
2023-04-21,INST004,137.9268,137.3724,136.5727,137.0254,130856.0,EUR
2023-04-24,INST004,140.3802,143.4011,139.7425,139.9586,1983005.0,EUR
2023-04-25,INST004,137.3202,139.8318,135.5435,138.0068,4814797.0,EUR
2023-04-26,INST004,137.7125,139.6425,136.2954,138.868,1124547.0,EUR
2023-04-27,INST004,139.1815,142.0945,139.107,140.354,3874589.0,EUR
2023-04-28,INST004,139.2115,144.6948,138.9191,140.573,797116.0,EUR
2023-05-01,INST004,137.9763,140.4285,134.6189,138.255,3428535.0,EUR
2023-05-02,INST004,135.0603,137.5597,134.5332,135.0595,3626516.0,EUR
2023-05-03,INST004,137.2396,138.1365,137.1947,137.976,2610251.0,EUR
2023-05-04,INST004,138.1497,140.6892,135.6209,138.2754,1678355.0,EUR
2023-05-05,INST004,138.9248,139.0512,135.4207,137.8748,1187134.0,EUR
2023-05-08,INST004,138.2597,139.5637,136.4563,139.0259,3830897.0,EUR
2023-05-09,INST004,137.2458,140.2839,135.2113,137.3014,1504801.0,EUR
2023-05-10,INST004,140.1548,140.5781,136.3606,139.7008,436088.0,EUR
2023-05-11,INST004,139.1083,142.6086,136.3252,139.5949,541933.0,EUR
2023-05-12,INST004,138.2054,139.9609,135.0041,136.8624,1727724.0,EUR
2023-05-15,INST004,134.2797,135.7393,134.7946,135.4519,652383.0,EUR
2023-05-16,INST004,134.4004,133.5339,129.697,133.4057,1856135.0,EUR
2023-05-17,INST004,132.9611,133.1451,132.9716,133.1242,4247025.0,EUR
2023-05-18,INST004,130.9964,130.5431,128.0604,130.4645,4420934.0,EUR
2023-05-19,INST004,131.8327,132.2217,129.9468,131.4059,4141241.0,EUR
2023-05-22,INST004,134.864,137.2094,131.3132,134.5337,4613359.0,EUR
2023-05-23,INST004,135.5051,139.6592,135.2279,136.6627,4060178.0,EUR
2023-05-24,INST004,138.8742,139.5277,138.253,138.2782,411463.0,EUR
2023-05-25,INST004,135.1502,139.5491,134.6794,135.5242,2742548.0,EUR
2023-05-26,INST004,138.9345,138.9278,137.5833,138.3459,3853332.0,EUR
2023-05-29,INST004,140.6848,141.497,137.4924,140.9124,3445378.0,EUR
2023-05-30,INST004,139.4122,142.5095,137.7726,140.4186,3904564.0,EUR
2023-05-31,INST004,142.1846,144.4271,141.4725,143.0401,2580749.0,EUR
2023-06-01,INST004,143.995,145.7726,142.6629,143.9238,3457747.0,EUR
2023-06-02,INST004,142.0779,145.4724,139.7721,142.4683,3855883.0,EUR
2023-06-05,INST004,145.4255,148.1433,143.0044,145.4984,577549.0,EUR
2023-06-06,INST004,146.2348,147.3313,142.8655,147.1386,4507393.0,EUR
2023-06-07,INST004,147.6875,148.8875,143.034,146.6795,3519877.0,EUR
2023-06-08,INST004,145.3026,146.2909,143.4663,143.8773,3221222.0,EUR
2023-06-09,INST004,144.6037,149.1721,142.2561,146.0187,1807410.0,EUR
2023-06-12,INST004,146.9959,146.6681,145.3846,145.9101,1812807.0,EUR
2023-06-13,INST004,147.1236,151.3966,148.3351,148.5122,3690492.0,EUR
2023-06-14,INST004,147.2627,149.3267,147.5325,147.9271,4218074.0,EUR
2023-06-15,INST004,150.5577,153.5315,146.496,150.5645,4701352.0,EUR
2023-06-16,INST004,151.9558,156.6421,150.7131,153.1646,384874.0,EUR
2023-06-19,INST004,150.9757,149.8345,147.7894,149.7749,349668.0,EUR
2023-06-20,INST004,152.3809,154.9784,151.2793,153.4219,2432854.0,EUR
2023-06-21,INST004,149.8885,152.7978,149.1767,150.3123,2556207.0,EUR
2023-06-22,INST004,152.0313,154.7503,149.1603,153.3246,2586769.0,EUR
2023-06-23,INST004,149.511,151.2197,145.7879,149.9352,608038.0,EUR
2023-06-26,INST004,149.7198,153.084,149.2161,150.3554,1631765.0,EUR
2023-06-27,INST004,148.4282,147.6859,147.1344,147.1494,4585798.0,EUR
2023-06-28,INST004,145.8704,148.2963,146.8722,146.9416,3334239.0,EUR
2023-06-29,INST004,145.5107,147.0719,142.7886,144.4329,3730278.0,EUR
2023-06-30,INST004,144.7413,146.592,141.8701,143.7596,2172458.0,EUR
2023-07-03,INST004,143.2498,144.383,142.8425,143.2391,422645.0,EUR
2023-07-04,INST004,146.1138,145.0191,141.114,144.8666,170834.0,EUR
2023-07-05,INST004,141.8798,144.4331,142.1458,142.1679,395443.0,EUR
2023-07-06,INST004,139.8702,140.6295,137.5035,139.3868,991444.0,EUR
2023-07-07,INST004,139.7161,142.4042,137.5877,138.9703,4787510.0,EUR
2023-07-10,INST004,140.0971,142.0446,137.9119,141.22,2728849.0,EUR
2023-07-11,INST004,139.9186,142.5544,135.9837,139.4271,4271615.0,EUR
2023-07-12,INST004,142.6514,145.8545,138.6168,142.3251,654350.0,EUR
2023-07-13,INST004,137.7256,140.7434,136.9285,138.8584,2537922.0,EUR
2023-07-14,INST004,135.7113,137.0217,136.2916,136.7622,4760269.0,EUR
2023-07-17,INST004,134.6874,136.6345,133.4287,134.3089,301525.0,EUR
2023-07-18,INST004,134.6385,134.8188,130.8706,134.7817,3229375.0,EUR
2023-07-19,INST004,138.4739,139.9674,136.3946,137.2118,1178943.0,EUR
2023-07-20,INST004,137.6662,141.3002,137.5009,138.4056,4488527.0,EUR
2023-07-21,INST004,138.4738,141.3403,137.0288,138.8813,4920578.0,EUR
2023-07-24,INST004,138.5311,139.03,137.0465,138.5365,4518129.0,EUR
2023-07-25,INST004,140.1496,143.0097,136.4464,139.583,673679.0,EUR
2023-07-26,INST004,141.4655,144.3996,140.2222,142.4461,3600847.0,EUR
2023-07-27,INST004,144.8098,146.4617,143.7901,144.1908,2064519.0,EUR
2023-07-28,INST004,141.3241,142.9422,141.7654,141.9592,4960061.0,EUR
2023-07-31,INST004,144.1031,146.3555,141.7409,143.4368,4930648.0,EUR
2023-08-01,INST004,145.9839,147.7223,146.1853,146.7845,3085191.0,EUR
2023-08-02,INST004,147.7163,149.3666,146.4657,148.363,110779.0,EUR
2023-08-03,INST004,146.9561,147.6866,147.4059,147.6284,1728438.0,EUR
2023-08-04,INST004,145.8395,150.2845,146.7051,147.1094,4561847.0,EUR
2023-08-07,INST004,148.9464,152.5628,145.9895,149.2662,2145049.0,EUR
2023-08-08,INST004,150.6781,153.3345,147.638,151.1199,1004322.0,EUR
2023-08-09,INST004,149.3027,149.7116,146.1816,147.8432,3067079.0,EUR
2023-08-10,INST004,148.9175,151.2725,147.4705,148.338,3856072.0,EUR
2023-08-11,INST004,149.7591,153.254,149.2677,150.095,2422212.0,EUR
2023-08-14,INST004,148.4393,151.1943,143.9815,147.3752,828726.0,EUR
2023-08-15,INST004,148.3598,151.3464,145.2678,149.3815,2435229.0,EUR
2023-08-16,INST004,149.9339,151.4328,147.0472,150.0745,1885445.0,EUR
2023-08-17,INST004,149.5544,151.8601,147.0443,150.629,169268.0,EUR
2023-08-18,INST004,147.3298,149.218,147.1067,148.1634,4441109.0,EUR
2023-08-21,INST004,151.0615,153.2886,148.5425,150.1937,777826.0,EUR
2023-08-22,INST004,147.3563,152.46,146.9192,148.4648,4853111.0,EUR
2023-08-23,INST004,146.2214,149.1999,143.9418,147.1506,4888125.0,EUR
2023-08-24,INST004,149.025,148.6235,147.5992,148.1377,574398.0,EUR
2023-08-25,INST004,149.6736,153.6218,147.7733,150.4802,450270.0,EUR
2023-08-28,INST004,147.795,147.3277,143.0847,147.319,1135241.0,EUR
2023-08-29,INST004,148.6052,152.6168,146.1649,149.331,4096165.0,EUR
2023-08-30,INST004,146.4614,150.1454,146.3971,147.7364,1627181.0,EUR
2023-08-31,INST004,145.6092,150.5633,142.3646,146.2829,2264411.0,EUR
2023-09-01,INST004,146.681,147.8763,142.3097,145.5194,3829904.0,EUR
2023-09-04,INST004,145.6414,148.1161,142.2118,144.4076,357992.0,EUR
2023-09-05,INST004,145.1051,146.4321,140.1893,144.2801,3021362.0,EUR
2023-09-06,INST004,140.9852,144.7988,140.4469,140.7248,1411554.0,EUR
2023-09-07,INST004,139.9811,141.2663,135.881,139.8537,4696113.0,EUR
2023-09-08,INST004,137.3092,138.5728,135.2911,137.6145,3496732.0,EUR
2023-09-11,INST004,141.475,143.6238,139.0811,140.1617,3497225.0,EUR
2023-09-12,INST004,139.3688,142.505,135.4247,138.7119,2577447.0,EUR
2023-09-13,INST004,138.6621,142.3034,135.6329,139.1977,4444850.0,EUR
2023-09-14,INST004,137.5553,139.6445,136.7829,138.1831,2016536.0,EUR
2023-09-15,INST004,140.2746,142.6212,136.6749,139.7034,3575746.0,EUR
2023-09-18,INST004,142.4953,144.6256,138.6002,142.0374,1486651.0,EUR
2023-09-19,INST004,142.8872,146.232,140.0012,142.1538,813103.0,EUR
2023-09-20,INST004,140.8591,141.993,137.658,141.3547,2979369.0,EUR
2023-09-21,INST004,140.2869,142.2909,136.8818,141.0759,4500035.0,EUR
2023-09-22,INST004,140.5161,140.7331,136.2279,139.4662,1917692.0,EUR
2023-09-25,INST004,137.4726,137.4919,134.2098,136.3557,638806.0,EUR
2023-09-26,INST004,135.8931,137.8535,134.4982,136.3153,1186409.0,EUR
2023-09-27,INST004,136.3497,138.5807,135.435,136.1201,117660.0,EUR
2023-09-28,INST004,137.4355,137.9509,135.9474,136.5834,2665720.0,EUR
2023-09-29,INST004,136.7075,138.475,135.0786,138.0811,2828446.0,EUR
2023-10-02,INST004,134.0191,136.2294,132.245,135.089,4590261.0,EUR
2023-10-03,INST004,133.8087,134.6104,131.7525,133.6282,3537861.0,EUR
2023-10-04,INST004,136.6157,136.7455,133.0149,136.5029,2103653.0,EUR
2023-10-05,INST004,137.8627,139.0489,134.5794,137.3142,650862.0,EUR
2023-10-06,INST004,140.6895,141.4098,136.4151,140.1265,4032363.0,EUR
2023-10-09,INST004,138.4503,139.8784,139.0433,139.7587,2078462.0,EUR
2023-10-10,INST004,136.6288,137.1594,136.4336,136.5421,4498940.0,EUR
2023-10-11,INST004,135.2217,137.5703,134.1202,135.4382,2291298.0,EUR
2023-10-12,INST004,134.077,138.1759,130.5011,134.3874,3741923.0,EUR
2023-10-13,INST004,135.494,139.695,135.573,135.6354,4690310.0,EUR
2023-10-16,INST004,136.8861,136.3564,134.5361,135.6695,4183407.0,EUR
2023-10-17,INST004,133.4611,135.8275,130.2138,133.0773,1986817.0,EUR
2023-10-18,INST004,132.004,134.1825,129.0215,131.2258,1906692.0,EUR
2023-10-19,INST004,129.7503,133.2914,126.2294,129.7394,2063029.0,EUR
2023-10-20,INST004,131.0427,131.2642,129.9467,130.6734,617164.0,EUR
2023-10-23,INST004,128.8985,130.978,129.2695,129.5051,4660117.0,EUR
2023-10-24,INST004,126.7659,128.7932,125.8549,127.6372,4757054.0,EUR
2023-10-25,INST004,131.6258,130.7335,130.2189,130.6575,2721617.0,EUR
2023-10-26,INST004,132.0273,134.4863,127.2314,131.0864,2342205.0,EUR
2023-10-27,INST004,131.8328,133.3442,129.1032,132.3249,4436628.0,EUR
2023-10-30,INST004,135.4576,137.4258,131.4817,134.9405,890905.0,EUR
2023-10-31,INST004,136.7246,138.0452,134.1255,137.1034,2877188.0,EUR
2023-11-01,INST004,139.8619,142.5864,138.5199,138.702,2503342.0,EUR
2023-11-02,INST004,138.4691,142.2855,137.2716,138.2351,4284705.0,EUR
2023-11-03,INST004,138.5375,139.3386,134.9265,138.5198,2758493.0,EUR
2023-11-06,INST004,136.3541,137.8038,137.1003,137.3607,1426091.0,EUR
2023-11-07,INST004,138.4524,143.3691,138.9873,139.4448,3773948.0,EUR
2023-11-08,INST004,138.1802,138.2633,133.7988,137.5265,2690044.0,EUR
2023-11-09,INST004,136.844,141.3277,133.9095,137.9828,841388.0,EUR
2023-11-10,INST004,139.2105,141.6587,139.6323,140.3948,3238709.0,EUR
2023-11-13,INST004,138.1507,143.0817,139.013,139.4394,1508766.0,EUR
2023-11-14,INST004,138.1675,139.4752,136.4384,136.9525,1465736.0,EUR
2023-11-15,INST004,140.1895,143.6571,138.4847,140.062,4191880.0,EUR
2023-11-16,INST004,137.31,140.2732,133.6921,136.9776,1952097.0,EUR
2023-11-17,INST004,138.71,137.4636,135.8236,137.4281,2202322.0,EUR
2023-11-20,INST004,138.6032,138.9456,133.9015,137.4329,4760702.0,EUR
2023-11-21,INST004,133.763,137.781,130.9031,134.4786,513915.0,EUR
2023-11-22,INST004,137.1258,137.8315,136.208,137.7724,3614690.0,EUR
2023-11-23,INST004,138.0466,142.5945,135.5304,139.4002,1529658.0,EUR
2023-11-24,INST004,141.4887,143.2403,141.5637,142.7896,1880323.0,EUR
2023-11-27,INST004,139.8267,142.0958,140.3851,140.7449,485924.0,EUR
2023-11-28,INST004,137.004,140.3751,135.8439,137.8533,4341575.0,EUR
2023-11-29,INST004,137.1864,139.869,133.1507,136.9536,4314289.0,EUR
2023-11-30,INST004,136.6663,139.0931,135.3769,137.0075,430558.0,EUR
2023-12-01,INST004,140.4844,143.1496,138.0865,139.7699,2943359.0,EUR
2023-12-04,INST004,138.2348,142.0132,136.1117,139.0099,2586229.0,EUR
2023-12-05,INST004,136.7482,137.2809,132.8643,136.6795,3113079.0,EUR
2023-12-06,INST004,139.8528,142.1894,136.3457,139.555,4782498.0,EUR
2023-12-07,INST004,139.5612,140.4122,135.4965,139.293,907879.0,EUR
2023-12-08,INST004,136.5668,138.564,134.5782,137.41,1950314.0,EUR
2023-12-11,INST004,139.8101,141.0639,135.4208,139.1415,4575400.0,EUR
2023-12-12,INST004,140.719,145.1499,139.4232,140.968,2794619.0,EUR
2023-12-13,INST004,141.3652,142.5121,140.5061,141.9754,2916287.0,EUR
2023-12-14,INST004,145.0881,147.3951,143.4384,145.1419,1910411.0,EUR
2023-12-15,INST004,142.7523,144.2237,140.8834,143.4023,4737516.0,EUR
2023-12-18,INST004,142.2209,141.4612,139.947,141.422,3167463.0,EUR
2023-12-19,INST004,139.337,142.4345,136.9936,140.0076,3897103.0,EUR
2023-12-20,INST004,142.1009,142.6351,139.8271,141.0029,3392551.0,EUR
2023-12-21,INST004,145.1336,147.9193,140.3508,144.3055,3295052.0,EUR
2023-12-22,INST004,142.9697,143.3828,142.0636,142.3261,2028480.0,EUR
2023-12-25,INST004,138.2806,142.9277,134.9126,138.9408,3612706.0,EUR
2023-12-26,INST004,137.8199,140.0639,135.7175,137.7121,612114.0,EUR
2023-12-27,INST004,141.9772,142.9078,139.5553,140.6155,2005425.0,EUR
2023-12-28,INST004,144.2543,144.4233,141.5906,142.9195,2742571.0,EUR
2023-12-29,INST004,143.6491,145.7333,143.4285,143.6761,4006882.0,EUR
2024-01-01,INST004,140.9801,143.332,138.8015,141.4343,1778218.0,EUR
2024-01-02,INST004,141.6921,144.2696,140.1761,142.3634,778765.0,EUR
2024-01-03,INST004,141.9784,142.2992,139.6298,141.496,1720962.0,EUR
2024-01-04,INST004,143.4493,147.7138,141.1156,144.4524,4704879.0,EUR
2024-01-05,INST004,143.6206,146.0315,141.8572,144.998,2801137.0,EUR
2024-01-08,INST004,142.6428,144.2314,140.2153,141.606,2762783.0,EUR
2024-01-09,INST004,140.2663,143.7321,137.8904,139.7802,3496241.0,EUR
2024-01-10,INST004,139.7844,139.7367,135.082,138.5338,4040589.0,EUR
2024-01-11,INST004,139.9013,140.8731,139.7366,140.6357,1241974.0,EUR
2024-01-12,INST004,142.8237,145.3044,141.4275,142.812,2047025.0,EUR
2024-01-15,INST004,141.3867,143.7543,137.4126,140.7646,4913044.0,EUR
2024-01-16,INST004,138.52,140.6278,134.6655,137.3116,1820046.0,EUR
2024-01-17,INST004,138.6757,138.9959,136.6952,138.1904,1111646.0,EUR
2024-01-18,INST004,134.9959,138.219,135.3012,135.7583,4791169.0,EUR
2024-01-19,INST004,135.8887,139.27,132.5842,136.3704,2767308.0,EUR
2024-01-22,INST004,137.0012,137.8346,137.3895,137.6593,2034647.0,EUR
2024-01-23,INST004,133.748,137.6234,133.7188,135.0261,4374628.0,EUR
2024-01-24,INST004,132.6198,136.7556,131.5566,133.1305,1195985.0,EUR
2024-01-25,INST004,134.9587,137.1003,133.8198,134.6483,2216421.0,EUR
2024-01-26,INST004,134.1313,138.5045,131.1635,134.6276,4358585.0,EUR
2024-01-29,INST004,135.6741,138.4284,133.473,136.7511,4253010.0,EUR
2024-01-30,INST004,137.0867,140.0481,133.7587,136.6272,515107.0,EUR
2024-01-31,INST004,138.7711,143.2784,138.2104,139.7514,2228872.0,EUR
2024-02-01,INST004,142.4952,143.4077,139.5234,141.5765,3853211.0,EUR
2024-02-02,INST004,142.0414,142.7616,137.4995,141.1473,1510203.0,EUR
2024-02-05,INST004,140.6219,142.9821,136.5489,140.5093,4756913.0,EUR
2024-02-06,INST004,139.7216,140.8907,138.1365,138.8726,1316616.0,EUR
2024-02-07,INST004,141.8883,144.0318,138.1936,142.0325,3770021.0,EUR
2024-02-08,INST004,140.1766,142.7952,137.5057,138.89,3545049.0,EUR
2024-02-09,INST004,137.1459,140.7146,134.5732,136.7885,3568151.0,EUR
2024-02-12,INST004,134.4301,137.9175,132.6671,135.1031,1492981.0,EUR
2024-02-13,INST004,136.3248,137.6762,134.4814,137.076,4515809.0,EUR
2024-02-14,INST004,141.0249,144.4176,140.1716,140.3515,1591966.0,EUR
2024-02-15,INST004,139.3046,140.0093,136.347,138.86,4465534.0,EUR
2024-02-16,INST004,139.3565,139.7027,134.6044,138.2938,4380739.0,EUR
2024-02-19,INST004,141.2134,144.181,140.6848,141.5972,678121.0,EUR
2024-02-20,INST004,139.7021,141.7558,136.4398,138.908,1160608.0,EUR
2024-02-21,INST004,140.214,142.019,137.1309,139.6699,2249983.0,EUR
2024-02-22,INST004,139.5225,143.7928,138.7311,139.9343,3648754.0,EUR
2024-02-23,INST004,139.6389,141.4865,138.3376,138.8442,1046062.0,EUR
2024-02-26,INST004,139.0242,139.3107,138.8801,139.0367,499635.0,EUR
2024-02-27,INST004,136.4301,139.4291,136.6045,137.2585,3910978.0,EUR
2024-02-28,INST004,137.739,139.6351,135.4174,136.5104,3035842.0,EUR
2024-02-29,INST004,136.7361,135.8879,133.6047,135.7153,1104584.0,EUR
2024-03-01,INST004,138.8741,141.8289,136.7661,137.9425,3045438.0,EUR
2024-03-04,INST004,137.8046,140.2924,135.5148,138.9402,4638059.0,EUR
2024-03-05,INST004,135.8865,136.5062,134.2167,135.6997,3863400.0,EUR
2024-03-06,INST004,132.6854,134.6074,132.0752,132.9106,421460.0,EUR
2024-03-07,INST004,133.9312,137.022,134.4156,134.7798,234505.0,EUR
2024-03-08,INST004,135.6248,136.9306,132.6515,135.7925,4129244.0,EUR
2024-03-11,INST004,137.2994,138.8085,134.8781,138.5548,4397413.0,EUR
2024-03-12,INST004,137.9102,138.1219,134.3783,137.2217,4301697.0,EUR
2024-03-13,INST004,139.8296,140.4481,134.8654,138.4873,4240902.0,EUR
2024-03-14,INST004,134.7427,136.413,133.8733,136.0625,4844465.0,EUR
2024-03-15,INST004,133.4601,135.3764,130.8801,133.2103,1790556.0,EUR
2024-03-18,INST004,134.4085,135.546,133.0344,135.5305,2583334.0,EUR
2024-03-19,INST004,136.3377,139.0372,133.3892,135.9831,1871206.0,EUR
2024-03-20,INST004,138.8378,140.374,136.9813,137.8935,3544195.0,EUR
2024-03-21,INST004,140.1783,142.5703,140.1744,141.0236,3306216.0,EUR
2024-03-22,INST004,145.9253,146.1347,142.7179,144.5092,720176.0,EUR
2024-03-25,INST004,145.1177,147.1803,142.8751,143.9359,2065777.0,EUR
2024-03-26,INST004,144.7424,147.7155,143.1142,144.7924,4063698.0,EUR
2024-03-27,INST004,146.7801,148.2451,144.0422,146.5946,1087935.0,EUR
2024-03-28,INST004,144.9458,145.6148,142.5929,143.8979,274706.0,EUR
2024-03-29,INST004,143.1511,144.0257,141.0208,143.0003,856933.0,EUR
2024-04-01,INST004,144.1137,145.9409,144.7455,145.2889,1729906.0,EUR
2024-04-02,INST004,142.8093,147.3779,140.6222,143.8705,4840552.0,EUR
2024-04-03,INST004,141.6244,143.0464,137.6952,140.5127,953623.0,EUR
2024-04-04,INST004,136.8574,140.7753,134.8932,137.712,3465128.0,EUR
2024-04-05,INST004,138.5385,141.3947,138.2235,138.6508,120821.0,EUR
2024-04-08,INST004,140.6244,141.4658,137.8168,140.9438,2714043.0,EUR
2024-04-09,INST004,141.7178,144.7199,139.0655,140.6885,1873706.0,EUR
2024-04-10,INST004,143.3635,146.0111,140.7903,142.1411,2214374.0,EUR
2024-04-11,INST004,137.4541,139.7418,135.4385,138.7585,3666059.0,EUR
2024-04-12,INST004,139.5353,142.7888,137.757,139.0754,2380074.0,EUR
2024-04-15,INST004,140.7942,145.2523,141.6154,141.7047,3906125.0,EUR
2024-04-16,INST004,141.9252,145.9995,140.7874,142.4701,619156.0,EUR
2024-04-17,INST004,144.5922,147.256,144.481,145.1038,2601323.0,EUR
2024-04-18,INST004,143.9448,143.9757,142.6508,142.9878,4158116.0,EUR
2024-04-19,INST004,143.6956,146.3668,139.3235,143.1463,4741236.0,EUR
2024-04-22,INST004,146.599,149.5556,142.2297,146.2159,2109176.0,EUR
2024-04-23,INST004,145.7453,148.2699,140.8341,145.0104,2176701.0,EUR
2024-04-24,INST004,144.3694,145.9367,143.252,143.7773,1713847.0,EUR
2024-04-25,INST004,146.0558,147.6778,143.7528,146.7158,4710811.0,EUR
2024-04-26,INST004,147.4678,150.5285,148.1925,148.7524,4475079.0,EUR
2024-04-29,INST004,152.5515,155.4286,150.4009,151.2207,605557.0,EUR
2024-04-30,INST004,153.4592,153.9433,150.807,153.6805,1323125.0,EUR
2024-05-01,INST004,152.4664,151.9558,150.2098,151.18,2259275.0,EUR
2024-05-02,INST004,153.9961,153.3431,149.1522,152.7992,4263852.0,EUR
2024-05-03,INST004,155.1344,157.526,154.2236,154.8966,1364924.0,EUR
2024-05-06,INST004,154.8003,158.6367,150.7067,155.0753,1794994.0,EUR
2024-05-07,INST004,152.316,156.6116,149.7096,153.3514,4317238.0,EUR
2024-05-08,INST004,153.6256,158.023,153.604,154.4632,2680875.0,EUR
2024-05-09,INST004,152.1395,154.6763,152.0718,152.171,876397.0,EUR
2024-05-10,INST004,150.8016,152.6988,146.9395,150.8659,1845926.0,EUR
2024-05-13,INST004,147.874,149.8192,147.1098,148.9224,2658676.0,EUR
2024-05-14,INST004,148.7567,148.6156,143.8957,147.6568,4755026.0,EUR
2024-05-15,INST004,146.4457,147.8182,144.4583,146.678,693774.0,EUR
2024-05-16,INST004,145.0878,148.3295,143.3457,145.0175,3546829.0,EUR
2024-05-17,INST004,143.4372,146.2415,141.7998,142.0398,1329559.0,EUR
2024-05-20,INST004,145.3209,146.6127,143.1442,145.2132,3541614.0,EUR
2024-05-21,INST004,145.9588,148.5247,142.2605,145.3414,3149107.0,EUR
2024-05-22,INST004,143.0915,147.8534,142.5808,143.8122,2791656.0,EUR
2024-05-23,INST004,140.948,142.6763,138.3707,140.8077,4927082.0,EUR
2024-05-24,INST004,139.9082,143.8031,136.9043,140.4816,2395549.0,EUR
2024-05-27,INST004,140.8492,144.0603,139.29,140.7131,4223095.0,EUR
2024-05-28,INST004,143.4623,144.5548,142.6235,144.0495,1373634.0,EUR
2024-05-29,INST004,141.7937,146.531,139.6228,142.679,2770865.0,EUR
2024-05-30,INST004,141.8236,142.4682,141.3618,141.5763,515943.0,EUR
2024-05-31,INST004,141.5185,142.9081,140.7172,142.7268,118753.0,EUR
2024-06-03,INST004,141.5332,142.4317,137.2735,140.2802,2300838.0,EUR
2024-06-04,INST004,139.1473,142.1639,135.2638,138.6081,409111.0,EUR
2024-06-05,INST004,136.5414,138.7297,137.036,137.3036,4504042.0,EUR
2024-06-06,INST004,136.2659,138.6214,135.4024,135.9764,4459986.0,EUR
2024-06-07,INST004,133.4931,136.5507,133.6074,133.9619,4944045.0,EUR
2024-06-10,INST004,136.5486,137.9697,134.6589,136.2915,1044603.0,EUR
2024-06-11,INST004,138.4844,139.848,134.5612,137.2732,2126109.0,EUR
2024-06-12,INST004,136.9187,138.937,135.1857,137.8756,1884156.0,EUR
2024-06-13,INST004,141.19,143.4619,138.6258,141.2537,2590018.0,EUR
2024-06-14,INST004,140.2113,140.1229,136.8005,139.4936,1653319.0,EUR
2024-06-17,INST004,141.3612,144.4813,139.9541,141.1401,3544860.0,EUR
2024-06-18,INST004,139.8212,144.4454,139.3044,140.3662,3657538.0,EUR
2024-06-19,INST004,141.4707,143.3845,140.1473,141.101,2639111.0,EUR
2024-06-20,INST004,143.4041,147.1174,138.9183,143.093,3384675.0,EUR
2024-06-21,INST004,144.6043,146.7239,143.1597,143.2221,2990719.0,EUR
2024-06-24,INST004,140.9151,141.8489,139.0965,140.1635,4368999.0,EUR
2024-06-25,INST004,138.0009,139.9069,135.8991,137.0345,1874620.0,EUR
2024-06-26,INST004,138.5954,140.9468,137.4087,139.4967,3276937.0,EUR
2024-06-27,INST004,142.1234,145.694,142.1902,142.55,2136609.0,EUR
2024-06-28,INST004,140.3848,143.9107,139.5599,140.5138,1783368.0,EUR
2024-07-01,INST004,142.7955,141.9041,138.9477,141.7724,2708923.0,EUR
2024-07-02,INST004,143.8106,144.2573,139.4999,143.4235,2229000.0,EUR
2024-07-03,INST004,145.2558,147.3338,144.042,144.9914,493809.0,EUR
2024-07-04,INST004,144.9215,146.4719,142.0934,146.0826,305443.0,EUR
2024-07-05,INST004,144.6653,145.468,142.992,145.02,1138117.0,EUR
2024-07-08,INST004,146.797,147.4878,142.0901,145.8659,2897076.0,EUR
2024-07-09,INST004,149.1546,148.9547,146.1452,148.5613,695490.0,EUR
2024-07-10,INST004,149.7412,150.912,146.3367,149.2593,2550720.0,EUR
2024-07-11,INST004,146.2904,149.0125,143.903,145.6332,4768602.0,EUR
2024-07-12,INST004,149.4393,149.3688,145.7042,149.0675,3499063.0,EUR
2024-07-15,INST004,144.2595,146.7039,145.2087,145.6931,4162601.0,EUR
2024-07-16,INST004,145.7316,148.2837,146.1688,146.4775,3799710.0,EUR
2024-07-17,INST004,142.2607,146.2058,139.071,143.0423,4074760.0,EUR
2024-07-18,INST004,145.8516,147.9163,142.8853,146.3457,2242669.0,EUR
2024-07-19,INST004,144.9758,150.0964,142.0796,145.8158,3227839.0,EUR
2024-07-22,INST004,148.994,151.922,144.7329,147.7586,3953980.0,EUR
2024-07-23,INST004,147.7047,147.3725,143.11,147.2266,1986210.0,EUR
2024-07-24,INST004,144.4817,147.3774,140.9836,144.5569,1475780.0,EUR
2024-07-25,INST004,145.7898,148.2045,143.8039,144.8083,201960.0,EUR
2024-07-26,INST004,144.4776,147.7559,143.4832,145.4956,4121279.0,EUR
2024-07-29,INST004,144.2256,147.9397,143.6336,144.5591,1087690.0,EUR
2024-07-30,INST004,148.0543,148.7752,147.598,147.7851,1642021.0,EUR
2024-07-31,INST004,149.1196,150.4864,146.1067,148.2028,4896689.0,EUR
2024-08-01,INST004,146.8691,148.3627,144.4959,146.2492,4551356.0,EUR
2024-08-02,INST004,143.3757,148.0869,141.3612,144.1623,317477.0,EUR
2024-08-05,INST004,139.9984,142.6265,140.602,140.6194,2562187.0,EUR
2024-08-06,INST004,143.5639,143.4354,139.7665,143.4069,4376462.0,EUR
2024-08-07,INST004,143.9054,147.3887,142.3081,143.7249,159829.0,EUR
2024-08-08,INST004,141.6676,143.9152,139.1002,141.7866,2866638.0,EUR
2024-08-09,INST004,140.5472,145.659,137.7475,141.5557,2499712.0,EUR
2024-08-12,INST004,142.4493,146.3867,139.5412,142.5761,1989767.0,EUR
2024-08-13,INST004,141.8557,142.4876,141.0617,142.1022,2672262.0,EUR
2024-08-14,INST004,143.3546,148.8578,144.6053,144.7438,3742800.0,EUR
2024-08-15,INST004,145.0893,150.021,146.4321,146.4697,1266578.0,EUR
2024-08-16,INST004,148.5693,148.4075,146.4763,148.0232,4372842.0,EUR
2024-08-19,INST004,151.6485,154.3817,150.995,151.5861,3684231.0,EUR
2024-08-20,INST004,156.0447,158.7374,152.8668,154.6401,4118519.0,EUR
2024-08-21,INST004,156.2416,157.2122,151.9025,155.7252,3194079.0,EUR
2024-08-22,INST004,152.9391,154.2431,150.3326,153.493,1196375.0,EUR
2024-08-23,INST004,150.7592,154.0696,147.1769,150.271,4268530.0,EUR
2024-08-26,INST004,152.7759,156.294,150.66,153.5765,1707774.0,EUR
2024-08-27,INST004,153.7836,155.5282,149.1702,153.715,1568688.0,EUR
2024-08-28,INST004,150.535,153.7425,147.3762,150.4063,4581016.0,EUR
2024-08-29,INST004,150.5972,153.6517,149.8804,150.7777,411109.0,EUR
2024-08-30,INST004,154.6298,153.8785,149.2947,153.3243,4510374.0,EUR
2024-09-02,INST004,154.0535,158.468,149.9209,153.9369,1323497.0,EUR
2024-09-03,INST004,154.7939,159.3098,152.3532,155.8998,4196375.0,EUR
2024-09-04,INST004,153.6432,156.2089,150.3557,152.918,4301540.0,EUR
2024-09-05,INST004,156.004,159.5095,154.0545,155.075,1001081.0,EUR
2024-09-06,INST004,156.2225,158.49,155.7324,156.7916,4183281.0,EUR
2024-09-09,INST004,154.4447,153.3566,149.0804,153.1104,2558558.0,EUR
2024-09-10,INST004,156.3272,160.6334,154.1892,156.6282,4331819.0,EUR
2024-09-11,INST004,154.4734,156.6139,150.3306,153.1952,125503.0,EUR
2024-09-12,INST004,151.1283,151.2633,147.6186,149.6577,3036669.0,EUR
2024-09-13,INST004,146.8384,147.519,143.6695,147.243,2735962.0,EUR
2024-09-16,INST004,144.7942,146.2557,143.9028,144.4015,2845491.0,EUR
2024-09-17,INST004,143.0696,147.7356,143.7297,144.3355,3207472.0,EUR
2024-09-18,INST004,142.6075,143.4456,140.1203,141.9569,280659.0,EUR
2024-09-19,INST004,141.4548,146.4674,141.0098,142.5091,956200.0,EUR
2024-09-20,INST004,140.9249,144.2894,140.3097,141.8993,2699481.0,EUR
2024-09-23,INST004,143.0825,145.186,141.988,143.5184,2297071.0,EUR
2024-09-24,INST004,143.4907,147.4862,142.7747,143.7528,603936.0,EUR
2024-09-25,INST004,139.7135,141.1121,140.1652,140.2115,2807978.0,EUR
2024-09-26,INST004,140.2683,144.4156,140.1958,141.4114,4176523.0,EUR
2024-09-27,INST004,142.2801,145.1754,137.8966,141.5889,3052407.0,EUR
2024-09-30,INST004,140.6957,141.4315,140.2212,140.2824,881475.0,EUR
2024-10-01,INST004,142.8665,145.0747,139.6174,143.5066,1852186.0,EUR
2024-10-02,INST004,144.4535,147.5417,144.2889,144.7425,2971320.0,EUR
2024-10-03,INST004,145.0603,145.8842,140.1953,144.1595,3392639.0,EUR
2024-10-04,INST004,145.2598,145.687,143.8829,144.676,152085.0,EUR
2024-10-07,INST004,147.9134,151.1645,146.1594,147.2894,4013537.0,EUR
2024-10-08,INST004,145.8913,150.3908,145.051,147.0541,1019849.0,EUR
2024-10-09,INST004,147.7587,151.5989,148.3864,149.1338,1372295.0,EUR
2024-10-10,INST004,151.3139,152.4205,148.196,151.0562,2910047.0,EUR
2024-10-11,INST004,153.6201,154.4973,149.3855,152.3617,4954929.0,EUR
2024-10-14,INST004,155.3803,157.3776,150.9392,155.564,1301601.0,EUR
2024-10-15,INST004,159.1846,158.8242,156.9354,158.6365,3248404.0,EUR
2024-10-16,INST004,163.4441,166.1574,157.6421,161.903,2629357.0,EUR
2024-10-17,INST004,159.9561,163.9535,160.1104,160.5844,1592127.0,EUR
2024-10-18,INST004,155.7441,159.0353,156.7052,156.8651,2361745.0,EUR
2024-10-21,INST004,155.3082,157.7291,150.7333,154.901,3985416.0,EUR
2024-10-22,INST004,152.1437,153.1629,149.8289,152.2924,1167842.0,EUR
2024-10-23,INST004,153.4634,157.6138,149.9774,153.6295,1297833.0,EUR
2024-10-24,INST004,153.0607,153.9837,150.1888,153.1578,2479008.0,EUR
2024-10-25,INST004,152.6036,152.5835,149.8608,152.4881,3775909.0,EUR
2024-10-28,INST004,151.9269,155.5548,149.7089,151.7671,3106700.0,EUR
2024-10-29,INST004,150.9024,153.6904,149.563,152.0921,1600816.0,EUR
2024-10-30,INST004,154.6196,155.5601,151.9385,153.5073,147214.0,EUR
2024-10-31,INST004,151.7831,153.3695,149.7378,152.4382,4237888.0,EUR
2024-11-01,INST004,154.1706,156.3242,152.418,153.6446,4188181.0,EUR
2024-11-04,INST004,152.2289,152.79,149.4037,150.9169,2862840.0,EUR
2024-11-05,INST004,154.4506,154.2432,151.8643,153.4322,2647918.0,EUR
2024-11-06,INST004,151.7187,152.7776,148.6976,150.449,542986.0,EUR
2024-11-07,INST004,146.9062,151.6307,146.5038,147.4914,989228.0,EUR
2024-11-08,INST004,149.3581,151.6063,148.8226,149.9207,1515262.0,EUR
2024-11-11,INST004,151.7487,153.0414,148.5224,152.0525,2177836.0,EUR
2024-11-12,INST004,153.1346,153.0632,149.1485,153.0199,875158.0,EUR
2024-11-13,INST004,155.4041,158.0619,150.6686,155.0026,4839564.0,EUR
2024-11-14,INST004,158.1249,161.6876,157.5875,157.9909,821115.0,EUR
2024-11-15,INST004,161.7199,160.4838,156.3524,160.15,4194249.0,EUR
2024-11-18,INST004,160.7046,161.8842,158.7853,160.8276,813824.0,EUR
2024-11-19,INST004,160.2385,160.781,155.1019,159.4941,3767689.0,EUR
2024-11-20,INST004,160.5489,161.279,160.6836,160.7704,327058.0,EUR
2024-11-21,INST004,163.0912,163.1967,158.2984,161.9569,3671629.0,EUR
2024-11-22,INST004,164.9054,166.2869,161.3304,164.8634,2865420.0,EUR
2024-11-25,INST004,164.5586,167.7858,161.3052,163.382,2843952.0,EUR
2024-11-26,INST004,164.8484,168.1609,160.9168,163.6075,4903888.0,EUR
2024-11-27,INST004,165.6342,168.2209,164.3265,164.5556,3248284.0,EUR
2024-11-28,INST004,162.5004,165.6117,157.7316,162.4886,852023.0,EUR
2024-11-29,INST004,164.5346,167.091,162.2258,165.5489,4658026.0,EUR
2024-12-02,INST004,170.9327,171.6641,165.8703,169.6515,4937136.0,EUR
2024-12-03,INST004,172.3516,174.3683,171.7077,173.11,108354.0,EUR
2024-12-04,INST004,178.8951,182.0972,175.9395,177.321,1715083.0,EUR
2024-12-05,INST004,181.3578,182.4963,177.758,179.9496,1083352.0,EUR
2024-12-06,INST004,179.1062,180.7372,175.8118,180.2712,1852764.0,EUR
2024-12-09,INST004,176.6416,180.2098,176.5462,177.567,3682631.0,EUR
2024-12-10,INST004,174.7862,177.9609,170.778,175.5047,4623598.0,EUR
2024-12-11,INST004,179.8515,182.0299,177.1255,178.1637,586509.0,EUR
2024-12-12,INST004,178.2891,181.1258,172.9811,178.1039,1570368.0,EUR
2024-12-13,INST004,173.5162,177.3531,174.5752,175.226,2744352.0,EUR
2024-12-16,INST004,173.3211,176.2157,167.6718,172.1884,1691439.0,EUR
2024-12-17,INST004,171.5717,175.2174,170.9992,172.9518,4489413.0,EUR
2024-12-18,INST004,175.7277,177.2859,173.1362,175.6376,1529149.0,EUR
2024-12-19,INST004,174.9528,176.2428,170.9384,175.4497,2892892.0,EUR
2024-12-20,INST004,175.3957,176.9115,172.2359,174.1305,538841.0,EUR
2024-12-23,INST004,173.2368,177.3939,171.6383,173.8989,2280131.0,EUR
2024-12-24,INST004,173.295,173.7228,168.0301,172.2383,415973.0,EUR
2024-12-25,INST004,173.0569,177.4532,168.4142,172.9407,4759945.0,EUR
2024-12-26,INST004,176.131,177.8233,174.2924,177.2615,3237086.0,EUR
2024-12-27,INST004,174.1909,177.0926,173.4758,174.2648,4853352.0,EUR
2024-12-30,INST004,173.8071,174.9451,169.8611,172.7322,659405.0,EUR
2024-12-31,INST004,167.4428,171.9079,168.5413,168.6956,2664517.0,EUR
2022-01-03,INST005,201.4807,206.0402,197.4489,200.6931,3587751.0,EUR
2022-01-04,INST005,201.8988,202.0186,198.8948,201.4999,2902176.0,EUR
2022-01-05,INST005,200.1591,202.6431,197.156,200.5456,3453830.0,EUR
2022-01-06,INST005,196.7829,196.9496,192.9835,196.7776,2649248.0,EUR
2022-01-07,INST005,197.5219,202.1067,193.991,199.3243,549863.0,EUR
2022-01-10,INST005,202.2353,205.9748,201.5455,203.016,1023963.0,EUR
2022-01-11,INST005,208.1024,210.6379,204.264,206.1856,1311284.0,EUR
2022-01-12,INST005,208.2349,208.9815,205.8366,207.8053,1563118.0,EUR
2022-01-13,INST005,207.6215,212.3502,204.4654,208.3224,1446997.0,EUR
2022-01-14,INST005,207.5424,212.9859,205.5928,208.7452,4574656.0,EUR
2022-01-17,INST005,212.0225,217.8763,209.0316,211.8611,2118559.0,EUR
2022-01-18,INST005,208.2153,210.007,207.2511,207.5491,679764.0,EUR
2022-01-19,INST005,209.555,215.1116,207.1292,210.055,3428126.0,EUR
2022-01-20,INST005,213.9718,213.7203,211.9973,212.4543,2099446.0,EUR
2022-01-21,INST005,206.4118,208.2252,202.524,207.3911,4221522.0,EUR
2022-01-24,INST005,206.3294,206.4587,200.9906,204.2978,4909072.0,EUR
2022-01-25,INST005,203.0328,208.6302,199.0779,204.1382,1780606.0,EUR
2022-01-26,INST005,207.0253,208.3257,199.3949,205.5216,313579.0,EUR
2022-01-27,INST005,207.8091,214.4837,206.7586,209.5967,1003835.0,EUR
2022-01-28,INST005,214.6092,217.4718,211.5589,212.8598,3441708.0,EUR
2022-01-31,INST005,211.9565,217.5705,207.8194,212.4454,3987307.0,EUR
2022-02-01,INST005,210.5682,213.5786,206.094,211.6061,1389743.0,EUR
2022-02-02,INST005,214.9115,215.379,212.4926,213.7441,4671516.0,EUR
2022-02-03,INST005,213.6527,213.3037,211.1466,213.2595,2958504.0,EUR
2022-02-04,INST005,216.8603,222.1789,214.673,217.7514,2061201.0,EUR
2022-02-07,INST005,216.7476,221.7608,211.2717,216.2638,3531267.0,EUR
2022-02-08,INST005,218.0164,222.8924,212.9202,218.6566,4840320.0,EUR
2022-02-09,INST005,214.9937,214.3966,209.4965,214.1158,1450244.0,EUR
2022-02-10,INST005,218.433,224.1972,217.1163,217.7377,3169534.0,EUR
2022-02-11,INST005,217.8627,223.0712,215.9807,219.2406,1249747.0,EUR
2022-02-14,INST005,226.3441,227.9579,221.3285,224.1161,3328165.0,EUR
2022-02-15,INST005,220.7373,223.8854,219.8831,220.4442,755529.0,EUR
2022-02-16,INST005,216.6302,220.4217,212.3378,217.4156,2030795.0,EUR
2022-02-17,INST005,220.2285,223.9238,219.6753,220.2416,2343734.0,EUR
2022-02-18,INST005,225.2354,228.7603,217.5111,223.522,3872862.0,EUR
2022-02-21,INST005,217.9208,220.2343,215.1699,219.4028,2042515.0,EUR
2022-02-22,INST005,218.7562,220.4199,216.9084,217.8277,851136.0,EUR
2022-02-23,INST005,219.4482,221.4617,213.8067,218.7896,393034.0,EUR
2022-02-24,INST005,216.1982,216.2357,212.3806,214.4227,2272006.0,EUR
2022-02-25,INST005,216.3717,215.8516,210.7595,215.6728,4866969.0,EUR
2022-02-28,INST005,217.4088,223.8811,213.0695,219.0194,375297.0,EUR
2022-03-01,INST005,218.4494,225.539,219.1622,219.6024,798555.0,EUR
2022-03-02,INST005,219.2453,223.7012,214.5626,217.9262,3012978.0,EUR
2022-03-03,INST005,220.1014,222.0222,215.9905,219.2113,2449803.0,EUR
2022-03-04,INST005,221.7099,222.4054,221.5409,222.2634,4230826.0,EUR
2022-03-07,INST005,219.0057,221.6567,216.3421,221.2142,4156867.0,EUR
2022-03-08,INST005,224.0507,228.2272,221.4127,224.2274,1978831.0,EUR
2022-03-09,INST005,227.952,229.6014,222.5288,227.0509,1939350.0,EUR
2022-03-10,INST005,230.0737,238.3933,227.742,231.9313,4272220.0,EUR
2022-03-11,INST005,230.6524,235.273,228.9087,231.9569,528925.0,EUR
2022-03-14,INST005,230.326,238.9667,227.3731,232.367,534985.0,EUR
2022-03-15,INST005,236.3535,238.7199,230.5517,237.4595,3334206.0,EUR
2022-03-16,INST005,236.6178,240.5843,230.0066,236.845,813316.0,EUR
2022-03-17,INST005,232.3187,235.0759,227.5932,232.3138,2376305.0,EUR
2022-03-18,INST005,236.6767,235.2064,227.8467,234.6777,2427116.0,EUR
2022-03-21,INST005,234.8505,242.0758,233.3367,236.2973,2470079.0,EUR
2022-03-22,INST005,236.4552,245.2054,231.7564,238.6492,3997038.0,EUR
2022-03-23,INST005,241.42,239.8666,236.9956,239.5873,707695.0,EUR
2022-03-24,INST005,242.6917,248.0845,238.746,242.9629,2964795.0,EUR
2022-03-25,INST005,246.9618,247.8921,240.9995,244.8608,2623277.0,EUR
2022-03-28,INST005,250.6609,251.3389,247.0651,250.9159,3133782.0,EUR
2022-03-29,INST005,248.8523,250.326,243.518,248.7176,1159850.0,EUR
2022-03-30,INST005,246.8313,248.684,241.0003,248.2288,4953824.0,EUR
2022-03-31,INST005,247.8798,256.4955,244.2427,250.3748,2115924.0,EUR
2022-04-01,INST005,250.0355,256.5971,249.1875,250.2597,719809.0,EUR
2022-04-04,INST005,254.6667,254.7875,252.7998,253.5156,345570.0,EUR
2022-04-05,INST005,254.1427,261.9641,250.8774,256.2468,3829970.0,EUR
2022-04-06,INST005,253.0531,259.3303,249.0947,255.3255,1477883.0,EUR
2022-04-07,INST005,253.743,256.0178,251.2944,253.3032,4629506.0,EUR
2022-04-08,INST005,258.8342,259.532,258.5901,258.6643,2381880.0,EUR
2022-04-11,INST005,256.788,259.7455,250.1579,254.3504,2443036.0,EUR
2022-04-12,INST005,257.2168,258.8493,251.2391,255.5798,4006042.0,EUR
2022-04-13,INST005,263.8241,266.7571,257.3491,261.9202,1460804.0,EUR
2022-04-14,INST005,257.4049,264.6052,258.6795,258.8829,2016742.0,EUR
2022-04-15,INST005,257.3366,264.5771,254.4591,257.8901,3204514.0,EUR
2022-04-18,INST005,260.8174,266.6307,256.7734,262.8687,1155439.0,EUR
2022-04-19,INST005,255.9868,258.3318,253.4835,256.5009,1139648.0,EUR
2022-04-20,INST005,256.8696,262.0884,253.9851,258.4036,1397439.0,EUR
2022-04-21,INST005,257.4551,260.4145,250.5643,256.9458,4300378.0,EUR
2022-04-22,INST005,259.4304,265.6408,258.3895,258.5022,1645655.0,EUR
2022-04-25,INST005,257.258,259.0957,250.7529,256.1441,2112111.0,EUR
2022-04-26,INST005,252.8683,251.2423,246.0254,250.8746,410269.0,EUR
2022-04-27,INST005,248.293,250.653,246.3024,248.3305,1381312.0,EUR
2022-04-28,INST005,253.3953,253.2719,247.2083,251.4631,2665483.0,EUR
2022-04-29,INST005,250.4001,258.1249,245.3371,251.9476,1483588.0,EUR
2022-05-02,INST005,252.1548,254.5589,246.9579,252.6453,704144.0,EUR
2022-05-03,INST005,255.8957,265.2396,250.5477,257.5827,4132966.0,EUR
2022-05-04,INST005,255.5632,255.0794,247.1412,254.4652,2197030.0,EUR
2022-05-05,INST005,257.3351,257.6775,254.7216,256.4729,801292.0,EUR
2022-05-06,INST005,251.0441,251.466,250.1524,250.5185,1390424.0,EUR
2022-05-09,INST005,253.7386,253.7723,247.2742,252.8228,841936.0,EUR
2022-05-10,INST005,254.9428,258.2963,246.573,253.2882,4434637.0,EUR
2022-05-11,INST005,248.1923,249.3233,247.2378,247.5614,4864567.0,EUR
2022-05-12,INST005,245.5542,244.932,239.7373,243.3682,3462922.0,EUR
2022-05-13,INST005,251.0539,253.237,249.2748,249.3166,4751109.0,EUR
2022-05-16,INST005,251.1059,258.4837,247.9163,253.2448,4916496.0,EUR
2022-05-17,INST005,260.1632,259.2506,253.0644,257.5971,2874893.0,EUR
2022-05-18,INST005,254.7836,257.108,250.6679,253.2152,105247.0,EUR
2022-05-19,INST005,255.6587,259.3384,255.8544,256.5184,4999614.0,EUR
2022-05-20,INST005,253.8605,256.8506,247.8402,252.0876,1459901.0,EUR
2022-05-23,INST005,257.0244,258.0562,252.1804,255.2474,3722027.0,EUR
2022-05-24,INST005,260.1001,265.7034,255.9348,259.4575,757552.0,EUR
2022-05-25,INST005,252.0283,255.1889,246.6454,253.0009,127693.0,EUR
2022-05-26,INST005,247.8796,252.1159,246.2078,247.2036,3863477.0,EUR
2022-05-27,INST005,251.724,252.2084,243.2543,249.6355,138680.0,EUR
2022-05-30,INST005,243.9138,247.0705,243.7608,244.4316,1867725.0,EUR
2022-05-31,INST005,244.8826,248.8044,241.7459,243.1808,1765135.0,EUR
2022-06-01,INST005,241.2579,246.7191,239.056,239.6926,2394340.0,EUR
2022-06-02,INST005,238.4469,239.3654,234.7834,236.6763,1756133.0,EUR
2022-06-03,INST005,233.0995,231.9038,228.1136,231.3532,3715738.0,EUR
2022-06-06,INST005,229.1685,233.623,224.8736,229.5227,534077.0,EUR
2022-06-07,INST005,232.5806,236.017,226.6471,231.6441,1245316.0,EUR
2022-06-08,INST005,236.3714,241.5267,230.3227,235.3428,3584838.0,EUR
2022-06-09,INST005,236.3741,241.9291,233.3339,235.5895,317334.0,EUR
2022-06-10,INST005,233.9033,237.0949,231.2695,232.0555,879017.0,EUR
2022-06-13,INST005,232.7161,235.5894,232.6581,233.7014,3086112.0,EUR
2022-06-14,INST005,231.2224,232.3084,227.7237,229.9529,678833.0,EUR
2022-06-15,INST005,226.9529,228.1759,225.613,227.6819,216727.0,EUR
2022-06-16,INST005,235.2392,235.0942,228.912,233.0432,4922847.0,EUR
2022-06-17,INST005,229.3883,232.5363,223.2498,227.676,2209892.0,EUR
2022-06-20,INST005,231.662,236.8451,224.4508,230.7418,567701.0,EUR
2022-06-21,INST005,232.7489,235.5354,227.4344,232.4263,4414781.0,EUR
2022-06-22,INST005,236.3164,242.1096,231.4071,235.9282,114788.0,EUR
2022-06-23,INST005,237.4428,244.4159,231.5471,238.4014,3425877.0,EUR
2022-06-24,INST005,243.9026,246.3568,236.6679,241.9201,988515.0,EUR
2022-06-27,INST005,242.2887,244.5412,235.3491,241.6938,3353501.0,EUR
2022-06-28,INST005,241.191,243.407,234.4977,239.8055,4954769.0,EUR
2022-06-29,INST005,237.2833,241.2866,230.9786,236.2244,1861027.0,EUR
2022-06-30,INST005,230.538,238.396,226.2226,232.5297,1224654.0,EUR
2022-07-01,INST005,236.6667,240.1732,236.8016,238.1386,1357322.0,EUR
2022-07-04,INST005,242.8855,250.1785,238.4681,243.7504,1091418.0,EUR
2022-07-05,INST005,239.9832,240.8838,236.9588,240.721,419347.0,EUR
2022-07-06,INST005,247.9984,252.1391,239.6732,245.5852,4191688.0,EUR
2022-07-07,INST005,251.2875,252.4471,246.5878,249.6432,1190781.0,EUR
2022-07-08,INST005,252.5947,256.7,250.6535,255.1148,4098952.0,EUR
2022-07-11,INST005,258.9741,259.3868,253.3097,257.682,959628.0,EUR
2022-07-12,INST005,264.023,262.4357,261.0419,262.2573,3251651.0,EUR
2022-07-13,INST005,258.1484,265.6402,260.2437,260.2484,407550.0,EUR
2022-07-14,INST005,262.5383,270.6614,260.9708,263.7331,3136148.0,EUR
2022-07-15,INST005,255.743,260.691,257.3798,257.8034,4867514.0,EUR
2022-07-18,INST005,259.3696,258.655,257.2088,257.7684,2885658.0,EUR
2022-07-19,INST005,258.4055,259.9627,255.5208,256.7743,438885.0,EUR
2022-07-20,INST005,248.2446,252.7522,247.4015,250.407,2259431.0,EUR
2022-07-21,INST005,245.2627,248.0351,240.3702,246.7823,4252049.0,EUR
2022-07-22,INST005,251.5533,253.085,250.4299,252.2114,542667.0,EUR
2022-07-25,INST005,251.9767,253.7472,243.293,250.2948,1486186.0,EUR
2022-07-26,INST005,248.5243,258.4117,248.2836,250.9865,2337999.0,EUR
2022-07-27,INST005,251.9608,256.9064,250.0763,254.2517,3019579.0,EUR
2022-07-28,INST005,250.5299,255.9016,241.9646,249.2942,899176.0,EUR
2022-07-29,INST005,252.9204,257.2994,250.8694,251.5821,3845041.0,EUR
2022-08-01,INST005,243.8027,248.7853,239.3985,245.5855,1477555.0,EUR
2022-08-02,INST005,247.8974,248.3667,241.7928,245.9424,3355079.0,EUR
2022-08-03,INST005,243.3732,242.939,240.599,241.9965,2587409.0,EUR
2022-08-04,INST005,244.8214,249.6498,236.6102,242.8307,2744229.0,EUR
2022-08-05,INST005,249.1175,255.2391,247.7213,248.7938,3101418.0,EUR
2022-08-08,INST005,243.3325,249.0839,240.8981,243.1951,1557741.0,EUR
2022-08-09,INST005,239.7936,246.5136,239.2919,241.2546,136133.0,EUR
2022-08-10,INST005,241.8897,249.0439,240.226,243.9941,1644631.0,EUR
2022-08-11,INST005,241.2604,240.2353,237.8985,240.048,1230600.0,EUR
2022-08-12,INST005,242.3705,243.3133,239.0183,242.5796,253557.0,EUR
2022-08-15,INST005,243.5854,248.856,238.5674,242.9989,3140121.0,EUR
2022-08-16,INST005,240.0763,244.6092,237.8986,240.2116,3365770.0,EUR
2022-08-17,INST005,240.8753,250.101,241.6377,243.2191,2729061.0,EUR
2022-08-18,INST005,239.5645,238.9806,232.8123,238.1647,4936098.0,EUR
2022-08-19,INST005,234.3527,240.4651,230.0402,233.6827,955611.0,EUR
2022-08-22,INST005,228.8412,232.2602,222.6762,229.4363,2500061.0,EUR
2022-08-23,INST005,227.607,235.296,224.2277,229.4717,4310639.0,EUR
2022-08-24,INST005,227.5547,230.4649,224.3098,229.2561,4287318.0,EUR
2022-08-25,INST005,230.1082,229.5907,226.8675,228.8226,655176.0,EUR
2022-08-26,INST005,230.3311,236.0737,229.6592,231.0554,2146181.0,EUR
2022-08-29,INST005,233.392,238.9817,233.509,234.3422,173920.0,EUR
2022-08-30,INST005,239.7769,247.0889,235.3129,240.083,4435910.0,EUR
2022-08-31,INST005,239.2223,238.4477,231.6324,236.9779,3331366.0,EUR
2022-09-01,INST005,234.9466,238.7223,235.6447,236.2772,4821787.0,EUR
2022-09-02,INST005,235.8414,234.3575,228.9604,234.245,2271012.0,EUR
2022-09-05,INST005,236.5561,240.4208,230.4793,235.625,791728.0,EUR
2022-09-06,INST005,237.5093,242.2717,229.8387,236.1887,3858972.0,EUR
2022-09-07,INST005,236.5639,240.6434,229.1083,234.4949,4743228.0,EUR
2022-09-08,INST005,237.1633,239.5592,232.9215,239.2508,1300927.0,EUR
2022-09-09,INST005,239.9285,243.6997,235.2159,242.1967,2511662.0,EUR
2022-09-12,INST005,234.4195,236.5826,232.513,236.1989,4335281.0,EUR
2022-09-13,INST005,231.3776,237.2542,226.7029,233.5409,796228.0,EUR
2022-09-14,INST005,238.3818,238.5695,236.6025,237.6305,3591315.0,EUR
2022-09-15,INST005,239.9119,247.4499,238.1149,242.1945,638550.0,EUR
2022-09-16,INST005,234.5035,243.2155,235.6158,236.7568,2596501.0,EUR
2022-09-19,INST005,232.9184,235.707,234.6541,235.0518,3896239.0,EUR
2022-09-20,INST005,232.0106,238.7094,228.7775,233.7233,947048.0,EUR
2022-09-21,INST005,237.9659,240.4904,232.2127,237.1815,2084900.0,EUR
2022-09-22,INST005,237.1587,236.4131,231.3506,235.9179,3890931.0,EUR
2022-09-23,INST005,232.3163,233.8766,227.4267,233.0021,3890335.0,EUR
2022-09-26,INST005,231.9497,236.6458,230.6131,230.7026,1797586.0,EUR
2022-09-27,INST005,222.9452,226.4548,220.0395,225.0974,2625760.0,EUR
2022-09-28,INST005,227.7058,232.7399,223.3834,226.6265,1302253.0,EUR
2022-09-29,INST005,227.4939,234.8622,227.1246,229.425,3910449.0,EUR
2022-09-30,INST005,225.0069,226.454,223.0971,224.5091,2266618.0,EUR
2022-10-03,INST005,225.6557,226.366,224.5483,224.755,680602.0,EUR
2022-10-04,INST005,221.0065,222.7446,217.0983,220.9824,4739227.0,EUR
2022-10-05,INST005,220.0051,222.1294,217.7254,221.6532,668667.0,EUR
2022-10-06,INST005,222.7738,229.8817,221.6676,224.9629,4451416.0,EUR
2022-10-07,INST005,230.0942,233.7604,222.2425,228.3126,1473802.0,EUR
2022-10-10,INST005,224.7408,230.6929,219.2977,225.1889,4264159.0,EUR
2022-10-11,INST005,225.4893,223.8687,220.3759,223.3265,1335241.0,EUR
2022-10-12,INST005,216.3243,224.1273,214.7545,217.7453,596395.0,EUR
2022-10-13,INST005,214.2,220.0165,212.9686,216.2053,3188731.0,EUR
2022-10-14,INST005,221.9182,222.9766,216.8426,220.9747,715032.0,EUR
2022-10-17,INST005,224.2522,229.6336,221.4601,223.2582,4093549.0,EUR
2022-10-18,INST005,223.454,230.12,223.6284,223.9502,989793.0,EUR
2022-10-19,INST005,224.9991,229.7784,220.8374,226.0023,4243816.0,EUR
2022-10-20,INST005,232.3883,231.844,230.8716,231.3745,4447447.0,EUR
2022-10-21,INST005,229.2634,231.295,223.2716,227.4099,4259439.0,EUR
2022-10-24,INST005,227.8653,232.4181,225.5909,225.6689,1211618.0,EUR
2022-10-25,INST005,219.5768,224.7499,218.3843,221.3153,3002723.0,EUR
2022-10-26,INST005,224.0242,224.4896,223.965,224.3244,4932958.0,EUR
2022-10-27,INST005,225.603,225.561,221.081,223.6498,1365382.0,EUR
2022-10-28,INST005,228.7408,229.7813,221.6246,228.081,3244148.0,EUR
2022-10-31,INST005,235.1258,236.957,230.1921,233.4187,2256110.0,EUR
2022-11-01,INST005,226.4648,230.7893,221.8731,227.938,3474833.0,EUR
2022-11-02,INST005,234.4482,237.5487,232.2977,233.5236,4084289.0,EUR
2022-11-03,INST005,233.0239,235.449,228.6587,234.4277,1067351.0,EUR
2022-11-04,INST005,235.7374,239.2203,233.3653,235.1755,441242.0,EUR
2022-11-07,INST005,231.2532,234.4595,224.929,231.1455,1439738.0,EUR
2022-11-08,INST005,236.2007,238.7435,236.0145,236.19,3362126.0,EUR
2022-11-09,INST005,232.28,237.4209,226.105,230.9547,2076385.0,EUR
2022-11-10,INST005,235.5819,236.3727,232.3849,235.7178,4583430.0,EUR
2022-11-11,INST005,229.6425,236.4435,225.5634,231.2547,500069.0,EUR
2022-11-14,INST005,226.229,228.653,221.5115,226.935,4065370.0,EUR
2022-11-15,INST005,221.9688,229.1517,216.4698,222.8707,1570669.0,EUR
2022-11-16,INST005,222.4594,225.7125,219.2177,222.9157,3990305.0,EUR
2022-11-17,INST005,221.1135,222.8864,213.6114,220.073,708486.0,EUR
2022-11-18,INST005,220.3664,219.036,217.928,218.8808,1580506.0,EUR
2022-11-21,INST005,214.5158,217.3073,208.7891,214.4504,4044861.0,EUR
2022-11-22,INST005,213.3593,218.9703,213.7301,214.1925,4252398.0,EUR
2022-11-23,INST005,218.7377,222.7664,214.5585,216.6063,1160150.0,EUR
2022-11-24,INST005,215.355,220.3199,209.8386,214.0681,3544206.0,EUR
2022-11-25,INST005,218.4624,217.6871,215.1824,216.9988,4368425.0,EUR
2022-11-28,INST005,213.6395,220.6293,214.5674,215.3524,4759151.0,EUR
2022-11-29,INST005,213.8277,215.518,211.3331,215.3488,4931490.0,EUR
2022-11-30,INST005,214.1767,215.9715,209.06,213.4458,3706479.0,EUR
2022-12-01,INST005,214.6234,217.4417,210.6361,213.2889,519959.0,EUR
2022-12-02,INST005,216.304,217.5499,210.9982,216.0322,2119043.0,EUR
2022-12-05,INST005,215.6206,215.3239,214.8104,214.9026,432894.0,EUR
2022-12-06,INST005,215.2537,218.015,212.5238,216.1261,3141609.0,EUR
2022-12-07,INST005,212.8019,214.936,211.7283,212.2396,800136.0,EUR
2022-12-08,INST005,210.5463,212.3763,207.9689,208.808,4663275.0,EUR
2022-12-09,INST005,209.5855,213.5415,206.8328,209.1289,3081260.0,EUR
2022-12-12,INST005,206.9634,211.0737,203.7535,207.4023,457072.0,EUR
2022-12-13,INST005,205.4486,210.2353,205.8123,206.9696,1333709.0,EUR
2022-12-14,INST005,205.927,208.8613,198.8079,204.1967,1546039.0,EUR
2022-12-15,INST005,204.1135,206.7297,202.4816,204.4162,858156.0,EUR
2022-12-16,INST005,208.1607,211.6585,205.1765,206.4664,1991080.0,EUR
2022-12-19,INST005,212.8731,215.5373,206.1808,211.0176,1055859.0,EUR
2022-12-20,INST005,211.508,214.0652,211.3858,212.8103,3213950.0,EUR
2022-12-21,INST005,215.7738,215.4766,212.8712,215.2391,3248830.0,EUR
2022-12-22,INST005,213.4843,215.8662,211.0334,213.7563,1337247.0,EUR
2022-12-23,INST005,208.646,215.3872,203.9421,209.5112,4095997.0,EUR
2022-12-26,INST005,209.7252,209.9425,203.3187,208.799,727702.0,EUR
2022-12-27,INST005,207.8506,213.1829,204.147,207.8603,3736969.0,EUR
2022-12-28,INST005,203.7432,205.9282,199.1558,204.0228,4907019.0,EUR
2022-12-29,INST005,209.138,208.3979,206.2847,207.3755,2168179.0,EUR
2022-12-30,INST005,208.9247,211.3551,204.5279,210.7119,4229310.0,EUR
2023-01-02,INST005,208.6393,212.3235,204.43,207.5946,1338621.0,EUR
2023-01-03,INST005,206.9226,210.004,203.9486,206.6787,2597682.0,EUR
2023-01-04,INST005,201.8356,206.8575,200.0546,203.4545,1113516.0,EUR
2023-01-05,INST005,197.9436,203.8105,198.5267,198.5452,1499019.0,EUR
2023-01-06,INST005,195.5719,201.7951,196.0855,196.6191,687048.0,EUR
2023-01-09,INST005,198.7392,204.2074,197.9181,199.6471,1145944.0,EUR
2023-01-10,INST005,199.7755,202.6229,193.8195,199.007,3997160.0,EUR
2023-01-11,INST005,195.3534,200.6938,192.5341,196.9532,3440460.0,EUR
2023-01-12,INST005,198.0481,204.9064,198.9031,199.5041,4982036.0,EUR
2023-01-13,INST005,200.4615,203.566,194.8229,200.0253,1470221.0,EUR
2023-01-16,INST005,194.501,197.5523,192.4184,195.8416,1490276.0,EUR
2023-01-17,INST005,193.5041,199.0576,190.4248,193.6352,4501052.0,EUR
2023-01-18,INST005,190.0827,195.967,186.1459,191.5526,4470123.0,EUR
2023-01-19,INST005,196.426,198.32,193.7577,194.8788,3338263.0,EUR
2023-01-20,INST005,196.7611,200.2953,192.1787,196.2361,2502426.0,EUR
2023-01-23,INST005,197.792,197.9437,192.3482,196.7988,106456.0,EUR
2023-01-24,INST005,199.097,199.9624,193.4604,197.5675,3550225.0,EUR
2023-01-25,INST005,192.0298,194.7575,190.4967,193.3392,723504.0,EUR
2023-01-26,INST005,195.3422,197.3965,193.5827,194.23,2288560.0,EUR
2023-01-27,INST005,193.0246,195.528,191.9726,193.8233,4597491.0,EUR
2023-01-30,INST005,192.8323,195.3914,190.2738,190.9899,416054.0,EUR
2023-01-31,INST005,189.281,191.5677,185.3026,189.9238,4088091.0,EUR
2023-02-01,INST005,186.18,187.7365,184.1794,186.3936,4941283.0,EUR
2023-02-02,INST005,182.4463,188.0208,180.0843,183.9366,466077.0,EUR
2023-02-03,INST005,186.5519,186.8136,181.2992,184.9441,2975545.0,EUR
2023-02-06,INST005,187.703,191.0638,188.0269,189.476,3029155.0,EUR
2023-02-07,INST005,189.7121,194.8877,184.1353,189.7178,181662.0,EUR
2023-02-08,INST005,186.4434,189.4797,186.5198,186.8111,995618.0,EUR
2023-02-09,INST005,183.1752,188.1056,183.2729,184.565,3723800.0,EUR
2023-02-10,INST005,185.2153,190.7458,182.4029,185.8503,503956.0,EUR
2023-02-13,INST005,186.2334,190.797,182.188,186.0182,2561616.0,EUR
2023-02-14,INST005,181.137,185.6496,178.5757,181.6558,3820450.0,EUR
2023-02-15,INST005,182.4395,183.504,178.1335,181.0138,2138558.0,EUR
2023-02-16,INST005,184.9144,188.3739,184.6482,184.7298,3445692.0,EUR
2023-02-17,INST005,186.5446,190.549,180.4803,185.9107,2073607.0,EUR
2023-02-20,INST005,185.1251,185.938,183.1769,184.491,3218061.0,EUR
2023-02-21,INST005,182.1221,185.8196,179.8799,182.2909,1836818.0,EUR
2023-02-22,INST005,183.9016,185.8345,184.0341,184.5552,1019949.0,EUR
2023-02-23,INST005,182.4628,183.5379,179.2809,181.1463,1467924.0,EUR
2023-02-24,INST005,180.9738,182.1833,177.5362,180.27,288493.0,EUR
2023-02-27,INST005,181.2636,182.5578,178.5183,180.7072,2610851.0,EUR
2023-02-28,INST005,184.8667,187.4734,180.5687,184.6743,4710856.0,EUR
2023-03-01,INST005,183.4616,185.8081,178.812,183.3608,4206773.0,EUR
2023-03-02,INST005,180.1945,180.3819,176.04,180.2494,838204.0,EUR
2023-03-03,INST005,179.8338,183.5529,176.751,181.3535,324089.0,EUR
2023-03-06,INST005,176.9425,179.7977,172.8827,178.0224,1762237.0,EUR
2023-03-07,INST005,182.3188,184.966,179.8419,181.824,1396494.0,EUR
2023-03-08,INST005,178.7328,184.5228,175.299,179.9982,1504380.0,EUR
2023-03-09,INST005,179.3346,182.4951,175.3682,178.3811,2582971.0,EUR
2023-03-10,INST005,177.8789,179.6035,171.7077,176.7446,235541.0,EUR
2023-03-13,INST005,173.597,177.7568,172.8902,174.9397,898667.0,EUR
2023-03-14,INST005,172.0568,171.6904,168.374,170.719,1954617.0,EUR
2023-03-15,INST005,172.2282,174.6445,173.0921,173.5908,2763906.0,EUR
2023-03-16,INST005,172.8772,175.1808,171.3395,172.8464,4162604.0,EUR
2023-03-17,INST005,176.8738,181.1405,173.2887,176.6552,3592092.0,EUR
2023-03-20,INST005,177.9586,177.7377,174.8209,177.5595,217718.0,EUR
2023-03-21,INST005,178.0733,178.7695,173.93,178.6047,152131.0,EUR
2023-03-22,INST005,176.9321,183.6169,176.1897,178.4783,2587890.0,EUR
2023-03-23,INST005,177.2149,176.5877,172.7195,176.3259,3812347.0,EUR
2023-03-24,INST005,174.3069,178.6496,169.3895,174.513,306924.0,EUR
2023-03-27,INST005,174.4195,174.3181,170.8472,173.384,3236079.0,EUR
2023-03-28,INST005,169.7362,171.1878,168.2938,171.1346,3597148.0,EUR
2023-03-29,INST005,172.6252,174.2898,166.7761,170.9503,832623.0,EUR
2023-03-30,INST005,172.5886,174.269,171.382,171.8471,3012313.0,EUR
2023-03-31,INST005,168.2663,172.5273,166.8727,169.565,1817482.0,EUR
2023-04-03,INST005,167.8595,169.1544,163.2652,167.6207,1109055.0,EUR
2023-04-04,INST005,164.5041,164.6981,159.5576,163.5522,4025556.0,EUR
2023-04-05,INST005,167.107,166.7537,164.3729,165.5385,3037986.0,EUR
2023-04-06,INST005,164.6446,163.9157,162.643,163.8999,3255384.0,EUR
2023-04-07,INST005,167.0235,168.6733,163.198,167.4055,2602542.0,EUR
2023-04-10,INST005,164.785,166.7009,158.9153,163.3215,388331.0,EUR
2023-04-11,INST005,163.6372,162.6002,158.9687,162.5195,2254882.0,EUR
2023-04-12,INST005,160.5215,162.1378,157.5116,161.3582,4953514.0,EUR
2023-04-13,INST005,159.7593,162.0597,156.9269,159.491,3964215.0,EUR
2023-04-14,INST005,162.7083,165.1216,161.0177,163.3556,2453425.0,EUR
2023-04-17,INST005,159.513,165.4993,158.8392,161.1198,1290873.0,EUR
2023-04-18,INST005,161.007,165.3047,156.8187,161.0984,3916920.0,EUR
2023-04-19,INST005,157.3267,158.2811,157.6407,158.0359,3975028.0,EUR
2023-04-20,INST005,155.7782,159.6978,156.1825,156.4474,4434069.0,EUR
2023-04-21,INST005,154.6538,160.607,153.4472,156.0497,2428368.0,EUR
2023-04-24,INST005,155.941,156.4425,151.4761,155.0578,1894504.0,EUR
2023-04-25,INST005,156.6652,158.0873,153.782,155.3391,2684240.0,EUR
2023-04-26,INST005,151.3886,152.0797,150.3534,151.6602,363402.0,EUR
2023-04-27,INST005,147.2976,150.6641,145.4517,148.3953,1524170.0,EUR
2023-04-28,INST005,152.0024,155.953,151.1742,151.9295,161892.0,EUR
2023-05-01,INST005,153.9846,158.3704,153.533,153.9336,3634572.0,EUR
2023-05-02,INST005,149.1152,154.2122,148.5526,150.4757,451658.0,EUR
2023-05-03,INST005,149.8698,155.1339,147.8383,150.9739,1285008.0,EUR
2023-05-04,INST005,147.3655,151.8396,147.2505,148.7167,154524.0,EUR
2023-05-05,INST005,144.4184,147.1098,141.8011,145.2727,1588954.0,EUR
2023-05-08,INST005,147.805,147.326,142.8716,146.7152,4141231.0,EUR
2023-05-09,INST005,149.2331,153.6958,148.1083,149.9152,111969.0,EUR
2023-05-10,INST005,149.336,154.0175,146.5022,150.2372,1050360.0,EUR
2023-05-11,INST005,154.926,155.6432,151.8252,153.4295,2383552.0,EUR
2023-05-12,INST005,151.9292,157.1029,149.9669,152.5463,2412961.0,EUR
2023-05-15,INST005,149.5858,155.1968,148.3014,150.7356,2654172.0,EUR
2023-05-16,INST005,150.1049,152.486,145.3461,148.6322,3797320.0,EUR
2023-05-17,INST005,145.4355,148.8801,145.6524,145.9971,4737991.0,EUR
2023-05-18,INST005,142.0717,145.0903,140.7232,142.8653,1576113.0,EUR
2023-05-19,INST005,142.8934,146.3006,142.8124,143.5634,2968438.0,EUR
2023-05-22,INST005,144.4275,147.1843,144.7229,145.1941,1239975.0,EUR
2023-05-23,INST005,143.2782,147.3411,141.1905,143.4933,4854307.0,EUR
2023-05-24,INST005,145.6909,150.9427,146.2019,146.9953,1794949.0,EUR
2023-05-25,INST005,143.3166,147.6247,142.4508,143.9953,2793427.0,EUR
2023-05-26,INST005,144.4852,147.3775,143.0997,144.6823,908417.0,EUR
2023-05-29,INST005,148.002,147.99,144.1129,146.7655,4050760.0,EUR
2023-05-30,INST005,148.9731,151.6401,145.4691,148.3675,462050.0,EUR
2023-05-31,INST005,149.6262,154.9791,150.2079,150.7759,4227638.0,EUR
2023-06-01,INST005,151.5931,155.0251,147.7922,150.7993,4796518.0,EUR
2023-06-02,INST005,151.0212,154.0032,148.3477,150.3415,820603.0,EUR
2023-06-05,INST005,152.3527,152.0095,150.807,150.9511,677777.0,EUR
2023-06-06,INST005,153.9962,155.3961,151.5663,153.6052,1929814.0,EUR
2023-06-07,INST005,154.3276,155.7445,153.3287,155.0989,1295139.0,EUR
2023-06-08,INST005,156.8129,158.1494,152.6656,157.0869,4774362.0,EUR
2023-06-09,INST005,157.6962,161.8377,154.6038,157.5833,3304201.0,EUR
2023-06-12,INST005,159.0974,160.1455,158.6407,158.6785,3168241.0,EUR
2023-06-13,INST005,156.5659,161.2631,155.028,157.9423,4696620.0,EUR
2023-06-14,INST005,160.4954,163.5972,159.1272,161.179,1758966.0,EUR
2023-06-15,INST005,158.6175,160.6976,159.5581,159.6989,4192578.0,EUR
2023-06-16,INST005,159.5605,164.0134,155.5036,160.14,4941253.0,EUR
2023-06-19,INST005,158.1521,158.6513,153.6821,158.3815,2836970.0,EUR
2023-06-20,INST005,161.1874,159.7631,155.2144,159.7,2208153.0,EUR
2023-06-21,INST005,156.4409,160.6081,154.3099,157.3233,631644.0,EUR
2023-06-22,INST005,156.7815,159.3995,152.4621,157.167,4426694.0,EUR
2023-06-23,INST005,154.9899,156.3829,151.4538,153.4578,1235944.0,EUR
2023-06-26,INST005,158.2293,158.7038,153.6827,157.1923,2573962.0,EUR
2023-06-27,INST005,156.3,156.6933,151.9285,156.5656,735678.0,EUR
2023-06-28,INST005,155.17,159.6272,153.7618,155.0254,4100727.0,EUR
2023-06-29,INST005,158.3073,162.5547,157.7301,158.1819,1810303.0,EUR
2023-06-30,INST005,158.1119,159.8819,158.4099,159.2132,519819.0,EUR
2023-07-03,INST005,158.4693,159.4512,156.8428,158.8112,1275627.0,EUR
2023-07-04,INST005,159.8813,161.8418,157.6175,158.5018,4085042.0,EUR
2023-07-05,INST005,161.5612,165.7666,159.9278,161.2147,687601.0,EUR
2023-07-06,INST005,162.2396,166.0905,158.7501,163.262,977257.0,EUR
2023-07-07,INST005,162.963,164.628,159.607,164.1034,3782195.0,EUR
2023-07-10,INST005,166.0677,168.2472,161.1992,165.6243,975910.0,EUR
2023-07-11,INST005,164.7665,165.2385,159.9462,163.7878,1276851.0,EUR
2023-07-12,INST005,161.8999,164.631,157.7576,161.542,916287.0,EUR
2023-07-13,INST005,161.7007,162.426,158.3957,160.4604,1532590.0,EUR
2023-07-14,INST005,158.3904,159.9604,155.1232,158.5954,3568109.0,EUR
2023-07-17,INST005,162.4555,165.1404,160.4005,161.3758,4831475.0,EUR
2023-07-18,INST005,162.3769,163.4411,158.3966,162.579,2265489.0,EUR
2023-07-19,INST005,160.9041,162.6448,157.5705,159.4225,713147.0,EUR
2023-07-20,INST005,156.531,159.8584,156.0533,157.851,2342018.0,EUR
2023-07-21,INST005,158.4316,157.7671,154.5088,157.4043,4099181.0,EUR
2023-07-24,INST005,154.1788,157.6684,155.211,155.6227,3587377.0,EUR
2023-07-25,INST005,156.3256,159.6538,152.5406,156.7725,2558185.0,EUR
2023-07-26,INST005,157.4394,159.4562,157.0416,158.574,3294076.0,EUR
2023-07-27,INST005,157.3872,158.8388,155.008,156.3337,4223112.0,EUR
2023-07-28,INST005,158.3331,159.5976,157.8915,158.6383,3763189.0,EUR
2023-07-31,INST005,156.4289,159.2311,152.8411,156.7925,2059730.0,EUR
2023-08-01,INST005,157.137,156.411,153.0568,156.3014,2887119.0,EUR
2023-08-02,INST005,156.7292,160.2296,156.2272,156.3648,3697419.0,EUR
2023-08-03,INST005,157.9956,157.9359,154.328,157.5703,2080145.0,EUR
2023-08-04,INST005,159.8582,164.7248,160.5214,161.3838,4013174.0,EUR
2023-08-07,INST005,158.7289,162.2361,155.6813,157.7587,4119621.0,EUR
2023-08-08,INST005,158.5095,162.0721,154.0246,158.6674,1608683.0,EUR
2023-08-09,INST005,158.7334,160.4415,155.4718,157.9571,3352545.0,EUR
2023-08-10,INST005,160.0488,161.7576,159.1799,160.3512,3744065.0,EUR
2023-08-11,INST005,157.4767,157.2185,154.3768,156.641,2919392.0,EUR
2023-08-14,INST005,155.1416,157.0222,150.495,154.4812,2576118.0,EUR
2023-08-15,INST005,155.2631,157.4849,154.9617,155.3557,3886269.0,EUR
2023-08-16,INST005,154.6728,158.134,153.1181,155.821,1012507.0,EUR
2023-08-17,INST005,158.632,161.2611,157.1324,157.2464,4295605.0,EUR
2023-08-18,INST005,157.4929,162.3424,153.9278,158.5631,2349555.0,EUR
2023-08-21,INST005,157.7022,161.4665,154.9558,158.8186,1160811.0,EUR
2023-08-22,INST005,157.8172,159.5883,154.6577,159.3447,1580575.0,EUR
2023-08-23,INST005,154.1104,157.6388,153.594,155.4424,3914087.0,EUR
2023-08-24,INST005,152.2196,155.4934,150.5395,151.6079,472605.0,EUR
2023-08-25,INST005,150.8353,151.5442,151.0467,151.3201,4605982.0,EUR
2023-08-28,INST005,151.1532,152.0665,147.3837,151.2841,3091371.0,EUR
2023-08-29,INST005,151.0567,153.1425,148.3044,152.0754,4548082.0,EUR
2023-08-30,INST005,152.991,155.0515,151.7096,153.8055,3593930.0,EUR
2023-08-31,INST005,155.0954,157.7794,151.1562,155.5223,2270349.0,EUR
2023-09-01,INST005,157.5479,161.3409,158.2826,159.1325,788144.0,EUR
2023-09-04,INST005,160.0428,160.8328,157.0633,158.6423,2787224.0,EUR
2023-09-05,INST005,158.5201,163.34,158.7921,159.5349,1163067.0,EUR
2023-09-06,INST005,155.9998,159.9649,153.5764,155.856,2100264.0,EUR
2023-09-07,INST005,151.054,156.2309,149.9689,152.3338,1353959.0,EUR
2023-09-08,INST005,155.2384,157.4806,151.2097,155.1323,1399489.0,EUR
2023-09-11,INST005,153.935,158.6525,154.212,155.0238,1343057.0,EUR
2023-09-12,INST005,150.7174,153.9553,149.4219,151.3769,1989466.0,EUR
2023-09-13,INST005,149.4193,151.5409,147.7711,149.9656,4585419.0,EUR
2023-09-14,INST005,147.0419,147.1879,144.9867,146.6265,4438454.0,EUR
2023-09-15,INST005,147.0293,146.3271,142.1647,145.7088,4869015.0,EUR
2023-09-18,INST005,143.7527,144.3394,143.863,143.9843,361324.0,EUR
2023-09-19,INST005,145.346,147.4369,141.4364,143.998,4135789.0,EUR
2023-09-20,INST005,145.261,147.0594,143.9095,145.8963,4500119.0,EUR
2023-09-21,INST005,142.8398,147.1349,142.1888,144.0059,3530071.0,EUR
2023-09-22,INST005,146.635,146.9338,144.3282,146.8667,205618.0,EUR
2023-09-25,INST005,145.66,147.3281,141.609,145.5477,4081903.0,EUR
2023-09-26,INST005,145.736,149.5082,143.5602,146.7123,2509142.0,EUR
2023-09-27,INST005,147.2625,148.3047,146.7474,147.5651,4371949.0,EUR
2023-09-28,INST005,149.9115,150.888,147.2628,150.7046,2300710.0,EUR
2023-09-29,INST005,151.4883,153.224,147.4686,151.9015,1308150.0,EUR
2023-10-02,INST005,154.0106,154.079,151.6591,153.4305,2591478.0,EUR
2023-10-03,INST005,155.9808,158.9094,152.4761,156.133,413760.0,EUR
2023-10-04,INST005,155.1542,156.6446,153.4895,155.1849,4880906.0,EUR
2023-10-05,INST005,150.2971,153.7981,150.9699,151.5367,1838952.0,EUR
2023-10-06,INST005,149.1633,150.0673,146.4664,149.1303,1845926.0,EUR
2023-10-09,INST005,147.7143,150.8038,145.852,146.5578,2011576.0,EUR
2023-10-10,INST005,143.7661,147.4479,143.3141,144.3686,4950222.0,EUR
2023-10-11,INST005,146.4831,146.3101,143.3941,146.2437,902960.0,EUR
2023-10-12,INST005,148.7215,150.1461,148.9461,149.6556,356502.0,EUR
2023-10-13,INST005,148.856,151.5495,146.4322,149.4838,1092141.0,EUR
2023-10-16,INST005,149.6783,150.8745,150.1815,150.2342,1729774.0,EUR
2023-10-17,INST005,147.3281,147.6467,143.8557,147.5931,377240.0,EUR
2023-10-18,INST005,145.3469,146.4953,142.9643,144.8475,131271.0,EUR
2023-10-19,INST005,141.6893,145.4877,141.944,142.434,4108023.0,EUR
2023-10-20,INST005,146.4925,146.8192,141.4389,145.2996,1046401.0,EUR
2023-10-23,INST005,142.7647,143.5511,139.2099,143.036,277370.0,EUR
2023-10-24,INST005,141.4285,140.9996,138.0821,140.0942,201970.0,EUR
2023-10-25,INST005,141.4979,141.0571,136.9475,140.3151,4153338.0,EUR
2023-10-26,INST005,139.0652,141.1446,136.0703,139.8982,3785487.0,EUR
2023-10-27,INST005,140.0857,145.1759,138.5611,141.1254,452578.0,EUR
2023-10-30,INST005,139.8986,139.1335,135.2056,138.918,1643976.0,EUR
2023-10-31,INST005,134.4074,136.7032,131.8091,135.5702,2365717.0,EUR
2023-11-01,INST005,139.5495,139.9,134.6251,138.4194,1326787.0,EUR
2023-11-02,INST005,136.1846,137.9413,134.17,135.6891,976437.0,EUR
2023-11-03,INST005,134.6321,136.8924,133.7977,135.648,4683067.0,EUR
2023-11-06,INST005,134.1307,138.3263,134.2056,134.7238,2922932.0,EUR
2023-11-07,INST005,136.8287,136.7678,135.5163,136.2884,3339307.0,EUR
2023-11-08,INST005,137.714,139.4765,135.9362,137.3525,1679840.0,EUR
2023-11-09,INST005,136.8683,137.6383,133.876,137.4239,230422.0,EUR
2023-11-10,INST005,133.5255,134.4457,132.5904,134.3012,1993174.0,EUR
2023-11-13,INST005,130.6633,134.0456,128.5741,131.3924,147626.0,EUR
2023-11-14,INST005,132.5306,132.7475,128.269,131.5472,344109.0,EUR
2023-11-15,INST005,130.8584,134.7673,129.3018,131.7915,1039534.0,EUR
2023-11-16,INST005,132.1282,134.8456,128.2887,131.0057,3476130.0,EUR
2023-11-17,INST005,130.626,131.747,128.6378,130.6045,4396654.0,EUR
2023-11-20,INST005,132.8432,133.7808,131.9917,133.5839,586549.0,EUR
2023-11-21,INST005,130.8098,131.1461,126.9884,130.4193,3521489.0,EUR
2023-11-22,INST005,128.4208,130.5207,125.1785,127.844,2131562.0,EUR
2023-11-23,INST005,129.0791,130.3856,128.6908,128.9106,4338701.0,EUR
2023-11-24,INST005,128.1716,131.5913,125.7494,129.2932,558648.0,EUR
2023-11-27,INST005,133.0139,135.8634,130.492,132.2527,143405.0,EUR
2023-11-28,INST005,134.4039,137.172,131.6168,133.6444,1165895.0,EUR
2023-11-29,INST005,133.532,133.6369,130.2282,132.4404,4782529.0,EUR
2023-11-30,INST005,136.6623,138.6914,133.8029,135.4197,4073521.0,EUR
2023-12-01,INST005,132.1212,134.4238,131.6801,132.5849,3891392.0,EUR
2023-12-04,INST005,133.476,135.3788,132.2565,133.4005,2380108.0,EUR
2023-12-05,INST005,134.9172,136.9518,131.729,135.1719,4779256.0,EUR
2023-12-06,INST005,135.0489,137.3146,132.8969,136.0726,3298305.0,EUR
2023-12-07,INST005,134.8927,137.6309,132.461,134.7046,2360376.0,EUR
2023-12-08,INST005,132.6028,136.1237,129.3511,132.9537,4653888.0,EUR
2023-12-11,INST005,131.3364,131.128,128.6776,130.6406,1671524.0,EUR
2023-12-12,INST005,133.6802,134.9092,128.9916,132.6783,1327978.0,EUR
2023-12-13,INST005,130.8389,133.5872,129.0112,130.388,263646.0,EUR
2023-12-14,INST005,128.129,130.908,125.2703,127.3464,2973193.0,EUR
2023-12-15,INST005,130.2683,132.4888,129.2077,129.5363,1208933.0,EUR
2023-12-18,INST005,128.0562,130.328,126.4866,128.8887,3519550.0,EUR
2023-12-19,INST005,130.8653,130.3478,126.652,129.8487,3578321.0,EUR
2023-12-20,INST005,128.4878,130.4593,126.8054,129.1379,3397214.0,EUR
2023-12-21,INST005,129.0892,130.203,127.0123,129.2449,2426198.0,EUR
2023-12-22,INST005,130.8248,131.4227,128.9431,130.3177,2085218.0,EUR
2023-12-25,INST005,133.7823,136.0794,129.6527,133.4783,4585685.0,EUR
2023-12-26,INST005,136.1043,138.1526,135.3717,135.5131,2840276.0,EUR
2023-12-27,INST005,137.6989,138.353,135.6356,137.5563,3598562.0,EUR
2023-12-28,INST005,133.8256,136.6484,131.5214,134.8116,3345527.0,EUR
2023-12-29,INST005,133.1919,133.2006,131.4891,132.9973,2458495.0,EUR
2024-01-01,INST005,134.4568,134.6135,130.2636,133.7152,2718246.0,EUR
2024-01-02,INST005,134.9675,135.8211,135.5297,135.6411,2803180.0,EUR
2024-01-03,INST005,134.82,134.8379,132.5644,133.6528,2375026.0,EUR
2024-01-04,INST005,134.3277,135.7662,130.4651,133.1854,4723627.0,EUR
2024-01-05,INST005,132.9267,133.6688,130.4454,133.4874,4036359.0,EUR
2024-01-08,INST005,136.9725,138.3187,135.3955,136.3953,3919110.0,EUR
2024-01-09,INST005,134.8887,138.945,132.9414,135.5991,3046679.0,EUR
2024-01-10,INST005,136.6589,137.8561,134.5316,135.8404,3448912.0,EUR
2024-01-11,INST005,137.8275,138.0604,137.7008,137.8548,4264765.0,EUR
2024-01-12,INST005,134.9041,136.1553,132.7096,135.4692,3660537.0,EUR
2024-01-15,INST005,136.1591,135.648,131.7459,135.2302,1755128.0,EUR
2024-01-16,INST005,132.4737,136.0952,131.3668,132.285,3603353.0,EUR
2024-01-17,INST005,131.0164,131.7884,128.4885,131.436,4434418.0,EUR
2024-01-18,INST005,128.838,130.4401,128.0189,130.023,299774.0,EUR
2024-01-19,INST005,131.8302,131.1563,127.0933,130.5752,3174851.0,EUR
2024-01-22,INST005,132.4457,135.9835,132.6212,133.2213,3935729.0,EUR
2024-01-23,INST005,132.6812,135.6806,133.014,133.2259,1759823.0,EUR
2024-01-24,INST005,133.0951,135.5343,130.9889,132.2971,2758546.0,EUR
2024-01-25,INST005,130.8167,133.2911,129.3127,130.2082,317632.0,EUR
2024-01-26,INST005,131.2584,135.6965,129.0131,131.7773,187127.0,EUR
2024-01-29,INST005,129.9006,132.5984,125.9738,129.5029,1001962.0,EUR
2024-01-30,INST005,127.9618,129.517,125.939,129.1737,3600759.0,EUR
2024-01-31,INST005,129.6169,132.9247,128.1,129.9302,3697207.0,EUR
2024-02-01,INST005,128.1299,129.5974,124.7091,127.7928,4149772.0,EUR
2024-02-02,INST005,126.7512,131.2909,127.1669,127.4799,3154950.0,EUR
2024-02-05,INST005,125.1298,128.2085,124.9583,124.9857,346122.0,EUR
2024-02-06,INST005,121.323,123.0434,119.926,122.039,817872.0,EUR
2024-02-07,INST005,118.8307,121.1276,116.9363,119.7239,4757497.0,EUR
2024-02-08,INST005,119.4964,119.6913,118.173,118.8437,702660.0,EUR
2024-02-09,INST005,120.0361,120.3624,117.1703,118.974,233017.0,EUR
2024-02-12,INST005,117.6327,121.5971,115.733,118.5424,4427060.0,EUR
2024-02-13,INST005,121.1458,120.5378,116.5032,119.9604,4467697.0,EUR
2024-02-14,INST005,121.2744,123.3895,121.2832,121.4062,156314.0,EUR
2024-02-15,INST005,120.4286,123.525,119.5405,121.466,4215735.0,EUR
2024-02-16,INST005,119.4283,120.2952,118.1528,119.606,4984543.0,EUR
2024-02-19,INST005,118.868,122.7396,119.2813,119.7897,3874919.0,EUR
2024-02-20,INST005,117.6876,121.1824,114.517,117.9111,355281.0,EUR
2024-02-21,INST005,117.8606,118.5276,114.6349,117.7362,752768.0,EUR
2024-02-22,INST005,119.4775,119.6997,117.1856,119.5075,1083770.0,EUR
2024-02-23,INST005,120.3981,123.017,120.5819,120.6298,4641927.0,EUR
2024-02-26,INST005,121.0633,121.4544,118.6261,120.5045,3717318.0,EUR
2024-02-27,INST005,119.8912,121.7236,117.9831,119.5035,3748814.0,EUR
2024-02-28,INST005,121.4292,122.2296,120.5617,120.7893,1469025.0,EUR
2024-02-29,INST005,118.5441,121.5228,119.0787,119.179,3682936.0,EUR
2024-03-01,INST005,117.3421,119.9269,113.1023,116.4785,4502856.0,EUR
2024-03-04,INST005,117.7504,119.6866,117.0912,117.186,3030854.0,EUR
2024-03-05,INST005,119.3465,123.2458,117.6242,119.8617,4340587.0,EUR
2024-03-06,INST005,121.1676,124.1345,118.6689,121.1171,3065774.0,EUR
2024-03-07,INST005,121.8434,123.5987,121.3856,121.5207,2833972.0,EUR
2024-03-08,INST005,120.8333,124.7707,118.2925,121.9044,2693897.0,EUR
2024-03-11,INST005,123.2585,124.8958,122.0806,122.4857,3245895.0,EUR
2024-03-12,INST005,121.016,124.4035,120.7223,121.6997,4179213.0,EUR
2024-03-13,INST005,125.4701,126.0119,122.929,124.5115,1228276.0,EUR
2024-03-14,INST005,123.6601,127.1602,123.5744,123.9793,2733364.0,EUR
2024-03-15,INST005,121.8995,124.0525,120.1965,121.6496,4076634.0,EUR
2024-03-18,INST005,123.0229,124.6142,121.5331,123.0444,2784493.0,EUR
2024-03-19,INST005,126.1307,126.3392,123.3446,125.3994,154546.0,EUR
2024-03-20,INST005,128.3663,128.2618,126.8967,127.5269,1555189.0,EUR
2024-03-21,INST005,124.169,124.7005,121.8658,124.4912,2425239.0,EUR
2024-03-22,INST005,125.2286,128.5652,122.7294,126.3925,2599016.0,EUR
2024-03-25,INST005,128.5915,130.7164,125.1673,128.1551,1289940.0,EUR
2024-03-26,INST005,127.9433,131.5567,128.8726,129.0401,3229261.0,EUR
2024-03-27,INST005,127.9955,128.455,124.3765,127.0094,3861801.0,EUR
2024-03-28,INST005,122.9963,127.5331,122.8049,123.8467,3794076.0,EUR
2024-03-29,INST005,123.2786,124.0116,119.8191,122.5349,724741.0,EUR
2024-04-01,INST005,119.9063,120.2441,118.6675,119.746,4348401.0,EUR
2024-04-02,INST005,116.3607,118.7276,115.1829,117.0271,1415945.0,EUR
2024-04-03,INST005,117.7335,119.9548,117.6836,118.9048,3320742.0,EUR
2024-04-04,INST005,121.5501,124.6166,119.977,121.1689,4666953.0,EUR
2024-04-05,INST005,119.8351,122.624,120.0125,120.6923,3806148.0,EUR
2024-04-08,INST005,124.0245,124.3328,120.0708,123.1609,3439071.0,EUR
2024-04-09,INST005,126.7983,127.7024,121.8853,125.5729,1742544.0,EUR
2024-04-10,INST005,125.8032,130.1062,125.0914,126.9769,357908.0,EUR
2024-04-11,INST005,124.9395,128.0608,122.2764,125.4938,3436349.0,EUR
2024-04-12,INST005,126.6763,130.5845,125.6065,127.1691,692867.0,EUR
2024-04-15,INST005,125.2369,127.2373,123.6904,125.6481,3202144.0,EUR
2024-04-16,INST005,127.1085,129.0085,124.4537,127.6247,2582993.0,EUR
2024-04-17,INST005,129.6414,129.6874,127.0677,128.7258,1113863.0,EUR
2024-04-18,INST005,125.8127,127.3579,125.0951,126.3016,3924901.0,EUR
2024-04-19,INST005,124.4848,125.9694,121.5598,123.851,250184.0,EUR
2024-04-22,INST005,124.2855,126.2193,120.4908,123.9457,2629934.0,EUR
2024-04-23,INST005,127.6165,128.537,123.95,126.7486,3675473.0,EUR
2024-04-24,INST005,125.5853,126.4683,122.5468,124.4265,1035718.0,EUR
2024-04-25,INST005,123.0872,123.1667,119.844,122.1632,2313812.0,EUR
2024-04-26,INST005,119.9622,121.1273,116.7969,119.4315,4225481.0,EUR
2024-04-29,INST005,119.0998,120.5212,118.9806,119.8077,4471006.0,EUR
2024-04-30,INST005,117.5029,118.8357,113.7735,117.0436,2660545.0,EUR
2024-05-01,INST005,114.6267,116.3768,113.4275,115.5308,4490886.0,EUR
2024-05-02,INST005,116.1476,116.6441,114.3248,116.0105,4514237.0,EUR
2024-05-03,INST005,116.0631,117.9375,114.1793,115.9078,1312748.0,EUR
2024-05-06,INST005,118.5682,121.3005,117.2166,118.6135,1065344.0,EUR
2024-05-07,INST005,115.8125,119.6396,115.6403,116.2711,3562516.0,EUR
2024-05-08,INST005,116.4078,116.4709,115.0419,115.4972,2961300.0,EUR
2024-05-09,INST005,113.7018,113.3765,112.1151,112.9338,3330633.0,EUR
2024-05-10,INST005,111.1999,112.8878,109.6673,112.2703,3533468.0,EUR
2024-05-13,INST005,115.8852,115.4654,114.1526,114.8169,863256.0,EUR
2024-05-14,INST005,113.7314,114.9507,110.3555,113.7239,1046815.0,EUR
2024-05-15,INST005,112.2348,115.2241,111.4724,112.6307,3090830.0,EUR
2024-05-16,INST005,113.3413,112.703,110.3541,112.3794,1157081.0,EUR
2024-05-17,INST005,113.4923,115.2586,111.7454,112.7713,3647568.0,EUR
2024-05-20,INST005,111.0026,111.1838,110.3416,111.1687,1627126.0,EUR
2024-05-21,INST005,109.5753,112.0055,106.5826,109.4709,3087494.0,EUR
2024-05-22,INST005,108.6413,110.9604,105.8046,107.938,4018176.0,EUR
2024-05-23,INST005,108.7178,111.6857,106.9961,109.7367,1832404.0,EUR
2024-05-24,INST005,107.5746,111.4483,106.4391,108.411,3215886.0,EUR
2024-05-27,INST005,107.0325,108.6141,103.7991,106.9614,2438780.0,EUR
2024-05-28,INST005,108.0263,108.976,105.8587,108.8093,2694372.0,EUR
2024-05-29,INST005,109.326,112.3437,107.8341,110.0016,1872372.0,EUR
2024-05-30,INST005,109.6741,112.0713,109.0103,109.2094,3893529.0,EUR
2024-05-31,INST005,112.159,114.0042,110.9513,111.2152,174653.0,EUR
2024-06-03,INST005,111.2032,112.0663,108.9716,110.5898,3241229.0,EUR
2024-06-04,INST005,109.5029,110.1017,109.0932,109.8302,4966081.0,EUR
2024-06-05,INST005,111.3715,110.7968,109.6954,110.447,4952531.0,EUR
2024-06-06,INST005,108.8354,108.766,106.3959,108.6203,4028987.0,EUR
2024-06-07,INST005,107.129,108.2053,106.5029,106.9341,4190482.0,EUR
2024-06-10,INST005,106.8925,108.23,106.6581,106.8096,2277138.0,EUR
2024-06-11,INST005,103.9915,106.9138,101.1358,104.1508,650172.0,EUR
2024-06-12,INST005,104.5065,104.6568,100.4266,103.5036,668463.0,EUR
2024-06-13,INST005,102.2505,104.086,101.0365,101.4546,2359981.0,EUR
2024-06-14,INST005,98.3598,102.1697,97.6579,99.2587,2982211.0,EUR
2024-06-17,INST005,99.1162,101.6983,96.285,99.0703,3855621.0,EUR
2024-06-18,INST005,97.5248,98.1704,95.7485,97.1783,122417.0,EUR
2024-06-19,INST005,95.7791,96.9095,95.5832,96.2368,4398777.0,EUR
2024-06-20,INST005,93.2168,94.1679,91.9373,94.1567,4916184.0,EUR
2024-06-21,INST005,92.745,94.5706,91.6555,93.4768,635744.0,EUR
2024-06-24,INST005,92.8285,93.8974,91.8466,92.935,3527831.0,EUR
2024-06-25,INST005,93.3483,94.4055,91.4475,92.7781,2513233.0,EUR
2024-06-26,INST005,94.2237,94.7586,94.5956,94.7144,4449470.0,EUR
2024-06-27,INST005,93.433,95.9214,92.8474,94.2815,827029.0,EUR
2024-06-28,INST005,95.3029,96.9837,95.5397,96.1663,931583.0,EUR
2024-07-01,INST005,94.3352,97.2734,92.9864,95.2839,872827.0,EUR
2024-07-02,INST005,93.2633,94.4817,92.3609,92.9209,4745935.0,EUR
2024-07-03,INST005,94.3551,96.0927,93.4893,93.9064,1150831.0,EUR
2024-07-04,INST005,93.1571,94.0136,91.1641,92.5028,804408.0,EUR
2024-07-05,INST005,94.3996,95.0227,93.5609,93.8019,532591.0,EUR
2024-07-08,INST005,92.1926,94.8169,92.209,93.0827,3611784.0,EUR
2024-07-09,INST005,91.2805,92.0205,90.6828,91.526,4521773.0,EUR
2024-07-10,INST005,90.5662,92.4463,89.3879,90.4391,2536823.0,EUR
2024-07-11,INST005,90.7427,91.7633,87.8297,90.0464,3463046.0,EUR
2024-07-12,INST005,88.1192,91.0125,86.2089,88.6304,2531565.0,EUR
2024-07-15,INST005,89.1596,90.8721,87.0696,88.6216,2864091.0,EUR
2024-07-16,INST005,89.5223,92.3097,88.0216,90.0621,3029000.0,EUR
2024-07-17,INST005,90.2389,91.5412,90.6935,90.9851,185570.0,EUR
2024-07-18,INST005,90.9476,91.1695,89.2378,91.079,2123904.0,EUR
2024-07-19,INST005,90.7036,91.1101,88.2842,90.6622,543692.0,EUR
2024-07-22,INST005,91.6993,92.2053,88.7225,90.8094,2182604.0,EUR
2024-07-23,INST005,89.7096,90.2899,88.2863,89.9022,2595674.0,EUR
2024-07-24,INST005,90.6896,90.6555,89.0466,90.4068,2200593.0,EUR
2024-07-25,INST005,92.4366,93.057,90.279,92.2143,350606.0,EUR
2024-07-26,INST005,90.8896,90.6416,88.2578,90.5593,2477034.0,EUR
2024-07-29,INST005,88.1325,90.2227,87.498,88.7308,2099074.0,EUR
2024-07-30,INST005,89.2472,90.0306,88.6841,88.809,1166362.0,EUR
2024-07-31,INST005,86.7079,87.7941,84.3564,86.8148,3072709.0,EUR
2024-08-01,INST005,86.018,86.3683,84.8853,85.2662,948891.0,EUR
2024-08-02,INST005,83.367,83.5096,81.1454,83.4695,4138861.0,EUR
2024-08-05,INST005,83.2775,84.8555,83.1349,83.9653,2283662.0,EUR
2024-08-06,INST005,84.2571,86.7355,84.169,84.7784,2407276.0,EUR
2024-08-07,INST005,86.4769,88.5676,84.6815,86.5409,2371783.0,EUR
2024-08-08,INST005,85.2536,86.1523,83.1955,84.7901,1057843.0,EUR
2024-08-09,INST005,84.1048,84.4394,81.7832,83.508,2503070.0,EUR
2024-08-12,INST005,82.0967,84.2265,81.067,81.9902,3572734.0,EUR
2024-08-13,INST005,82.3602,84.3552,81.3691,82.3489,2951610.0,EUR
2024-08-14,INST005,83.2131,84.3982,81.769,84.0517,3031777.0,EUR
2024-08-15,INST005,83.5911,84.1282,83.3614,83.8422,159466.0,EUR
2024-08-16,INST005,83.2521,83.1971,80.3639,82.5021,3624362.0,EUR
2024-08-19,INST005,80.8459,81.8271,79.6,80.9268,4816744.0,EUR
2024-08-20,INST005,80.3497,81.4874,78.7459,79.818,1784781.0,EUR
2024-08-21,INST005,80.4029,81.6082,78.8522,80.0133,3733457.0,EUR
2024-08-22,INST005,79.7048,80.1277,78.3046,78.9327,3927447.0,EUR
2024-08-23,INST005,80.1583,81.1695,78.6325,80.4637,1023566.0,EUR
2024-08-26,INST005,82.4084,82.8785,81.0746,82.0883,4898035.0,EUR
2024-08-27,INST005,81.4258,84.2423,80.9218,82.1627,671467.0,EUR
2024-08-28,INST005,81.306,83.7283,79.403,81.3884,3330800.0,EUR
2024-08-29,INST005,81.1759,80.7854,78.8017,80.5257,1848100.0,EUR
2024-08-30,INST005,80.899,81.9412,78.6974,80.115,1782719.0,EUR
2024-09-02,INST005,81.528,83.0732,81.8181,82.0345,582300.0,EUR
2024-09-03,INST005,83.9292,84.3666,82.2534,83.8073,4510099.0,EUR
2024-09-04,INST005,83.5153,84.457,82.0689,83.1395,2172490.0,EUR
2024-09-05,INST005,85.3185,86.7014,82.4784,84.6446,1013112.0,EUR
2024-09-06,INST005,85.8402,86.4106,84.9303,85.1563,1222170.0,EUR
2024-09-09,INST005,83.8521,85.2882,82.6196,84.4416,3860133.0,EUR
2024-09-10,INST005,85.2725,87.2561,82.9593,84.9925,1342219.0,EUR
2024-09-11,INST005,85.9169,88.1743,84.6529,86.7492,4976411.0,EUR
2024-09-12,INST005,88.3261,90.6908,86.0429,88.5483,175176.0,EUR
2024-09-13,INST005,89.1441,91.0906,88.7434,89.2206,1251048.0,EUR
2024-09-16,INST005,90.9056,92.3036,88.9873,90.3908,2115955.0,EUR
2024-09-17,INST005,90.9064,91.6131,88.2449,90.1268,4608942.0,EUR
2024-09-18,INST005,91.7472,94.2689,89.3457,91.9004,4987533.0,EUR
2024-09-19,INST005,92.995,93.062,92.3427,92.4875,2440946.0,EUR
2024-09-20,INST005,91.5049,91.8954,90.7826,91.8657,2757840.0,EUR
2024-09-23,INST005,91.9696,91.9853,89.4043,91.3965,3732866.0,EUR
2024-09-24,INST005,90.7834,92.1957,88.6415,90.0412,2549989.0,EUR
2024-09-25,INST005,88.1759,89.7136,87.1671,87.8831,2488044.0,EUR
2024-09-26,INST005,86.7616,86.3821,85.6948,86.1451,1427513.0,EUR
2024-09-27,INST005,86.1873,87.7633,86.0355,86.9004,4311481.0,EUR
2024-09-30,INST005,86.3889,86.7128,85.0449,86.1155,637306.0,EUR
2024-10-01,INST005,85.409,85.5122,85.1575,85.1586,1968619.0,EUR
2024-10-02,INST005,83.5919,84.2761,81.0249,83.078,1877710.0,EUR
2024-10-03,INST005,83.4207,84.1906,81.3459,82.6868,2857779.0,EUR
2024-10-04,INST005,81.9117,84.4389,80.8977,82.3561,3121761.0,EUR
2024-10-07,INST005,80.6685,82.6508,78.9869,80.6979,4582400.0,EUR
2024-10-08,INST005,81.6362,81.2533,79.3313,81.1583,1834174.0,EUR
2024-10-09,INST005,80.8447,80.5835,79.6533,80.4441,691807.0,EUR
2024-10-10,INST005,82.1936,84.5638,80.3772,82.3152,3193424.0,EUR
2024-10-11,INST005,82.5986,83.7751,82.8071,82.8089,2827924.0,EUR
2024-10-14,INST005,81.1951,83.0151,80.9801,81.5883,532834.0,EUR
2024-10-15,INST005,80.5147,80.3384,78.5757,79.7276,2180473.0,EUR
2024-10-16,INST005,80.5979,82.5591,80.0882,80.5261,1824899.0,EUR
2024-10-17,INST005,80.8032,81.1392,78.9535,80.8498,398888.0,EUR
2024-10-18,INST005,79.4976,80.9718,76.795,78.9469,2918565.0,EUR
2024-10-21,INST005,79.5145,82.2817,79.5178,79.9266,1292882.0,EUR
2024-10-22,INST005,79.6895,80.4914,79.2652,80.1907,3487228.0,EUR
2024-10-23,INST005,80.0761,81.3353,78.2505,79.9053,2670016.0,EUR
2024-10-24,INST005,79.7211,79.9398,78.1812,79.3485,1422334.0,EUR
2024-10-25,INST005,78.3613,78.5484,75.8732,78.0214,3255959.0,EUR
2024-10-28,INST005,78.896,80.3013,77.4927,78.2872,3026565.0,EUR
2024-10-29,INST005,77.165,76.8243,74.9325,76.5419,4899012.0,EUR
2024-10-30,INST005,76.3392,78.1241,76.4385,77.0139,3149322.0,EUR
2024-10-31,INST005,78.3257,80.1042,76.922,77.911,1958000.0,EUR
2024-11-01,INST005,78.8917,78.3106,76.7805,78.145,1023715.0,EUR
2024-11-04,INST005,78.5977,80.3574,78.1023,78.5674,1705607.0,EUR
2024-11-05,INST005,76.4319,77.0815,75.5317,77.0777,1105082.0,EUR
2024-11-06,INST005,76.3304,77.0765,75.1541,75.9991,4869611.0,EUR
2024-11-07,INST005,75.759,76.139,73.6341,75.1401,4468759.0,EUR
2024-11-08,INST005,75.9594,76.8471,74.8217,75.2157,2622042.0,EUR
2024-11-11,INST005,75.718,76.0799,74.1502,75.7897,1149139.0,EUR
2024-11-12,INST005,74.6002,75.1944,72.0856,73.9803,401904.0,EUR
2024-11-13,INST005,73.4306,74.7303,72.0463,74.0459,2142473.0,EUR
2024-11-14,INST005,75.3992,76.4669,73.6418,75.6502,3882857.0,EUR
2024-11-15,INST005,77.4431,77.1231,76.8891,77.0261,3735747.0,EUR
2024-11-18,INST005,77.1398,78.0346,76.523,77.3134,1686155.0,EUR
2024-11-19,INST005,76.1934,76.1843,75.7822,75.9604,4437458.0,EUR
2024-11-20,INST005,75.1186,75.8136,73.5056,74.9887,1485674.0,EUR
2024-11-21,INST005,77.4009,77.0877,76.579,76.803,3256519.0,EUR
2024-11-22,INST005,74.2399,77.2233,74.1537,74.9746,2594137.0,EUR
2024-11-25,INST005,75.8187,76.9673,74.5065,75.8931,1559393.0,EUR
2024-11-26,INST005,75.044,75.3286,73.3576,74.4952,4221645.0,EUR
2024-11-27,INST005,74.0531,76.5619,72.3397,74.3671,3246942.0,EUR
2024-11-28,INST005,74.6377,75.4483,73.8904,74.6721,4639961.0,EUR
2024-11-29,INST005,73.429,73.6283,71.9254,73.3772,802395.0,EUR
2024-12-02,INST005,75.0084,74.8622,74.8098,74.8172,1022740.0,EUR
2024-12-03,INST005,76.5797,76.2421,74.0049,75.9656,3636369.0,EUR
2024-12-04,INST005,74.6636,76.2096,74.6546,74.9965,3824451.0,EUR
2024-12-05,INST005,76.2777,77.836,75.4722,76.4559,1119950.0,EUR
2024-12-06,INST005,75.0045,76.2205,74.3632,75.1995,239630.0,EUR
2024-12-09,INST005,75.6637,77.794,75.3794,75.7012,114698.0,EUR
2024-12-10,INST005,76.668,78.2169,76.761,76.9033,467103.0,EUR
2024-12-11,INST005,78.0478,79.6973,77.4707,78.389,4483554.0,EUR
2024-12-12,INST005,78.6829,78.8669,77.1521,78.4863,1513234.0,EUR
2024-12-13,INST005,77.1206,78.826,75.8385,76.7535,1670200.0,EUR
2024-12-16,INST005,78.74,78.1904,76.7386,78.0715,3441338.0,EUR
2024-12-17,INST005,79.0596,81.2743,77.5978,79.649,3510262.0,EUR
2024-12-18,INST005,78.6353,79.9059,77.7001,78.5075,2182544.0,EUR
2024-12-19,INST005,78.8875,78.5452,76.4959,78.1408,4100229.0,EUR
2024-12-20,INST005,78.5298,80.8546,77.7351,78.9545,152549.0,EUR
2024-12-23,INST005,79.5595,80.0431,77.9942,78.8586,2727207.0,EUR
2024-12-24,INST005,77.2822,78.3452,75.3252,77.4973,116393.0,EUR
2024-12-25,INST005,76.4389,78.3445,75.9875,76.1342,2692970.0,EUR
2024-12-26,INST005,77.2684,79.1036,77.2036,78.0319,2876861.0,EUR
2024-12-27,INST005,79.6376,81.3465,78.072,79.7267,461633.0,EUR
2024-12-30,INST005,78.1343,80.1799,77.564,78.7507,3536738.0,EUR
2024-12-31,INST005,78.0956,78.9791,75.8495,77.6877,1565738.0,EUR
2022-01-03,INST006,78.3378,80.8798,78.6464,78.6871,3612594.0,EUR
2022-01-04,INST006,76.1198,77.192,74.9487,76.8283,3161774.0,EUR
2022-01-05,INST006,75.9123,78.2953,75.9265,76.0317,1878527.0,EUR
2022-01-06,INST006,76.7888,78.3541,74.4753,76.3704,3398226.0,EUR
2022-01-07,INST006,77.538,78.4671,76.4367,78.0678,1300192.0,EUR
2022-01-10,INST006,78.2476,79.7186,76.7328,78.0387,1707177.0,EUR
2022-01-11,INST006,79.542,80.576,79.21,79.5069,2714926.0,EUR
2022-01-12,INST006,79.031,80.1378,77.3634,79.468,3075150.0,EUR
2022-01-13,INST006,79.0182,79.4751,78.6162,78.7763,2778518.0,EUR
2022-01-14,INST006,77.7868,77.9669,77.1396,77.2209,858251.0,EUR
2022-01-17,INST006,78.1528,79.6348,75.8301,77.6381,698721.0,EUR
2022-01-18,INST006,77.5565,79.6806,75.7667,77.4027,3454460.0,EUR
2022-01-19,INST006,77.0727,78.9995,75.7681,77.4881,1096619.0,EUR
2022-01-20,INST006,78.93,79.6873,77.9587,79.0679,3364445.0,EUR
2022-01-21,INST006,81.1677,81.6031,78.2707,80.4218,4347827.0,EUR
2022-01-24,INST006,79.7317,79.816,78.0829,79.2039,3795907.0,EUR
2022-01-25,INST006,78.5618,79.2726,78.0667,79.1916,1054772.0,EUR
2022-01-26,INST006,79.4452,78.8948,78.551,78.7982,1827797.0,EUR
2022-01-27,INST006,77.6454,79.4483,77.6914,77.8082,1825693.0,EUR
2022-01-28,INST006,75.7412,77.4292,76.2732,76.3885,4396552.0,EUR
2022-01-31,INST006,75.9877,76.4324,74.6315,75.8998,4434986.0,EUR
2022-02-01,INST006,74.6527,75.485,74.4732,74.9861,123205.0,EUR
2022-02-02,INST006,73.4537,74.8337,72.9343,73.9009,270458.0,EUR
2022-02-03,INST006,74.3963,74.6888,73.0791,73.9163,4038478.0,EUR
2022-02-04,INST006,74.3929,75.9765,73.9959,74.8742,3890475.0,EUR
2022-02-07,INST006,75.3339,76.6484,74.8595,74.9487,2288309.0,EUR
2022-02-08,INST006,74.9325,75.604,73.0898,75.2312,2539880.0,EUR
2022-02-09,INST006,76.8604,77.7792,74.4907,76.5235,1745102.0,EUR
2022-02-10,INST006,77.7156,78.2406,75.568,77.6747,1892504.0,EUR
2022-02-11,INST006,79.9875,80.8875,78.4328,79.4339,4855606.0,EUR
2022-02-14,INST006,79.2631,81.2989,78.3671,79.012,717513.0,EUR
2022-02-15,INST006,80.0635,81.4724,77.4757,79.8369,3994368.0,EUR
2022-02-16,INST006,78.6663,80.8986,77.1319,78.9791,2200698.0,EUR
2022-02-17,INST006,78.1519,77.5813,75.2412,77.5502,4203575.0,EUR
2022-02-18,INST006,77.2623,77.3145,75.8931,77.2981,3887898.0,EUR
2022-02-21,INST006,75.4417,76.2948,74.009,75.6734,2094365.0,EUR
2022-02-22,INST006,77.1725,78.3262,76.5542,77.4254,2311575.0,EUR
2022-02-23,INST006,78.1222,80.012,76.1096,78.285,3044432.0,EUR
2022-02-24,INST006,77.4502,77.937,76.3113,76.9785,479038.0,EUR
2022-02-25,INST006,76.5406,76.9056,75.7533,76.7518,4721194.0,EUR
2022-02-28,INST006,77.4732,78.8316,76.5151,77.5873,778317.0,EUR
2022-03-01,INST006,78.8314,80.4427,77.9803,78.1892,2083237.0,EUR
2022-03-02,INST006,76.4018,78.9744,76.3945,76.7396,3625320.0,EUR
2022-03-03,INST006,74.3039,75.3419,74.0097,74.9655,2575837.0,EUR
2022-03-04,INST006,75.1803,77.5049,73.3479,75.3013,2534567.0,EUR
2022-03-07,INST006,75.8461,78.1332,75.4702,75.8632,933130.0,EUR
2022-03-08,INST006,74.9738,77.4334,74.2343,75.5541,1891172.0,EUR
2022-03-09,INST006,75.6621,76.8499,74.7423,76.3425,2345330.0,EUR
2022-03-10,INST006,76.256,77.1638,75.6869,75.7552,4910658.0,EUR
2022-03-11,INST006,77.0528,79.2867,76.2047,77.4641,4099206.0,EUR
2022-03-14,INST006,77.2483,78.5988,76.8513,77.7606,1981059.0,EUR
2022-03-15,INST006,79.7587,81.3965,76.7185,79.054,2214927.0,EUR
2022-03-16,INST006,79.9492,81.9428,79.5967,80.3869,4013117.0,EUR
2022-03-17,INST006,79.4587,81.5073,78.4362,79.7212,2539101.0,EUR
2022-03-18,INST006,80.0018,82.5472,78.1543,80.2201,509238.0,EUR
2022-03-21,INST006,79.5515,80.7248,79.1618,79.5229,1780998.0,EUR
2022-03-22,INST006,77.6693,79.3569,75.6695,77.5898,1702653.0,EUR
2022-03-23,INST006,78.7341,79.902,77.1391,78.9018,471976.0,EUR
2022-03-24,INST006,77.1515,77.2253,75.2433,77.192,3267415.0,EUR
2022-03-25,INST006,76.3699,76.6895,75.4201,76.379,3802424.0,EUR
2022-03-28,INST006,76.4558,77.1129,75.2842,76.0777,737667.0,EUR
2022-03-29,INST006,74.4815,75.9227,72.3459,74.561,2003281.0,EUR
2022-03-30,INST006,75.0898,77.8292,74.014,75.8461,4378899.0,EUR
2022-03-31,INST006,74.8929,75.0903,74.5188,74.9118,3537319.0,EUR
2022-04-01,INST006,75.7131,77.0864,74.1561,76.303,3150612.0,EUR
2022-04-04,INST006,75.3196,76.3693,73.2406,74.5757,1699280.0,EUR
2022-04-05,INST006,72.6497,75.0729,71.1992,73.1207,2835120.0,EUR
2022-04-06,INST006,73.1495,73.2447,72.4853,73.1945,4621977.0,EUR
2022-04-07,INST006,74.7915,75.4563,73.3958,74.5646,1245102.0,EUR
2022-04-08,INST006,73.6183,75.2048,71.9354,73.667,1814460.0,EUR
2022-04-11,INST006,73.7529,74.3171,71.7245,73.3634,2120246.0,EUR
2022-04-12,INST006,73.4776,74.4902,72.1637,74.1302,2523648.0,EUR
2022-04-13,INST006,73.1345,74.3679,72.8552,72.9291,3140661.0,EUR
2022-04-14,INST006,74.2407,74.6144,72.0006,73.5892,4196615.0,EUR
2022-04-15,INST006,72.8115,73.0482,71.4586,72.6983,921767.0,EUR
2022-04-18,INST006,73.4106,76.2781,72.5163,74.0947,4019713.0,EUR
2022-04-19,INST006,74.0954,75.4035,71.6571,73.4403,3690252.0,EUR
2022-04-20,INST006,72.8041,74.2295,71.7325,72.148,224216.0,EUR
2022-04-21,INST006,72.7363,75.5631,72.2061,73.4152,1980683.0,EUR
2022-04-22,INST006,75.0029,76.7904,73.0474,74.9415,4915108.0,EUR
2022-04-25,INST006,74.7811,76.0816,74.7015,74.999,3840337.0,EUR
2022-04-26,INST006,77.0424,76.8094,74.6698,76.7537,3984693.0,EUR
2022-04-27,INST006,76.5044,77.3904,75.7414,76.0662,1115703.0,EUR
2022-04-28,INST006,74.9987,74.8284,73.1114,74.3732,3024278.0,EUR
2022-04-29,INST006,73.6106,74.3251,71.4419,72.9533,4594532.0,EUR
2022-05-02,INST006,72.2927,73.3843,69.7828,71.7311,293723.0,EUR
2022-05-03,INST006,72.3626,74.7506,72.0462,72.7908,3206245.0,EUR
2022-05-04,INST006,72.0211,73.6144,72.4154,72.5595,2465291.0,EUR
2022-05-05,INST006,71.4222,72.3553,70.1043,72.0971,2917645.0,EUR
2022-05-06,INST006,70.9422,73.2466,70.3454,71.2719,4360373.0,EUR
2022-05-09,INST006,73.0852,74.3107,70.8423,72.9574,4761421.0,EUR
2022-05-10,INST006,71.4863,73.86,71.0818,71.9492,2875765.0,EUR
2022-05-11,INST006,72.5939,74.7554,72.3982,73.0902,3032742.0,EUR
2022-05-12,INST006,71.0254,72.2615,70.0172,71.3059,2829904.0,EUR
2022-05-13,INST006,71.823,72.9869,70.9433,71.7296,157857.0,EUR
2022-05-16,INST006,73.8484,74.0804,72.3241,73.2814,1831470.0,EUR
2022-05-17,INST006,74.1959,74.1945,72.3881,73.545,1666209.0,EUR
2022-05-18,INST006,73.5446,75.1747,71.5442,73.213,2367172.0,EUR
2022-05-19,INST006,71.0692,73.2148,70.1706,71.7514,4264115.0,EUR
2022-05-20,INST006,71.8965,73.0825,70.5254,71.9893,4725003.0,EUR
2022-05-23,INST006,72.0096,71.8564,70.6754,71.8498,1250782.0,EUR
2022-05-24,INST006,71.7047,72.1951,70.0836,72.0207,3861430.0,EUR
2022-05-25,INST006,70.5362,71.3199,68.7773,70.6494,1279874.0,EUR
2022-05-26,INST006,69.561,69.5889,68.4496,69.1912,4248692.0,EUR
2022-05-27,INST006,70.1836,70.0411,69.3524,69.5045,180994.0,EUR
2022-05-30,INST006,69.6393,69.8813,67.6645,69.1119,265844.0,EUR
2022-05-31,INST006,70.3683,71.5189,68.7956,70.2218,3395310.0,EUR
2022-06-01,INST006,69.8616,70.0646,68.2221,69.2362,242187.0,EUR
2022-06-02,INST006,68.3074,70.01,66.8995,68.0942,762465.0,EUR
2022-06-03,INST006,66.34,67.7229,64.9801,66.4295,736821.0,EUR
2022-06-06,INST006,66.488,66.8903,64.9196,66.3699,1973260.0,EUR
2022-06-07,INST006,66.2248,66.6344,65.6691,65.969,1876653.0,EUR
2022-06-08,INST006,64.3707,66.4617,64.0051,64.6578,2827748.0,EUR
2022-06-09,INST006,64.2262,65.4562,63.0516,63.6104,1493148.0,EUR
2022-06-10,INST006,64.074,64.3748,63.5176,64.2424,3461678.0,EUR
2022-06-13,INST006,63.6706,65.2046,63.3964,63.6654,4335404.0,EUR
2022-06-14,INST006,62.7832,64.01,61.5255,62.3123,2809177.0,EUR
2022-06-15,INST006,62.8766,63.2575,61.269,63.0223,3647227.0,EUR
2022-06-16,INST006,61.8236,62.1232,61.2179,61.7876,1101237.0,EUR
2022-06-17,INST006,61.4467,63.112,60.6654,61.5639,4037527.0,EUR
2022-06-20,INST006,59.7543,61.506,59.69,60.2495,1253958.0,EUR
2022-06-21,INST006,59.1747,60.3557,58.6634,58.9325,359448.0,EUR
2022-06-22,INST006,58.6467,59.509,58.0308,58.7815,2660815.0,EUR
2022-06-23,INST006,57.8687,58.1204,56.562,57.3517,1377327.0,EUR
2022-06-24,INST006,57.1465,58.24,56.9141,56.9827,1973531.0,EUR
2022-06-27,INST006,57.4474,57.9678,56.196,57.3868,2260435.0,EUR
2022-06-28,INST006,56.0503,56.2419,55.6496,56.0953,2875664.0,EUR
2022-06-29,INST006,55.9108,56.0012,54.631,55.85,4122623.0,EUR
2022-06-30,INST006,55.9096,56.5407,54.9744,55.7182,568172.0,EUR
2022-07-01,INST006,55.3434,55.9385,54.2687,54.8244,961476.0,EUR
2022-07-04,INST006,54.0457,55.3384,54.2785,54.5713,3917538.0,EUR
2022-07-05,INST006,55.3091,57.3475,54.3428,55.7447,824164.0,EUR
2022-07-06,INST006,55.3393,55.5341,54.022,55.5332,3794930.0,EUR
2022-07-07,INST006,55.1123,56.454,54.8477,55.0585,3193101.0,EUR
2022-07-08,INST006,54.9804,55.0207,54.8465,54.8758,3468108.0,EUR
2022-07-11,INST006,55.418,56.9497,54.1038,55.4936,390463.0,EUR
2022-07-12,INST006,56.9265,57.8392,56.1179,56.5126,3819875.0,EUR
2022-07-13,INST006,57.692,58.1525,55.9251,57.3636,3106610.0,EUR
2022-07-14,INST006,57.3689,58.4724,57.062,57.5773,4744125.0,EUR
2022-07-15,INST006,59.024,59.8882,58.2399,58.9349,2160142.0,EUR
2022-07-18,INST006,60.3229,60.1742,58.3362,59.8784,1142625.0,EUR
2022-07-19,INST006,60.7509,61.4979,60.3952,61.0962,693307.0,EUR
2022-07-20,INST006,62.4562,63.8833,62.1738,62.4595,4259050.0,EUR
2022-07-21,INST006,61.8355,61.9562,59.6379,61.3142,3504226.0,EUR
2022-07-22,INST006,60.3935,60.9493,59.0464,60.1084,634813.0,EUR
2022-07-25,INST006,61.0619,62.1493,59.5783,61.0144,3645705.0,EUR
2022-07-26,INST006,59.3264,60.5671,59.6086,59.6644,4914323.0,EUR
2022-07-27,INST006,60.5923,60.9731,59.3664,60.7253,724325.0,EUR
2022-07-28,INST006,61.2415,61.2524,59.6274,60.84,3686921.0,EUR
2022-07-29,INST006,62.6375,62.7368,61.5914,62.0192,2291352.0,EUR
2022-08-01,INST006,62.4239,63.1103,61.442,62.8719,3234890.0,EUR
2022-08-02,INST006,62.3038,62.4032,61.0509,62.111,540876.0,EUR
2022-08-03,INST006,62.2058,64.1661,62.0723,62.4766,1854657.0,EUR
2022-08-04,INST006,64.1985,65.5613,62.8157,63.9402,517507.0,EUR
2022-08-05,INST006,64.0937,65.1043,62.3292,64.0385,4389831.0,EUR
2022-08-08,INST006,64.3057,65.4463,63.2594,64.0184,333472.0,EUR
2022-08-09,INST006,63.5978,64.5499,63.3106,64.1473,4251543.0,EUR
2022-08-10,INST006,64.8468,65.1626,63.2849,65.1215,4937205.0,EUR
2022-08-11,INST006,64.8313,65.5731,64.0707,64.3879,2224106.0,EUR
2022-08-12,INST006,63.5235,64.0233,62.902,63.796,3512782.0,EUR
2022-08-15,INST006,65.7461,65.1175,64.5948,65.1098,2564665.0,EUR
2022-08-16,INST006,66.199,65.9989,63.6177,65.5576,2808659.0,EUR
2022-08-17,INST006,67.2117,68.0475,65.0737,67.0474,1793310.0,EUR
2022-08-18,INST006,67.3735,67.9681,65.8783,66.8515,1211942.0,EUR
2022-08-19,INST006,68.4904,69.4116,66.4235,68.169,3489979.0,EUR
2022-08-22,INST006,68.7509,70.9607,67.631,69.2542,3651162.0,EUR
2022-08-23,INST006,69.9887,70.2345,68.7849,69.5905,3194972.0,EUR
2022-08-24,INST006,67.9531,68.9727,66.7445,68.5855,2429487.0,EUR
2022-08-25,INST006,68.6375,70.214,67.3129,69.2878,921402.0,EUR
2022-08-26,INST006,69.0607,70.4388,68.6028,69.5122,4146123.0,EUR
2022-08-29,INST006,70.4642,71.5528,68.4567,69.7844,3360936.0,EUR
2022-08-30,INST006,71.135,72.6565,68.8367,70.5781,3302575.0,EUR
2022-08-31,INST006,71.1802,71.4385,69.5595,70.6684,4786528.0,EUR
2022-09-01,INST006,71.5634,72.1217,71.1922,71.7303,125916.0,EUR
2022-09-02,INST006,73.8416,73.6949,71.8632,73.2057,2433992.0,EUR
2022-09-05,INST006,71.6251,71.979,70.2562,71.6302,933438.0,EUR
2022-09-06,INST006,73.3258,74.5923,72.2213,73.0869,2913864.0,EUR
2022-09-07,INST006,73.0415,75.399,73.5452,73.7144,3401098.0,EUR
2022-09-08,INST006,72.6313,74.7512,72.6241,72.9379,2279516.0,EUR
2022-09-09,INST006,73.1454,75.3972,71.4939,73.6171,1407648.0,EUR
2022-09-12,INST006,75.4435,76.3481,75.0327,75.0466,4384226.0,EUR
2022-09-13,INST006,75.5629,77.7062,73.7623,75.4662,2718450.0,EUR
2022-09-14,INST006,74.6959,75.5684,73.6704,74.4883,3224173.0,EUR
2022-09-15,INST006,75.12,76.5032,74.7955,75.1149,226166.0,EUR
2022-09-16,INST006,73.6736,75.3226,73.1337,73.6374,1378739.0,EUR
2022-09-19,INST006,75.3847,75.8856,74.5121,74.7318,2098155.0,EUR
2022-09-20,INST006,74.1923,75.4195,73.894,74.7056,4077481.0,EUR
2022-09-21,INST006,74.7032,76.0537,73.1041,74.3841,4758895.0,EUR
2022-09-22,INST006,75.2971,76.0379,74.3665,74.6487,1262208.0,EUR
2022-09-23,INST006,74.3271,75.3022,72.3337,74.3443,2926936.0,EUR
2022-09-26,INST006,74.705,76.3093,73.8049,74.1385,709348.0,EUR
2022-09-27,INST006,72.287,73.4443,71.2909,72.7819,3974108.0,EUR
2022-09-28,INST006,74.0309,74.8147,72.062,73.3539,4474834.0,EUR
2022-09-29,INST006,74.4971,75.0859,73.1686,74.4533,3138612.0,EUR
2022-09-30,INST006,73.3148,75.3779,72.946,73.5066,909111.0,EUR
2022-10-03,INST006,74.9386,76.6833,73.042,74.8882,1398271.0,EUR
2022-10-04,INST006,75.3513,77.0695,74.9804,75.1507,2027036.0,EUR
2022-10-05,INST006,76.971,78.5087,76.3986,76.4771,985399.0,EUR
2022-10-06,INST006,76.8356,78.39,74.8579,77.0408,2197108.0,EUR
2022-10-07,INST006,76.5639,76.8038,75.1043,76.1517,2610993.0,EUR
2022-10-10,INST006,77.279,77.6765,76.793,76.9003,1169370.0,EUR
2022-10-11,INST006,77.9276,79.0628,76.325,78.5514,182693.0,EUR
2022-10-12,INST006,77.4612,78.0313,75.7352,77.6358,431367.0,EUR
2022-10-13,INST006,78.3032,79.2709,76.8315,78.0148,370376.0,EUR
2022-10-14,INST006,80.4118,81.9682,79.5302,79.6618,2606308.0,EUR
2022-10-17,INST006,82.1801,83.0599,81.241,81.566,2511375.0,EUR
2022-10-18,INST006,82.7636,83.8463,79.9197,82.0365,2234389.0,EUR
2022-10-19,INST006,82.7651,85.141,82.0427,83.4637,1488093.0,EUR
2022-10-20,INST006,83.4268,85.4168,82.4564,82.9551,1685753.0,EUR
2022-10-21,INST006,82.9565,85.1026,81.4284,83.6516,1909340.0,EUR
2022-10-24,INST006,82.6825,84.1122,81.8256,82.042,4340909.0,EUR
2022-10-25,INST006,83.2322,83.4419,82.5807,82.9086,2334767.0,EUR
2022-10-26,INST006,85.0115,85.3241,82.0407,84.2605,182645.0,EUR
2022-10-27,INST006,81.8957,82.8035,80.561,82.5037,1604923.0,EUR
2022-10-28,INST006,82.4283,84.5705,80.2118,82.6591,1587128.0,EUR
2022-10-31,INST006,83.8728,85.4512,82.0388,83.4415,899578.0,EUR
2022-11-01,INST006,83.736,83.769,81.1459,83.3526,1741703.0,EUR
2022-11-02,INST006,82.4846,84.2287,80.8728,82.1858,1625339.0,EUR
2022-11-03,INST006,82.7751,82.2161,81.3346,81.9659,4354884.0,EUR
2022-11-04,INST006,82.0087,83.7033,81.2809,82.5801,1807405.0,EUR
2022-11-07,INST006,80.4775,82.8187,79.7555,81.1623,4602002.0,EUR
2022-11-08,INST006,80.374,81.7176,78.023,80.0059,3163373.0,EUR
2022-11-09,INST006,78.7355,80.9919,77.1714,78.8738,966386.0,EUR
2022-11-10,INST006,80.5674,82.5315,79.5431,80.2498,4691004.0,EUR
2022-11-11,INST006,79.5822,81.553,78.8324,80.1235,1256588.0,EUR
2022-11-14,INST006,78.6607,78.6395,78.0839,78.2204,3274039.0,EUR
2022-11-15,INST006,77.1883,79.7202,75.6365,77.5377,2937226.0,EUR
2022-11-16,INST006,80.1089,80.8479,78.8649,79.344,4469321.0,EUR
2022-11-17,INST006,81.228,82.9204,79.6289,80.8707,4442217.0,EUR
2022-11-18,INST006,82.1158,84.4585,80.7368,82.0262,1347509.0,EUR
2022-11-21,INST006,80.4077,81.3048,79.449,80.6293,1822047.0,EUR
2022-11-22,INST006,78.9924,78.9122,77.5938,78.6818,1922781.0,EUR
2022-11-23,INST006,78.6826,80.2745,78.3824,78.4397,1512086.0,EUR
2022-11-24,INST006,77.6562,78.1761,75.8148,77.4617,720722.0,EUR
2022-11-25,INST006,76.575,77.3496,75.8732,76.9431,824366.0,EUR
2022-11-28,INST006,77.0272,77.7349,75.3773,76.8558,4009369.0,EUR
2022-11-29,INST006,77.574,79.3204,76.0564,77.0286,736913.0,EUR
2022-11-30,INST006,76.9622,79.5632,76.3565,77.6687,588278.0,EUR
2022-12-01,INST006,79.5079,80.4508,78.7995,78.9167,455647.0,EUR
2022-12-02,INST006,76.9944,79.166,76.8059,77.1507,4544032.0,EUR
2022-12-05,INST006,76.2938,77.8716,74.767,76.3647,3530649.0,EUR
2022-12-06,INST006,75.4853,76.5138,73.043,74.9573,2484720.0,EUR
2022-12-07,INST006,74.3145,75.6554,72.6831,73.7728,932695.0,EUR
2022-12-08,INST006,73.361,74.6619,73.1449,73.8142,191213.0,EUR
2022-12-09,INST006,74.9569,76.651,73.4481,74.906,828182.0,EUR
2022-12-12,INST006,75.2587,76.5757,75.2417,75.6705,3261117.0,EUR
2022-12-13,INST006,73.9832,76.1657,74.1602,74.5782,2097868.0,EUR
2022-12-14,INST006,74.133,75.8164,73.3201,74.6174,4411539.0,EUR
2022-12-15,INST006,73.5304,73.0976,71.4529,73.0302,899612.0,EUR
2022-12-16,INST006,70.7526,72.8692,69.5379,71.332,3076439.0,EUR
2022-12-19,INST006,69.8657,70.3458,69.7085,69.8244,2413614.0,EUR
2022-12-20,INST006,69.034,69.2447,67.4383,68.9477,3481748.0,EUR
2022-12-21,INST006,68.3261,69.595,67.8104,68.0087,1037367.0,EUR
2022-12-22,INST006,68.4035,68.27,65.9448,67.8921,106939.0,EUR
2022-12-23,INST006,68.0717,69.4354,67.7387,68.5382,2307981.0,EUR
2022-12-26,INST006,67.1856,68.7008,66.6171,67.6645,519925.0,EUR
2022-12-27,INST006,66.6716,68.26,66.3039,66.6401,4352711.0,EUR
2022-12-28,INST006,66.0038,67.6004,63.7642,65.7299,4841071.0,EUR
2022-12-29,INST006,66.3942,66.8958,65.6783,65.9091,2151804.0,EUR
2022-12-30,INST006,65.2617,65.9824,64.827,65.0,1119098.0,EUR
2023-01-02,INST006,64.9399,66.4723,63.5946,65.4132,1196749.0,EUR
2023-01-03,INST006,64.3883,64.6104,63.063,64.2923,2212092.0,EUR
2023-01-04,INST006,65.6371,66.7401,64.83,65.2469,2770301.0,EUR
2023-01-05,INST006,63.9892,64.3339,63.6079,63.8619,2974327.0,EUR
2023-01-06,INST006,62.7419,62.3297,60.513,62.293,1921782.0,EUR
2023-01-09,INST006,60.4969,62.3992,59.9698,60.7669,2095104.0,EUR
2023-01-10,INST006,59.9914,61.4165,58.8532,59.8872,1617498.0,EUR
2023-01-11,INST006,60.4254,61.3694,60.2841,60.2913,3281744.0,EUR
2023-01-12,INST006,59.1388,59.3649,58.3536,58.949,1154722.0,EUR
2023-01-13,INST006,59.0817,59.1445,57.5694,58.7082,2629356.0,EUR
2023-01-16,INST006,58.824,60.7448,57.9542,59.002,2694957.0,EUR
2023-01-17,INST006,58.9014,59.3386,57.9495,58.3391,1528388.0,EUR
2023-01-18,INST006,58.9079,59.0611,57.7138,58.4219,1469306.0,EUR
2023-01-19,INST006,60.0989,59.8688,59.3468,59.6065,2386849.0,EUR
2023-01-20,INST006,59.545,61.2036,59.4959,59.9032,812750.0,EUR
2023-01-23,INST006,60.4497,60.3758,58.324,60.0723,721557.0,EUR
2023-01-24,INST006,60.8557,62.1057,59.535,60.5486,4690566.0,EUR
2023-01-25,INST006,60.9855,62.8801,61.0428,61.5099,4912739.0,EUR
2023-01-26,INST006,60.0968,61.8321,58.9794,60.313,2105529.0,EUR
2023-01-27,INST006,60.7498,61.7288,60.7046,61.0179,3194751.0,EUR
2023-01-30,INST006,61.6668,62.5471,61.5782,62.1827,2580339.0,EUR
2023-01-31,INST006,62.1897,63.3358,60.882,62.6164,4936481.0,EUR
2023-02-01,INST006,62.6186,63.7695,60.8933,62.6281,1337878.0,EUR
2023-02-02,INST006,64.1204,64.9061,63.2867,64.1294,3543249.0,EUR
2023-02-03,INST006,63.927,64.3464,62.8578,63.509,2046547.0,EUR
2023-02-06,INST006,65.1857,65.9996,64.4804,65.0516,3145413.0,EUR
2023-02-07,INST006,66.0685,66.6585,65.1897,65.4999,2049515.0,EUR
2023-02-08,INST006,65.6313,67.1805,64.7414,66.206,4241222.0,EUR
2023-02-09,INST006,66.6346,67.5772,64.5848,66.3494,3974751.0,EUR
2023-02-10,INST006,66.1086,68.0229,66.1169,66.1486,2428950.0,EUR
2023-02-13,INST006,66.2872,66.9251,64.4879,65.8662,4510751.0,EUR
2023-02-14,INST006,64.8519,66.1242,64.2957,64.8706,4434238.0,EUR
2023-02-15,INST006,64.6116,65.8522,64.064,64.8277,4812810.0,EUR
2023-02-16,INST006,65.8836,66.5039,64.2682,65.2763,4624052.0,EUR
2023-02-17,INST006,66.6046,67.4365,64.9389,66.5341,2494144.0,EUR
2023-02-20,INST006,65.9139,66.4629,64.0377,65.588,657293.0,EUR
2023-02-21,INST006,66.192,67.2473,64.5003,66.4876,3254353.0,EUR
2023-02-22,INST006,66.4378,67.8115,65.5231,66.1176,4377968.0,EUR
2023-02-23,INST006,66.57,66.5919,64.576,66.4764,4970853.0,EUR
2023-02-24,INST006,65.5519,66.3539,64.1455,65.2219,4840965.0,EUR
2023-02-27,INST006,64.7489,65.1032,63.8754,64.2982,2492935.0,EUR
2023-02-28,INST006,63.9529,64.9399,62.0312,63.3986,3273552.0,EUR
2023-03-01,INST006,63.6709,64.444,63.4516,63.7086,1308698.0,EUR
2023-03-02,INST006,65.197,66.0427,63.3831,64.5994,2959603.0,EUR
2023-03-03,INST006,63.2399,63.8767,63.5927,63.6413,3805214.0,EUR
2023-03-06,INST006,62.1849,63.6717,60.9145,62.2845,3984118.0,EUR
2023-03-07,INST006,61.5567,61.8262,60.853,61.7538,3050675.0,EUR
2023-03-08,INST006,63.4969,63.7121,62.8301,62.9077,2869647.0,EUR
2023-03-09,INST006,62.7023,63.4846,61.5148,63.2204,565548.0,EUR
2023-03-10,INST006,64.8446,65.2478,63.9409,64.2561,3389796.0,EUR
2023-03-13,INST006,65.7285,67.3481,65.0696,65.4489,2548620.0,EUR
2023-03-14,INST006,65.4245,66.0192,64.5978,65.7823,2544383.0,EUR
2023-03-15,INST006,66.6172,66.6612,64.1983,66.1333,2855091.0,EUR
2023-03-16,INST006,67.0435,67.7653,65.9111,66.746,1423203.0,EUR
2023-03-17,INST006,67.9194,69.3175,66.6411,68.214,2825923.0,EUR
2023-03-20,INST006,69.0398,69.2737,67.5527,68.9176,880461.0,EUR
2023-03-21,INST006,70.2717,70.1624,68.6576,69.9606,1932165.0,EUR
2023-03-22,INST006,69.6282,69.9137,68.4044,69.053,330515.0,EUR
2023-03-23,INST006,69.7523,69.766,68.1006,69.6003,1274053.0,EUR
2023-03-24,INST006,69.6365,70.7059,69.5833,70.1169,1385692.0,EUR
2023-03-27,INST006,70.6047,72.7079,70.1055,70.7835,853012.0,EUR
2023-03-28,INST006,69.3361,71.2822,69.0323,69.6892,1658114.0,EUR
2023-03-29,INST006,69.0536,70.4002,68.2868,69.2292,2688601.0,EUR
2023-03-30,INST006,70.1622,70.7547,69.8349,70.1815,2694414.0,EUR
2023-03-31,INST006,68.0255,69.0278,67.6636,68.6,3178830.0,EUR
2023-04-03,INST006,70.3181,71.0953,69.1065,70.1303,1568255.0,EUR
2023-04-04,INST006,71.2914,72.9805,71.0688,71.2301,4739833.0,EUR
2023-04-05,INST006,70.3225,71.6443,69.0234,70.4349,1776845.0,EUR
2023-04-06,INST006,70.1492,72.0018,68.5761,70.4084,2458243.0,EUR
2023-04-07,INST006,71.5306,72.4489,69.5256,71.1816,4738651.0,EUR
2023-04-10,INST006,70.6197,72.7199,69.4435,70.6331,3748751.0,EUR
2023-04-11,INST006,69.5572,71.4791,68.6406,69.9319,259379.0,EUR
2023-04-12,INST006,70.993,73.0587,70.8993,71.5415,4037686.0,EUR
2023-04-13,INST006,70.4652,71.9823,70.8729,70.8837,3941400.0,EUR
2023-04-14,INST006,68.9947,70.8821,68.356,69.3809,1562641.0,EUR
2023-04-17,INST006,68.1112,69.7957,67.1533,68.5687,614642.0,EUR
2023-04-18,INST006,69.7465,70.6505,69.2694,70.2496,1515573.0,EUR
2023-04-19,INST006,68.5629,70.5939,68.2773,68.6393,2668684.0,EUR
2023-04-20,INST006,70.0163,70.7628,69.3373,69.7136,4064062.0,EUR
2023-04-21,INST006,68.5052,69.2442,67.7177,68.467,975415.0,EUR
2023-04-24,INST006,68.6409,68.803,66.8104,68.5688,832492.0,EUR
2023-04-25,INST006,70.3134,70.1585,69.9645,70.0332,1448700.0,EUR
2023-04-26,INST006,69.9333,69.686,68.0854,69.4735,2754068.0,EUR
2023-04-27,INST006,69.4987,70.6084,69.0564,69.7627,4080211.0,EUR
2023-04-28,INST006,68.5729,69.5596,68.2867,68.8822,3104523.0,EUR
2023-05-01,INST006,70.4343,71.7824,68.2508,70.1966,4340031.0,EUR
2023-05-02,INST006,72.3915,73.3453,71.481,71.6969,434637.0,EUR
2023-05-03,INST006,72.3659,72.4014,70.2194,71.7455,4889469.0,EUR
2023-05-04,INST006,72.9151,75.4462,72.52,73.4736,3942643.0,EUR
2023-05-05,INST006,74.2751,75.1735,73.8553,74.3214,4835920.0,EUR
2023-05-08,INST006,72.0522,72.8662,70.5566,72.5615,3397502.0,EUR
2023-05-09,INST006,71.4651,71.718,69.6006,71.6557,4612657.0,EUR
2023-05-10,INST006,72.052,72.3088,71.0232,72.1668,1949438.0,EUR
2023-05-11,INST006,73.7179,74.3285,72.2085,73.6952,3798870.0,EUR
2023-05-12,INST006,75.8165,76.3599,74.036,75.1025,1746492.0,EUR
2023-05-15,INST006,75.548,76.4892,73.3393,75.1519,4433262.0,EUR
2023-05-16,INST006,74.4167,75.5098,72.0801,74.283,1825371.0,EUR
2023-05-17,INST006,73.1428,73.1576,71.8671,72.5266,2107776.0,EUR
2023-05-18,INST006,71.4379,73.2151,71.4731,71.8612,3428315.0,EUR
2023-05-19,INST006,72.5295,74.3324,71.6105,73.1062,3176105.0,EUR
2023-05-22,INST006,72.2842,73.9562,70.9344,72.8143,187501.0,EUR
2023-05-23,INST006,70.3693,71.9711,69.7475,71.0393,4647380.0,EUR
2023-05-24,INST006,71.6687,73.0786,71.4511,71.8783,323664.0,EUR
2023-05-25,INST006,70.7135,72.0366,70.9733,71.2206,3917648.0,EUR
2023-05-26,INST006,71.5134,72.4044,71.9814,72.0541,149270.0,EUR
2023-05-29,INST006,69.826,72.4693,68.9006,70.5123,1648116.0,EUR
2023-05-30,INST006,72.05,73.7604,70.4409,71.9352,3630657.0,EUR
2023-05-31,INST006,70.7102,70.607,69.9466,70.333,1500784.0,EUR
2023-06-01,INST006,69.2757,71.1471,68.2484,69.9078,2611436.0,EUR
2023-06-02,INST006,70.8555,72.1279,69.6168,70.9924,747408.0,EUR
2023-06-05,INST006,72.6452,73.9153,72.3153,72.56,4196146.0,EUR
2023-06-06,INST006,72.0329,72.2577,70.286,71.7314,1414989.0,EUR
2023-06-07,INST006,72.8707,74.1068,71.6052,72.8041,3142155.0,EUR
2023-06-08,INST006,72.4892,72.7827,72.2797,72.729,4743422.0,EUR
2023-06-09,INST006,73.5274,73.1708,71.0788,72.9143,1111638.0,EUR
2023-06-12,INST006,74.6109,75.0413,73.0158,74.332,3267711.0,EUR
2023-06-13,INST006,74.6253,76.7773,74.189,74.6102,1936020.0,EUR
2023-06-14,INST006,72.6557,75.042,72.6889,73.3823,1131486.0,EUR
2023-06-15,INST006,72.9365,73.8609,71.8918,72.9596,3523119.0,EUR
2023-06-16,INST006,74.2935,74.249,72.9527,74.1168,3984089.0,EUR
2023-06-19,INST006,73.1226,74.9948,73.175,73.2907,180997.0,EUR
2023-06-20,INST006,72.145,74.3295,70.8134,72.3688,1082056.0,EUR
2023-06-21,INST006,74.3929,75.8947,73.457,73.9211,3657052.0,EUR
2023-06-22,INST006,73.5557,74.2567,72.4957,73.8424,490993.0,EUR
2023-06-23,INST006,72.9342,74.1273,71.0587,72.9275,833569.0,EUR
2023-06-26,INST006,72.1697,72.5601,72.046,72.5242,4306921.0,EUR
2023-06-27,INST006,71.5704,73.2719,70.3354,72.2022,1299661.0,EUR
2023-06-28,INST006,70.7534,72.2715,70.0817,71.238,3539933.0,EUR
2023-06-29,INST006,69.8112,70.8356,68.468,70.3124,2437920.0,EUR
2023-06-30,INST006,69.7488,71.7614,68.1438,69.7024,3895300.0,EUR
2023-07-03,INST006,69.4844,69.9791,67.3265,69.2528,3085695.0,EUR
2023-07-04,INST006,69.6855,71.6714,69.0609,70.1898,3009165.0,EUR
2023-07-05,INST006,68.2546,68.9633,68.4422,68.7682,393201.0,EUR
2023-07-06,INST006,69.7897,70.4431,69.1102,69.1558,4695419.0,EUR
2023-07-07,INST006,69.6345,70.7183,67.863,69.4527,2212094.0,EUR
2023-07-10,INST006,68.2343,69.2145,66.9677,67.7598,1011917.0,EUR
2023-07-11,INST006,68.8634,70.5229,68.2001,68.5795,2954156.0,EUR
2023-07-12,INST006,67.146,69.7012,65.7799,67.7701,3108244.0,EUR
2023-07-13,INST006,67.5301,68.1582,65.4822,67.0139,1086311.0,EUR
2023-07-14,INST006,66.2385,66.6513,64.9174,66.3253,4208535.0,EUR
2023-07-17,INST006,65.2505,65.8135,65.6029,65.7506,2615729.0,EUR
2023-07-18,INST006,66.3615,67.0348,65.7145,66.821,3801689.0,EUR
2023-07-19,INST006,64.9364,66.6667,64.3465,65.5182,1952270.0,EUR
2023-07-20,INST006,66.6161,68.135,65.1316,66.3932,1504202.0,EUR
2023-07-21,INST006,68.2644,68.1114,67.5891,67.7306,2165318.0,EUR
2023-07-24,INST006,68.2756,69.6335,66.5175,68.0709,4259453.0,EUR
2023-07-25,INST006,69.3823,70.7271,69.2807,69.2819,2338122.0,EUR
2023-07-26,INST006,70.5365,71.8936,68.8651,70.3684,2277117.0,EUR
2023-07-27,INST006,70.0186,70.7526,69.0295,69.9476,4576152.0,EUR
2023-07-28,INST006,68.8239,69.9498,67.7714,69.1868,678627.0,EUR
2023-07-31,INST006,69.4561,71.1176,70.0827,70.1079,1740267.0,EUR
2023-08-01,INST006,71.0156,72.331,68.8519,70.7754,3075773.0,EUR
2023-08-02,INST006,72.5367,73.4742,70.1259,72.1519,3494949.0,EUR
2023-08-03,INST006,70.2719,72.4889,69.9077,70.7054,4704799.0,EUR
2023-08-04,INST006,72.2766,72.6276,71.7817,72.2775,3184176.0,EUR
2023-08-07,INST006,73.0913,74.2973,71.7096,72.9734,4489693.0,EUR
2023-08-08,INST006,73.8089,75.8376,72.8773,74.3129,2448519.0,EUR
2023-08-09,INST006,76.5618,76.9202,73.9822,76.0149,1797662.0,EUR
2023-08-10,INST006,75.2912,76.8539,74.1119,75.6422,4978012.0,EUR
2023-08-11,INST006,74.5122,75.4459,72.3163,73.8422,1559387.0,EUR
2023-08-14,INST006,73.5453,75.8148,72.2421,73.9732,356883.0,EUR
2023-08-15,INST006,74.4996,74.9583,72.5618,74.348,4139690.0,EUR
2023-08-16,INST006,72.8923,73.6384,72.2479,72.6809,1749241.0,EUR
2023-08-17,INST006,71.9598,74.7185,71.9609,72.5677,4647523.0,EUR
2023-08-18,INST006,72.2424,74.539,70.8508,72.8756,2993829.0,EUR
2023-08-21,INST006,72.0489,71.9159,71.053,71.7643,3491658.0,EUR
2023-08-22,INST006,71.7617,71.6193,70.202,71.1155,4495960.0,EUR
2023-08-23,INST006,69.799,70.5394,68.3698,70.4158,3806059.0,EUR
2023-08-24,INST006,68.9013,69.0522,68.1265,68.834,765221.0,EUR
2023-08-25,INST006,67.7352,68.2605,67.2457,67.3011,199058.0,EUR
2023-08-28,INST006,67.5829,67.5765,65.5691,66.9798,1662973.0,EUR
2023-08-29,INST006,65.765,66.1226,64.7982,65.9606,4347072.0,EUR
2023-08-30,INST006,65.1397,67.254,64.0835,65.3558,2058212.0,EUR
2023-08-31,INST006,66.2825,67.1782,66.2615,66.3937,2292594.0,EUR
2023-09-01,INST006,65.6619,67.3323,64.4172,65.8821,1384973.0,EUR
2023-09-04,INST006,66.341,66.1834,64.4066,66.0576,2995802.0,EUR
2023-09-05,INST006,65.1653,65.1735,62.8422,64.56,1542675.0,EUR
2023-09-06,INST006,66.2867,66.9669,64.3288,66.0487,2822484.0,EUR
2023-09-07,INST006,64.7598,65.893,64.2276,64.5786,4232356.0,EUR
2023-09-08,INST006,66.182,66.7286,65.6362,65.7794,4222880.0,EUR
2023-09-11,INST006,64.3858,65.1229,64.2661,64.9473,4139407.0,EUR
2023-09-12,INST006,64.0342,65.3555,63.6248,64.6049,180029.0,EUR
2023-09-13,INST006,63.8794,65.3637,63.0813,63.6258,2650132.0,EUR
2023-09-14,INST006,62.3809,63.4066,62.3031,62.9175,3670933.0,EUR
2023-09-15,INST006,62.9525,63.8025,62.2847,63.4805,972961.0,EUR
2023-09-18,INST006,62.0268,63.2491,60.2287,62.0699,211615.0,EUR
2023-09-19,INST006,63.5244,65.2749,62.4833,63.5363,3017771.0,EUR
2023-09-20,INST006,61.861,62.6377,61.8156,62.2895,4356817.0,EUR
2023-09-21,INST006,63.5579,63.967,62.5508,63.3165,2935408.0,EUR
2023-09-22,INST006,63.294,65.0179,63.8676,63.9137,1956010.0,EUR
2023-09-25,INST006,62.6487,63.3497,61.2904,62.9681,697365.0,EUR
2023-09-26,INST006,61.934,62.9791,61.7289,62.0014,3848873.0,EUR
2023-09-27,INST006,60.9991,62.0313,59.1276,60.8458,4353405.0,EUR
2023-09-28,INST006,62.2994,63.3109,60.698,62.1423,3066275.0,EUR
2023-09-29,INST006,61.5106,62.1428,61.7696,62.0422,1836498.0,EUR
2023-10-02,INST006,61.699,62.1824,60.5056,61.945,2350584.0,EUR
2023-10-03,INST006,62.9885,63.8642,61.45,63.053,2895200.0,EUR
2023-10-04,INST006,62.516,62.4339,61.7493,62.1819,2008674.0,EUR
2023-10-05,INST006,61.1414,61.5929,60.1352,61.1537,4788052.0,EUR
2023-10-06,INST006,60.8632,62.0441,59.7099,61.2706,4540225.0,EUR
2023-10-09,INST006,60.5358,61.763,60.4197,61.0449,2452079.0,EUR
2023-10-10,INST006,61.0209,61.4486,59.1765,60.9609,3788612.0,EUR
2023-10-11,INST006,60.7779,61.5586,59.0223,60.7876,1216516.0,EUR
2023-10-12,INST006,61.527,62.9272,61.0128,61.2324,2344042.0,EUR
2023-10-13,INST006,59.6236,60.928,59.3719,59.9249,271170.0,EUR
2023-10-16,INST006,59.9621,61.7667,59.3115,60.0562,2830930.0,EUR
2023-10-17,INST006,60.7854,61.5206,60.4201,60.9899,542617.0,EUR
2023-10-18,INST006,59.6962,60.3047,59.4343,60.1378,1687579.0,EUR
2023-10-19,INST006,60.4493,62.1007,58.8897,60.6324,163397.0,EUR
2023-10-20,INST006,61.3461,61.6535,61.2847,61.5401,4034287.0,EUR
2023-10-23,INST006,63.1995,64.7464,61.6669,62.9231,4985424.0,EUR
2023-10-24,INST006,63.8808,64.2593,62.5472,63.9318,4369212.0,EUR
2023-10-25,INST006,65.2304,66.7682,64.7113,65.2604,1871999.0,EUR
2023-10-26,INST006,64.2509,65.5149,63.7111,64.2231,1820016.0,EUR
2023-10-27,INST006,63.7017,64.5828,61.9543,63.0914,654764.0,EUR
2023-10-30,INST006,64.3114,64.4322,62.784,64.1195,1707038.0,EUR
2023-10-31,INST006,63.1896,63.9057,61.5372,62.9935,4871097.0,EUR
2023-11-01,INST006,63.3888,64.4146,62.4773,62.8926,100516.0,EUR
2023-11-02,INST006,61.744,62.645,60.1526,61.7865,4537444.0,EUR
2023-11-03,INST006,62.0568,62.3345,60.7876,61.7773,3605103.0,EUR
2023-11-06,INST006,60.297,62.027,59.59,60.7984,4865857.0,EUR
2023-11-07,INST006,61.185,62.9481,60.1975,61.4547,2314050.0,EUR
2023-11-08,INST006,60.5814,60.7846,60.2905,60.4233,4488419.0,EUR
2023-11-09,INST006,62.4076,63.6266,60.3542,61.855,2032051.0,EUR
2023-11-10,INST006,62.3731,63.248,60.4902,62.359,3438260.0,EUR
2023-11-13,INST006,62.1327,63.0844,60.3722,62.0817,1615250.0,EUR
2023-11-14,INST006,61.2909,61.932,61.8373,61.8852,2725989.0,EUR
2023-11-15,INST006,62.6799,64.1689,62.3208,62.7471,260933.0,EUR
2023-11-16,INST006,62.8121,64.5128,61.3723,62.9891,2138393.0,EUR
2023-11-17,INST006,63.7652,64.8632,63.9075,64.0905,3620351.0,EUR
2023-11-20,INST006,64.6503,65.5798,63.3344,64.5205,4329677.0,EUR
2023-11-21,INST006,65.2726,66.8417,64.5723,65.9072,1772405.0,EUR
2023-11-22,INST006,68.0654,68.0161,66.3347,67.5366,357793.0,EUR
2023-11-23,INST006,69.5911,70.8374,67.0879,68.9127,4397807.0,EUR
2023-11-24,INST006,68.1479,68.5432,67.7333,67.9015,4632187.0,EUR
2023-11-27,INST006,68.7447,70.34,68.2587,68.3778,3642430.0,EUR
2023-11-28,INST006,66.037,67.8665,66.3068,66.6974,205704.0,EUR
2023-11-29,INST006,66.7485,67.2635,65.485,66.1084,3372025.0,EUR
2023-11-30,INST006,65.0606,65.443,63.1493,64.4899,4665667.0,EUR
2023-12-01,INST006,63.1645,65.2309,61.9908,63.7249,3426346.0,EUR
2023-12-04,INST006,63.6067,64.9445,62.289,63.243,610735.0,EUR
2023-12-05,INST006,61.7948,62.6591,61.0423,62.1202,790449.0,EUR
2023-12-06,INST006,61.5912,62.811,59.965,61.21,1259070.0,EUR
2023-12-07,INST006,62.2002,63.2656,60.9064,62.1923,228712.0,EUR
2023-12-08,INST006,62.8043,63.4081,61.2727,62.8851,4001734.0,EUR
2023-12-11,INST006,62.6491,63.3655,60.4253,62.268,1339473.0,EUR
2023-12-12,INST006,61.3831,62.3873,60.5599,61.6934,2602254.0,EUR
2023-12-13,INST006,61.6567,62.4638,61.1362,61.4941,4550040.0,EUR
2023-12-14,INST006,62.115,63.8585,61.6963,62.161,689257.0,EUR
2023-12-15,INST006,62.3862,63.775,62.2398,62.8405,3705487.0,EUR
2023-12-18,INST006,63.774,63.5148,61.8402,63.2954,4765244.0,EUR
2023-12-19,INST006,63.5573,64.3128,62.2227,64.0489,421144.0,EUR
2023-12-20,INST006,62.9013,64.8415,62.7898,63.0296,960064.0,EUR
2023-12-21,INST006,63.9535,65.5126,62.8092,63.7904,3327025.0,EUR
2023-12-22,INST006,62.6616,63.6308,61.161,62.3661,4560416.0,EUR
2023-12-25,INST006,63.9589,64.7967,63.4684,63.6261,1064889.0,EUR
2023-12-26,INST006,62.6174,63.5285,61.226,62.0646,2355124.0,EUR
2023-12-27,INST006,62.4901,63.5371,61.3192,62.8813,544284.0,EUR
2023-12-28,INST006,60.9408,62.2964,59.6963,61.4168,4524145.0,EUR
2023-12-29,INST006,61.088,62.1986,59.7189,61.3151,285616.0,EUR
2024-01-01,INST006,61.0345,61.7106,59.6245,61.4361,3642870.0,EUR
2024-01-02,INST006,62.8335,62.5615,61.3751,62.2474,4321826.0,EUR
2024-01-03,INST006,62.4632,63.851,60.6279,62.3295,450726.0,EUR
2024-01-04,INST006,60.94,61.2368,60.7195,61.0103,2499090.0,EUR
2024-01-05,INST006,60.0587,60.3455,59.5572,59.7429,2208397.0,EUR
2024-01-08,INST006,61.5923,61.9727,60.3995,61.0692,587500.0,EUR
2024-01-09,INST006,61.9369,63.181,61.0403,62.3336,2622618.0,EUR
2024-01-10,INST006,63.5019,65.2914,61.609,63.4412,2099794.0,EUR
2024-01-11,INST006,64.8189,65.906,63.2778,64.8217,2943538.0,EUR
2024-01-12,INST006,63.8712,64.324,63.4906,63.7617,3143040.0,EUR
2024-01-15,INST006,63.9378,64.7837,62.5802,64.144,2173768.0,EUR
2024-01-16,INST006,65.2276,66.0815,64.6373,65.7428,788191.0,EUR
2024-01-17,INST006,67.9087,68.1409,66.2967,67.2528,545942.0,EUR
2024-01-18,INST006,67.5671,68.0831,66.4989,67.1457,679158.0,EUR
2024-01-19,INST006,68.9561,69.3172,67.6439,68.456,3290583.0,EUR
2024-01-22,INST006,68.4478,69.667,67.3452,68.2269,4218830.0,EUR
2024-01-23,INST006,69.6457,70.1394,67.6153,69.1984,3445133.0,EUR
2024-01-24,INST006,67.8123,69.5132,67.3024,68.3611,2161894.0,EUR
2024-01-25,INST006,68.3267,68.9151,66.7607,68.3945,2867044.0,EUR
2024-01-26,INST006,67.7517,70.3364,68.2972,68.4294,3802354.0,EUR
2024-01-29,INST006,67.5254,69.2013,65.7759,67.2367,2937848.0,EUR
2024-01-30,INST006,67.4806,68.9387,66.248,66.9659,1488474.0,EUR
2024-01-31,INST006,67.387,66.9745,65.151,66.9686,972690.0,EUR
2024-02-01,INST006,66.8398,67.9105,64.7933,66.7385,3508586.0,EUR
2024-02-02,INST006,66.1134,66.5696,64.6004,66.27,3494499.0,EUR
2024-02-05,INST006,65.7142,66.1555,63.3612,65.3,1582878.0,EUR
2024-02-06,INST006,66.7307,67.3146,66.3543,66.6168,1757812.0,EUR
2024-02-07,INST006,67.7299,68.7031,66.0137,67.7054,4959114.0,EUR
2024-02-08,INST006,68.4558,68.0243,66.8075,68.0104,4418883.0,EUR
2024-02-09,INST006,67.6795,67.4878,65.7488,67.2552,634322.0,EUR
2024-02-12,INST006,66.8923,67.4246,64.9825,66.87,3789299.0,EUR
2024-02-13,INST006,67.6435,68.4741,67.0305,67.8715,3469621.0,EUR
2024-02-14,INST006,66.5166,67.8105,66.0639,66.4603,3573270.0,EUR
2024-02-15,INST006,66.725,68.4926,65.9999,66.9519,3425471.0,EUR
2024-02-16,INST006,65.3268,67.3052,64.7503,65.4466,1657607.0,EUR
2024-02-19,INST006,66.4941,67.2237,66.7837,66.8745,3942931.0,EUR
2024-02-20,INST006,66.3603,67.2143,65.5002,66.2672,2513059.0,EUR
2024-02-21,INST006,64.6735,66.6818,63.4764,65.1154,1456424.0,EUR
2024-02-22,INST006,65.7154,66.549,64.2152,65.5568,2358993.0,EUR
2024-02-23,INST006,65.3022,67.1767,64.9336,65.5587,4822781.0,EUR
2024-02-26,INST006,65.6794,65.7875,63.5997,65.2452,3809239.0,EUR
2024-02-27,INST006,63.7603,64.7423,63.381,64.0518,4177793.0,EUR
2024-02-28,INST006,62.9856,63.1627,61.8557,62.6573,4178278.0,EUR
2024-02-29,INST006,64.4087,64.4224,63.4188,64.1338,2668297.0,EUR
2024-03-01,INST006,63.8098,63.7631,62.6486,63.2892,570594.0,EUR
2024-03-04,INST006,62.3624,63.7385,61.2436,62.712,2621341.0,EUR
2024-03-05,INST006,61.2144,61.7928,60.8836,61.5996,2827832.0,EUR
2024-03-06,INST006,62.3138,63.4257,60.9522,61.7301,3878900.0,EUR
2024-03-07,INST006,62.2845,62.506,61.1787,61.6891,3322140.0,EUR
2024-03-08,INST006,62.5235,63.3568,62.1471,62.9889,1254516.0,EUR
2024-03-11,INST006,63.8747,65.7857,63.0454,63.8786,3640989.0,EUR
2024-03-12,INST006,64.4659,65.3815,63.8761,64.2265,2006747.0,EUR
2024-03-13,INST006,64.443,66.3282,64.2995,65.0569,415049.0,EUR
2024-03-14,INST006,64.399,66.6356,64.4503,64.7779,3153523.0,EUR
2024-03-15,INST006,64.7274,65.7137,64.5392,64.898,1893818.0,EUR
2024-03-18,INST006,64.7601,66.043,64.124,64.9587,1695073.0,EUR
2024-03-19,INST006,63.4726,65.3981,61.6529,63.4945,1927846.0,EUR
2024-03-20,INST006,65.2307,66.2061,64.0739,64.9231,2068277.0,EUR
2024-03-21,INST006,64.5283,65.0086,64.1055,64.3476,4086836.0,EUR
2024-03-22,INST006,63.1738,64.2898,62.224,62.8005,591261.0,EUR
2024-03-25,INST006,63.2393,64.7492,62.5588,63.837,2961533.0,EUR
2024-03-26,INST006,63.5423,63.6186,62.5726,63.3093,4676527.0,EUR
2024-03-27,INST006,63.0467,64.3684,62.4654,63.0523,2299721.0,EUR
2024-03-28,INST006,61.5088,63.0489,60.8621,61.5961,916845.0,EUR
2024-03-29,INST006,61.9393,62.1362,60.9215,61.4294,277895.0,EUR
2024-04-01,INST006,62.2521,62.7764,60.2365,62.0178,1088291.0,EUR
2024-04-02,INST006,62.596,63.5907,61.9812,63.058,1733639.0,EUR
2024-04-03,INST006,64.1686,66.1167,63.3067,64.3038,1251444.0,EUR
2024-04-04,INST006,63.516,64.1429,62.4584,63.5535,1929868.0,EUR
2024-04-05,INST006,64.5908,65.9194,63.7041,64.9842,341503.0,EUR
2024-04-08,INST006,65.855,66.5684,66.3207,66.3913,3890860.0,EUR
2024-04-09,INST006,67.3033,67.905,66.1459,67.7204,3336078.0,EUR
2024-04-10,INST006,67.3786,68.5632,66.0975,67.7326,1997497.0,EUR
2024-04-11,INST006,66.7644,67.4041,65.5649,66.5848,2741416.0,EUR
2024-04-12,INST006,66.4368,67.58,65.4651,65.9042,4134117.0,EUR
2024-04-15,INST006,67.5101,68.2019,66.5176,67.4457,1628801.0,EUR
2024-04-16,INST006,68.0173,69.0742,65.4189,67.4408,3994436.0,EUR
2024-04-17,INST006,67.4474,68.8955,65.7379,67.5182,1675060.0,EUR
2024-04-18,INST006,68.2184,68.5233,66.9966,68.0684,3632089.0,EUR
2024-04-19,INST006,67.4785,68.2864,66.7461,67.0837,4982180.0,EUR
2024-04-22,INST006,67.2417,69.3266,67.425,67.5234,573508.0,EUR
2024-04-23,INST006,68.9764,69.9979,68.0856,68.8419,1998694.0,EUR
2024-04-24,INST006,67.4038,68.7778,66.1819,67.1588,3517574.0,EUR
2024-04-25,INST006,66.4951,67.3728,64.7563,66.1572,597986.0,EUR
2024-04-26,INST006,66.8555,68.2803,65.1767,66.8742,596005.0,EUR
2024-04-29,INST006,68.2829,69.8348,67.4334,68.1847,3454107.0,EUR
2024-04-30,INST006,68.3399,69.2985,68.3119,68.8539,3964654.0,EUR
2024-05-01,INST006,67.6825,67.9564,66.4735,67.5065,4160154.0,EUR
2024-05-02,INST006,68.6356,69.6814,67.2924,68.9055,3926038.0,EUR
2024-05-03,INST006,69.0807,68.9597,66.4705,68.4001,852414.0,EUR
2024-05-06,INST006,66.997,67.784,65.4004,67.3031,2239014.0,EUR
2024-05-07,INST006,67.2622,67.6636,65.0324,66.6427,4016155.0,EUR
2024-05-08,INST006,67.7974,68.3363,67.4709,67.8335,4270678.0,EUR
2024-05-09,INST006,66.3339,68.5834,66.0821,66.7275,4501152.0,EUR
2024-05-10,INST006,66.2713,67.419,65.809,66.6682,395914.0,EUR
2024-05-13,INST006,68.8066,69.71,67.2825,68.1586,1176570.0,EUR
2024-05-14,INST006,69.1202,71.6813,68.0626,69.6282,428961.0,EUR
2024-05-15,INST006,70.417,72.6444,69.1248,70.9792,2142634.0,EUR
2024-05-16,INST006,70.5995,71.5898,70.4391,71.1671,3690978.0,EUR
2024-05-17,INST006,73.0204,73.7603,72.0419,72.3627,3525416.0,EUR
2024-05-20,INST006,70.6605,70.9042,68.8594,70.7765,4015881.0,EUR
2024-05-21,INST006,69.9672,72.6315,69.4636,70.6121,4613418.0,EUR
2024-05-22,INST006,69.2768,69.3706,68.1235,68.9324,2586728.0,EUR
2024-05-23,INST006,68.1558,69.3205,66.7392,68.7795,2063944.0,EUR
2024-05-24,INST006,69.3605,69.37,67.3336,69.2201,1370183.0,EUR
2024-05-27,INST006,67.1968,68.1757,66.056,67.7979,553520.0,EUR
2024-05-28,INST006,68.5769,68.7648,67.7117,68.1714,1525399.0,EUR
2024-05-29,INST006,70.068,70.3894,69.4187,69.8652,3584236.0,EUR
2024-05-30,INST006,71.7291,72.423,69.9614,71.5359,494609.0,EUR
2024-05-31,INST006,74.0139,74.7867,73.0228,73.2963,273080.0,EUR
2024-06-03,INST006,73.9425,75.331,72.9647,74.3833,3348102.0,EUR
2024-06-04,INST006,72.9984,73.0495,71.0176,72.6939,1961385.0,EUR
2024-06-05,INST006,72.2315,72.7998,70.6862,71.9759,957594.0,EUR
2024-06-06,INST006,71.96,71.8031,69.3949,71.5319,531122.0,EUR
2024-06-07,INST006,72.1657,73.487,72.0795,72.7479,3325453.0,EUR
2024-06-10,INST006,73.1012,74.101,72.5392,73.2758,2573950.0,EUR
2024-06-11,INST006,74.4852,74.4895,72.2254,73.8057,3019391.0,EUR
2024-06-12,INST006,72.3581,74.0008,72.037,72.5723,1061662.0,EUR
2024-06-13,INST006,72.374,73.5164,70.803,72.0918,1968910.0,EUR
2024-06-14,INST006,71.2626,71.9325,69.2759,71.2251,3652596.0,EUR
2024-06-17,INST006,70.3639,72.3688,70.3826,70.5684,4364990.0,EUR
2024-06-18,INST006,70.471,71.5149,69.7443,70.1111,3374816.0,EUR
2024-06-19,INST006,70.2496,72.0894,69.2393,70.2477,4694869.0,EUR
2024-06-20,INST006,71.138,72.0107,70.0233,71.1099,4795916.0,EUR
2024-06-21,INST006,71.98,74.0524,69.8446,71.907,1228588.0,EUR
2024-06-24,INST006,71.963,73.8433,71.7514,72.3661,2651836.0,EUR
2024-06-25,INST006,74.8338,75.7598,73.5388,74.1683,1491966.0,EUR
2024-06-26,INST006,75.1887,76.9208,74.6312,74.7476,4562779.0,EUR
2024-06-27,INST006,73.8855,76.5175,72.6773,74.3672,4390231.0,EUR
2024-06-28,INST006,72.8067,74.741,73.2456,73.4196,1106952.0,EUR
2024-07-01,INST006,74.3357,75.5538,72.6906,74.5065,2303389.0,EUR
2024-07-02,INST006,74.631,75.8565,73.1683,74.6349,1876815.0,EUR
2024-07-03,INST006,74.3279,74.227,73.0261,73.9823,4434719.0,EUR
2024-07-04,INST006,73.5079,74.8388,71.911,73.2366,1639875.0,EUR
2024-07-05,INST006,74.1478,73.7236,71.4743,73.5022,644373.0,EUR
2024-07-08,INST006,73.8471,75.4009,73.2095,73.3877,3410047.0,EUR
2024-07-09,INST006,71.7933,72.2469,69.6972,71.7474,4917501.0,EUR
2024-07-10,INST006,73.3798,74.1902,72.1183,73.5122,4198174.0,EUR
2024-07-11,INST006,74.8534,75.4673,74.3718,74.9372,2756572.0,EUR
2024-07-12,INST006,74.3958,75.8441,72.5591,73.9345,1472304.0,EUR
2024-07-15,INST006,73.5963,74.1564,72.5489,73.1083,2507426.0,EUR
2024-07-16,INST006,73.8429,76.7618,74.1081,74.543,1963325.0,EUR
2024-07-17,INST006,75.3384,77.0922,73.5785,75.5864,2455679.0,EUR
2024-07-18,INST006,75.5624,76.7239,72.866,75.0939,616267.0,EUR
2024-07-19,INST006,75.7675,77.7655,74.7218,76.4408,3315526.0,EUR
2024-07-22,INST006,76.4843,78.4407,75.2966,76.9676,1667361.0,EUR
2024-07-23,INST006,77.8379,80.2994,76.6855,78.4066,118390.0,EUR
2024-07-24,INST006,77.1141,79.1815,75.8084,77.3268,1994132.0,EUR
2024-07-25,INST006,78.7497,79.4275,78.3055,78.8249,3119266.0,EUR
2024-07-26,INST006,79.1886,80.0127,78.5193,78.5403,3388760.0,EUR
2024-07-29,INST006,78.0632,79.0992,75.1864,77.4806,2343612.0,EUR
2024-07-30,INST006,79.3312,80.6441,77.5451,78.8183,1922437.0,EUR
2024-07-31,INST006,79.4589,80.1901,79.5327,79.8552,3481337.0,EUR
2024-08-01,INST006,77.846,79.2457,78.3523,78.5933,1121945.0,EUR
2024-08-02,INST006,77.8426,79.4254,77.9344,78.3338,808549.0,EUR
2024-08-05,INST006,79.3024,80.6379,78.3562,78.8918,2381163.0,EUR
2024-08-06,INST006,76.5737,77.7077,76.2218,77.327,332108.0,EUR
2024-08-07,INST006,75.5463,78.0543,75.295,76.2659,3715511.0,EUR
2024-08-08,INST006,75.8648,75.8301,75.292,75.6392,3178347.0,EUR
2024-08-09,INST006,77.1131,79.3237,75.7387,77.1414,1325137.0,EUR
2024-08-12,INST006,78.9531,79.0438,78.877,78.9867,428326.0,EUR
2024-08-13,INST006,80.8495,81.7293,78.8087,80.5869,4302088.0,EUR
2024-08-14,INST006,78.8588,81.8337,79.3296,79.5416,1326337.0,EUR
2024-08-15,INST006,81.6921,81.3868,80.1619,81.351,2184552.0,EUR
2024-08-16,INST006,80.9673,81.4604,80.3404,80.9495,892626.0,EUR
2024-08-19,INST006,83.4046,83.6434,80.7219,82.7509,3312634.0,EUR
2024-08-20,INST006,82.4348,84.0139,81.6939,82.6794,467286.0,EUR
2024-08-21,INST006,81.0197,83.8098,79.3065,81.6466,279940.0,EUR
2024-08-22,INST006,82.0468,83.3057,82.1673,82.5208,389742.0,EUR
2024-08-23,INST006,81.6706,82.7509,82.4289,82.4529,3621525.0,EUR
2024-08-26,INST006,84.0767,85.0467,82.5782,84.4841,3744712.0,EUR
2024-08-27,INST006,85.0889,87.1654,84.3308,84.8137,269595.0,EUR
2024-08-28,INST006,83.6702,84.7147,81.2027,83.2024,2885891.0,EUR
2024-08-29,INST006,83.8243,85.7415,81.8921,83.3593,4775670.0,EUR
2024-08-30,INST006,85.1043,85.4814,82.7216,85.0889,2027387.0,EUR
2024-09-02,INST006,86.9621,86.7169,84.7141,86.3646,1934743.0,EUR
2024-09-03,INST006,86.998,87.9059,84.795,86.7938,2224429.0,EUR
2024-09-04,INST006,88.3779,90.1441,85.6493,87.6794,1316449.0,EUR
2024-09-05,INST006,88.0503,90.2379,85.8835,88.1192,519604.0,EUR
2024-09-06,INST006,89.961,90.5489,88.0941,89.7567,4314138.0,EUR
2024-09-09,INST006,86.9527,89.9739,87.2065,87.5634,3760713.0,EUR
2024-09-10,INST006,89.3429,91.0499,88.7121,88.7471,3897635.0,EUR
2024-09-11,INST006,89.4998,91.3181,88.149,89.7605,939631.0,EUR
2024-09-12,INST006,88.8432,91.2464,87.1964,88.8029,3384438.0,EUR
2024-09-13,INST006,86.6199,87.9808,85.7317,86.8693,2729077.0,EUR
2024-09-16,INST006,84.8108,87.8036,83.5979,85.3289,3730174.0,EUR
2024-09-17,INST006,85.8461,86.8123,84.986,86.2329,4541014.0,EUR
2024-09-18,INST006,85.7457,85.7039,83.4881,85.5524,1270720.0,EUR
2024-09-19,INST006,87.7275,89.4085,86.1377,87.5279,1856063.0,EUR
2024-09-20,INST006,89.3358,90.3541,86.6037,88.75,4826225.0,EUR
2024-09-23,INST006,88.7761,89.7313,89.1321,89.2752,1288679.0,EUR
2024-09-24,INST006,87.7494,89.5235,85.8705,87.0898,3214354.0,EUR
2024-09-25,INST006,85.8046,85.0761,82.7653,85.0717,4527079.0,EUR
2024-09-26,INST006,84.2412,85.5152,84.0122,85.011,664659.0,EUR
2024-09-27,INST006,86.3484,88.5202,85.996,86.2767,2267338.0,EUR
2024-09-30,INST006,86.7276,87.5815,86.6012,87.5314,4016203.0,EUR
2024-10-01,INST006,85.9077,87.1502,85.483,86.1091,4660770.0,EUR
2024-10-02,INST006,86.6615,88.0469,83.3535,85.924,2939626.0,EUR
2024-10-03,INST006,84.7377,86.9207,83.734,84.5149,3275508.0,EUR
2024-10-04,INST006,83.8764,83.9753,82.5666,83.1918,3901755.0,EUR
2024-10-07,INST006,82.39,83.3837,80.1462,82.0399,902420.0,EUR
2024-10-08,INST006,83.4098,85.83,82.0226,83.4829,4871330.0,EUR
2024-10-09,INST006,84.602,87.0676,82.3037,84.6327,1562082.0,EUR
2024-10-10,INST006,85.3471,86.7231,84.0007,84.6601,3011630.0,EUR
2024-10-11,INST006,86.285,86.6377,84.8145,86.0767,3780923.0,EUR
2024-10-14,INST006,86.9519,88.1026,85.2227,87.0557,2532484.0,EUR
2024-10-15,INST006,86.2443,86.6249,84.7691,85.5222,2439415.0,EUR
2024-10-16,INST006,84.9812,86.7517,82.8683,84.235,268407.0,EUR
2024-10-17,INST006,83.5958,85.2994,81.29,83.6479,2314953.0,EUR
2024-10-18,INST006,85.271,86.7863,82.5251,84.8109,3166166.0,EUR
2024-10-21,INST006,84.4443,85.6933,83.2989,84.1783,1051493.0,EUR
2024-10-22,INST006,83.2865,83.6521,80.8104,83.2962,4165488.0,EUR
2024-10-23,INST006,85.6028,86.2326,83.4698,84.9609,2315654.0,EUR
2024-10-24,INST006,85.9434,85.8067,83.4738,85.2062,119565.0,EUR
2024-10-25,INST006,84.0451,85.8449,82.6615,84.8431,2906563.0,EUR
2024-10-28,INST006,84.284,86.3727,83.6488,83.9936,2694597.0,EUR
2024-10-29,INST006,84.2197,84.6756,83.4242,83.9815,3314163.0,EUR
2024-10-30,INST006,85.938,88.5599,83.8257,86.0217,1805604.0,EUR
2024-10-31,INST006,84.7067,87.0047,83.9295,85.4808,4957191.0,EUR
2024-11-01,INST006,84.1487,86.3712,83.0022,84.3429,4146977.0,EUR
2024-11-04,INST006,84.3824,86.2262,82.5312,84.581,1014578.0,EUR
2024-11-05,INST006,82.259,83.1263,80.8855,82.8346,1786695.0,EUR
2024-11-06,INST006,80.7127,81.8742,79.4358,80.888,1851067.0,EUR
2024-11-07,INST006,78.2786,79.6843,76.8766,78.9155,2559810.0,EUR
2024-11-08,INST006,81.1749,80.8813,78.6663,80.457,897985.0,EUR
2024-11-11,INST006,81.251,82.0703,80.0317,80.4687,3446564.0,EUR
2024-11-12,INST006,80.5924,82.0018,80.5545,81.22,1163829.0,EUR
2024-11-13,INST006,83.1441,84.1195,80.8223,82.3835,1877237.0,EUR
2024-11-14,INST006,82.4188,84.3086,81.729,82.7901,504459.0,EUR
2024-11-15,INST006,82.9166,83.2013,80.2858,82.6425,4027822.0,EUR
2024-11-18,INST006,82.7252,83.8871,82.245,83.2733,2747114.0,EUR
2024-11-19,INST006,84.9069,85.2501,83.0476,84.9116,3010705.0,EUR
2024-11-20,INST006,83.3061,83.3216,81.2763,82.7925,1495511.0,EUR
2024-11-21,INST006,83.7382,84.5936,80.9561,83.264,4185173.0,EUR
2024-11-22,INST006,83.3868,86.1126,81.8357,84.1387,3753615.0,EUR
2024-11-25,INST006,84.8827,84.7814,81.92,84.3196,2825932.0,EUR
2024-11-26,INST006,85.0931,87.2749,84.2126,85.5143,1887097.0,EUR
2024-11-27,INST006,85.5338,86.2181,83.6473,85.1156,269811.0,EUR
2024-11-28,INST006,87.546,88.3535,86.0122,86.736,138363.0,EUR
2024-11-29,INST006,84.8058,85.5047,84.2929,84.6237,1182972.0,EUR
2024-12-02,INST006,84.8787,87.1681,83.3696,84.9281,1095997.0,EUR
2024-12-03,INST006,84.6638,84.972,83.8315,84.5825,4306298.0,EUR
2024-12-04,INST006,82.9039,84.3163,82.7821,83.2274,206469.0,EUR
2024-12-05,INST006,81.787,83.0872,80.3699,82.2061,780151.0,EUR
2024-12-06,INST006,81.925,83.6387,80.3518,81.747,3560003.0,EUR
2024-12-09,INST006,80.6809,82.5667,80.462,80.698,3317426.0,EUR
2024-12-10,INST006,79.2167,81.5604,78.1698,79.2242,4011374.0,EUR
2024-12-11,INST006,79.5377,79.9509,78.0543,79.4626,1778275.0,EUR
2024-12-12,INST006,78.4328,80.7147,77.7287,78.5377,3979397.0,EUR
2024-12-13,INST006,79.2075,79.7028,77.5966,79.5811,4331444.0,EUR
2024-12-16,INST006,80.2546,81.6895,79.7917,79.9929,3152118.0,EUR
2024-12-17,INST006,78.1307,79.503,76.8972,78.6879,731395.0,EUR
2024-12-18,INST006,77.7732,78.5153,76.6529,77.1688,3258774.0,EUR
2024-12-19,INST006,76.3106,78.2178,74.8883,76.4469,4979438.0,EUR
2024-12-20,INST006,76.5885,78.0105,74.5261,75.8902,4173100.0,EUR
2024-12-23,INST006,73.4598,74.6648,73.7119,74.0514,2291847.0,EUR
2024-12-24,INST006,71.8937,73.2412,72.2378,72.3158,2517203.0,EUR
2024-12-25,INST006,73.5695,73.9304,72.9913,73.5343,4825296.0,EUR
2024-12-26,INST006,74.0367,75.4923,73.7642,74.6438,4726364.0,EUR
2024-12-27,INST006,73.3694,74.5205,71.838,73.5182,2714050.0,EUR
2024-12-30,INST006,73.0891,73.2052,70.3495,72.4257,1831703.0,EUR
2024-12-31,INST006,72.5764,73.0078,71.1364,72.1097,4584789.0,EUR
2022-01-03,INST007,296.2673,300.813,294.5967,296.3821,980572.0,USD
2022-01-04,INST007,298.6713,302.4429,295.3089,299.938,3970953.0,USD
2022-01-05,INST007,300.6192,300.9498,290.1861,299.1277,3088746.0,USD
2022-01-06,INST007,297.5512,298.4058,292.4272,296.9889,3587190.0,USD
2022-01-07,INST007,291.5813,298.9403,286.1679,291.8709,1795808.0,USD
2022-01-10,INST007,290.1898,291.0071,284.3719,287.5273,1368126.0,USD
2022-01-11,INST007,289.8357,293.81,284.25,289.8955,4312877.0,USD
2022-01-12,INST007,292.786,292.7078,285.7153,292.5973,1244949.0,USD
2022-01-13,INST007,296.0304,295.7007,285.52,294.025,2151340.0,USD
2022-01-14,INST007,299.2975,301.0334,298.7301,300.356,4899834.0,USD
2022-01-17,INST007,306.4102,313.2632,297.8281,305.5224,3331520.0,USD
2022-01-18,INST007,306.3701,310.6724,303.8721,309.0979,3614218.0,USD
2022-01-19,INST007,315.3856,324.4709,309.7929,315.8847,4830513.0,USD
2022-01-20,INST007,317.6945,323.239,314.2605,315.6517,3489921.0,USD
2022-01-21,INST007,308.726,314.3351,303.4491,308.6525,1221518.0,USD
2022-01-24,INST007,303.4407,312.3824,301.1422,303.3636,2782744.0,USD
2022-01-25,INST007,307.621,314.2835,303.6247,306.2295,934111.0,USD
2022-01-26,INST007,299.1028,303.552,298.8285,299.6454,2448689.0,USD
2022-01-27,INST007,303.0778,303.3625,293.1165,300.9908,546344.0,USD
2022-01-28,INST007,299.442,309.9649,296.4194,301.5341,1028133.0,USD
2022-01-31,INST007,298.8307,300.0234,294.3772,296.3773,1030137.0,USD
2022-02-01,INST007,293.9565,298.051,293.5756,294.7996,4174102.0,USD
2022-02-02,INST007,294.68,299.5688,288.064,291.8236,4098685.0,USD
2022-02-03,INST007,290.2267,299.3192,290.0521,291.5769,4829522.0,USD
2022-02-04,INST007,296.4755,295.3766,287.3091,293.7751,2165917.0,USD
2022-02-07,INST007,291.6051,297.9881,286.8218,292.7244,3257800.0,USD
2022-02-08,INST007,283.904,288.9737,285.6727,286.145,4788110.0,USD
2022-02-09,INST007,291.1472,295.5113,291.47,293.2154,4224744.0,USD
2022-02-10,INST007,293.5701,303.3172,286.3568,294.6949,1908352.0,USD
2022-02-11,INST007,299.6314,299.1303,298.3908,298.6171,2404433.0,USD
2022-02-14,INST007,303.021,308.0639,297.3809,305.2007,255552.0,USD
2022-02-15,INST007,298.7994,305.186,292.0193,300.816,4851224.0,USD
2022-02-16,INST007,297.9128,300.6252,290.2938,295.682,4268645.0,USD
2022-02-17,INST007,302.816,301.8342,296.2985,300.3644,3055696.0,USD
2022-02-18,INST007,302.965,305.3633,294.0758,301.9817,2758044.0,USD
2022-02-21,INST007,303.2759,310.9971,296.9178,302.9605,1872065.0,USD
2022-02-22,INST007,311.2149,314.7893,306.0154,308.5786,2050334.0,USD
2022-02-23,INST007,300.9976,308.0966,295.8373,301.91,4061114.0,USD
2022-02-24,INST007,300.3608,303.2648,298.4271,300.0681,1485706.0,USD
2022-02-25,INST007,294.0026,295.3719,291.4821,294.4053,2760382.0,USD
2022-02-28,INST007,301.7012,306.6947,291.9836,298.7621,2262656.0,USD
2022-03-01,INST007,295.6043,302.561,294.4359,298.219,849464.0,USD
2022-03-02,INST007,304.3771,307.0747,298.1231,305.6636,4000233.0,USD
2022-03-03,INST007,301.5934,309.5272,298.7684,301.0264,172440.0,USD
2022-03-04,INST007,301.7114,308.936,296.7551,300.1018,4452712.0,USD
2022-03-07,INST007,300.6143,305.7091,292.6281,301.6612,1836831.0,USD
2022-03-08,INST007,294.1357,300.728,288.9657,295.1281,1075346.0,USD
2022-03-09,INST007,288.1141,292.3943,284.9576,288.6582,3455253.0,USD
2022-03-10,INST007,292.9941,293.0968,284.5367,292.7427,3479041.0,USD
2022-03-11,INST007,288.6512,290.8463,287.0931,290.0954,4005408.0,USD
2022-03-14,INST007,291.91,294.4989,284.1688,289.9826,1643746.0,USD
2022-03-15,INST007,295.054,297.1412,288.6197,292.9273,1228448.0,USD
2022-03-16,INST007,295.2968,303.7347,291.6353,297.9836,3185617.0,USD
2022-03-17,INST007,295.7221,304.1097,293.0001,298.587,4521289.0,USD
2022-03-18,INST007,300.9,298.5227,290.1294,298.0392,3509314.0,USD
2022-03-21,INST007,302.1536,305.5353,298.0784,303.2791,3420007.0,USD
2022-03-22,INST007,306.1452,316.7932,301.7419,308.3776,1187833.0,USD
2022-03-23,INST007,314.2721,320.5782,312.4707,313.4688,361700.0,USD
2022-03-24,INST007,316.0044,319.8551,309.5592,317.6318,141747.0,USD
2022-03-25,INST007,313.8896,316.1269,311.2486,312.5008,1723612.0,USD
2022-03-28,INST007,313.7037,322.0706,310.9742,314.5708,3863950.0,USD
2022-03-29,INST007,320.062,320.8897,312.2958,318.6095,3767869.0,USD
2022-03-30,INST007,317.9571,327.4184,311.5754,318.6015,140300.0,USD
2022-03-31,INST007,324.2811,332.9049,316.7904,325.8642,1071375.0,USD
2022-04-01,INST007,322.5584,327.7596,313.5902,322.9297,2080753.0,USD
2022-04-04,INST007,318.0672,318.0853,316.2579,317.3145,595492.0,USD
2022-04-05,INST007,321.0502,327.1836,317.6977,317.9387,4038578.0,USD
2022-04-06,INST007,318.0099,322.3095,306.4689,315.6256,307431.0,USD
2022-04-07,INST007,311.5998,313.3362,305.5406,311.9132,1895379.0,USD
2022-04-08,INST007,316.789,321.9529,312.5976,314.1304,1885094.0,USD
2022-04-11,INST007,322.4627,329.3474,312.3713,320.647,1009704.0,USD
2022-04-12,INST007,326.3044,326.1536,314.2897,323.1415,2218662.0,USD
2022-04-13,INST007,328.9613,336.2222,320.9371,329.2619,350596.0,USD
2022-04-14,INST007,319.9275,332.0314,320.6805,322.8828,3978938.0,USD
2022-04-15,INST007,320.3289,330.3624,311.2497,320.8008,1798775.0,USD
2022-04-18,INST007,317.388,323.8489,308.2753,316.5706,1836443.0,USD
2022-04-19,INST007,315.3247,323.0413,314.6808,317.3611,4191302.0,USD
2022-04-20,INST007,323.2391,325.6704,319.4941,321.1529,331598.0,USD
2022-04-21,INST007,321.943,320.76,314.3904,319.0268,4118705.0,USD
2022-04-22,INST007,313.3814,321.4686,309.0819,312.3248,333363.0,USD
2022-04-25,INST007,315.201,318.5128,313.4967,314.1596,1271394.0,USD
2022-04-26,INST007,309.5956,312.5736,304.8954,309.4849,1579393.0,USD
2022-04-27,INST007,306.0785,316.2417,306.2847,307.4819,2260294.0,USD
2022-04-28,INST007,305.1786,304.0305,301.829,302.8772,2990846.0,USD
2022-04-29,INST007,304.1801,308.8805,303.0817,304.6082,426406.0,USD
2022-05-02,INST007,311.4258,316.4944,306.4654,310.2275,2812539.0,USD
2022-05-03,INST007,304.823,310.4382,301.3186,305.058,4773134.0,USD
2022-05-04,INST007,303.9579,312.1354,294.537,303.6025,1368432.0,USD
2022-05-05,INST007,302.2044,305.1501,293.0116,299.7059,2358903.0,USD
2022-05-06,INST007,301.819,306.514,296.9705,304.2229,2668478.0,USD
2022-05-09,INST007,299.9835,310.5241,294.9119,302.2502,4831363.0,USD
2022-05-10,INST007,296.0121,300.9386,294.0771,297.5794,277443.0,USD
2022-05-11,INST007,299.2464,303.4887,291.479,296.2866,1715376.0,USD
2022-05-12,INST007,288.3811,289.6319,287.3941,289.306,1275272.0,USD
2022-05-13,INST007,293.6984,297.2524,285.8238,293.1955,1250247.0,USD
2022-05-16,INST007,297.8411,302.7005,292.3188,300.3237,4537276.0,USD
2022-05-17,INST007,295.9771,304.521,292.9527,297.3759,3897719.0,USD
2022-05-18,INST007,299.5267,304.9674,295.3773,299.321,1310175.0,USD
2022-05-19,INST007,299.5934,301.8362,290.9389,298.3836,4636250.0,USD
2022-05-20,INST007,298.0556,304.6687,292.2112,300.0812,1202311.0,USD
2022-05-23,INST007,302.9973,310.2547,296.8185,305.3657,4404884.0,USD
2022-05-24,INST007,315.3646,319.3902,309.7411,312.7972,546066.0,USD
2022-05-25,INST007,319.8755,323.0065,310.7319,317.6004,546733.0,USD
2022-05-26,INST007,315.4632,324.3,311.3413,315.5097,1212445.0,USD
2022-05-27,INST007,314.462,316.9828,311.9018,312.5458,151787.0,USD
2022-05-30,INST007,313.1791,314.7999,307.4464,312.281,1193760.0,USD
2022-05-31,INST007,312.7537,320.8214,308.2879,312.1272,3644415.0,USD
2022-06-01,INST007,317.6722,325.3524,308.1989,315.9721,1172795.0,USD
2022-06-02,INST007,313.8201,317.9405,309.4158,312.5344,4868193.0,USD
2022-06-03,INST007,305.9983,315.5519,305.2852,308.5926,1433494.0,USD
2022-06-06,INST007,307.7715,311.141,304.2459,310.0094,4898025.0,USD
2022-06-07,INST007,306.9749,314.315,300.7354,308.7596,2855464.0,USD
2022-06-08,INST007,300.0123,310.484,298.4938,302.948,2027045.0,USD
2022-06-09,INST007,305.5054,312.3278,303.5599,304.699,4290241.0,USD
2022-06-10,INST007,303.7105,307.6148,297.8938,306.5066,2271481.0,USD
2022-06-13,INST007,296.3048,307.3254,290.6197,299.0601,4844058.0,USD
2022-06-14,INST007,306.7475,312.248,302.5657,304.8942,115134.0,USD
2022-06-15,INST007,308.9958,315.6397,309.9851,311.1219,1252893.0,USD
2022-06-16,INST007,304.2652,309.0648,297.2826,303.5271,2764395.0,USD
2022-06-17,INST007,305.0937,311.1762,305.8422,306.7326,4428089.0,USD
2022-06-20,INST007,309.3111,306.5066,301.3017,306.4359,2264650.0,USD
2022-06-21,INST007,297.972,303.821,295.1783,298.8605,1119272.0,USD
2022-06-22,INST007,292.0284,296.6522,285.962,292.8358,3443387.0,USD
2022-06-23,INST007,288.0364,298.9428,284.3426,290.7507,4481417.0,USD
2022-06-24,INST007,285.8863,285.9665,277.2656,285.2014,3917617.0,USD
2022-06-27,INST007,280.5247,289.0939,279.7812,280.7565,3967357.0,USD
2022-06-28,INST007,281.2408,285.1287,278.3267,282.1824,943926.0,USD
2022-06-29,INST007,282.2326,290.487,277.7622,283.0597,3507713.0,USD
2022-06-30,INST007,277.2002,281.4335,274.705,276.5088,3476972.0,USD
2022-07-01,INST007,271.8432,273.4859,267.4201,270.4699,4995219.0,USD
2022-07-04,INST007,271.4182,275.8366,264.6413,270.4821,3321887.0,USD
2022-07-05,INST007,264.0064,270.8508,260.5405,265.6498,1498643.0,USD
2022-07-06,INST007,271.2338,273.5539,265.0917,270.5744,1392699.0,USD
2022-07-07,INST007,272.3121,278.0765,266.423,272.4996,3745788.0,USD
2022-07-08,INST007,279.7334,279.7692,276.9906,279.2813,4840449.0,USD
2022-07-11,INST007,282.5111,290.105,281.651,284.9392,3063194.0,USD
2022-07-12,INST007,286.333,291.8707,278.4097,286.9227,4333689.0,USD
2022-07-13,INST007,281.7116,285.7623,278.7086,281.3947,4104950.0,USD
2022-07-14,INST007,283.1774,290.6217,278.1203,284.9774,3664312.0,USD
2022-07-15,INST007,283.4812,286.5975,276.2276,280.7994,3238016.0,USD
2022-07-18,INST007,272.0118,280.0799,267.8212,274.0945,3378674.0,USD
2022-07-19,INST007,272.7215,279.9657,269.6511,272.6478,1156118.0,USD
2022-07-20,INST007,272.5098,272.9377,265.0862,270.0428,3377239.0,USD
2022-07-21,INST007,275.9828,279.6614,271.2967,274.1521,2010473.0,USD
2022-07-22,INST007,275.4759,284.6489,269.7981,277.263,3062938.0,USD
2022-07-25,INST007,278.0931,279.8488,272.2616,278.8794,426164.0,USD
2022-07-26,INST007,280.276,280.2357,277.0348,278.4886,3458553.0,USD
2022-07-27,INST007,278.3817,281.4458,275.9096,280.3992,2991367.0,USD
2022-07-28,INST007,285.4124,284.1797,282.5167,283.5113,872432.0,USD
2022-07-29,INST007,284.5775,288.3718,276.67,283.945,4023756.0,USD
2022-08-01,INST007,282.7994,285.0871,276.1999,282.0485,2437974.0,USD
2022-08-02,INST007,282.1706,286.3333,281.8263,284.2311,1470302.0,USD
2022-08-03,INST007,280.0704,287.2863,278.4698,281.2964,4288241.0,USD
2022-08-04,INST007,279.3765,282.3484,278.1074,279.0929,2430607.0,USD
2022-08-05,INST007,284.1276,290.934,282.5612,283.213,4894076.0,USD
2022-08-08,INST007,288.2147,297.702,281.2697,289.8709,3826009.0,USD
2022-08-09,INST007,287.9518,298.1347,287.858,290.2479,3182565.0,USD
2022-08-10,INST007,295.7766,299.5482,288.0331,294.8777,3378071.0,USD
2022-08-11,INST007,289.54,288.3307,285.5774,287.6907,1633186.0,USD
2022-08-12,INST007,284.941,287.6164,281.8015,284.6427,2514561.0,USD
2022-08-15,INST007,293.2424,295.9349,286.7691,290.8692,914732.0,USD
2022-08-16,INST007,286.74,285.1527,281.4659,284.5265,602372.0,USD
2022-08-17,INST007,281.1827,284.2532,274.0119,278.946,4904383.0,USD
2022-08-18,INST007,278.4581,276.5673,270.9599,275.7367,2239949.0,USD
2022-08-19,INST007,270.7388,277.322,264.4608,270.4283,4653956.0,USD
2022-08-22,INST007,265.9072,270.4632,267.4788,268.3085,3078517.0,USD
2022-08-23,INST007,269.8307,270.6202,262.611,268.3913,3129302.0,USD
2022-08-24,INST007,264.5335,264.5557,262.2578,262.8332,4143863.0,USD
2022-08-25,INST007,258.5561,264.6811,257.567,259.672,3956332.0,USD
2022-08-26,INST007,254.5155,261.8467,253.5749,256.6102,1738455.0,USD
2022-08-29,INST007,262.576,268.5975,261.0038,261.1019,4748642.0,USD
2022-08-30,INST007,261.2132,262.3231,253.5163,259.6208,832265.0,USD
2022-08-31,INST007,258.1154,265.3045,255.1138,260.313,251775.0,USD
2022-09-01,INST007,260.7153,269.8381,258.5758,263.0047,4357799.0,USD
2022-09-02,INST007,255.6251,259.8166,252.1212,256.7095,428854.0,USD
2022-09-05,INST007,258.8838,264.4318,257.4648,259.7245,3459258.0,USD
2022-09-06,INST007,261.3541,266.5625,257.4842,261.2102,1718550.0,USD
2022-09-07,INST007,254.0756,262.2544,248.1895,254.754,2280645.0,USD
2022-09-08,INST007,259.6908,266.4476,254.5275,259.8998,589067.0,USD
2022-09-09,INST007,264.3406,262.9682,256.4292,262.6566,4099311.0,USD
2022-09-12,INST007,257.0261,264.0713,257.0532,257.9224,4445623.0,USD
2022-09-13,INST007,257.3257,259.761,250.6898,257.892,3821607.0,USD
2022-09-14,INST007,259.1656,259.9655,259.3038,259.7653,4881555.0,USD
2022-09-15,INST007,261.3186,264.2706,259.3212,260.7,3184577.0,USD
2022-09-16,INST007,256.4201,258.5071,255.2599,256.5412,4413691.0,USD
2022-09-19,INST007,253.7879,261.8359,249.1418,256.1982,289382.0,USD
2022-09-20,INST007,257.2373,256.8343,250.3622,254.908,4924021.0,USD
2022-09-21,INST007,250.5505,249.7536,248.7261,249.2213,1814341.0,USD
2022-09-22,INST007,248.6947,252.7445,249.3839,250.8887,3847688.0,USD
2022-09-23,INST007,250.6185,253.695,242.6466,248.3601,2831344.0,USD
2022-09-26,INST007,245.3238,244.3424,239.7569,243.3148,1158799.0,USD
2022-09-27,INST007,249.3716,252.0879,245.6319,248.8417,2919694.0,USD
2022-09-28,INST007,246.3535,250.815,243.1094,245.4407,1871820.0,USD
2022-09-29,INST007,249.181,252.9458,246.0675,251.5708,3800082.0,USD
2022-09-30,INST007,250.3829,253.3656,246.4187,251.744,4147805.0,USD
2022-10-03,INST007,255.088,254.7257,248.9914,253.729,2002149.0,USD
2022-10-04,INST007,260.0319,260.5027,258.8146,259.6976,4722220.0,USD
2022-10-05,INST007,262.4359,263.9435,256.2795,260.4595,2443163.0,USD
2022-10-06,INST007,263.9003,272.5899,260.5561,264.852,372058.0,USD
2022-10-07,INST007,272.7041,277.3816,268.8825,270.2522,3465896.0,USD
2022-10-10,INST007,272.1071,277.8682,273.0042,273.1111,4877002.0,USD
2022-10-11,INST007,273.7296,272.6074,264.8598,271.4276,483385.0,USD
2022-10-12,INST007,265.7387,271.2067,266.2721,266.6071,1897225.0,USD
2022-10-13,INST007,270.0625,275.0048,264.5258,267.4634,2444648.0,USD
2022-10-14,INST007,264.7545,269.1794,261.2312,263.6241,2553497.0,USD
2022-10-17,INST007,262.6506,269.3207,260.3985,262.1773,2869982.0,USD
2022-10-18,INST007,267.5735,273.3652,264.3771,266.561,4941243.0,USD
2022-10-19,INST007,266.1726,264.0026,258.0114,263.9826,3002981.0,USD
2022-10-20,INST007,266.0263,267.239,256.4466,263.5828,1594349.0,USD
2022-10-21,INST007,260.8803,261.0938,257.0254,258.3264,2805998.0,USD
2022-10-24,INST007,263.9824,268.4054,257.8467,263.2225,2021506.0,USD
2022-10-25,INST007,264.5729,273.2437,259.1398,265.778,1472659.0,USD
2022-10-26,INST007,262.3417,261.4173,256.4545,260.7999,4000247.0,USD
2022-10-27,INST007,262.789,266.4923,264.4845,264.5205,1013929.0,USD
2022-10-28,INST007,260.1074,262.8768,255.4443,258.9405,2290394.0,USD
2022-10-31,INST007,260.9434,267.2493,258.5251,261.47,4841012.0,USD
2022-11-01,INST007,259.6103,262.0041,254.0112,259.1402,1459005.0,USD
2022-11-02,INST007,257.6548,257.7523,253.8408,255.3499,235872.0,USD
2022-11-03,INST007,259.7424,261.453,257.8854,258.8993,3952635.0,USD
2022-11-04,INST007,262.4365,264.8235,255.4633,260.3657,2680895.0,USD
2022-11-07,INST007,266.8696,274.1713,260.2327,266.1888,4672478.0,USD
2022-11-08,INST007,266.7891,269.5368,266.5552,268.8254,3431758.0,USD
2022-11-09,INST007,273.9773,277.8553,267.4932,271.669,2630394.0,USD
2022-11-10,INST007,273.5594,276.1461,265.3205,272.5068,1006638.0,USD
2022-11-11,INST007,267.0345,271.9336,260.3828,267.6237,1447172.0,USD
2022-11-14,INST007,271.3765,271.1153,263.4879,270.0918,1746924.0,USD
2022-11-15,INST007,263.0123,272.7037,258.6838,265.5796,257691.0,USD
2022-11-16,INST007,264.334,267.857,258.2843,264.6443,389906.0,USD
2022-11-17,INST007,266.5358,275.3425,267.3404,267.4234,3789759.0,USD
2022-11-18,INST007,273.8706,278.6115,267.4499,272.8753,4236054.0,USD
2022-11-21,INST007,269.3294,270.6033,265.1149,268.5529,4953560.0,USD
2022-11-22,INST007,273.973,277.0433,267.5595,272.9971,4524644.0,USD
2022-11-23,INST007,275.4607,278.0355,274.1353,275.8686,2373707.0,USD
2022-11-24,INST007,271.5463,277.4166,270.44,270.8924,3573181.0,USD
2022-11-25,INST007,264.8602,268.5542,262.5862,266.5915,418359.0,USD
2022-11-28,INST007,267.0931,269.8582,262.6451,265.7149,1947832.0,USD
2022-11-29,INST007,264.312,266.7435,262.1131,262.7946,2936634.0,USD
2022-11-30,INST007,266.9773,266.5802,265.6049,266.1443,3789783.0,USD
2022-12-01,INST007,258.3383,264.0891,257.0866,259.6646,2171549.0,USD
2022-12-02,INST007,263.2231,264.0934,259.6632,262.2185,462956.0,USD
2022-12-05,INST007,264.9843,270.167,257.5083,262.8166,3913403.0,USD
2022-12-06,INST007,270.1554,269.0255,263.0242,267.9773,3614998.0,USD
2022-12-07,INST007,272.3289,274.6298,273.5303,274.4096,552228.0,USD
2022-12-08,INST007,271.6212,280.5474,269.0118,273.2628,3372451.0,USD
2022-12-09,INST007,270.4638,278.7093,265.3441,270.9432,3780196.0,USD
2022-12-12,INST007,272.3518,276.2799,266.3871,272.9634,3382432.0,USD
2022-12-13,INST007,280.8988,285.3139,273.9602,278.6404,2139595.0,USD
2022-12-14,INST007,286.5978,286.0638,279.9485,283.8518,1234432.0,USD
2022-12-15,INST007,278.7695,283.9739,273.6582,277.4164,3127004.0,USD
2022-12-16,INST007,277.821,279.9568,271.6693,276.9739,957753.0,USD
2022-12-19,INST007,274.9774,275.3801,267.7385,275.2086,2806239.0,USD
2022-12-20,INST007,279.1787,281.9453,271.49,279.5958,3203133.0,USD
2022-12-21,INST007,281.9213,292.364,284.1887,284.4814,3356250.0,USD
2022-12-22,INST007,283.3866,282.0578,274.9418,281.7663,4526986.0,USD
2022-12-23,INST007,275.1032,284.4957,272.1547,277.7269,3265513.0,USD
2022-12-26,INST007,278.5977,280.8332,275.6983,276.1569,1296540.0,USD
2022-12-27,INST007,278.7559,279.9087,271.1247,276.2314,604092.0,USD
2022-12-28,INST007,275.6148,274.1945,270.2817,272.9905,2144637.0,USD
2022-12-29,INST007,270.438,280.0547,268.8026,272.889,1274461.0,USD
2022-12-30,INST007,270.4302,278.0351,270.1937,270.3872,4821670.0,USD
2023-01-02,INST007,268.7,272.3388,268.9897,270.2043,2228034.0,USD
2023-01-03,INST007,264.3203,266.8281,258.5125,265.3345,3985818.0,USD
2023-01-04,INST007,267.8424,270.1046,262.9229,267.911,2865219.0,USD
2023-01-05,INST007,269.0826,274.1824,268.9721,270.57,2901424.0,USD
2023-01-06,INST007,268.8103,272.6421,265.0168,270.9953,3093900.0,USD
2023-01-09,INST007,273.4004,276.4307,272.2297,275.3482,643659.0,USD
2023-01-10,INST007,279.3541,283.7511,275.2878,281.6371,2463788.0,USD
2023-01-11,INST007,272.3443,280.0001,270.5883,274.9682,4444388.0,USD
2023-01-12,INST007,277.3857,284.3886,274.297,279.6332,3941101.0,USD
2023-01-13,INST007,276.3846,279.4677,273.0592,275.7474,4275232.0,USD
2023-01-16,INST007,278.4007,280.5962,274.0598,277.3236,4792654.0,USD
2023-01-17,INST007,268.3182,276.8299,268.9937,270.455,4114249.0,USD
2023-01-18,INST007,266.7057,267.5072,261.8828,265.6401,412085.0,USD
2023-01-19,INST007,269.4621,278.5704,267.9624,271.6368,4454543.0,USD
2023-01-20,INST007,272.5299,276.7829,269.2438,271.0285,953543.0,USD
2023-01-23,INST007,274.0583,281.8327,269.2841,274.9857,236058.0,USD
2023-01-24,INST007,273.1368,275.6173,271.7874,272.3963,4477656.0,USD
2023-01-25,INST007,271.7684,276.1419,269.694,270.2554,1374206.0,USD
2023-01-26,INST007,267.6572,266.8002,258.045,265.7337,4236720.0,USD
2023-01-27,INST007,267.6878,272.5824,263.5201,269.5397,3215225.0,USD
2023-01-30,INST007,274.3998,279.7304,274.0582,274.8934,3914740.0,USD
2023-01-31,INST007,265.9713,275.106,266.0348,268.6249,4032412.0,USD
2023-02-01,INST007,272.0747,277.1331,269.5811,271.7172,2152723.0,USD
2023-02-02,INST007,265.8735,270.8747,265.0472,265.7707,1267088.0,USD
2023-02-03,INST007,267.1191,270.8393,261.4722,266.8561,224280.0,USD
2023-02-06,INST007,265.4713,275.0584,265.2892,267.1899,2518396.0,USD
2023-02-07,INST007,265.4175,267.4398,262.7743,264.712,1221971.0,USD
2023-02-08,INST007,261.5187,266.4533,259.5482,262.8137,4933682.0,USD
2023-02-09,INST007,261.8185,271.1668,262.4355,264.2929,2940512.0,USD
2023-02-10,INST007,258.8513,261.3394,255.4961,258.6775,2431295.0,USD
2023-02-13,INST007,266.3098,272.4857,263.0113,265.1074,2987811.0,USD
2023-02-14,INST007,268.5362,276.5758,266.3728,268.5916,4117152.0,USD
2023-02-15,INST007,273.5029,276.1673,273.3417,274.2611,4321253.0,USD
2023-02-16,INST007,265.028,273.397,259.9462,267.4492,1741474.0,USD
2023-02-17,INST007,271.6583,273.7572,268.5162,271.9828,1877299.0,USD
2023-02-20,INST007,269.465,272.6368,269.5497,271.9259,474940.0,USD
2023-02-21,INST007,278.2454,278.1374,274.5306,277.2958,108282.0,USD
2023-02-22,INST007,277.4425,275.1859,270.511,275.0452,3561430.0,USD
2023-02-23,INST007,275.4698,281.2467,274.7654,277.3398,928467.0,USD
2023-02-24,INST007,281.1168,283.2922,275.7844,281.7104,3145336.0,USD
2023-02-27,INST007,283.2515,288.6809,277.504,283.9996,3364943.0,USD
2023-02-28,INST007,289.1069,290.2982,285.87,289.5038,2774320.0,USD
2023-03-01,INST007,284.5774,286.7285,284.9218,285.2604,2940210.0,USD
2023-03-02,INST007,286.1889,286.3111,282.0198,284.3561,174625.0,USD
2023-03-03,INST007,290.4666,295.6865,286.3051,288.1789,3433481.0,USD
2023-03-06,INST007,285.1211,289.8542,279.3027,284.9698,3898367.0,USD
2023-03-07,INST007,281.6276,285.3869,278.5115,282.5948,3842383.0,USD
2023-03-08,INST007,281.0352,280.431,274.4649,279.8373,2609599.0,USD
2023-03-09,INST007,277.4563,281.0352,274.9098,277.1802,3313895.0,USD
2023-03-10,INST007,278.4871,284.2053,270.8039,276.1249,2496797.0,USD
2023-03-13,INST007,280.2824,278.1468,270.5176,277.7249,234168.0,USD
2023-03-14,INST007,277.6515,285.5202,276.1968,279.6615,1800691.0,USD
2023-03-15,INST007,276.5074,281.9053,273.5235,274.8298,3662098.0,USD
2023-03-16,INST007,277.6102,282.8154,273.0585,278.7152,1291844.0,USD
2023-03-17,INST007,282.8656,288.7073,275.6902,281.4098,1074942.0,USD
2023-03-20,INST007,281.0724,288.393,277.254,281.5467,117359.0,USD
2023-03-21,INST007,277.904,281.5442,279.7146,280.3733,3312048.0,USD
2023-03-22,INST007,283.8881,286.5052,280.8037,284.2698,4408517.0,USD
2023-03-23,INST007,287.3127,290.9168,280.0606,286.0436,2129798.0,USD
2023-03-24,INST007,283.0233,286.3698,281.5989,283.4802,3160468.0,USD
2023-03-27,INST007,275.6663,277.3367,270.7947,276.4504,1666687.0,USD
2023-03-28,INST007,281.1587,284.3268,277.4741,280.6507,298209.0,USD
2023-03-29,INST007,284.1237,286.6094,283.0744,283.567,1961695.0,USD
2023-03-30,INST007,286.1259,286.6147,278.9914,285.6805,889253.0,USD
2023-03-31,INST007,286.5044,294.2212,281.1605,286.9987,3986251.0,USD
2023-04-03,INST007,290.4703,292.0498,279.8155,287.6095,814000.0,USD
2023-04-04,INST007,282.1434,287.5773,278.2249,282.1359,2226258.0,USD
2023-04-05,INST007,284.1564,286.2968,280.4914,282.6056,1204351.0,USD
2023-04-06,INST007,287.4657,294.0328,279.599,286.3701,900440.0,USD
2023-04-07,INST007,288.8468,293.0231,283.0112,286.1629,466703.0,USD
2023-04-10,INST007,279.7496,280.7259,273.6508,280.0523,138912.0,USD
2023-04-11,INST007,276.6938,281.723,271.5938,274.2204,433088.0,USD
2023-04-12,INST007,278.9771,280.9429,276.8472,278.8184,1327480.0,USD
2023-04-13,INST007,274.4448,275.6904,268.8077,274.428,3194668.0,USD
2023-04-14,INST007,276.9246,282.0866,272.6774,277.4067,1216681.0,USD
2023-04-17,INST007,271.3926,271.0571,270.0486,270.6135,4798944.0,USD
2023-04-18,INST007,267.4735,274.0629,265.4293,268.3761,3610148.0,USD
2023-04-19,INST007,270.151,275.1614,265.5773,270.1382,3423743.0,USD
2023-04-20,INST007,273.208,277.6911,270.1729,274.1978,1220553.0,USD
2023-04-21,INST007,278.7428,285.3575,271.1102,278.6498,2227479.0,USD
2023-04-24,INST007,282.1401,287.9277,273.116,280.9444,4980436.0,USD
2023-04-25,INST007,274.6377,276.2204,267.8812,274.8266,3765307.0,USD
2023-04-26,INST007,278.4651,282.2788,278.1987,278.646,2435875.0,USD
2023-04-27,INST007,277.2598,278.9307,270.1352,275.7325,1246113.0,USD
2023-04-28,INST007,279.8846,284.0135,276.7025,280.6142,3890631.0,USD
2023-05-01,INST007,276.2246,285.6373,271.8107,277.619,1904836.0,USD
2023-05-02,INST007,282.2109,280.8422,273.3505,280.0525,1499413.0,USD
2023-05-03,INST007,278.5009,279.5087,277.8088,278.6154,707324.0,USD
2023-05-04,INST007,276.4944,281.9578,272.1549,275.1235,1969593.0,USD
2023-05-05,INST007,280.4663,285.1287,278.5549,280.8987,3005879.0,USD
2023-05-08,INST007,275.4682,281.2167,266.4223,274.5732,566536.0,USD
2023-05-09,INST007,278.0192,279.2514,269.4519,277.432,2604610.0,USD
2023-05-10,INST007,279.1931,282.2428,278.8654,280.5683,4495977.0,USD
2023-05-11,INST007,283.3108,285.6564,280.61,282.2828,2617095.0,USD
2023-05-12,INST007,279.5339,282.7156,277.0619,281.6194,2526768.0,USD
2023-05-15,INST007,286.8865,291.6096,283.0657,288.6003,684267.0,USD
2023-05-16,INST007,294.8174,300.6651,288.7559,293.0194,1130233.0,USD
2023-05-17,INST007,286.3239,293.6863,277.434,285.7577,3743752.0,USD
2023-05-18,INST007,286.7815,292.981,281.2253,288.922,3086648.0,USD
2023-05-19,INST007,290.1475,289.2661,286.9139,289.2493,3829675.0,USD
2023-05-22,INST007,288.916,288.5905,280.5449,287.0274,506229.0,USD
2023-05-23,INST007,285.0563,288.3158,281.708,283.0777,2478730.0,USD
2023-05-24,INST007,279.5286,282.0467,277.9185,280.3765,4117772.0,USD
2023-05-25,INST007,283.0493,288.5137,279.766,280.7135,1526534.0,USD
2023-05-26,INST007,284.1622,289.56,279.8273,283.3207,3528902.0,USD
2023-05-29,INST007,287.221,288.3285,285.5035,285.9601,4273978.0,USD
2023-05-30,INST007,290.9302,294.7775,283.5602,291.7682,3837044.0,USD
2023-05-31,INST007,292.0599,296.8684,284.3486,291.5494,4045572.0,USD
2023-06-01,INST007,293.7195,298.7646,284.5619,292.4303,4069833.0,USD
2023-06-02,INST007,292.0952,293.3275,281.6621,289.705,3337844.0,USD
2023-06-05,INST007,296.0036,298.4235,294.6164,295.4211,4658133.0,USD
2023-06-06,INST007,299.444,301.4051,293.538,296.5059,2858339.0,USD
2023-06-07,INST007,301.5987,300.8658,294.7086,300.5759,1819213.0,USD
2023-06-08,INST007,306.2312,306.8559,300.3043,305.6797,2559700.0,USD
2023-06-09,INST007,303.1948,303.4565,295.108,301.52,2003833.0,USD
2023-06-12,INST007,299.9464,306.3838,290.3574,299.0148,1293340.0,USD
2023-06-13,INST007,301.6386,303.306,293.6551,302.1023,2843619.0,USD
2023-06-14,INST007,307.9642,316.0514,305.1412,307.0695,4386532.0,USD
2023-06-15,INST007,300.0712,303.2737,297.1068,300.1338,2714704.0,USD
2023-06-16,INST007,294.2995,298.464,287.5545,294.5736,3295820.0,USD
2023-06-19,INST007,293.0631,300.3568,286.0359,293.4911,1340782.0,USD
2023-06-20,INST007,286.5881,297.8887,283.0765,289.3491,4509840.0,USD
2023-06-21,INST007,293.8835,300.0625,288.4119,295.2547,3217408.0,USD
2023-06-22,INST007,291.9588,298.2223,286.4909,293.0083,2726882.0,USD
2023-06-23,INST007,295.8378,296.8614,289.6827,294.1684,1013452.0,USD
2023-06-26,INST007,299.0298,307.6554,291.5037,300.1385,1865050.0,USD
2023-06-27,INST007,303.4133,305.3708,301.964,305.2291,3828261.0,USD
2023-06-28,INST007,302.2494,312.8283,299.0026,304.2513,2783788.0,USD
2023-06-29,INST007,312.1912,311.1941,305.7171,310.8291,2107491.0,USD
2023-06-30,INST007,311.788,321.6422,308.7705,313.8493,380494.0,USD
2023-07-03,INST007,311.2286,316.3905,301.6674,310.5137,2333369.0,USD
2023-07-04,INST007,308.0342,307.1885,297.3752,306.008,1802760.0,USD
2023-07-05,INST007,300.2186,303.3342,296.0983,301.3307,1062668.0,USD
2023-07-06,INST007,296.6706,304.877,294.2028,296.7721,340908.0,USD
2023-07-07,INST007,297.9566,298.8077,297.3971,298.6987,4530270.0,USD
2023-07-10,INST007,295.4697,299.8852,285.1348,293.0868,4236199.0,USD
2023-07-11,INST007,290.8781,294.8596,288.7006,291.6063,3000146.0,USD
2023-07-12,INST007,289.7601,288.8726,279.6043,288.1046,2508158.0,USD
2023-07-13,INST007,294.0156,300.7489,286.0414,294.8851,4362823.0,USD
2023-07-14,INST007,295.6411,295.5976,290.1194,293.0851,750942.0,USD
2023-07-17,INST007,286.2064,293.0621,282.5399,288.0173,2969528.0,USD
2023-07-18,INST007,283.5324,292.1263,283.1955,285.9298,3798356.0,USD
2023-07-19,INST007,280.828,286.3943,281.4329,282.8826,2490124.0,USD
2023-07-20,INST007,285.459,294.8924,287.6636,288.1044,477098.0,USD
2023-07-21,INST007,289.3786,291.1096,289.8335,290.0915,3707420.0,USD
2023-07-24,INST007,284.7421,292.216,280.2316,283.9176,3237419.0,USD
2023-07-25,INST007,281.4501,289.6322,281.033,283.4143,4092339.0,USD
2023-07-26,INST007,284.2334,292.4225,283.1109,286.8419,2898039.0,USD
2023-07-27,INST007,288.2475,292.5123,284.1215,288.5321,4252596.0,USD
2023-07-28,INST007,291.7593,292.0559,289.9802,291.0597,4200920.0,USD
2023-07-31,INST007,283.0823,291.2177,278.3249,285.5298,2577572.0,USD
2023-08-01,INST007,285.2937,290.1199,283.4184,284.6059,2002028.0,USD
2023-08-02,INST007,286.8083,286.675,279.419,286.3897,3024275.0,USD
2023-08-03,INST007,288.0516,289.0415,279.4906,286.9635,4596944.0,USD
2023-08-04,INST007,282.1781,284.5861,280.4379,281.865,417985.0,USD
2023-08-07,INST007,282.1299,282.6023,273.3026,280.135,2871444.0,USD
2023-08-08,INST007,280.6195,288.5553,275.9079,280.5047,1940343.0,USD
2023-08-09,INST007,279.4243,285.3422,275.567,280.5665,3158346.0,USD
2023-08-10,INST007,280.6998,283.7917,272.8898,278.2447,3586474.0,USD
2023-08-11,INST007,283.0037,290.9581,280.3774,283.9765,2678705.0,USD
2023-08-14,INST007,284.7447,288.4446,280.7628,283.0318,1143057.0,USD
2023-08-15,INST007,280.5268,282.4549,273.9413,279.3423,4154292.0,USD
2023-08-16,INST007,271.7317,277.7705,267.9465,272.9004,3410909.0,USD
2023-08-17,INST007,276.2394,278.7818,271.7872,277.774,3695666.0,USD
2023-08-18,INST007,285.0859,287.3939,278.8328,284.0149,319619.0,USD
2023-08-21,INST007,278.788,281.2636,278.8972,279.6523,321371.0,USD
2023-08-22,INST007,282.5985,287.9746,275.2536,283.0793,2027862.0,USD
2023-08-23,INST007,284.367,289.5511,278.7928,285.5124,4339659.0,USD
2023-08-24,INST007,289.6207,294.5272,280.8647,288.4965,2722575.0,USD
2023-08-25,INST007,291.0667,293.575,284.4975,291.5053,2599243.0,USD
2023-08-28,INST007,292.1156,293.3704,286.4965,290.5433,3141346.0,USD
2023-08-29,INST007,289.32,292.8597,286.0286,290.896,330492.0,USD
2023-08-30,INST007,293.2775,292.9868,284.1793,292.0556,2635020.0,USD
2023-08-31,INST007,300.1961,301.4287,297.2849,298.4287,676184.0,USD
2023-09-01,INST007,300.6994,303.3387,295.9764,300.5947,1418229.0,USD
2023-09-04,INST007,303.0988,311.9558,299.493,305.0135,4539019.0,USD
2023-09-05,INST007,296.6974,301.759,293.6819,297.661,2791321.0,USD
2023-09-06,INST007,296.3228,302.1813,287.997,296.1307,477754.0,USD
2023-09-07,INST007,304.4777,303.9456,294.1057,301.8717,3831615.0,USD
2023-09-08,INST007,304.9761,306.5185,301.7298,303.4209,942564.0,USD
2023-09-11,INST007,308.6432,317.5952,304.4904,310.1211,4170044.0,USD
2023-09-12,INST007,310.7032,318.8022,307.8129,309.9435,3192502.0,USD
2023-09-13,INST007,312.1211,320.9282,305.8676,312.4649,3355387.0,USD
2023-09-14,INST007,318.3933,320.8857,310.0264,317.2322,2871967.0,USD
2023-09-15,INST007,323.8842,328.9682,313.3521,321.4784,3809850.0,USD
2023-09-18,INST007,320.9875,322.1515,317.6426,319.0297,520130.0,USD
2023-09-19,INST007,313.9925,320.4888,306.7165,315.4745,1509313.0,USD
2023-09-20,INST007,317.711,317.0397,313.5878,315.0694,3431297.0,USD
2023-09-21,INST007,305.481,313.5422,306.2853,307.9885,2159865.0,USD
2023-09-22,INST007,315.1685,324.3989,306.7667,315.5654,1726869.0,USD
2023-09-25,INST007,311.4217,321.1341,311.3144,313.2629,3931337.0,USD
2023-09-26,INST007,312.5771,314.9126,304.13,313.4527,2866703.0,USD
2023-09-27,INST007,310.5017,312.7556,302.564,310.3038,195806.0,USD
2023-09-28,INST007,315.2544,319.4761,306.2727,312.9356,2329298.0,USD
2023-09-29,INST007,307.434,314.4035,305.1082,305.395,731385.0,USD
2023-10-02,INST007,309.3324,312.9051,302.7008,307.7432,2262496.0,USD
2023-10-03,INST007,311.5734,320.2855,311.1664,312.2742,1211695.0,USD
2023-10-04,INST007,313.7414,319.1864,312.9138,314.9594,3484440.0,USD
2023-10-05,INST007,315.1951,321.3001,312.5971,315.033,3115671.0,USD
2023-10-06,INST007,320.4335,329.1726,322.7698,322.7978,4982254.0,USD
2023-10-09,INST007,329.9052,330.495,329.9872,330.305,4277173.0,USD
2023-10-10,INST007,327.574,333.7168,324.8652,328.4099,2345873.0,USD
2023-10-11,INST007,324.9238,332.5478,318.2453,323.5191,1648298.0,USD
2023-10-12,INST007,316.8987,322.7347,313.0218,318.415,4626119.0,USD
2023-10-13,INST007,309.5785,313.8837,308.6478,312.3798,292341.0,USD
2023-10-16,INST007,310.0748,309.9056,301.7123,309.3829,2377480.0,USD
2023-10-17,INST007,311.615,312.6517,307.4904,309.6182,1149867.0,USD
2023-10-18,INST007,301.5327,310.5276,298.4013,303.6113,1511263.0,USD
2023-10-19,INST007,300.1323,304.8503,301.1466,303.126,1021635.0,USD
2023-10-20,INST007,307.3892,310.0624,299.3476,308.0805,1244357.0,USD
2023-10-23,INST007,312.5988,316.3313,306.6998,315.6582,4508778.0,USD
2023-10-24,INST007,307.2885,309.2443,302.7049,308.5383,815881.0,USD
2023-10-25,INST007,301.9787,301.9982,293.106,301.3001,2041751.0,USD
2023-10-26,INST007,294.8287,304.8037,295.5961,297.3962,122436.0,USD
2023-10-27,INST007,290.6299,298.2416,284.2638,292.2594,824459.0,USD
2023-10-30,INST007,290.7833,295.4986,283.6683,290.9844,4764650.0,USD
2023-10-31,INST007,293.7314,298.7418,289.4469,295.4578,3726515.0,USD
2023-11-01,INST007,301.988,307.0828,293.6341,299.632,1580369.0,USD
2023-11-02,INST007,300.3121,303.3201,301.3894,301.6122,1495645.0,USD
2023-11-03,INST007,308.4342,307.7268,305.6543,307.5222,2362076.0,USD
2023-11-06,INST007,309.7177,310.6149,301.3046,309.5818,2218587.0,USD
2023-11-07,INST007,311.9617,313.1312,305.6133,312.9522,1274671.0,USD
2023-11-08,INST007,313.1407,321.763,305.6807,314.9739,3189274.0,USD
2023-11-09,INST007,314.8475,315.5607,308.1127,312.1176,2119220.0,USD
2023-11-10,INST007,314.4157,321.0623,307.6868,315.4198,2867407.0,USD
2023-11-13,INST007,322.7367,325.7621,320.5905,321.1371,1223433.0,USD
2023-11-14,INST007,328.1194,330.2709,317.9453,327.0189,1367013.0,USD
2023-11-15,INST007,329.6124,332.7883,331.4287,332.41,717709.0,USD
2023-11-16,INST007,329.6522,333.3755,324.9818,328.1672,1679063.0,USD
2023-11-17,INST007,336.0739,339.8369,332.9681,336.0307,3919244.0,USD
2023-11-20,INST007,324.9178,330.5877,324.1499,328.0116,3470863.0,USD
2023-11-21,INST007,333.8751,345.4525,326.9487,335.511,4682826.0,USD
2023-11-22,INST007,335.2163,340.4113,330.6465,333.2064,1543049.0,USD
2023-11-23,INST007,338.1976,341.1967,337.5856,338.0929,4927870.0,USD
2023-11-24,INST007,336.7964,345.4449,334.7142,336.4626,305875.0,USD
2023-11-27,INST007,342.55,349.3658,332.1959,341.2232,1323318.0,USD
2023-11-28,INST007,335.4113,343.4508,328.7156,333.7286,3812694.0,USD
2023-11-29,INST007,337.0566,341.0657,325.228,333.7814,525657.0,USD
2023-11-30,INST007,341.1599,344.9479,332.1689,340.5831,4713992.0,USD
2023-12-01,INST007,347.1114,350.5483,335.5701,344.4696,1985738.0,USD
2023-12-04,INST007,340.1692,341.6502,334.018,339.3797,4135709.0,USD
2023-12-05,INST007,334.9858,337.5762,332.1225,333.9764,4235528.0,USD
2023-12-06,INST007,334.4961,341.7298,327.0155,335.4118,3469940.0,USD
2023-12-07,INST007,333.1028,336.1752,327.4124,329.9113,3948541.0,USD
2023-12-08,INST007,331.2636,338.7923,328.8123,333.5839,2002376.0,USD
2023-12-11,INST007,338.3489,350.4953,332.5491,341.7591,703013.0,USD
2023-12-12,INST007,347.2148,346.3154,341.4929,346.3089,1825872.0,USD
2023-12-13,INST007,340.9924,342.513,336.0758,340.8061,1195430.0,USD
2023-12-14,INST007,341.191,347.8865,342.7418,344.042,2152190.0,USD
2023-12-15,INST007,338.9677,341.1084,334.7183,335.7803,2656224.0,USD
2023-12-18,INST007,334.22,340.1536,328.2122,335.9154,4128289.0,USD
2023-12-19,INST007,329.1654,332.922,319.5999,327.7084,4168725.0,USD
2023-12-20,INST007,321.004,323.9936,314.4153,323.2324,3100128.0,USD
2023-12-21,INST007,328.9886,332.3504,328.9642,329.0735,828244.0,USD
2023-12-22,INST007,323.1253,325.7857,321.3783,325.7005,733224.0,USD
2023-12-25,INST007,317.6532,325.0188,312.7958,317.9954,2309697.0,USD
2023-12-26,INST007,316.6608,326.1,318.6847,319.1751,885071.0,USD
2023-12-27,INST007,315.7996,319.9752,308.9596,312.8297,3905088.0,USD
2023-12-28,INST007,306.5374,312.4324,303.7445,306.2808,2316762.0,USD
2023-12-29,INST007,307.5025,310.805,296.3923,304.9377,1302990.0,USD
2024-01-01,INST007,300.6364,304.7233,291.5062,299.3796,1073899.0,USD
2024-01-02,INST007,309.3543,314.1884,306.0476,306.822,3659300.0,USD
2024-01-03,INST007,304.0944,311.7612,300.3778,303.7626,2875996.0,USD
2024-01-04,INST007,308.9706,314.8248,308.4035,308.6322,923471.0,USD
2024-01-05,INST007,305.4405,306.1759,301.0934,305.7415,3855010.0,USD
2024-01-08,INST007,299.9286,305.3826,297.9708,301.89,2879909.0,USD
2024-01-09,INST007,303.2933,306.1465,301.1819,302.4687,476901.0,USD
2024-01-10,INST007,307.0094,312.4205,302.4442,304.4687,3416215.0,USD
2024-01-11,INST007,301.959,301.1414,296.2585,300.4832,4285265.0,USD
2024-01-12,INST007,302.3468,311.0764,295.7351,304.4614,4023777.0,USD
2024-01-15,INST007,298.6577,306.5932,299.5755,300.9759,1269305.0,USD
2024-01-16,INST007,299.9306,305.0967,291.5753,298.0037,4975671.0,USD
2024-01-17,INST007,291.2434,293.5445,285.4474,290.8954,4227428.0,USD
2024-01-18,INST007,294.6949,294.18,290.6058,293.6777,313245.0,USD
2024-01-19,INST007,289.6956,292.5711,281.8299,286.9863,3658282.0,USD
2024-01-22,INST007,291.7223,295.5489,284.2978,288.9075,4193801.0,USD
2024-01-23,INST007,284.2011,284.8899,280.9016,282.6523,4298525.0,USD
2024-01-24,INST007,281.0612,283.2273,277.7398,281.6502,2980543.0,USD
2024-01-25,INST007,286.8876,290.8301,281.4945,285.2889,2575947.0,USD
2024-01-26,INST007,279.5751,280.5697,273.5836,278.6068,2075736.0,USD
2024-01-29,INST007,273.6443,276.9944,271.786,275.2139,474094.0,USD
2024-01-30,INST007,282.5252,289.8278,277.4955,281.5143,547246.0,USD
2024-01-31,INST007,282.1044,285.6062,273.3351,279.3484,878857.0,USD
2024-02-01,INST007,280.1175,286.9568,273.5053,280.2794,3097681.0,USD
2024-02-02,INST007,280.7316,281.6053,272.268,279.445,2304867.0,USD
2024-02-05,INST007,273.8353,278.8758,271.7929,274.6786,4026664.0,USD
2024-02-06,INST007,277.5635,281.6872,270.764,277.345,2628924.0,USD
2024-02-07,INST007,270.4925,279.3885,266.4233,271.8665,2743425.0,USD
2024-02-08,INST007,266.7258,268.5921,262.7004,266.8366,4952445.0,USD
2024-02-09,INST007,264.8359,267.4743,262.0925,264.0188,3397757.0,USD
2024-02-12,INST007,257.6138,260.7199,256.3753,257.4372,3704530.0,USD
2024-02-13,INST007,260.0266,267.5898,257.0652,260.877,1510423.0,USD
2024-02-14,INST007,262.8226,272.5065,257.7884,265.19,2048966.0,USD
2024-02-15,INST007,262.8601,267.2433,259.5654,265.337,3369547.0,USD
2024-02-16,INST007,271.7506,275.1841,269.8681,270.5639,2586011.0,USD
2024-02-19,INST007,269.6682,272.2893,264.807,269.0195,398925.0,USD
2024-02-20,INST007,270.5765,270.9497,263.1952,268.2986,3513413.0,USD
2024-02-21,INST007,261.988,268.5335,262.1355,263.1853,754300.0,USD
2024-02-22,INST007,261.4555,266.9196,257.7147,259.7868,4100355.0,USD
2024-02-23,INST007,251.7352,261.771,248.9948,254.255,2054498.0,USD
2024-02-26,INST007,255.223,260.6497,254.0234,254.2991,2359948.0,USD
2024-02-27,INST007,254.4011,263.2425,251.3512,256.5873,1467330.0,USD
2024-02-28,INST007,251.827,255.7908,247.5882,252.865,4714259.0,USD
2024-02-29,INST007,255.902,261.5855,249.1673,254.6031,4032164.0,USD
2024-03-01,INST007,262.3369,262.0744,255.6749,260.0566,3107000.0,USD
2024-03-04,INST007,263.9239,267.129,255.062,261.9665,1161970.0,USD
2024-03-05,INST007,264.0774,268.9599,260.0016,265.2494,4022246.0,USD
2024-03-06,INST007,269.7154,275.81,265.9281,270.4399,4916906.0,USD
2024-03-07,INST007,264.8169,270.1408,263.7798,265.5015,1172263.0,USD
2024-03-08,INST007,266.9072,272.2208,263.7195,268.423,2179764.0,USD
2024-03-11,INST007,260.9985,264.3402,261.9434,262.6753,2386754.0,USD
2024-03-12,INST007,256.3832,259.8975,256.0927,257.082,1427174.0,USD
2024-03-13,INST007,262.0394,263.8587,255.3728,259.7617,4157786.0,USD
2024-03-14,INST007,260.4765,259.7313,255.9399,257.9856,3770172.0,USD
2024-03-15,INST007,258.3698,264.8411,257.668,258.9128,4710536.0,USD
2024-03-18,INST007,257.8732,267.3464,252.826,260.0253,3515848.0,USD
2024-03-19,INST007,264.1264,266.6271,254.2116,261.7185,4797197.0,USD
2024-03-20,INST007,270.0041,269.3088,262.4729,267.5479,2240984.0,USD
2024-03-21,INST007,275.6601,277.6122,268.0926,273.0864,2479085.0,USD
2024-03-22,INST007,271.3854,274.0397,267.1737,269.6957,3801787.0,USD
2024-03-25,INST007,274.3723,280.3917,265.4635,272.2334,4585895.0,USD
2024-03-26,INST007,276.2543,283.5584,273.8345,275.6881,2963104.0,USD
2024-03-27,INST007,283.2434,282.8613,277.9614,281.7816,2788727.0,USD
2024-03-28,INST007,284.3081,292.6415,278.68,285.5508,2614868.0,USD
2024-03-29,INST007,281.5609,284.673,270.7901,278.8639,4141373.0,USD
2024-04-01,INST007,283.0438,285.8823,276.9727,282.4357,3565559.0,USD
2024-04-02,INST007,283.522,289.2582,278.3337,284.4597,1657458.0,USD
2024-04-03,INST007,285.0525,290.6008,280.6986,285.8468,1699686.0,USD
2024-04-04,INST007,287.3732,294.2738,287.8415,289.852,3398974.0,USD
2024-04-05,INST007,289.1868,296.1913,286.6703,289.7464,2450130.0,USD
2024-04-08,INST007,291.354,292.3037,281.8007,288.532,2025339.0,USD
2024-04-09,INST007,291.1955,298.6784,290.1959,294.0905,3369425.0,USD
2024-04-10,INST007,291.4523,292.1733,287.3064,289.1489,871690.0,USD
2024-04-11,INST007,291.1356,292.9073,284.3025,290.1335,1042145.0,USD
2024-04-12,INST007,291.3486,290.1024,287.8502,289.2514,361158.0,USD
2024-04-15,INST007,295.3374,300.0851,290.3416,293.4838,3426352.0,USD
2024-04-16,INST007,287.9965,297.0256,283.5498,290.1528,3903477.0,USD
2024-04-17,INST007,282.9513,291.2273,280.8557,283.6916,1182378.0,USD
2024-04-18,INST007,284.6162,287.8414,281.527,283.673,4204493.0,USD
2024-04-19,INST007,286.0479,286.4978,279.3224,283.967,2100485.0,USD
2024-04-22,INST007,277.6182,284.2405,272.2341,277.2581,3086412.0,USD
2024-04-23,INST007,271.4792,277.0621,265.7029,272.4145,646344.0,USD
2024-04-24,INST007,277.2349,280.1039,274.2034,276.4284,1547716.0,USD
2024-04-25,INST007,282.5804,288.1562,272.11,280.2525,1509822.0,USD
2024-04-26,INST007,287.065,285.2917,277.8907,285.2244,4737932.0,USD
2024-04-29,INST007,285.548,291.4468,282.286,288.0276,3531168.0,USD
2024-04-30,INST007,292.8991,297.2237,284.7912,291.9199,2975661.0,USD
2024-05-01,INST007,292.1256,297.4102,284.4272,291.8364,4669513.0,USD
2024-05-02,INST007,283.6427,289.5305,278.789,285.3233,583520.0,USD
2024-05-03,INST007,292.3152,294.75,290.885,291.2725,4362188.0,USD
2024-05-06,INST007,288.2305,286.2428,284.7741,285.6111,3662528.0,USD
2024-05-07,INST007,287.7778,292.4061,284.8068,288.0075,2323313.0,USD
2024-05-08,INST007,282.1627,290.2966,279.7951,284.9355,2187834.0,USD
2024-05-09,INST007,284.4629,284.0529,277.2407,282.0631,423099.0,USD
2024-05-10,INST007,281.4528,290.0007,276.2188,281.5655,2121091.0,USD
2024-05-13,INST007,279.5669,281.0313,272.65,277.4353,1881308.0,USD
2024-05-14,INST007,282.8739,292.2072,278.5655,284.3461,748246.0,USD
2024-05-15,INST007,278.6132,286.9847,278.8825,278.9847,229706.0,USD
2024-05-16,INST007,285.2855,285.62,281.6614,283.9787,4044847.0,USD
2024-05-17,INST007,281.5281,285.1559,274.1402,279.689,2794868.0,USD
2024-05-20,INST007,277.3028,283.5175,269.1561,276.4626,3945651.0,USD
2024-05-21,INST007,282.8456,284.5173,276.2775,280.7206,2069812.0,USD
2024-05-22,INST007,284.1784,284.3906,282.164,283.1608,4506740.0,USD
2024-05-23,INST007,281.166,290.6147,280.2307,283.031,2516049.0,USD
2024-05-24,INST007,291.3065,292.6858,286.5419,289.4505,738749.0,USD
2024-05-27,INST007,288.2242,287.1954,278.4845,285.5617,1327650.0,USD
2024-05-28,INST007,289.8147,293.8468,287.5472,290.8002,859992.0,USD
2024-05-29,INST007,294.1236,299.9016,292.9678,296.3209,2311573.0,USD
2024-05-30,INST007,298.3746,307.8485,298.4441,300.5662,3319369.0,USD
2024-05-31,INST007,304.3403,314.55,302.1969,306.6035,4606658.0,USD
2024-06-03,INST007,307.277,311.2693,297.3961,306.0197,2583902.0,USD
2024-06-04,INST007,300.5654,308.2756,294.6388,299.4168,1724924.0,USD
2024-06-05,INST007,293.9321,302.8684,294.556,294.5616,978308.0,USD
2024-06-06,INST007,292.1483,295.5743,286.097,294.4399,4447952.0,USD
2024-06-07,INST007,302.4093,304.5412,300.0565,301.7677,571154.0,USD
2024-06-10,INST007,304.2184,303.1633,297.6549,302.9783,410387.0,USD
2024-06-11,INST007,303.759,311.3473,299.9137,306.0337,2970276.0,USD
2024-06-12,INST007,308.635,314.9539,298.5886,305.9649,782805.0,USD
2024-06-13,INST007,314.1139,321.0035,306.9859,312.1738,2007234.0,USD
2024-06-14,INST007,317.0325,326.1997,309.3146,317.5797,220347.0,USD
2024-06-17,INST007,322.9903,323.9533,318.8711,323.3438,1755385.0,USD
2024-06-18,INST007,324.7761,332.9557,318.0366,327.1857,4689449.0,USD
2024-06-19,INST007,334.9704,335.1034,328.8873,334.9073,2825858.0,USD
2024-06-20,INST007,342.5333,350.471,340.5152,341.9044,3772862.0,USD
2024-06-21,INST007,335.4163,340.1061,328.7104,337.9066,858142.0,USD
2024-06-24,INST007,334.3956,343.5403,324.5825,334.397,523950.0,USD
2024-06-25,INST007,337.7637,336.6396,333.8165,335.8245,2790014.0,USD
2024-06-26,INST007,327.6396,335.0279,323.7616,328.5495,4772976.0,USD
2024-06-27,INST007,333.0799,336.4606,327.8991,335.7491,1558189.0,USD
2024-06-28,INST007,340.285,345.7262,336.3963,341.4593,4047134.0,USD
2024-07-01,INST007,341.1517,345.8204,333.243,338.8111,1990866.0,USD
2024-07-02,INST007,341.5275,340.0017,336.369,338.3183,812758.0,USD
2024-07-03,INST007,345.3927,349.9902,336.0943,343.1324,1865668.0,USD
2024-07-04,INST007,350.1692,353.793,348.7098,350.32,2449808.0,USD
2024-07-05,INST007,341.9349,344.0682,333.3536,343.6597,2276383.0,USD
2024-07-08,INST007,342.4897,352.2779,339.9326,342.814,3420101.0,USD
2024-07-09,INST007,343.7627,352.8619,344.9414,345.4716,540030.0,USD
2024-07-10,INST007,341.2389,350.3214,335.0467,343.8962,999399.0,USD
2024-07-11,INST007,340.3202,349.6897,333.9004,341.5804,2861496.0,USD
2024-07-12,INST007,345.6914,345.5411,334.3355,343.5843,123866.0,USD
2024-07-15,INST007,335.2817,346.0191,329.613,338.3009,3586381.0,USD
2024-07-16,INST007,335.8617,343.2118,329.902,334.6155,3608549.0,USD
2024-07-17,INST007,330.9393,329.1751,319.3975,328.2662,703948.0,USD
2024-07-18,INST007,329.6693,332.4486,325.3078,329.2202,2093768.0,USD
2024-07-19,INST007,333.9804,339.5728,331.3966,336.4325,2854840.0,USD
2024-07-22,INST007,342.6253,347.7889,336.2568,339.7319,4661984.0,USD
2024-07-23,INST007,333.4793,342.1044,333.4536,335.1081,4955320.0,USD
2024-07-24,INST007,338.7176,339.903,328.5861,337.4308,1984240.0,USD
2024-07-25,INST007,340.9294,349.7048,337.8796,339.897,515438.0,USD
2024-07-26,INST007,348.0335,352.2493,339.6153,346.5094,3855074.0,USD
2024-07-29,INST007,339.5662,341.737,339.077,340.5427,4986227.0,USD
2024-07-30,INST007,333.6725,336.9291,331.582,332.713,1246492.0,USD
2024-07-31,INST007,337.1609,341.6334,339.892,340.0078,945715.0,USD
2024-08-01,INST007,332.4102,334.9875,324.6393,333.8597,2894506.0,USD
2024-08-02,INST007,340.662,349.1434,337.2922,341.3623,4185821.0,USD
2024-08-05,INST007,334.8464,344.5623,335.9013,337.0628,1802338.0,USD
2024-08-06,INST007,343.4131,341.6736,334.4818,340.8525,3973595.0,USD
2024-08-07,INST007,340.2084,343.2188,328.521,337.6398,4607453.0,USD
2024-08-08,INST007,333.4306,339.8409,329.7038,335.0507,4345150.0,USD
2024-08-09,INST007,337.8439,349.8265,330.4641,340.2995,977768.0,USD
2024-08-12,INST007,336.7072,337.408,330.6484,335.3196,633754.0,USD
2024-08-13,INST007,325.7612,335.0069,327.8148,328.5329,3308575.0,USD
2024-08-14,INST007,326.9645,338.2104,323.3297,328.6246,2855470.0,USD
2024-08-15,INST007,319.6752,330.3222,316.9336,320.9852,4410247.0,USD
2024-08-16,INST007,314.3092,326.3548,309.728,317.151,3774415.0,USD
2024-08-19,INST007,324.2226,325.5512,321.1499,322.2875,4423983.0,USD
2024-08-20,INST007,323.1146,322.057,316.0828,320.6092,1317662.0,USD
2024-08-21,INST007,315.3888,319.4649,306.4634,313.489,519969.0,USD
2024-08-22,INST007,316.3587,320.35,307.5081,316.4424,225467.0,USD
2024-08-23,INST007,319.883,325.7253,319.2323,319.8646,1613713.0,USD
2024-08-26,INST007,330.4181,336.2738,320.0906,327.2613,4909766.0,USD
2024-08-27,INST007,321.3028,332.6391,322.3661,323.3871,1478580.0,USD
2024-08-28,INST007,330.8504,330.7592,321.0665,330.0354,231035.0,USD
2024-08-29,INST007,332.9383,334.7914,323.3738,332.0123,3712305.0,USD
2024-08-30,INST007,340.7102,340.8536,336.6854,340.1805,1289137.0,USD
2024-09-02,INST007,345.8307,347.786,337.6172,344.0727,3645357.0,USD
2024-09-03,INST007,345.0607,344.5516,339.1136,342.4731,4395355.0,USD
2024-09-04,INST007,346.7242,353.8056,347.9463,349.8916,553024.0,USD
2024-09-05,INST007,342.7883,347.2594,334.6232,342.2645,4037546.0,USD
2024-09-06,INST007,347.9592,347.9064,345.0749,346.3749,4463856.0,USD
2024-09-09,INST007,340.7716,342.8908,336.0522,338.0605,2634766.0,USD
2024-09-10,INST007,339.7093,349.1901,341.3903,341.6391,1491768.0,USD
2024-09-11,INST007,336.168,336.4547,332.5413,334.3049,1885762.0,USD
2024-09-12,INST007,337.7625,342.9899,325.9599,335.0791,2757773.0,USD
2024-09-13,INST007,343.8334,346.6535,337.506,342.9726,2388045.0,USD
2024-09-16,INST007,339.5307,346.5177,338.0103,341.0644,438156.0,USD
2024-09-17,INST007,338.7923,338.6911,338.2837,338.5146,1960108.0,USD
2024-09-18,INST007,330.8182,335.438,330.399,333.1141,439665.0,USD
2024-09-19,INST007,336.6263,347.3465,336.0185,338.0068,4979695.0,USD
2024-09-20,INST007,335.1481,343.653,327.5353,333.7945,2860367.0,USD
2024-09-23,INST007,334.586,347.5914,337.2795,337.6917,451345.0,USD
2024-09-24,INST007,329.5941,338.5646,326.2427,332.2722,543288.0,USD
2024-09-25,INST007,333.4583,333.2121,321.6926,331.277,4191066.0,USD
2024-09-26,INST007,325.4182,337.2596,324.8226,327.8403,1516786.0,USD
2024-09-27,INST007,327.3031,334.8922,327.0741,330.4644,4154428.0,USD
2024-09-30,INST007,334.699,342.9638,329.6253,337.5562,1028992.0,USD
2024-10-01,INST007,339.1673,340.0615,335.5065,339.7474,1752498.0,USD
2024-10-02,INST007,340.6282,351.253,335.5271,341.4308,3912749.0,USD
2024-10-03,INST007,344.5995,347.1657,337.2344,345.3712,1566528.0,USD
2024-10-04,INST007,347.4645,346.515,336.852,345.5178,4724527.0,USD
2024-10-07,INST007,350.0848,360.0652,346.0998,353.4485,1040698.0,USD
2024-10-08,INST007,360.5137,363.1497,354.4238,359.0803,4316364.0,USD
2024-10-09,INST007,369.0567,375.9002,366.759,367.2525,684908.0,USD
2024-10-10,INST007,373.1839,371.2575,369.9362,370.3428,4973008.0,USD
2024-10-11,INST007,371.4466,377.1346,364.5229,373.2823,4962115.0,USD
2024-10-14,INST007,373.6833,377.6192,374.6292,376.2196,1874299.0,USD
2024-10-15,INST007,367.1379,369.6359,356.6094,367.3309,3530581.0,USD
2024-10-16,INST007,360.6153,368.3589,354.156,360.2523,3269448.0,USD
2024-10-17,INST007,358.2361,367.0222,359.5747,360.0208,2815892.0,USD
2024-10-18,INST007,358.7189,364.2387,357.6836,357.7331,2875422.0,USD
2024-10-21,INST007,365.2155,374.9411,363.8342,364.0636,1780699.0,USD
2024-10-22,INST007,370.5335,378.432,367.4719,368.1527,367916.0,USD
2024-10-23,INST007,356.8802,359.584,352.8975,359.2457,2143756.0,USD
2024-10-24,INST007,349.7344,358.6029,342.6114,350.7356,2350732.0,USD
2024-10-25,INST007,351.2698,354.8363,343.6493,348.083,2391834.0,USD
2024-10-28,INST007,337.5541,343.2711,340.0565,340.6209,4962696.0,USD
2024-10-29,INST007,335.1906,338.464,325.7533,333.9638,4507882.0,USD
2024-10-30,INST007,332.0254,336.501,329.3286,330.7646,4741363.0,USD
2024-10-31,INST007,335.7557,335.1451,333.9864,334.0225,4287708.0,USD
2024-11-01,INST007,340.9436,342.6096,333.2486,337.8969,2223679.0,USD
2024-11-04,INST007,330.0463,332.6403,325.3862,330.908,1954027.0,USD
2024-11-05,INST007,330.0024,330.1143,325.9227,328.8274,4693397.0,USD
2024-11-06,INST007,334.7227,342.3653,332.2576,334.5612,1439928.0,USD
2024-11-07,INST007,341.6311,346.7747,333.4453,341.5883,841541.0,USD
2024-11-08,INST007,336.3633,345.2638,337.5074,338.1609,3422854.0,USD
2024-11-11,INST007,341.4465,348.6853,339.85,344.1612,2508405.0,USD
2024-11-12,INST007,345.1664,352.1368,345.2562,347.1165,3818491.0,USD
2024-11-13,INST007,336.1087,346.4624,328.8814,339.0151,587068.0,USD
2024-11-14,INST007,335.0735,335.1414,325.4878,332.614,3710013.0,USD
2024-11-15,INST007,337.8019,336.1501,330.7377,335.227,4056853.0,USD
2024-11-18,INST007,330.2877,330.5243,322.5683,329.3821,4020951.0,USD
2024-11-19,INST007,323.5831,328.732,321.9191,323.7435,3653424.0,USD
2024-11-20,INST007,329.8602,338.295,322.9285,328.4442,1168267.0,USD
2024-11-21,INST007,325.7525,333.9583,324.5971,325.4069,2156613.0,USD
2024-11-22,INST007,329.866,337.2722,327.8675,330.6295,4717183.0,USD
2024-11-25,INST007,333.2989,340.9804,330.1306,333.2503,3073847.0,USD
2024-11-26,INST007,342.73,346.6091,337.4254,341.3346,1568567.0,USD
2024-11-27,INST007,342.2873,353.5614,337.4156,345.3724,3886678.0,USD
2024-11-28,INST007,340.8697,352.2973,335.7256,343.0491,368854.0,USD
2024-11-29,INST007,342.5604,347.6148,340.0455,342.1729,3014620.0,USD
2024-12-02,INST007,334.3916,337.0,328.8784,336.6051,300224.0,USD
2024-12-03,INST007,337.7075,342.1809,326.8692,334.4145,1777394.0,USD
2024-12-04,INST007,336.9212,345.5199,330.5184,340.1279,1551392.0,USD
2024-12-05,INST007,344.5439,350.3387,333.5198,341.9566,3845813.0,USD
2024-12-06,INST007,343.0058,352.0503,340.099,343.399,3551127.0,USD
2024-12-09,INST007,343.5995,350.4788,342.7488,345.9005,1162339.0,USD
2024-12-10,INST007,347.7521,354.5785,344.226,344.55,1767876.0,USD
2024-12-11,INST007,348.9337,349.8023,347.8414,349.7911,2160980.0,USD
2024-12-12,INST007,352.7182,358.4019,350.0129,353.92,1976778.0,USD
2024-12-13,INST007,348.9466,354.6419,351.0747,351.6028,3276690.0,USD
2024-12-16,INST007,356.0853,362.9209,353.3796,354.9295,4449358.0,USD
2024-12-17,INST007,356.2857,361.7548,353.6165,353.8653,1450911.0,USD
2024-12-18,INST007,348.5911,354.6378,339.0227,348.8032,902528.0,USD
2024-12-19,INST007,354.7678,365.3848,352.5201,355.1367,2612798.0,USD
2024-12-20,INST007,351.0936,355.74,344.899,348.4346,235520.0,USD
2024-12-23,INST007,352.0524,363.0379,350.538,354.6713,2117624.0,USD
2024-12-24,INST007,364.2512,366.1366,356.792,361.0199,3288986.0,USD
2024-12-25,INST007,356.9449,359.0497,352.8762,354.8114,131978.0,USD
2024-12-26,INST007,358.7481,367.6904,357.7146,359.0639,119703.0,USD
2024-12-27,INST007,350.3859,362.2163,348.9002,353.4093,3467809.0,USD
2024-12-30,INST007,354.8424,360.3988,350.9333,352.8306,3988381.0,USD
2024-12-31,INST007,351.6145,351.1672,347.717,348.6633,2726892.0,USD
2022-01-03,INST008,124.7036,127.8937,122.5733,124.6409,4979295.0,USD
2022-01-04,INST008,127.2942,128.7079,126.6359,127.399,2038403.0,USD
2022-01-05,INST008,129.2419,130.5986,126.1769,130.0713,962195.0,USD
2022-01-06,INST008,131.6663,132.18,130.3293,132.1451,1469316.0,USD
2022-01-07,INST008,128.8843,132.6341,128.2099,128.9536,4022146.0,USD
2022-01-10,INST008,130.746,130.9446,127.4704,130.1353,3656262.0,USD
2022-01-11,INST008,133.5592,133.8081,130.3363,132.7851,1555285.0,USD
2022-01-12,INST008,131.5033,135.5913,130.0848,132.1137,4654233.0,USD
2022-01-13,INST008,129.8881,130.4198,127.885,128.9974,4719885.0,USD
2022-01-14,INST008,130.1096,132.4615,129.0558,131.0351,3650465.0,USD
2022-01-17,INST008,129.7362,131.488,126.8274,128.8249,1573511.0,USD
2022-01-18,INST008,130.1093,130.9157,129.9433,130.257,3471843.0,USD
2022-01-19,INST008,130.2873,135.4204,128.8393,131.5417,290689.0,USD
2022-01-20,INST008,133.1978,133.295,131.986,131.9896,375604.0,USD
2022-01-21,INST008,131.5594,134.093,128.7939,132.7192,4151877.0,USD
2022-01-24,INST008,132.6984,134.8742,131.7293,133.6623,2879482.0,USD
2022-01-25,INST008,134.8259,137.4375,133.5152,135.4653,2952060.0,USD
2022-01-26,INST008,137.6743,138.0508,134.9733,137.7788,602057.0,USD
2022-01-27,INST008,138.903,141.8518,135.0579,138.2481,171171.0,USD
2022-01-28,INST008,136.6611,137.2662,134.3314,136.8713,3022431.0,USD
2022-01-31,INST008,134.5271,137.4859,134.3963,135.8825,119178.0,USD
2022-02-01,INST008,136.4098,140.9497,133.6317,136.8683,965291.0,USD
2022-02-02,INST008,135.7377,139.5716,135.6948,136.6294,2335356.0,USD
2022-02-03,INST008,136.7392,137.2245,134.0767,137.1826,1945690.0,USD
2022-02-04,INST008,136.571,138.6728,134.6709,137.8178,3442017.0,USD
2022-02-07,INST008,135.5441,138.9957,133.6205,135.3205,1146171.0,USD
2022-02-08,INST008,135.2301,138.7698,131.0637,134.9043,916324.0,USD
2022-02-09,INST008,134.9806,137.8815,134.1232,134.7407,2562144.0,USD
2022-02-10,INST008,133.4009,135.8451,132.3472,134.1277,1297034.0,USD
2022-02-11,INST008,135.4201,136.3647,133.2029,134.2994,3786639.0,USD
2022-02-14,INST008,133.7491,136.1182,131.2895,132.9907,187541.0,USD
2022-02-15,INST008,128.8449,130.9391,126.4949,129.7651,3383083.0,USD
2022-02-16,INST008,131.461,134.4497,128.4526,131.209,404982.0,USD
2022-02-17,INST008,129.391,133.5132,129.2945,130.0353,2417197.0,USD
2022-02-18,INST008,131.1771,133.3167,131.4502,131.7489,4655899.0,USD
2022-02-21,INST008,127.7855,130.0418,127.0592,128.9347,2719848.0,USD
2022-02-22,INST008,129.5451,132.7101,128.1152,129.1534,3486841.0,USD
2022-02-23,INST008,131.5618,133.7566,127.6374,130.8876,3787565.0,USD
2022-02-24,INST008,132.1103,135.4051,130.056,131.7202,4516539.0,USD
2022-02-25,INST008,133.1709,134.2673,130.7947,133.7886,3820973.0,USD
2022-02-28,INST008,131.2266,134.12,129.7399,130.4778,1498173.0,USD
2022-03-01,INST008,126.1419,128.1554,126.1019,127.4104,637784.0,USD
2022-03-02,INST008,127.8288,130.982,125.1831,127.345,3128195.0,USD
2022-03-03,INST008,129.8192,131.1891,126.2081,128.6142,974414.0,USD
2022-03-04,INST008,128.6071,132.4153,125.3211,128.8802,784046.0,USD
2022-03-07,INST008,130.2084,133.7755,128.3363,130.132,1849355.0,USD
2022-03-08,INST008,128.338,130.2818,124.9233,128.5795,4278157.0,USD
2022-03-09,INST008,127.2055,128.3721,128.2482,128.2538,450507.0,USD
2022-03-10,INST008,128.2857,130.8026,125.1998,127.7063,1035449.0,USD
2022-03-11,INST008,131.0424,132.6332,126.164,129.899,3048562.0,USD
2022-03-14,INST008,127.0111,128.6372,126.0542,127.9348,872048.0,USD
2022-03-15,INST008,125.116,129.1058,122.6398,126.2971,4478679.0,USD
2022-03-16,INST008,129.0025,129.6733,128.263,128.596,4068873.0,USD
2022-03-17,INST008,130.7059,131.5034,130.8918,131.3543,2712843.0,USD
2022-03-18,INST008,130.1133,131.4115,130.0058,130.4116,4539883.0,USD
2022-03-21,INST008,129.1459,131.6157,125.3409,128.5924,3343896.0,USD
2022-03-22,INST008,127.7847,130.3189,125.9224,128.5616,4385011.0,USD
2022-03-23,INST008,129.9507,132.714,130.2214,130.8639,3021518.0,USD
2022-03-24,INST008,131.1797,134.9286,128.0824,131.3784,2491597.0,USD
2022-03-25,INST008,132.1821,134.3577,128.4895,131.3449,2417103.0,USD
2022-03-28,INST008,130.7964,133.9456,127.8064,130.5785,2214034.0,USD
2022-03-29,INST008,127.2821,127.7619,124.7362,127.7252,2398976.0,USD
2022-03-30,INST008,130.9479,130.7543,126.3213,129.9972,2013404.0,USD
2022-03-31,INST008,133.3192,132.5107,130.7562,132.3845,2382406.0,USD
2022-04-01,INST008,133.2348,135.2149,131.8586,132.3377,3669322.0,USD
2022-04-04,INST008,130.559,135.0704,128.6781,131.7455,3779089.0,USD
2022-04-05,INST008,133.7326,133.9264,131.0034,133.637,4514080.0,USD
2022-04-06,INST008,132.3672,133.3052,130.4251,131.1542,3512168.0,USD
2022-04-07,INST008,132.2593,134.6701,129.4075,132.0389,3674503.0,USD
2022-04-08,INST008,129.6361,131.7877,128.9068,130.8954,202779.0,USD
2022-04-11,INST008,128.2586,129.6783,127.7942,128.3401,1962039.0,USD
2022-04-12,INST008,125.9401,129.6121,126.7906,126.9682,3991300.0,USD
2022-04-13,INST008,125.2546,127.4761,125.0687,125.9846,3315893.0,USD
2022-04-14,INST008,127.7678,131.0302,126.7289,128.6495,2542115.0,USD
2022-04-15,INST008,127.3285,128.2607,124.5291,127.454,3283329.0,USD
2022-04-18,INST008,125.6041,126.8172,124.2363,124.3875,993540.0,USD
2022-04-19,INST008,127.2568,127.3005,123.1724,126.7779,1520650.0,USD
2022-04-20,INST008,126.7174,125.9526,124.1955,125.7093,2151996.0,USD
2022-04-21,INST008,124.7586,125.287,123.7065,125.0284,4576718.0,USD
2022-04-22,INST008,124.6973,125.6968,122.0667,124.3309,3811358.0,USD
2022-04-25,INST008,122.6345,125.5431,119.0902,122.1253,1374516.0,USD
2022-04-26,INST008,123.6376,125.5511,123.3591,123.8325,3174490.0,USD
2022-04-27,INST008,125.2629,126.8839,123.8845,124.6594,2573785.0,USD
2022-04-28,INST008,122.5765,126.6323,123.7389,123.7602,716839.0,USD
2022-04-29,INST008,122.3524,124.4808,119.4102,121.1763,4136130.0,USD
2022-05-02,INST008,123.7527,125.9642,121.9562,123.9915,2999925.0,USD
2022-05-03,INST008,121.5816,125.2148,121.0017,122.3741,2592701.0,USD
2022-05-04,INST008,125.2794,127.3117,122.7553,124.12,4952864.0,USD
2022-05-05,INST008,126.2902,129.1275,124.8056,126.6089,4437096.0,USD
2022-05-06,INST008,123.2946,126.0453,123.9394,124.5052,4492474.0,USD
2022-05-09,INST008,122.3687,125.192,119.9462,123.1842,1192041.0,USD
2022-05-10,INST008,125.5983,126.6512,123.4393,126.244,785321.0,USD
2022-05-11,INST008,128.0674,129.6402,128.6728,128.7765,2412481.0,USD
2022-05-12,INST008,129.8372,130.4841,128.8023,130.0748,835824.0,USD
2022-05-13,INST008,127.5297,130.196,125.6945,127.5448,1621786.0,USD
2022-05-16,INST008,129.7423,133.5421,126.5743,130.1533,4915951.0,USD
2022-05-17,INST008,129.1379,128.865,127.9061,128.1882,2732678.0,USD
2022-05-18,INST008,125.8989,126.7375,125.7509,126.2635,3821203.0,USD
2022-05-19,INST008,125.8428,129.4001,125.837,127.0312,3649495.0,USD
2022-05-20,INST008,127.1497,128.3404,125.2293,128.0838,3590222.0,USD
2022-05-23,INST008,127.7656,129.3531,125.4161,128.9282,1143702.0,USD
2022-05-24,INST008,129.5838,131.7461,128.1678,128.7804,488691.0,USD
2022-05-25,INST008,133.1655,133.2962,129.0622,131.9836,576251.0,USD
2022-05-26,INST008,129.9033,129.3302,127.8076,128.6858,478923.0,USD
2022-05-27,INST008,129.4586,132.4021,127.9453,129.2624,1214671.0,USD
2022-05-30,INST008,131.3371,135.5213,128.8281,132.0627,392112.0,USD
2022-05-31,INST008,135.0253,137.4246,130.6533,134.1209,3278595.0,USD
2022-06-01,INST008,137.9486,139.7701,136.1683,136.6552,2534903.0,USD
2022-06-02,INST008,137.9115,138.9843,133.0413,136.874,2741589.0,USD
2022-06-03,INST008,135.7657,138.6218,134.5425,135.191,3490125.0,USD
2022-06-06,INST008,135.1226,134.1969,130.2527,133.9815,4689322.0,USD
2022-06-07,INST008,134.2677,137.004,130.6768,134.0704,677415.0,USD
2022-06-08,INST008,138.3634,140.5673,134.0391,137.1816,856445.0,USD
2022-06-09,INST008,138.7578,142.1936,138.7025,139.775,904697.0,USD
2022-06-10,INST008,139.3717,142.9799,139.3101,140.2669,4248670.0,USD
2022-06-13,INST008,138.9798,143.6783,137.0151,140.189,171970.0,USD
2022-06-14,INST008,138.2237,139.1163,137.9321,137.9515,4265353.0,USD
2022-06-15,INST008,135.1312,137.2071,134.0757,136.0579,108831.0,USD
2022-06-16,INST008,136.4754,136.7994,134.9241,135.3438,1030328.0,USD
2022-06-17,INST008,133.5437,133.5545,130.9305,133.2955,4719708.0,USD
2022-06-20,INST008,132.0109,135.1023,131.6196,132.3236,1859509.0,USD
2022-06-21,INST008,133.1408,134.443,130.8625,133.726,4678708.0,USD
2022-06-22,INST008,132.8978,135.3332,131.7823,132.933,3738350.0,USD
2022-06-23,INST008,132.0698,133.4391,130.1285,131.7052,234597.0,USD
2022-06-24,INST008,129.5821,131.0629,126.1685,129.3507,221535.0,USD
2022-06-27,INST008,125.9936,126.5602,123.4591,126.467,528242.0,USD
2022-06-28,INST008,124.0383,126.7332,124.0162,125.1274,130971.0,USD
2022-06-29,INST008,121.6087,124.6799,120.3587,122.4045,2917395.0,USD
2022-06-30,INST008,120.5381,120.1865,116.2141,119.5451,473576.0,USD
2022-07-01,INST008,117.1719,119.8658,115.2383,117.237,2937838.0,USD
2022-07-04,INST008,120.1864,121.6836,117.9213,120.1396,2727293.0,USD
2022-07-05,INST008,119.5976,121.8281,115.5997,118.8089,3972954.0,USD
2022-07-06,INST008,119.1556,123.7861,117.1566,120.2336,4044062.0,USD
2022-07-07,INST008,122.832,124.4566,120.5023,122.4557,3495939.0,USD
2022-07-08,INST008,126.2311,127.013,123.1094,125.4657,1002741.0,USD
2022-07-11,INST008,127.6514,130.5606,124.0052,127.5508,2058331.0,USD
2022-07-12,INST008,128.682,130.6081,127.1636,128.8925,1982722.0,USD
2022-07-13,INST008,131.2002,134.4768,129.3702,131.7676,4127906.0,USD
2022-07-14,INST008,129.8637,130.4588,126.9784,129.0292,4439080.0,USD
2022-07-15,INST008,128.0615,130.2007,127.2046,128.0269,2765729.0,USD
2022-07-18,INST008,126.4997,127.5955,123.1353,126.6233,3967015.0,USD
2022-07-19,INST008,125.2007,127.1892,124.1556,125.6713,1969064.0,USD
2022-07-20,INST008,124.2947,124.4838,120.1393,123.5387,4873046.0,USD
2022-07-21,INST008,121.8856,123.7354,119.5792,121.2576,3929350.0,USD
2022-07-22,INST008,121.6087,121.7408,119.6713,120.6867,4294428.0,USD
2022-07-25,INST008,122.2826,123.7472,119.7045,123.1392,2721974.0,USD
2022-07-26,INST008,124.0563,125.7495,122.9651,124.0453,3115476.0,USD
2022-07-27,INST008,122.9061,124.1069,120.157,122.9788,3817887.0,USD
2022-07-28,INST008,125.3272,126.8086,122.7187,124.1976,3737512.0,USD
2022-07-29,INST008,122.2796,122.8135,120.271,121.3526,667428.0,USD
2022-08-01,INST008,122.5896,125.8089,119.5163,123.2025,4968877.0,USD
2022-08-02,INST008,123.9679,126.4797,122.861,123.634,1967915.0,USD
2022-08-03,INST008,121.9304,124.718,121.7684,122.7831,3890598.0,USD
2022-08-04,INST008,120.4203,123.0839,119.7611,120.2728,427957.0,USD
2022-08-05,INST008,118.5304,118.6852,115.4788,117.6266,2060533.0,USD
2022-08-08,INST008,117.3082,119.7571,116.4218,117.5182,513002.0,USD
2022-08-09,INST008,115.2233,117.7639,115.9496,116.1488,3767050.0,USD
2022-08-10,INST008,113.5396,114.1397,113.0854,113.5446,621825.0,USD
2022-08-11,INST008,110.8677,112.8168,110.4074,111.9107,4802217.0,USD
2022-08-12,INST008,112.2154,114.6458,112.0964,112.7498,2251197.0,USD
2022-08-15,INST008,111.6595,112.4769,110.4714,112.0513,364478.0,USD
2022-08-16,INST008,110.7773,114.0982,109.3954,111.0135,4830664.0,USD
2022-08-17,INST008,108.7164,111.4569,107.4803,109.1543,2190521.0,USD
2022-08-18,INST008,109.4773,110.3326,106.6903,108.9974,349482.0,USD
2022-08-19,INST008,109.9961,111.3644,107.0612,110.1569,2088778.0,USD
2022-08-22,INST008,110.4233,112.6191,107.397,109.7247,1304655.0,USD
2022-08-23,INST008,111.8981,112.1602,109.4436,111.9993,1672762.0,USD
2022-08-24,INST008,114.6079,115.987,112.6228,114.096,3999519.0,USD
2022-08-25,INST008,114.5516,116.1536,113.0655,113.657,1858891.0,USD
2022-08-26,INST008,116.5676,118.7948,113.8663,116.4401,1724104.0,USD
2022-08-29,INST008,118.1739,120.2434,117.0864,118.2009,2901169.0,USD
2022-08-30,INST008,116.2281,116.9543,114.395,116.2215,176311.0,USD
2022-08-31,INST008,115.8617,116.7681,113.9056,115.5432,3071704.0,USD
2022-09-01,INST008,114.2369,116.6908,114.0735,114.4333,2881121.0,USD
2022-09-02,INST008,115.807,117.9765,111.8358,114.9883,4312756.0,USD
2022-09-05,INST008,115.3956,118.4051,113.618,115.6903,918253.0,USD
2022-09-06,INST008,115.7043,116.5764,114.581,116.2297,2088355.0,USD
2022-09-07,INST008,118.1087,119.2428,116.7089,116.9421,1726760.0,USD
2022-09-08,INST008,113.535,114.8755,113.8131,114.0439,855406.0,USD
2022-09-09,INST008,115.3261,114.4436,111.3488,114.3408,633452.0,USD
2022-09-12,INST008,116.5826,118.9292,113.613,116.5483,2494035.0,USD
2022-09-13,INST008,114.4902,116.0081,113.6379,113.8011,323562.0,USD
2022-09-14,INST008,113.6108,115.494,112.6838,114.6918,3275467.0,USD
2022-09-15,INST008,115.5016,116.4267,114.3589,115.2034,440075.0,USD
2022-09-16,INST008,116.4818,117.5593,116.8979,117.2376,1433569.0,USD
2022-09-19,INST008,120.6106,119.6821,116.919,119.6209,2704384.0,USD
2022-09-20,INST008,120.3043,122.8766,116.8247,119.837,1980525.0,USD
2022-09-21,INST008,117.8698,119.6151,115.8091,117.8771,4762768.0,USD
2022-09-22,INST008,118.5042,120.5834,118.9828,119.4168,2902979.0,USD
2022-09-23,INST008,122.6438,124.2689,119.1481,121.4432,1269944.0,USD
2022-09-26,INST008,119.7585,122.386,118.0675,119.7358,3874191.0,USD
2022-09-27,INST008,120.9081,121.8787,117.3838,120.2122,1280120.0,USD
2022-09-28,INST008,119.3432,120.8242,117.5265,119.4519,4197684.0,USD
2022-09-29,INST008,120.2197,124.5526,120.2273,121.1913,256229.0,USD
2022-09-30,INST008,122.548,123.8602,118.8158,121.546,2099567.0,USD
2022-10-03,INST008,119.8894,121.2969,119.7364,119.8394,4253865.0,USD
2022-10-04,INST008,122.4348,125.2508,118.119,121.6666,4475902.0,USD
2022-10-05,INST008,124.7849,127.2775,120.0774,123.7645,2520096.0,USD
2022-10-06,INST008,122.6432,126.3333,122.2635,122.7716,2956813.0,USD
2022-10-07,INST008,120.1376,120.5338,117.4339,120.3705,2113232.0,USD
2022-10-10,INST008,122.9316,123.2146,121.7534,123.1314,3001231.0,USD
2022-10-11,INST008,123.3434,123.9034,122.3855,123.0461,1448234.0,USD
2022-10-12,INST008,124.2265,126.5412,121.6426,124.1848,1135125.0,USD
2022-10-13,INST008,126.346,127.6238,124.8569,125.9089,4655191.0,USD
2022-10-14,INST008,128.6685,129.2319,125.8311,128.6972,654965.0,USD
2022-10-17,INST008,129.6514,130.9931,127.9802,128.9121,2016804.0,USD
2022-10-18,INST008,127.8149,129.2595,126.7268,127.5095,880182.0,USD
2022-10-19,INST008,129.56,132.0773,127.5778,130.3353,4053213.0,USD
2022-10-20,INST008,130.2494,131.3583,131.2297,131.2778,1517082.0,USD
2022-10-21,INST008,130.7902,133.2158,130.1644,130.3568,1869555.0,USD
2022-10-24,INST008,127.8702,129.722,124.1934,127.4879,2182704.0,USD
2022-10-25,INST008,125.7308,129.8922,122.5603,126.2304,2501636.0,USD
2022-10-26,INST008,126.2303,128.672,123.6012,126.0411,748081.0,USD
2022-10-27,INST008,127.4016,128.8456,125.5543,128.3468,963284.0,USD
2022-10-28,INST008,129.7646,132.5156,129.3693,130.0965,1796086.0,USD
2022-10-31,INST008,126.4301,128.4631,126.3494,126.8839,305295.0,USD
2022-11-01,INST008,127.3009,129.9473,125.7976,126.7786,1528476.0,USD
2022-11-02,INST008,125.7237,126.0314,122.1293,124.6441,3446268.0,USD
2022-11-03,INST008,127.4555,129.1704,123.0866,126.3257,4905545.0,USD
2022-11-04,INST008,125.1703,125.4484,123.5968,125.0741,1331204.0,USD
2022-11-07,INST008,127.044,131.998,126.6836,128.1677,1292883.0,USD
2022-11-08,INST008,127.7708,129.4132,124.0231,127.0415,4850023.0,USD
2022-11-09,INST008,126.7733,128.3255,125.1574,127.6128,4547046.0,USD
2022-11-10,INST008,126.5004,127.9493,125.2063,127.2857,2082156.0,USD
2022-11-11,INST008,126.5595,128.3309,123.6156,126.0946,4621185.0,USD
2022-11-14,INST008,126.8308,129.1943,123.5281,126.6248,4151963.0,USD
2022-11-15,INST008,125.1644,124.9503,124.6555,124.8078,312529.0,USD
2022-11-16,INST008,124.7493,127.3963,123.6372,124.7005,3529295.0,USD
2022-11-17,INST008,124.565,127.5116,124.6029,125.0157,2521476.0,USD
2022-11-18,INST008,125.4139,125.5955,124.8809,124.9545,2715528.0,USD
2022-11-21,INST008,125.4677,128.1469,121.7919,125.4264,1155588.0,USD
2022-11-22,INST008,126.1271,129.0019,126.6481,127.3979,446608.0,USD
2022-11-23,INST008,125.0401,128.2753,122.111,125.0956,3773969.0,USD
2022-11-24,INST008,121.2837,124.1803,118.9531,122.1263,4128532.0,USD
2022-11-25,INST008,123.8013,126.0359,123.4896,124.7582,3627457.0,USD
2022-11-28,INST008,123.1999,124.767,121.9744,123.8967,920295.0,USD
2022-11-29,INST008,122.2136,123.1045,118.9525,121.6531,1894556.0,USD
2022-11-30,INST008,125.2104,126.0935,120.6499,124.217,607628.0,USD
2022-12-01,INST008,124.7611,126.6065,120.763,123.8521,525199.0,USD
2022-12-02,INST008,121.5603,123.3186,118.9869,121.2802,4637094.0,USD
2022-12-05,INST008,122.4768,124.0899,121.2981,123.7043,497098.0,USD
2022-12-06,INST008,125.2974,124.6087,122.81,124.2451,132996.0,USD
2022-12-07,INST008,125.7741,126.044,121.9308,125.0022,4298412.0,USD
2022-12-08,INST008,127.3497,128.0244,126.7548,127.6898,1174086.0,USD
2022-12-09,INST008,129.504,131.4635,127.6022,129.9241,2575476.0,USD
2022-12-12,INST008,129.9448,131.4861,125.929,129.36,4641975.0,USD
2022-12-13,INST008,127.5091,130.036,125.4928,126.3847,1718119.0,USD
2022-12-14,INST008,123.9516,127.1348,123.4027,123.9639,3806600.0,USD
2022-12-15,INST008,125.2938,125.9144,122.9763,125.5021,2452542.0,USD
2022-12-16,INST008,122.5693,125.9365,119.9117,123.1884,3034213.0,USD
2022-12-19,INST008,125.9564,127.2106,123.5649,126.1302,1002619.0,USD
2022-12-20,INST008,126.7434,128.2124,126.9829,127.4826,3216827.0,USD
2022-12-21,INST008,130.8564,133.3766,128.7922,130.1809,4812113.0,USD
2022-12-22,INST008,128.5838,133.2752,125.7302,129.5539,2241872.0,USD
2022-12-23,INST008,130.5361,131.0889,129.0603,131.0837,4504097.0,USD
2022-12-26,INST008,128.9181,129.991,127.7455,128.5858,1784126.0,USD
2022-12-27,INST008,131.6329,134.3456,129.0037,131.32,4237138.0,USD
2022-12-28,INST008,133.2505,136.9498,130.3951,134.3792,1232437.0,USD
2022-12-29,INST008,136.9547,139.0024,132.62,136.2751,3842556.0,USD
2022-12-30,INST008,137.5084,142.5213,135.9148,138.4046,2574212.0,USD
2023-01-02,INST008,135.7085,139.4408,133.9616,136.2713,3662287.0,USD
2023-01-03,INST008,134.9401,138.2259,134.7725,136.1218,3484243.0,USD
2023-01-04,INST008,137.5905,139.9284,136.393,137.7258,2070496.0,USD
2023-01-05,INST008,138.8298,138.5013,134.702,138.3453,3364456.0,USD
2023-01-06,INST008,137.5401,138.176,135.7731,136.2081,1490270.0,USD
2023-01-09,INST008,134.5299,137.8197,133.0352,134.0593,244701.0,USD
2023-01-10,INST008,134.8913,135.7306,134.0555,135.6965,2956921.0,USD
2023-01-11,INST008,136.0382,138.7877,134.4114,134.7502,248681.0,USD
2023-01-12,INST008,137.1956,137.7354,133.9206,137.0122,4697191.0,USD
2023-01-13,INST008,139.042,142.0635,136.2577,140.3714,267861.0,USD
2023-01-16,INST008,142.4976,144.3577,142.4483,143.1616,1456046.0,USD
2023-01-17,INST008,143.3409,146.7849,143.4797,144.7351,4923993.0,USD
2023-01-18,INST008,139.8135,142.8293,138.0173,141.2106,1014307.0,USD
2023-01-19,INST008,140.035,142.6686,137.7226,139.0728,3075471.0,USD
2023-01-20,INST008,139.7894,140.4247,137.218,140.0054,4701931.0,USD
2023-01-23,INST008,138.0043,137.1787,136.8833,136.9965,397864.0,USD
2023-01-24,INST008,138.6018,142.1567,134.7991,138.0532,2484993.0,USD
2023-01-25,INST008,139.9378,143.5832,138.5031,139.8246,236223.0,USD
2023-01-26,INST008,142.9625,144.1584,141.2086,141.8394,4851391.0,USD
2023-01-27,INST008,145.2687,146.8987,142.9911,145.1842,3253866.0,USD
2023-01-30,INST008,149.1318,151.9842,144.6904,148.0323,725678.0,USD
2023-01-31,INST008,151.227,152.866,149.7411,150.1573,1443742.0,USD
2023-02-01,INST008,148.5497,149.3001,144.2428,147.7467,4201014.0,USD
2023-02-02,INST008,145.9979,145.7698,143.0864,145.0017,3350980.0,USD
2023-02-03,INST008,147.115,149.1236,144.3944,148.458,315680.0,USD
2023-02-06,INST008,146.9186,148.9327,143.6864,145.6846,398445.0,USD
2023-02-07,INST008,143.2754,142.8935,138.9898,142.7477,531094.0,USD
2023-02-08,INST008,142.7407,144.8889,140.3052,142.4316,2368626.0,USD
2023-02-09,INST008,140.3706,143.3855,137.3257,141.2818,4845782.0,USD
2023-02-10,INST008,138.3029,139.3339,134.538,138.1042,527065.0,USD
2023-02-13,INST008,142.6312,145.5357,138.7825,141.5234,3401334.0,USD
2023-02-14,INST008,144.8979,148.0367,140.2081,143.7315,3684532.0,USD
2023-02-15,INST008,148.1975,147.8009,142.9841,146.8068,2712236.0,USD
2023-02-16,INST008,149.0917,150.7987,147.9322,148.5693,3824683.0,USD
2023-02-17,INST008,146.4376,148.7783,142.2194,146.3593,249570.0,USD
2023-02-20,INST008,144.8391,147.1893,140.9699,144.5332,873208.0,USD
2023-02-21,INST008,149.1523,148.9283,146.9984,148.0081,2631946.0,USD
2023-02-22,INST008,150.8801,152.3735,145.6196,149.4911,3532255.0,USD
2023-02-23,INST008,148.5308,152.0647,148.0415,149.0255,1384973.0,USD
2023-02-24,INST008,150.8784,154.3201,149.9961,150.1516,2047798.0,USD
2023-02-27,INST008,146.6321,147.1713,145.7881,146.573,4729331.0,USD
2023-02-28,INST008,144.3137,147.0098,142.4893,142.9584,968109.0,USD
2023-03-01,INST008,145.0538,148.78,144.1247,146.0085,154745.0,USD
2023-03-02,INST008,145.1487,146.6346,145.564,145.9175,2953320.0,USD
2023-03-03,INST008,148.8742,149.2855,144.5475,147.6901,632552.0,USD
2023-03-06,INST008,148.1936,152.8205,147.0828,148.4096,297661.0,USD
2023-03-07,INST008,146.5538,148.0652,144.007,147.5827,1146801.0,USD
2023-03-08,INST008,147.8107,148.5781,145.7956,147.5358,4720171.0,USD
2023-03-09,INST008,146.8327,146.9594,146.3197,146.6553,4054979.0,USD
2023-03-10,INST008,145.6491,149.8993,145.9844,146.8291,4085635.0,USD
2023-03-13,INST008,147.0484,151.5704,144.025,147.4642,3383936.0,USD
2023-03-14,INST008,146.4446,146.8782,144.0396,145.5202,3044511.0,USD
2023-03-15,INST008,144.9966,144.1359,141.7672,144.0507,2152246.0,USD
2023-03-16,INST008,143.1917,145.1833,142.196,143.9354,385608.0,USD
2023-03-17,INST008,142.0412,145.9974,138.7816,142.0084,3674224.0,USD
2023-03-20,INST008,140.1347,142.9038,138.5833,139.6861,2548588.0,USD
2023-03-21,INST008,141.4786,143.0536,140.0625,140.7578,4376894.0,USD
2023-03-22,INST008,139.1729,139.7993,136.6616,138.8575,3543177.0,USD
2023-03-23,INST008,138.1494,141.2212,134.8493,137.2673,1497009.0,USD
2023-03-24,INST008,139.1725,142.0304,135.8284,139.8093,3605838.0,USD
2023-03-27,INST008,140.0049,141.2304,134.702,138.8135,3080688.0,USD
2023-03-28,INST008,138.6103,138.2527,136.7912,137.8595,504193.0,USD
2023-03-29,INST008,138.71,141.183,138.1409,138.9135,2691999.0,USD
2023-03-30,INST008,141.3268,142.8365,139.8775,141.8848,4241935.0,USD
2023-03-31,INST008,140.9523,143.2765,138.7017,141.3534,4952838.0,USD
2023-04-03,INST008,137.269,141.3378,138.0466,138.0819,1120107.0,USD
2023-04-04,INST008,142.5523,144.6247,140.3357,141.2179,513824.0,USD
2023-04-05,INST008,142.9301,146.4243,139.0247,142.6622,4501878.0,USD
2023-04-06,INST008,140.8686,142.2063,139.1772,140.5186,2669255.0,USD
2023-04-07,INST008,140.0533,141.5129,138.2632,140.3482,4595605.0,USD
2023-04-10,INST008,141.2874,141.9001,139.5328,141.3078,2238829.0,USD
2023-04-11,INST008,145.7958,147.1537,140.6002,144.627,2594735.0,USD
2023-04-12,INST008,142.6129,142.5101,138.4932,141.5429,2543800.0,USD
2023-04-13,INST008,139.9249,143.2677,136.4697,139.8392,2633231.0,USD
2023-04-14,INST008,142.1946,143.9053,141.6502,141.7999,3055295.0,USD
2023-04-17,INST008,145.3511,147.9768,141.2376,144.2215,2318699.0,USD
2023-04-18,INST008,145.1107,146.8001,141.6149,144.034,4624780.0,USD
2023-04-19,INST008,146.6069,148.1259,141.7878,145.7984,2051949.0,USD
2023-04-20,INST008,145.0859,145.4102,141.8526,145.0557,3808093.0,USD
2023-04-21,INST008,147.6862,149.7111,143.9921,148.0436,1109022.0,USD
2023-04-24,INST008,144.656,149.5318,142.2415,146.0602,3883559.0,USD
2023-04-25,INST008,148.1705,149.6529,144.5212,148.9661,1089074.0,USD
2023-04-26,INST008,150.9266,152.2741,150.8667,151.272,4561865.0,USD
2023-04-27,INST008,148.8076,151.8075,146.487,148.3775,1117426.0,USD
2023-04-28,INST008,146.4305,147.8552,146.2439,147.3856,2935487.0,USD
2023-05-01,INST008,146.7261,148.2081,144.7318,146.6718,2697257.0,USD
2023-05-02,INST008,147.4982,152.904,144.3987,148.8002,4194270.0,USD
2023-05-03,INST008,145.6573,148.6358,144.5102,146.7011,3686567.0,USD
2023-05-04,INST008,148.9906,149.3248,145.0986,148.2856,817297.0,USD
2023-05-05,INST008,149.9903,151.7539,150.4501,150.516,1110044.0,USD
2023-05-08,INST008,150.9681,153.377,146.1393,150.2794,967593.0,USD
2023-05-09,INST008,149.4567,153.6222,146.2797,149.2379,4471017.0,USD
2023-05-10,INST008,148.0984,153.1109,146.7976,149.0894,4258115.0,USD
2023-05-11,INST008,148.595,150.0968,143.5081,147.8437,3594680.0,USD
2023-05-12,INST008,147.2776,147.9789,142.7877,147.0789,3720904.0,USD
2023-05-15,INST008,142.9363,145.8675,143.4045,143.8182,2514027.0,USD
2023-05-16,INST008,140.5621,142.4022,140.2032,141.3082,4432852.0,USD
2023-05-17,INST008,137.5908,138.7192,134.6629,138.1819,2725374.0,USD
2023-05-18,INST008,140.4084,142.8547,139.5186,140.8229,658705.0,USD
2023-05-19,INST008,141.1598,143.1186,140.3527,141.682,2257066.0,USD
2023-05-22,INST008,143.926,145.8024,143.5089,144.3181,442116.0,USD
2023-05-23,INST008,144.6572,145.3094,144.4427,145.3012,4553838.0,USD
2023-05-24,INST008,145.6985,148.9346,144.5221,144.7823,3810098.0,USD
2023-05-25,INST008,142.0546,144.358,139.4632,142.1298,4968374.0,USD
2023-05-26,INST008,141.9114,142.887,139.7463,140.9899,3684918.0,USD
2023-05-29,INST008,143.5544,145.5832,138.1521,142.2126,458453.0,USD
2023-05-30,INST008,141.9889,145.2681,139.9471,142.0518,2954976.0,USD
2023-05-31,INST008,142.3027,145.3443,141.4414,143.6361,435206.0,USD
2023-06-01,INST008,145.316,146.7058,144.6191,145.1995,2369055.0,USD
2023-06-02,INST008,146.3543,145.5664,144.3213,145.403,4152102.0,USD
2023-06-05,INST008,144.0463,145.5797,140.5428,144.6868,1989743.0,USD
2023-06-06,INST008,145.9981,149.4937,145.174,146.3581,1963014.0,USD
2023-06-07,INST008,145.3159,146.1689,142.3833,146.0218,4172880.0,USD
2023-06-08,INST008,149.1272,152.9341,148.8877,149.2474,751668.0,USD
2023-06-09,INST008,146.449,147.9315,145.6089,147.7663,2371073.0,USD
2023-06-12,INST008,152.3386,154.5515,150.805,151.032,3920195.0,USD
2023-06-13,INST008,151.7339,154.124,149.9477,150.978,2264573.0,USD
2023-06-14,INST008,153.7403,156.6204,149.1397,153.2861,3918627.0,USD
2023-06-15,INST008,153.7829,158.6286,149.8744,154.0218,1966537.0,USD
2023-06-16,INST008,153.4401,156.827,152.8134,154.6294,4118265.0,USD
2023-06-19,INST008,158.3009,161.9144,154.3516,157.3371,1577004.0,USD
2023-06-20,INST008,159.2334,161.3456,158.5813,160.1565,3384518.0,USD
2023-06-21,INST008,163.3672,166.1525,161.8966,163.6616,2090828.0,USD
2023-06-22,INST008,163.0762,167.095,160.0264,163.7719,4525455.0,USD
2023-06-23,INST008,165.9196,167.9702,161.4731,164.7428,3229638.0,USD
2023-06-26,INST008,169.406,169.2321,165.7789,168.8574,486421.0,USD
2023-06-27,INST008,170.7509,173.4851,166.0901,170.253,114634.0,USD
2023-06-28,INST008,171.6951,171.0615,167.3088,170.7993,1192604.0,USD
2023-06-29,INST008,168.0613,172.419,168.5333,168.9286,721592.0,USD
2023-06-30,INST008,172.2618,176.1506,169.9075,171.9806,436526.0,USD
2023-07-03,INST008,170.8588,172.4559,170.407,171.1386,4233017.0,USD
2023-07-04,INST008,172.7847,178.2693,169.6226,173.6866,1742703.0,USD
2023-07-05,INST008,171.2216,171.8388,166.2568,170.0058,4751687.0,USD
2023-07-06,INST008,173.8577,177.3487,169.5125,172.6484,1355275.0,USD
2023-07-07,INST008,176.307,180.8418,175.4092,176.7844,3029487.0,USD
2023-07-10,INST008,174.7717,174.976,172.6511,174.0226,1249569.0,USD
2023-07-11,INST008,176.2718,176.9277,174.8143,175.4208,4429943.0,USD
2023-07-12,INST008,175.3882,179.9576,175.0307,176.8974,3355996.0,USD
2023-07-13,INST008,172.025,175.9417,171.1578,173.0296,4006909.0,USD
2023-07-14,INST008,176.9627,176.9053,173.777,176.5389,3123231.0,USD
2023-07-17,INST008,173.1469,174.9739,168.4644,172.7537,1676737.0,USD
2023-07-18,INST008,172.8298,174.8892,169.4271,172.8114,365487.0,USD
2023-07-19,INST008,174.8418,178.6034,170.8019,174.1717,1025958.0,USD
2023-07-20,INST008,175.9452,177.8772,175.5251,176.5352,2875559.0,USD
2023-07-21,INST008,177.3891,181.6765,176.8127,178.8386,3991741.0,USD
2023-07-24,INST008,174.5715,178.2421,174.1422,175.6837,3884349.0,USD
2023-07-25,INST008,172.1195,173.0,170.2918,171.9498,4134723.0,USD
2023-07-26,INST008,172.5508,177.2818,168.9501,173.9953,2249348.0,USD
2023-07-27,INST008,171.3278,174.3781,172.446,172.5331,1577258.0,USD
2023-07-28,INST008,174.3513,177.8653,170.0859,174.4271,1822394.0,USD
2023-07-31,INST008,173.0395,176.2488,168.4285,172.5314,2873887.0,USD
2023-08-01,INST008,174.7288,175.4745,175.0872,175.3777,4711489.0,USD
2023-08-02,INST008,177.3921,176.3422,171.9412,176.2905,221799.0,USD
2023-08-03,INST008,180.6906,182.581,180.0936,180.4393,612308.0,USD
2023-08-04,INST008,176.555,182.8643,175.9348,177.6448,2671067.0,USD
2023-08-07,INST008,175.3418,179.7401,174.7494,175.1916,4878111.0,USD
2023-08-08,INST008,174.3462,178.2617,172.3783,174.4149,3976845.0,USD
2023-08-09,INST008,171.1913,172.8182,165.6284,170.0553,2157747.0,USD
2023-08-10,INST008,168.7761,174.5986,167.061,169.8159,4509823.0,USD
2023-08-11,INST008,173.2651,172.7123,169.8424,171.9083,2317675.0,USD
2023-08-14,INST008,174.8996,176.0309,171.0379,175.71,2472309.0,USD
2023-08-15,INST008,181.508,180.6969,175.6636,179.8665,1511747.0,USD
2023-08-16,INST008,181.2006,184.1085,179.2339,182.6727,4095518.0,USD
2023-08-17,INST008,186.4591,188.8132,185.635,185.7776,2811995.0,USD
2023-08-18,INST008,188.2185,192.6657,187.6937,189.8008,1941882.0,USD
2023-08-21,INST008,186.1409,188.4878,182.4352,185.6034,2352277.0,USD
2023-08-22,INST008,187.0136,189.499,181.65,185.6464,2056149.0,USD
2023-08-23,INST008,189.718,192.5861,184.4996,187.8815,1557453.0,USD
2023-08-24,INST008,186.6672,189.3451,184.4458,185.8223,4936654.0,USD
2023-08-25,INST008,182.0486,182.2866,179.1043,181.4934,3073594.0,USD
2023-08-28,INST008,185.0686,188.5092,185.1303,185.5998,3819279.0,USD
2023-08-29,INST008,189.7544,192.0156,189.1393,190.0895,4305475.0,USD
2023-08-30,INST008,186.4487,187.2609,184.9391,186.3646,1034923.0,USD
2023-08-31,INST008,183.9375,184.4766,179.2875,182.8765,2881678.0,USD
2023-09-01,INST008,182.9322,185.8452,177.9275,181.4974,3967669.0,USD
2023-09-04,INST008,180.0266,185.4683,176.7874,181.7899,1753530.0,USD
2023-09-05,INST008,186.0002,187.3881,179.6276,184.2152,2350352.0,USD
2023-09-06,INST008,182.9479,185.4063,183.0628,183.8164,4271950.0,USD
2023-09-07,INST008,186.5859,186.9989,180.7774,185.1142,2739546.0,USD
2023-09-08,INST008,188.4024,188.0238,182.5736,187.8659,4369464.0,USD
2023-09-11,INST008,187.6831,193.5511,184.4432,188.2044,2757036.0,USD
2023-09-12,INST008,187.0593,189.9592,184.2954,185.8543,4445190.0,USD
2023-09-13,INST008,181.5419,186.0438,180.8339,181.4102,1822177.0,USD
2023-09-14,INST008,186.6064,190.5889,183.4996,185.6336,461361.0,USD
2023-09-15,INST008,186.9191,193.0256,186.8469,187.5791,2631316.0,USD
2023-09-18,INST008,190.7679,193.6778,186.0076,189.1675,739186.0,USD
2023-09-19,INST008,189.6587,194.4876,188.7044,188.8728,2775155.0,USD
2023-09-20,INST008,186.1216,185.663,184.4052,185.1172,1433977.0,USD
2023-09-21,INST008,185.3872,189.626,185.9686,186.6629,157504.0,USD
2023-09-22,INST008,189.8146,193.9304,183.8022,188.9695,257238.0,USD
2023-09-25,INST008,189.6935,188.3536,183.6414,188.0983,3724462.0,USD
2023-09-26,INST008,192.3324,194.4073,187.6834,190.9086,1098463.0,USD
2023-09-27,INST008,189.6721,191.5169,187.94,188.5349,4398986.0,USD
2023-09-28,INST008,190.8008,192.0496,188.2991,189.3547,2271738.0,USD
2023-09-29,INST008,190.5867,193.1307,185.6283,191.1005,1791398.0,USD
2023-10-02,INST008,189.6343,192.363,187.6967,189.9334,4304372.0,USD
2023-10-03,INST008,184.9551,189.0955,183.388,186.3582,1270558.0,USD
2023-10-04,INST008,189.6942,193.6794,185.5967,189.8106,112523.0,USD
2023-10-05,INST008,188.9104,194.0243,184.2723,189.6529,2313827.0,USD
2023-10-06,INST008,191.3045,195.1504,186.8325,189.6171,1346714.0,USD
2023-10-09,INST008,183.2592,187.6288,183.5674,184.9441,832919.0,USD
2023-10-10,INST008,185.1713,188.2405,179.9829,185.0473,2364904.0,USD
2023-10-11,INST008,190.5992,190.5355,188.8338,189.4108,4679331.0,USD
2023-10-12,INST008,191.1877,195.4774,187.353,192.6548,277119.0,USD
2023-10-13,INST008,187.1114,189.8707,187.6281,188.2031,929472.0,USD
2023-10-16,INST008,187.3219,193.0202,186.531,188.6437,2696048.0,USD
2023-10-17,INST008,192.122,195.6238,189.0269,191.3401,1916408.0,USD
2023-10-18,INST008,190.5913,194.15,187.4347,191.7234,2678958.0,USD
2023-10-19,INST008,187.3864,190.1255,187.3107,188.7515,331807.0,USD
2023-10-20,INST008,188.4657,189.8319,182.7079,187.3551,2330088.0,USD
2023-10-23,INST008,190.9269,192.3728,183.8583,189.1056,1814884.0,USD
2023-10-24,INST008,191.6368,194.5845,192.4678,193.1654,3058418.0,USD
2023-10-25,INST008,189.0638,195.3487,190.0477,190.4991,2699245.0,USD
2023-10-26,INST008,185.3816,188.8544,180.7896,185.907,3529989.0,USD
2023-10-27,INST008,191.2338,195.059,187.5112,190.0298,839977.0,USD
2023-10-30,INST008,186.0196,190.1241,184.9888,185.9562,1930019.0,USD
2023-10-31,INST008,191.2401,191.5731,190.1993,190.2566,1954885.0,USD
2023-11-01,INST008,191.7533,193.9788,187.9766,190.4523,4856191.0,USD
2023-11-02,INST008,190.2605,191.8661,185.306,188.9974,1280800.0,USD
2023-11-03,INST008,194.3826,194.91,190.1179,193.3713,4409070.0,USD
2023-11-06,INST008,194.2959,197.7032,192.1939,192.7556,4193919.0,USD
2023-11-07,INST008,196.0934,200.2208,192.8144,195.6348,1411938.0,USD
2023-11-08,INST008,193.9683,199.1,194.0217,195.0836,3829032.0,USD
2023-11-09,INST008,199.218,202.3821,195.7171,197.4851,1300690.0,USD
2023-11-10,INST008,199.8336,206.8793,196.0578,200.9592,1298132.0,USD
2023-11-13,INST008,197.9617,198.7065,191.152,196.3567,1670410.0,USD
2023-11-14,INST008,198.0352,203.044,195.1134,198.9277,3751171.0,USD
2023-11-15,INST008,200.6054,199.9887,195.1906,199.0347,655001.0,USD
2023-11-16,INST008,203.4518,201.7061,196.1005,201.6781,2403465.0,USD
2023-11-17,INST008,202.1178,209.4017,199.0005,203.3154,215663.0,USD
2023-11-20,INST008,200.2781,201.8138,194.806,199.0503,2033640.0,USD
2023-11-21,INST008,199.9937,203.4643,198.684,199.4023,1212925.0,USD
2023-11-22,INST008,196.0352,197.8991,193.2405,197.1187,1214202.0,USD
2023-11-23,INST008,197.6997,203.1034,198.8157,198.8326,783698.0,USD
2023-11-24,INST008,202.1734,203.9022,198.7125,203.5521,1843798.0,USD
2023-11-27,INST008,202.6082,201.845,200.887,201.3535,1919349.0,USD
2023-11-28,INST008,198.3552,201.652,192.7349,196.9294,207257.0,USD
2023-11-29,INST008,197.1571,199.6575,196.2852,198.018,119889.0,USD
2023-11-30,INST008,196.9609,200.3735,192.7008,197.5889,4207665.0,USD
2023-12-01,INST008,199.5292,204.2843,193.0188,198.3902,3743521.0,USD
2023-12-04,INST008,202.2704,206.7814,198.1328,202.1087,3513503.0,USD
2023-12-05,INST008,202.7346,203.0045,200.3958,202.0249,4141558.0,USD
2023-12-06,INST008,203.1655,204.79,201.3102,204.2352,1050731.0,USD
2023-12-07,INST008,204.5094,204.3053,200.6245,202.8326,4144850.0,USD
2023-12-08,INST008,207.6544,210.1661,206.0726,206.4938,2771521.0,USD
2023-12-11,INST008,209.4787,212.2798,206.5023,207.4982,3679686.0,USD
2023-12-12,INST008,207.2589,213.8824,202.4681,208.1957,3648086.0,USD
2023-12-13,INST008,213.1132,212.9152,205.0886,211.0552,3863497.0,USD
2023-12-14,INST008,213.6324,216.9418,210.6468,214.9757,1253670.0,USD
2023-12-15,INST008,212.334,215.9698,208.2203,210.2936,1802314.0,USD
2023-12-18,INST008,210.9409,212.112,207.1566,209.5239,3716599.0,USD
2023-12-19,INST008,212.9934,214.7478,205.9904,211.5654,4350160.0,USD
2023-12-20,INST008,212.3995,217.5472,208.0889,213.2567,3341501.0,USD
2023-12-21,INST008,206.611,213.1691,206.1298,208.32,1945364.0,USD
2023-12-22,INST008,211.3648,214.1009,204.0249,210.0731,2048657.0,USD
2023-12-25,INST008,212.9945,213.9342,207.5101,213.5535,2253595.0,USD
2023-12-26,INST008,207.0516,212.4205,203.8534,208.449,4416890.0,USD
2023-12-27,INST008,209.7351,212.7836,209.0443,209.3827,2906973.0,USD
2023-12-28,INST008,206.1902,208.1178,203.874,207.6763,1098552.0,USD
2023-12-29,INST008,210.6454,217.7858,207.0031,211.7391,3428665.0,USD
2024-01-01,INST008,215.0121,215.5494,209.5468,213.2867,4165809.0,USD
2024-01-02,INST008,213.025,214.8033,209.7387,211.1082,3858224.0,USD
2024-01-03,INST008,214.268,214.6672,211.4293,213.4495,4905062.0,USD
2024-01-04,INST008,216.5838,219.2995,214.7107,215.5146,3559338.0,USD
2024-01-05,INST008,219.0787,222.2907,214.2513,220.1845,3460664.0,USD
2024-01-08,INST008,223.4919,222.7124,215.8484,222.5092,448850.0,USD
2024-01-09,INST008,223.5548,227.1348,220.3677,224.0663,1517256.0,USD
2024-01-10,INST008,228.7967,230.9179,220.7132,226.9883,1603162.0,USD
2024-01-11,INST008,228.0813,229.7575,227.9502,228.4717,232379.0,USD
2024-01-12,INST008,225.3729,228.7775,216.8915,223.1458,2619227.0,USD
2024-01-15,INST008,219.8176,221.6592,216.5066,220.763,2823159.0,USD
2024-01-16,INST008,225.9457,228.175,222.9935,225.4537,3070054.0,USD
2024-01-17,INST008,224.8198,230.0124,221.1462,223.5858,3104725.0,USD
2024-01-18,INST008,227.9189,226.523,219.664,226.004,4127654.0,USD
2024-01-19,INST008,221.5019,228.0375,219.5243,223.3155,491337.0,USD
2024-01-22,INST008,226.7059,230.917,221.9394,228.3846,2390761.0,USD
2024-01-23,INST008,228.2592,228.4353,222.0864,227.5159,2203983.0,USD
2024-01-24,INST008,229.7289,233.5284,222.8645,229.4036,3291886.0,USD
2024-01-25,INST008,222.5108,228.3118,220.0318,223.928,3556731.0,USD
2024-01-26,INST008,225.8941,228.0178,222.1408,226.156,3681348.0,USD
2024-01-29,INST008,222.6834,224.1525,216.7155,221.9701,3119805.0,USD
2024-01-30,INST008,225.5204,224.3285,221.2501,223.6135,1298870.0,USD
2024-01-31,INST008,222.4839,226.3802,217.2246,223.2575,3659105.0,USD
2024-02-01,INST008,222.6676,226.6835,220.3031,223.8802,1169895.0,USD
2024-02-02,INST008,227.1837,231.7935,222.7448,226.3835,3941697.0,USD
2024-02-05,INST008,221.4526,226.1111,219.6602,223.4232,994743.0,USD
2024-02-06,INST008,220.4725,222.9572,218.6579,219.397,3688490.0,USD
2024-02-07,INST008,221.0283,220.7551,219.8468,220.4755,1911312.0,USD
2024-02-08,INST008,222.8221,221.6595,216.5077,220.8319,3147232.0,USD
2024-02-09,INST008,217.0917,222.2863,217.0062,217.7127,212068.0,USD
2024-02-12,INST008,222.2012,227.9026,216.8308,221.471,4963418.0,USD
2024-02-13,INST008,221.9617,228.9234,220.4794,223.3837,4712614.0,USD
2024-02-14,INST008,221.1386,221.1106,216.6541,219.2376,4403986.0,USD
2024-02-15,INST008,220.3997,222.5341,215.6529,218.9604,4754393.0,USD
2024-02-16,INST008,219.607,223.6382,212.5414,217.6146,2999595.0,USD
2024-02-19,INST008,217.4906,224.0856,214.9823,218.9279,4783147.0,USD
2024-02-20,INST008,222.4349,225.4499,217.3237,223.0349,4561230.0,USD
2024-02-21,INST008,225.9928,228.7227,225.5501,227.3176,4040194.0,USD
2024-02-22,INST008,224.311,222.9359,222.0126,222.6591,4557792.0,USD
2024-02-23,INST008,223.2767,229.1198,218.814,224.7567,4117799.0,USD
2024-02-26,INST008,217.2977,221.183,214.6984,219.3016,4132895.0,USD
2024-02-27,INST008,218.7161,223.6573,212.7795,218.9968,2165150.0,USD
2024-02-28,INST008,217.2253,222.494,212.5203,216.963,3872896.0,USD
2024-02-29,INST008,223.9582,228.0384,215.7324,221.8707,3798207.0,USD
2024-03-01,INST008,223.9558,227.3449,222.0263,222.5271,259547.0,USD
2024-03-04,INST008,218.0198,218.038,210.7712,217.0266,4684477.0,USD
2024-03-05,INST008,220.7208,225.6043,219.4824,221.2221,4747767.0,USD
2024-03-06,INST008,223.806,229.8909,218.7335,225.0413,415140.0,USD
2024-03-07,INST008,221.2358,225.1664,217.916,219.7196,1779236.0,USD
2024-03-08,INST008,224.514,224.7436,222.989,223.2542,4641729.0,USD
2024-03-11,INST008,224.818,226.919,219.7806,224.3285,354742.0,USD
2024-03-12,INST008,224.842,230.0289,225.0648,226.4694,4109247.0,USD
2024-03-13,INST008,229.9114,235.6188,226.2784,231.0569,4683389.0,USD
2024-03-14,INST008,232.4824,234.3873,228.1405,230.8646,1125392.0,USD
2024-03-15,INST008,231.8344,237.462,231.1487,233.4769,4620907.0,USD
2024-03-18,INST008,235.7844,236.7393,231.0506,235.614,2334413.0,USD
2024-03-19,INST008,231.7272,234.4708,226.3804,232.4604,2636372.0,USD
2024-03-20,INST008,235.611,237.7634,232.8288,237.7451,4531568.0,USD
2024-03-21,INST008,240.1016,245.0091,235.5945,241.8323,185698.0,USD
2024-03-22,INST008,238.1442,242.154,233.3838,237.9736,3675113.0,USD
2024-03-25,INST008,244.4014,249.2931,242.3532,243.1407,1349782.0,USD
2024-03-26,INST008,249.2749,251.257,246.4847,247.732,2518170.0,USD
2024-03-27,INST008,243.7391,246.5946,240.0778,243.8061,1473681.0,USD
2024-03-28,INST008,245.9874,246.9301,240.1122,244.5646,2206197.0,USD
2024-03-29,INST008,242.7314,243.0721,238.1523,242.9788,2465130.0,USD
2024-04-01,INST008,248.5766,252.7769,241.8875,247.9797,2841919.0,USD
2024-04-02,INST008,252.022,253.3206,247.4789,252.9699,1272885.0,USD
2024-04-03,INST008,248.0007,250.4932,245.1803,248.5271,4530005.0,USD
2024-04-04,INST008,248.2792,252.5926,248.1727,250.2905,254918.0,USD
2024-04-05,INST008,250.5956,249.5184,242.1127,248.3263,1148490.0,USD
2024-04-08,INST008,249.5502,251.0573,241.3374,247.4869,3228796.0,USD
2024-04-09,INST008,247.7125,251.0852,247.8763,248.6331,648240.0,USD
2024-04-10,INST008,241.924,249.5027,240.298,243.8646,2645196.0,USD
2024-04-11,INST008,243.4485,248.1737,241.5878,245.1056,218736.0,USD
2024-04-12,INST008,250.9493,255.2667,245.0534,249.3573,2983678.0,USD
2024-04-15,INST008,251.1172,251.8624,247.0049,249.1203,3669436.0,USD
2024-04-16,INST008,251.9721,255.9036,250.5137,251.3106,1806534.0,USD
2024-04-17,INST008,251.3459,255.2716,244.9295,251.3398,2788119.0,USD
2024-04-18,INST008,249.0368,254.4967,246.1252,247.7166,208409.0,USD
2024-04-19,INST008,247.1667,250.0974,241.8571,245.5572,2910866.0,USD
2024-04-22,INST008,246.0933,246.1232,243.6184,245.527,3111011.0,USD
2024-04-23,INST008,247.3461,251.0461,242.8087,245.2354,229565.0,USD
2024-04-24,INST008,241.0443,249.0412,239.9117,242.1755,1582044.0,USD
2024-04-25,INST008,244.431,247.1677,239.5738,243.3882,1070232.0,USD
2024-04-26,INST008,237.5479,239.6403,232.1064,237.3811,607731.0,USD
2024-04-29,INST008,235.3945,241.0089,228.1001,234.4712,3695741.0,USD
2024-04-30,INST008,236.0146,242.606,236.8452,237.7729,528256.0,USD
2024-05-01,INST008,239.7427,244.2959,233.4667,239.5958,3520898.0,USD
2024-05-02,INST008,238.5606,242.9502,230.2775,236.4239,3221094.0,USD
2024-05-03,INST008,238.7305,241.3865,237.5873,238.5835,4193065.0,USD
2024-05-06,INST008,236.5958,237.4633,234.0691,235.1831,2824411.0,USD
2024-05-07,INST008,238.4994,242.2226,234.4962,237.3187,3481523.0,USD
2024-05-08,INST008,243.6953,243.1659,241.6763,242.7778,1285554.0,USD
2024-05-09,INST008,238.925,240.9273,233.954,239.0468,4152866.0,USD
2024-05-10,INST008,237.9421,240.2322,232.3394,237.2732,2191801.0,USD
2024-05-13,INST008,240.6081,242.8643,234.1272,241.3338,2458746.0,USD
2024-05-14,INST008,236.9718,243.8977,232.4136,238.5874,4143641.0,USD
2024-05-15,INST008,243.9914,248.8019,240.6313,242.7618,2616583.0,USD
2024-05-16,INST008,244.02,247.6232,240.5361,244.2731,3287175.0,USD
2024-05-17,INST008,241.3105,243.1126,235.7204,241.3415,634290.0,USD
2024-05-20,INST008,244.9058,247.0956,240.2759,246.3253,2132176.0,USD
2024-05-21,INST008,248.5357,252.2864,248.9306,250.4316,3189356.0,USD
2024-05-22,INST008,249.3181,256.2724,251.6912,251.7105,1734944.0,USD
2024-05-23,INST008,253.9883,257.5441,255.8673,255.9635,2277571.0,USD
2024-05-24,INST008,251.8012,258.3016,249.3408,252.1621,2474596.0,USD
2024-05-27,INST008,256.4303,256.3295,253.3447,255.6419,334741.0,USD
2024-05-28,INST008,252.9837,255.9707,250.7142,253.1727,2216568.0,USD
2024-05-29,INST008,251.2529,256.102,249.4855,249.9993,4498032.0,USD
2024-05-30,INST008,250.322,254.0643,242.8544,249.3059,1660112.0,USD
2024-05-31,INST008,251.7847,260.2014,251.6542,254.066,2822196.0,USD
2024-06-03,INST008,251.4589,259.8008,249.9898,253.1942,2515092.0,USD
2024-06-04,INST008,258.1754,262.9197,252.0891,257.2286,634115.0,USD
2024-06-05,INST008,259.9631,266.4699,258.5842,259.4737,2459036.0,USD
2024-06-06,INST008,251.0864,258.004,252.4267,253.0553,981921.0,USD
2024-06-07,INST008,258.1969,260.2819,251.1942,257.2907,3017358.0,USD
2024-06-10,INST008,261.4033,270.9345,260.2566,263.5145,1664709.0,USD
2024-06-11,INST008,259.9975,262.9102,256.9407,259.9798,1887209.0,USD
2024-06-12,INST008,255.2891,260.9275,253.0804,257.3435,4740834.0,USD
2024-06-13,INST008,258.62,261.3181,251.1722,258.7295,1904699.0,USD
2024-06-14,INST008,253.5911,252.6752,249.5793,252.3329,1490813.0,USD
2024-06-17,INST008,252.4027,258.643,250.1332,254.8551,2423049.0,USD
2024-06-18,INST008,250.6709,256.5444,251.6143,252.4688,139813.0,USD
2024-06-19,INST008,246.3346,252.4647,244.7393,247.7097,3166130.0,USD
2024-06-20,INST008,250.3897,251.9933,247.7109,248.3263,2189772.0,USD
2024-06-21,INST008,249.751,255.0774,245.2575,249.3884,184235.0,USD
2024-06-24,INST008,242.4309,248.1999,239.3857,243.2846,3655849.0,USD
2024-06-25,INST008,241.5363,243.9647,241.0142,241.8953,2229516.0,USD
2024-06-26,INST008,237.549,244.5928,232.3769,238.1246,2711761.0,USD
2024-06-27,INST008,244.6661,246.2939,242.6131,243.0043,3841345.0,USD
2024-06-28,INST008,235.8616,240.3382,237.2161,237.6365,1579794.0,USD
2024-07-01,INST008,240.3757,242.9781,234.5375,241.1746,4931812.0,USD
2024-07-02,INST008,245.929,247.9759,245.3268,245.3767,2156593.0,USD
2024-07-03,INST008,252.0093,252.6082,248.6668,251.0231,3989878.0,USD
2024-07-04,INST008,251.0572,256.8482,247.2502,251.9169,2021792.0,USD
2024-07-05,INST008,247.6047,254.3521,244.6402,247.5275,338627.0,USD
2024-07-08,INST008,246.3499,253.7079,246.8543,247.6684,3706716.0,USD
2024-07-09,INST008,248.4363,251.1338,245.8423,248.0998,669406.0,USD
2024-07-10,INST008,254.1148,259.6236,249.9169,252.8719,1024363.0,USD
2024-07-11,INST008,246.1528,247.5799,245.8367,246.5517,629225.0,USD
2024-07-12,INST008,242.8009,243.8682,238.324,243.2288,3791723.0,USD
2024-07-15,INST008,245.0049,250.4845,238.3404,243.6424,3765587.0,USD
2024-07-16,INST008,242.3214,244.2332,238.4111,243.4261,4931730.0,USD
2024-07-17,INST008,246.1244,251.2551,242.635,244.1595,2379328.0,USD
2024-07-18,INST008,241.7514,245.1267,240.9676,241.4493,2909446.0,USD
2024-07-19,INST008,234.085,240.4238,232.9472,235.5067,4886492.0,USD
2024-07-22,INST008,234.3572,232.8378,229.8003,232.4845,1280686.0,USD
2024-07-23,INST008,235.8237,239.7322,236.071,236.466,2418700.0,USD
2024-07-24,INST008,238.2824,236.8408,230.0584,236.7155,764098.0,USD
2024-07-25,INST008,244.5329,247.1465,237.2465,242.2807,3098007.0,USD
2024-07-26,INST008,237.8833,243.824,234.4872,237.6427,988171.0,USD
2024-07-29,INST008,234.2852,236.4003,229.1468,233.3992,1095215.0,USD
2024-07-30,INST008,238.1404,245.5985,238.2851,238.6881,1738143.0,USD
2024-07-31,INST008,242.2523,244.7685,234.3323,240.6684,838732.0,USD
2024-08-01,INST008,238.2237,239.3734,235.6879,238.5926,2429531.0,USD
2024-08-02,INST008,244.7382,250.831,238.8903,244.1436,3779018.0,USD
2024-08-05,INST008,241.3992,246.8841,239.459,239.9087,634599.0,USD
2024-08-06,INST008,240.8171,239.9455,233.6871,239.1588,3937016.0,USD
2024-08-07,INST008,238.4139,239.9552,235.1184,239.8857,681034.0,USD
2024-08-08,INST008,242.4371,245.2266,237.5419,242.1964,4662845.0,USD
2024-08-09,INST008,236.3249,238.8219,237.0504,237.6035,4464636.0,USD
2024-08-12,INST008,233.3793,232.0188,224.8351,231.7648,3239161.0,USD
2024-08-13,INST008,231.5771,234.3334,227.4999,230.7453,545774.0,USD
2024-08-14,INST008,224.9195,229.1172,222.1108,225.4241,513392.0,USD
2024-08-15,INST008,228.7309,230.4832,226.8191,227.3688,1971133.0,USD
2024-08-16,INST008,231.9215,238.2441,226.727,232.2761,4443305.0,USD
2024-08-19,INST008,228.6003,235.3274,228.421,229.7303,2868589.0,USD
2024-08-20,INST008,235.889,238.3101,232.3942,235.4649,2230195.0,USD
2024-08-21,INST008,239.6306,241.2161,233.8507,237.2585,1870679.0,USD
2024-08-22,INST008,237.9376,242.3554,235.7128,236.2123,2986365.0,USD
2024-08-23,INST008,232.6511,237.1212,230.7828,231.8854,1783492.0,USD
2024-08-26,INST008,230.2794,228.8898,224.7962,228.0488,2250481.0,USD
2024-08-27,INST008,225.9066,226.4053,222.8939,224.2769,4087115.0,USD
2024-08-28,INST008,226.1707,232.5757,223.5383,228.3317,2191836.0,USD
2024-08-29,INST008,225.8128,227.7741,225.1891,227.0845,4165135.0,USD
2024-08-30,INST008,229.9142,234.8063,231.1534,231.1742,2141630.0,USD
2024-09-02,INST008,231.7115,230.4913,228.7256,229.4465,4831903.0,USD
2024-09-03,INST008,226.3698,229.811,222.5716,224.2634,4734487.0,USD
2024-09-04,INST008,229.7154,232.6551,223.4772,229.5423,250879.0,USD
2024-09-05,INST008,235.9076,237.002,233.1574,234.3721,1082273.0,USD
2024-09-06,INST008,228.8678,232.9174,230.7128,231.0574,1119463.0,USD
2024-09-09,INST008,226.5528,230.9877,226.3913,227.0849,2082577.0,USD
2024-09-10,INST008,229.0969,234.027,226.1989,227.4645,2303258.0,USD
2024-09-11,INST008,232.0692,231.4404,224.1601,230.4034,3252317.0,USD
2024-09-12,INST008,227.3787,232.6833,224.6016,228.5367,910018.0,USD
2024-09-13,INST008,226.8705,228.6127,221.4736,226.1625,4987001.0,USD
2024-09-16,INST008,224.649,223.2764,219.136,222.7409,4411902.0,USD
2024-09-17,INST008,220.6896,225.1452,215.8254,218.9192,1531276.0,USD
2024-09-18,INST008,219.5157,224.7412,217.5794,220.5835,2427091.0,USD
2024-09-19,INST008,222.8562,224.9742,216.0846,221.4925,1134053.0,USD
2024-09-20,INST008,221.5604,221.5279,218.0636,221.5215,1404110.0,USD
2024-09-23,INST008,216.9764,219.346,215.4095,218.3209,3974683.0,USD
2024-09-24,INST008,216.7048,219.1524,214.7316,215.4831,3816762.0,USD
2024-09-25,INST008,212.552,217.5499,206.4624,212.8004,439698.0,USD
2024-09-26,INST008,207.7664,209.9158,206.178,209.4772,4856081.0,USD
2024-09-27,INST008,202.3534,206.5394,199.0446,204.3379,2182527.0,USD
2024-09-30,INST008,198.8121,203.2874,199.2621,200.3485,1224638.0,USD
2024-10-01,INST008,202.0975,206.3444,199.5299,203.122,295832.0,USD
2024-10-02,INST008,200.1487,202.7984,197.8009,198.9774,4019164.0,USD
2024-10-03,INST008,201.5442,206.7219,195.7159,200.7327,2248056.0,USD
2024-10-04,INST008,200.8136,205.2306,194.1771,199.8659,3733986.0,USD
2024-10-07,INST008,196.758,199.0837,192.6586,197.6112,2614138.0,USD
2024-10-08,INST008,195.9739,201.2804,196.4974,197.7211,3125651.0,USD
2024-10-09,INST008,202.9574,206.996,200.5123,202.0478,707716.0,USD
2024-10-10,INST008,199.5332,206.6348,198.7044,200.6981,4244611.0,USD
2024-10-11,INST008,199.8241,201.5382,198.4535,198.6795,4533359.0,USD
2024-10-14,INST008,197.7858,202.7837,196.4156,199.695,1651986.0,USD
2024-10-15,INST008,196.0645,199.7297,195.4001,196.3323,3955586.0,USD
2024-10-16,INST008,198.0129,203.3388,193.9543,198.5855,898840.0,USD
2024-10-17,INST008,194.3675,198.867,193.1487,195.8792,705862.0,USD
2024-10-18,INST008,192.6296,196.9424,190.4833,194.345,1614044.0,USD
2024-10-21,INST008,198.3842,201.5151,194.2376,198.0185,539875.0,USD
2024-10-22,INST008,195.4724,194.942,193.0626,194.2857,356615.0,USD
2024-10-23,INST008,193.1596,199.5021,191.3894,194.6847,3118674.0,USD
2024-10-24,INST008,199.2175,204.8533,194.4909,199.5338,4501629.0,USD
2024-10-25,INST008,202.5154,207.0832,197.6232,201.3137,1171061.0,USD
2024-10-28,INST008,197.6365,202.4903,193.044,198.2775,3251330.0,USD
2024-10-29,INST008,198.8245,197.9088,192.235,197.4951,1072783.0,USD
2024-10-30,INST008,195.7465,197.3098,193.3004,194.2094,1671109.0,USD
2024-10-31,INST008,190.0275,192.7651,187.0354,190.8717,3023350.0,USD
2024-11-01,INST008,186.9393,191.582,188.5827,188.6125,1257360.0,USD
2024-11-04,INST008,194.1407,195.8415,191.6273,192.9545,3597720.0,USD
2024-11-05,INST008,197.7808,199.2735,191.6942,197.0717,2856536.0,USD
2024-11-06,INST008,197.289,198.144,193.3138,197.1622,4424248.0,USD
2024-11-07,INST008,195.4081,196.1303,190.6009,194.6985,4725518.0,USD
2024-11-08,INST008,192.9265,195.8432,191.8093,194.4075,225633.0,USD
2024-11-11,INST008,190.016,194.3451,189.5043,191.2132,4775913.0,USD
2024-11-12,INST008,191.1998,195.3297,185.8293,191.3118,2860485.0,USD
2024-11-13,INST008,187.7335,193.0267,182.8755,187.9395,1710370.0,USD
2024-11-14,INST008,190.9015,191.493,189.7663,190.9001,4042872.0,USD
2024-11-15,INST008,195.8993,194.0923,188.4184,194.018,112894.0,USD
2024-11-18,INST008,190.8137,191.7188,185.4655,190.3727,4999834.0,USD
2024-11-19,INST008,192.5562,195.648,190.0499,190.951,2863500.0,USD
2024-11-20,INST008,194.6933,200.2009,189.3289,194.865,4511926.0,USD
2024-11-21,INST008,198.822,203.8893,196.2448,198.2618,3555439.0,USD
2024-11-22,INST008,197.4555,199.6144,195.3211,196.1929,1993943.0,USD
2024-11-25,INST008,198.0098,198.1803,194.7265,196.382,3899278.0,USD
2024-11-26,INST008,192.678,196.4825,193.1878,194.4118,2559556.0,USD
2024-11-27,INST008,197.0857,199.4423,192.7974,196.5599,2562449.0,USD
2024-11-28,INST008,202.8732,205.5551,196.9192,200.9673,4875143.0,USD
2024-11-29,INST008,197.2649,201.5917,192.4555,197.8069,572482.0,USD
2024-12-02,INST008,200.3082,203.0268,197.2456,199.3651,3856545.0,USD
2024-12-03,INST008,200.8786,201.9512,198.6677,200.9218,430640.0,USD
2024-12-04,INST008,206.02,210.7528,202.3839,205.6324,3335886.0,USD
2024-12-05,INST008,206.712,212.0263,208.5363,208.7947,189903.0,USD
2024-12-06,INST008,206.0808,212.757,206.743,207.9186,3719454.0,USD
2024-12-09,INST008,208.1489,211.4926,205.3779,207.2325,2348754.0,USD
2024-12-10,INST008,204.2412,204.4263,202.401,204.3595,3611844.0,USD
2024-12-11,INST008,201.3693,204.4081,198.3187,201.8987,343434.0,USD
2024-12-12,INST008,202.3547,205.708,197.2912,201.5651,3346090.0,USD
2024-12-13,INST008,202.1464,206.6214,201.1868,202.1981,2378524.0,USD
2024-12-16,INST008,198.9802,201.5701,197.4387,199.8038,4564624.0,USD
2024-12-17,INST008,203.7656,205.0587,201.0259,204.3466,4312010.0,USD
2024-12-18,INST008,200.9555,201.2543,195.6152,200.9351,3833487.0,USD
2024-12-19,INST008,202.4252,208.6223,201.2877,203.8455,1437185.0,USD
2024-12-20,INST008,198.5621,205.4449,195.2765,199.7897,4078751.0,USD
2024-12-23,INST008,197.9208,203.1852,197.2076,198.9688,329601.0,USD
2024-12-24,INST008,197.1736,202.5736,195.6788,198.2383,4884693.0,USD
2024-12-25,INST008,198.6293,202.1035,195.9038,200.5144,1940539.0,USD
2024-12-26,INST008,203.4613,209.3257,200.0209,204.068,986845.0,USD
2024-12-27,INST008,200.9064,199.9592,197.8375,199.7818,3143504.0,USD
2024-12-30,INST008,203.4088,210.3716,199.0851,204.72,2796659.0,USD
2024-12-31,INST008,209.3144,209.4291,205.9453,208.3461,3623426.0,USD
2022-01-03,INST009,96.7147,98.8423,94.3291,97.1907,3460516.0,EUR
2022-01-04,INST009,98.1409,101.6507,96.3544,98.7013,140803.0,EUR
2022-01-05,INST009,97.6168,98.3046,96.6283,98.0125,2185730.0,EUR
2022-01-06,INST009,97.4848,98.0683,96.0716,96.8815,115703.0,EUR
2022-01-07,INST009,95.7451,96.3229,94.3757,96.2492,2389966.0,EUR
2022-01-10,INST009,93.6376,95.9204,93.8491,94.2471,2682916.0,EUR
2022-01-11,INST009,91.2485,94.3521,91.5225,92.084,2908401.0,EUR
2022-01-12,INST009,92.556,92.7368,91.2125,91.9363,1688630.0,EUR
2022-01-13,INST009,90.1357,91.4657,88.5313,90.4158,2106972.0,EUR
2022-01-14,INST009,92.5899,94.7563,91.1935,92.2261,1664467.0,EUR
2022-01-17,INST009,90.6526,92.2235,90.086,91.101,184989.0,EUR
2022-01-18,INST009,90.6453,91.5087,90.2786,90.3377,568736.0,EUR
2022-01-19,INST009,88.4907,90.0727,86.8224,88.2096,1784029.0,EUR
2022-01-20,INST009,90.5123,90.8717,88.0537,90.3294,1753804.0,EUR
2022-01-21,INST009,92.9441,92.3921,92.1542,92.1886,3815816.0,EUR
2022-01-24,INST009,92.7245,94.6982,90.893,92.3517,212906.0,EUR
2022-01-25,INST009,90.1036,93.2075,88.027,90.7019,2723826.0,EUR
2022-01-26,INST009,90.1901,89.9396,86.9766,89.3652,2089417.0,EUR
2022-01-27,INST009,90.2386,92.8812,90.0312,90.8151,4166221.0,EUR
2022-01-28,INST009,88.9799,88.6721,86.5531,88.5869,3451560.0,EUR
2022-01-31,INST009,90.0024,91.1985,87.7054,89.1619,4916070.0,EUR
2022-02-01,INST009,90.1155,92.202,89.5446,90.1735,936773.0,EUR
2022-02-02,INST009,90.3695,91.6633,87.0825,89.7157,1037181.0,EUR
2022-02-03,INST009,91.1633,91.5921,90.4733,91.1235,2282306.0,EUR
2022-02-04,INST009,93.0372,95.195,90.9292,93.1099,698617.0,EUR
2022-02-07,INST009,95.2275,96.7501,93.1999,95.4164,3646178.0,EUR
2022-02-08,INST009,94.7331,96.5836,94.7074,94.9571,1210851.0,EUR
2022-02-09,INST009,94.335,95.9316,92.4643,93.4347,4792300.0,EUR
2022-02-10,INST009,95.2059,94.8973,94.1169,94.7556,1295165.0,EUR
2022-02-11,INST009,94.9841,97.4242,94.3841,95.4554,4415506.0,EUR
2022-02-14,INST009,93.5569,95.6985,93.5553,94.1731,2561152.0,EUR
2022-02-15,INST009,95.0097,96.0577,94.474,95.0365,2601490.0,EUR
2022-02-16,INST009,94.5429,96.8801,94.424,95.4878,479369.0,EUR
2022-02-17,INST009,95.7489,98.0353,95.1403,96.6427,4413042.0,EUR
2022-02-18,INST009,97.2405,98.2757,97.0403,97.3206,2307106.0,EUR
2022-02-21,INST009,97.6609,99.1109,96.2468,96.8936,2122031.0,EUR
2022-02-22,INST009,98.2653,100.3379,96.6936,98.7966,1400284.0,EUR
2022-02-23,INST009,97.1687,98.9264,94.3269,96.9571,4966330.0,EUR
2022-02-24,INST009,96.1608,99.6601,95.6109,96.9317,4290463.0,EUR
2022-02-25,INST009,95.926,97.1098,93.4266,95.2207,1646996.0,EUR
2022-02-28,INST009,95.0253,96.4779,95.054,95.6007,4983721.0,EUR
2022-03-01,INST009,95.5039,96.2612,94.8087,95.4937,2121593.0,EUR
2022-03-02,INST009,92.6521,95.1818,91.3852,93.4989,4332132.0,EUR
2022-03-03,INST009,93.8717,93.9094,92.2308,93.5697,4999326.0,EUR
2022-03-04,INST009,93.8955,93.2369,91.1625,93.0288,2506456.0,EUR
2022-03-07,INST009,94.5936,95.1837,91.6699,94.425,4590410.0,EUR
2022-03-08,INST009,92.5381,95.4234,92.0619,92.7976,690215.0,EUR
2022-03-09,INST009,94.415,95.0074,93.5023,94.2527,1078204.0,EUR
2022-03-10,INST009,92.8798,94.8484,92.2818,93.1839,4887086.0,EUR
2022-03-11,INST009,92.9654,93.9604,91.7037,93.3352,197819.0,EUR
2022-03-14,INST009,94.9058,97.5704,93.708,95.1778,1242066.0,EUR
2022-03-15,INST009,93.2175,93.0192,92.1037,92.9487,2602439.0,EUR
2022-03-16,INST009,93.8013,95.2854,92.902,94.3553,736049.0,EUR
2022-03-17,INST009,94.5049,95.1194,94.666,95.094,1960184.0,EUR
2022-03-18,INST009,94.641,96.519,92.3377,94.1688,4862584.0,EUR
2022-03-21,INST009,91.7256,92.9352,90.5481,92.5338,218924.0,EUR
2022-03-22,INST009,90.6458,91.7007,89.5902,91.5118,4342195.0,EUR
2022-03-23,INST009,91.9254,94.7017,91.8544,92.331,972258.0,EUR
2022-03-24,INST009,94.8127,95.1188,92.463,93.922,4316051.0,EUR
2022-03-25,INST009,95.2061,94.9927,93.7374,94.5155,3859877.0,EUR
2022-03-28,INST009,92.0252,93.13,91.4935,92.5132,2403087.0,EUR
2022-03-29,INST009,94.3513,94.6665,91.6003,94.0825,4682733.0,EUR
2022-03-30,INST009,92.484,93.1591,90.6055,91.8801,1705391.0,EUR
2022-03-31,INST009,92.542,93.2646,89.6212,92.2221,4590412.0,EUR
2022-04-01,INST009,90.7459,92.6481,90.449,90.997,2020320.0,EUR
2022-04-04,INST009,89.982,90.438,88.2397,89.4904,3134242.0,EUR
2022-04-05,INST009,87.6754,89.5169,86.9629,87.7404,3547845.0,EUR
2022-04-06,INST009,85.5008,86.5293,84.166,86.3576,4040246.0,EUR
2022-04-07,INST009,88.057,89.4374,84.8564,87.2125,4565219.0,EUR
2022-04-08,INST009,88.6836,88.4702,86.1935,88.0115,3426448.0,EUR
2022-04-11,INST009,85.1803,86.3638,84.5552,85.8738,1199859.0,EUR
2022-04-12,INST009,88.3256,89.1823,87.5754,87.8904,2687928.0,EUR
2022-04-13,INST009,88.6273,89.1359,87.5738,88.0588,2041368.0,EUR
2022-04-14,INST009,86.5065,88.2483,86.0643,87.0378,1943537.0,EUR
2022-04-15,INST009,89.7678,89.0295,86.8406,88.8874,1647582.0,EUR
2022-04-18,INST009,91.0132,92.4003,88.7297,90.6024,2041295.0,EUR
2022-04-19,INST009,90.6161,91.6964,90.3479,91.3556,4070693.0,EUR
2022-04-20,INST009,91.9119,93.5861,90.6053,91.4172,4470977.0,EUR
2022-04-21,INST009,90.6386,92.5356,90.1234,91.273,1399571.0,EUR
2022-04-22,INST009,93.4474,93.4416,91.848,92.9636,4941665.0,EUR
2022-04-25,INST009,91.3097,93.3169,90.651,90.939,153340.0,EUR
2022-04-26,INST009,91.3033,91.8643,90.2645,91.0963,4624212.0,EUR
2022-04-27,INST009,91.0309,92.9849,90.5173,91.3046,221090.0,EUR
2022-04-28,INST009,91.3112,94.1953,90.8312,91.8445,4856568.0,EUR
2022-04-29,INST009,90.414,93.0558,89.9039,91.0608,618651.0,EUR
2022-05-02,INST009,91.4017,93.2726,92.0106,92.2793,4194878.0,EUR
2022-05-03,INST009,91.512,92.8337,88.9268,90.6741,376706.0,EUR
2022-05-04,INST009,92.2879,92.8153,91.4329,91.9298,1737259.0,EUR
2022-05-05,INST009,93.4738,95.1357,92.0913,92.9532,2606774.0,EUR
2022-05-06,INST009,93.633,95.6998,91.7736,93.4484,3777536.0,EUR
2022-05-09,INST009,95.7715,96.4488,94.4489,95.0502,2197386.0,EUR
2022-05-10,INST009,94.3413,95.4432,93.0687,93.6268,3089775.0,EUR
2022-05-11,INST009,93.7793,94.2496,91.306,92.996,4464674.0,EUR
2022-05-12,INST009,94.036,96.1228,94.0338,94.9393,1257201.0,EUR
2022-05-13,INST009,97.3736,98.0234,94.0944,96.807,1367224.0,EUR
2022-05-16,INST009,96.664,98.5244,94.3368,96.1262,2731587.0,EUR
2022-05-17,INST009,94.2554,95.3006,92.793,95.1603,786639.0,EUR
2022-05-18,INST009,95.3602,95.3946,93.332,95.2759,4037220.0,EUR
2022-05-19,INST009,96.0329,95.9297,94.5616,95.2342,2491637.0,EUR
2022-05-20,INST009,94.1307,94.7572,92.4024,93.6809,599574.0,EUR
2022-05-23,INST009,93.1323,95.2737,93.3099,93.8862,4556616.0,EUR
2022-05-24,INST009,93.8867,95.1657,92.4248,94.4288,2468692.0,EUR
2022-05-25,INST009,92.73,94.0106,93.0448,93.2249,1616548.0,EUR
2022-05-26,INST009,90.7648,93.4304,90.2473,91.0046,3348366.0,EUR
2022-05-27,INST009,93.5539,95.1569,92.3777,93.0432,2713343.0,EUR
2022-05-30,INST009,93.2495,95.4372,92.8928,94.1789,2557541.0,EUR
2022-05-31,INST009,94.9646,95.8283,93.7674,94.6174,2933017.0,EUR
2022-06-01,INST009,92.7134,95.5982,91.5178,92.8471,3458818.0,EUR
2022-06-02,INST009,93.6233,94.8768,92.4401,94.3453,2391862.0,EUR
2022-06-03,INST009,93.7612,96.568,93.3752,94.1677,2741468.0,EUR
2022-06-06,INST009,93.8847,93.5952,92.8261,93.0934,3877383.0,EUR
2022-06-07,INST009,93.0238,95.5522,90.9703,93.5961,4229859.0,EUR
2022-06-08,INST009,94.9793,96.4948,93.1478,94.2553,3854376.0,EUR
2022-06-09,INST009,95.0287,95.8027,94.5332,94.7873,966325.0,EUR
2022-06-10,INST009,94.3833,95.5071,93.9693,94.3279,4397042.0,EUR
2022-06-13,INST009,95.0787,97.3212,93.6112,95.4461,1033454.0,EUR
2022-06-14,INST009,97.1373,97.9571,95.3402,96.7014,1351502.0,EUR
2022-06-15,INST009,97.2158,97.6936,94.2106,97.0818,840778.0,EUR
2022-06-16,INST009,99.1503,99.6105,98.9566,99.0871,3197370.0,EUR
2022-06-17,INST009,98.4312,99.7817,96.6055,98.0789,1035999.0,EUR
2022-06-20,INST009,97.6116,98.9208,98.1989,98.2848,2674011.0,EUR
2022-06-21,INST009,98.2201,100.497,98.0258,98.2315,984278.0,EUR
2022-06-22,INST009,97.677,100.3666,95.6518,97.866,3944393.0,EUR
2022-06-23,INST009,96.0086,97.7774,92.9859,95.421,2490345.0,EUR
2022-06-24,INST009,96.1791,97.1823,96.0928,96.3876,3394035.0,EUR
2022-06-27,INST009,95.7519,96.3475,94.1329,95.0368,3285050.0,EUR
2022-06-28,INST009,96.2393,97.031,92.975,95.8409,2723942.0,EUR
2022-06-29,INST009,95.0441,97.2239,92.9131,95.1765,3573454.0,EUR
2022-06-30,INST009,95.8226,96.8523,94.9596,96.17,2177576.0,EUR
2022-07-01,INST009,94.8759,96.5279,93.7733,94.5444,1612600.0,EUR
2022-07-04,INST009,95.0786,96.3526,93.0461,95.3714,4083295.0,EUR
2022-07-05,INST009,96.965,97.9567,96.3784,97.1102,2111152.0,EUR
2022-07-06,INST009,96.1052,97.1895,94.5884,96.7776,3491702.0,EUR
2022-07-07,INST009,94.89,96.3974,92.4045,94.5213,1009161.0,EUR
2022-07-08,INST009,92.6327,93.8151,91.125,93.0826,256568.0,EUR
2022-07-11,INST009,94.7907,95.335,93.9121,94.5743,2064991.0,EUR
2022-07-12,INST009,91.8547,94.4316,89.9692,92.4161,3172276.0,EUR
2022-07-13,INST009,94.1259,97.1059,92.8673,94.6048,3958401.0,EUR
2022-07-14,INST009,92.7161,96.3511,92.7031,93.5657,4239537.0,EUR
2022-07-15,INST009,92.7057,94.1331,89.5262,92.0249,3376849.0,EUR
2022-07-18,INST009,92.923,95.0482,92.4619,93.2873,3049267.0,EUR
2022-07-19,INST009,94.913,97.2308,92.9335,95.1268,3122403.0,EUR
2022-07-20,INST009,95.7326,95.6062,94.6423,95.4487,4988849.0,EUR
2022-07-21,INST009,95.9609,97.5217,94.7579,95.86,4399973.0,EUR
2022-07-22,INST009,94.8368,97.477,93.3617,95.5519,664929.0,EUR
2022-07-25,INST009,93.8632,96.6411,91.5088,94.008,4026553.0,EUR
2022-07-26,INST009,95.2657,97.5321,94.2283,94.7284,3834538.0,EUR
2022-07-27,INST009,91.7395,95.342,91.344,92.5852,1288091.0,EUR
2022-07-28,INST009,93.3924,94.6561,91.4754,93.3068,1155459.0,EUR
2022-07-29,INST009,93.0239,92.4075,90.9881,92.2689,1548516.0,EUR
2022-08-01,INST009,92.1934,92.7185,91.6924,92.3731,4206082.0,EUR
2022-08-02,INST009,90.8944,93.3413,90.3752,91.5879,2645706.0,EUR
2022-08-03,INST009,90.5487,91.6816,89.8237,90.6511,1298454.0,EUR
2022-08-04,INST009,92.0541,93.7061,89.6579,91.705,4226132.0,EUR
2022-08-05,INST009,93.9403,93.5759,91.6839,93.3401,1282508.0,EUR
2022-08-08,INST009,93.713,95.3859,93.1663,94.1229,388092.0,EUR
2022-08-09,INST009,92.2146,92.621,91.7391,92.5813,4650410.0,EUR
2022-08-10,INST009,91.2394,91.5693,90.0082,91.5119,4522371.0,EUR
2022-08-11,INST009,91.2953,91.7695,90.0787,91.3915,2541270.0,EUR
2022-08-12,INST009,92.4453,94.8377,91.6595,93.1128,1269846.0,EUR
2022-08-15,INST009,93.8016,95.7695,92.4066,94.702,1114001.0,EUR
2022-08-16,INST009,93.6471,94.9161,92.6265,93.9265,4327427.0,EUR
2022-08-17,INST009,96.1353,96.5012,94.333,95.5924,4296772.0,EUR
2022-08-18,INST009,95.4572,96.0063,92.0728,94.6371,3071097.0,EUR
2022-08-19,INST009,91.8866,93.7157,91.3839,92.6551,2264846.0,EUR
2022-08-22,INST009,90.203,90.4657,89.3539,90.3403,4256154.0,EUR
2022-08-23,INST009,92.8488,94.2877,90.239,92.3226,4802759.0,EUR
2022-08-24,INST009,91.1208,91.8721,88.8541,91.4093,2346102.0,EUR
2022-08-25,INST009,90.154,92.0711,89.7394,90.2744,2232426.0,EUR
2022-08-26,INST009,90.4685,92.6585,89.7673,91.1498,1439208.0,EUR
2022-08-29,INST009,90.6282,91.56,88.769,91.0044,3306351.0,EUR
2022-08-30,INST009,91.3949,92.4549,91.356,91.9382,1163692.0,EUR
2022-08-31,INST009,92.6534,92.7728,89.9426,91.8406,3127424.0,EUR
2022-09-01,INST009,93.5791,94.1967,92.115,93.1022,371100.0,EUR
2022-09-02,INST009,90.7778,91.3033,90.9081,91.2641,4338751.0,EUR
2022-09-05,INST009,90.3166,91.1084,87.7056,89.4878,202343.0,EUR
2022-09-06,INST009,92.2911,92.0858,88.9922,91.4003,2783310.0,EUR
2022-09-07,INST009,88.8769,91.7253,87.863,89.4575,806669.0,EUR
2022-09-08,INST009,90.2933,90.6908,88.5705,90.6349,1944926.0,EUR
2022-09-09,INST009,93.3833,92.7904,91.0394,92.5312,2408735.0,EUR
2022-09-12,INST009,90.6492,91.3849,89.6798,90.9273,2268366.0,EUR
2022-09-13,INST009,91.3976,92.3361,89.5963,91.0253,4332323.0,EUR
2022-09-14,INST009,90.3266,91.0439,87.9039,89.8625,2522552.0,EUR
2022-09-15,INST009,92.2798,93.205,89.9273,91.7665,3824990.0,EUR
2022-09-16,INST009,90.1491,91.3427,89.0323,89.6724,1898388.0,EUR
2022-09-19,INST009,87.1497,87.6987,86.9183,87.5582,1834013.0,EUR
2022-09-20,INST009,87.3003,86.9227,85.4656,86.8757,3181987.0,EUR
2022-09-21,INST009,89.3984,89.2569,86.8527,88.6088,495076.0,EUR
2022-09-22,INST009,90.6424,91.5901,87.9306,89.8517,978869.0,EUR
2022-09-23,INST009,90.0125,92.0396,88.9993,90.4164,2421503.0,EUR
2022-09-26,INST009,91.1464,90.5893,90.3077,90.5044,1849923.0,EUR
2022-09-27,INST009,90.2146,90.8747,88.1205,89.8501,2371706.0,EUR
2022-09-28,INST009,89.1471,90.1348,86.5884,89.138,3976824.0,EUR
2022-09-29,INST009,90.9623,91.7063,89.9148,90.5069,3536332.0,EUR
2022-09-30,INST009,89.1706,90.5353,87.8108,88.7855,668250.0,EUR
2022-10-03,INST009,86.4998,87.3343,85.6839,86.6055,3407747.0,EUR
2022-10-04,INST009,87.8282,89.218,86.7666,87.091,396549.0,EUR
2022-10-05,INST009,89.3457,91.4287,88.374,88.843,4666834.0,EUR
2022-10-06,INST009,87.1353,87.9469,86.6066,86.919,3429485.0,EUR
2022-10-07,INST009,85.8939,88.0704,83.9221,85.5776,3384852.0,EUR
2022-10-10,INST009,84.75,84.5851,83.4133,84.4542,1434614.0,EUR
2022-10-11,INST009,83.5425,86.4792,82.8781,84.2941,1000577.0,EUR
2022-10-12,INST009,81.9516,84.6084,79.8759,82.3008,2822976.0,EUR
2022-10-13,INST009,84.0306,83.5363,81.2385,83.3885,2776067.0,EUR
2022-10-14,INST009,82.1842,82.0978,81.3292,81.6529,720997.0,EUR
2022-10-17,INST009,80.6342,82.1738,80.2716,81.3705,1417740.0,EUR
2022-10-18,INST009,79.5389,81.0714,79.4659,79.5756,2340311.0,EUR
2022-10-19,INST009,79.5751,81.2432,78.7938,79.9723,875895.0,EUR
2022-10-20,INST009,80.0886,81.5126,80.5139,80.8191,944509.0,EUR
2022-10-21,INST009,80.0575,82.6912,78.7099,80.3451,1736565.0,EUR
2022-10-24,INST009,78.9038,80.2623,78.1247,79.3378,2129145.0,EUR
2022-10-25,INST009,80.6406,82.533,80.7634,81.2922,1251178.0,EUR
2022-10-26,INST009,81.4539,83.5023,80.5248,81.2788,3223757.0,EUR
2022-10-27,INST009,82.8604,83.1004,80.1892,82.1013,285075.0,EUR
2022-10-28,INST009,84.7965,86.0991,82.1207,84.1114,862368.0,EUR
2022-10-31,INST009,84.0352,85.1434,82.0948,83.2888,3010417.0,EUR
2022-11-01,INST009,81.6926,82.863,79.8183,82.1866,2937797.0,EUR
2022-11-02,INST009,81.8708,84.4447,81.5332,82.2063,4460481.0,EUR
2022-11-03,INST009,84.8689,85.8566,83.1097,84.1128,3852613.0,EUR
2022-11-04,INST009,84.061,85.3614,81.8971,83.6315,3770587.0,EUR
2022-11-07,INST009,82.4039,84.2741,81.7147,83.1804,2394781.0,EUR
2022-11-08,INST009,83.4284,85.2153,81.6905,84.0208,4145855.0,EUR
2022-11-09,INST009,84.911,84.4243,82.8605,84.0972,4116320.0,EUR
2022-11-10,INST009,84.5257,86.8571,84.4702,85.1762,1615497.0,EUR
2022-11-11,INST009,83.8307,85.115,81.7046,84.095,1136862.0,EUR
2022-11-14,INST009,83.3241,85.9773,82.9973,83.8371,742750.0,EUR
2022-11-15,INST009,85.3748,85.3711,82.302,84.5394,1930738.0,EUR
2022-11-16,INST009,84.0192,85.8404,84.1445,84.8009,935140.0,EUR
2022-11-17,INST009,83.4372,85.1294,81.9786,83.3824,2954011.0,EUR
2022-11-18,INST009,82.461,83.0682,81.0829,81.946,524903.0,EUR
2022-11-21,INST009,81.1037,82.1404,80.3966,81.554,3955869.0,EUR
2022-11-22,INST009,82.3648,83.1753,82.4864,82.6948,2867882.0,EUR
2022-11-23,INST009,82.166,82.8077,80.718,82.0169,4006242.0,EUR
2022-11-24,INST009,83.3647,85.1675,82.3861,82.7462,4009685.0,EUR
2022-11-25,INST009,80.0181,81.0494,79.1929,80.8041,1951663.0,EUR
2022-11-28,INST009,82.3387,83.7362,82.6246,82.6762,4177466.0,EUR
2022-11-29,INST009,83.5,86.1721,82.3031,83.9397,1594088.0,EUR
2022-11-30,INST009,82.8044,84.9758,83.2256,83.2388,597359.0,EUR
2022-12-01,INST009,84.7701,87.5441,84.8107,85.0951,3235723.0,EUR
2022-12-02,INST009,82.9038,85.7637,81.2716,83.6481,522049.0,EUR
2022-12-05,INST009,85.2917,86.4999,84.3707,85.4816,602124.0,EUR
2022-12-06,INST009,86.3881,89.1474,85.9733,86.7374,1413942.0,EUR
2022-12-07,INST009,85.6454,87.5722,84.0729,86.1816,2555436.0,EUR
2022-12-08,INST009,85.1526,87.0109,83.685,84.9319,3878200.0,EUR
2022-12-09,INST009,87.4435,89.4111,86.1802,86.9033,1437392.0,EUR
2022-12-12,INST009,88.3582,88.9351,87.4398,88.326,2230719.0,EUR
2022-12-13,INST009,87.4595,89.0237,87.2402,87.9925,2252386.0,EUR
2022-12-14,INST009,86.1251,86.2902,84.9237,86.01,3804157.0,EUR
2022-12-15,INST009,85.0848,86.8292,83.8903,84.6762,4185851.0,EUR
2022-12-16,INST009,84.0701,85.7773,83.5602,84.205,595871.0,EUR
2022-12-19,INST009,82.7382,85.2068,82.7839,83.1662,3382210.0,EUR
2022-12-20,INST009,83.3671,83.0408,82.7724,82.8086,3085631.0,EUR
2022-12-21,INST009,83.3499,86.094,82.1943,83.99,2786860.0,EUR
2022-12-22,INST009,83.9714,86.0719,84.0295,84.2867,839748.0,EUR
2022-12-23,INST009,84.7743,85.7405,84.1089,85.0892,4999669.0,EUR
2022-12-26,INST009,84.0272,84.7545,83.5895,84.2795,2737346.0,EUR
2022-12-27,INST009,82.6744,84.1269,80.662,82.2034,2799803.0,EUR
2022-12-28,INST009,79.9915,82.8323,79.8979,80.6198,3777133.0,EUR
2022-12-29,INST009,79.9059,81.9542,79.6027,80.1126,186331.0,EUR
2022-12-30,INST009,80.9123,80.714,79.9972,80.5372,2125154.0,EUR
2023-01-02,INST009,82.61,82.8569,81.4705,82.3398,3970855.0,EUR
2023-01-03,INST009,82.1278,82.5105,80.7937,81.9281,402314.0,EUR
2023-01-04,INST009,80.6488,81.1655,79.7977,80.3475,1475439.0,EUR
2023-01-05,INST009,78.5478,79.7045,76.7266,78.3629,3375174.0,EUR
2023-01-06,INST009,79.6086,82.0352,78.1691,79.7402,3970595.0,EUR
2023-01-09,INST009,79.1272,80.6395,76.5988,78.3733,1454271.0,EUR
2023-01-10,INST009,77.4152,78.9085,76.5355,77.8791,1049960.0,EUR
2023-01-11,INST009,79.9692,79.8642,78.8383,79.3247,764809.0,EUR
2023-01-12,INST009,80.586,81.807,79.8644,80.1804,3500888.0,EUR
2023-01-13,INST009,78.4815,79.5325,78.9551,79.0918,3771823.0,EUR
2023-01-16,INST009,78.0024,79.3237,76.3773,77.8675,3281108.0,EUR
2023-01-17,INST009,80.1602,80.3026,78.5899,79.6914,2345233.0,EUR
2023-01-18,INST009,80.2538,82.3637,80.2891,80.6929,3973497.0,EUR
2023-01-19,INST009,79.3044,79.2562,76.9809,78.8151,3077130.0,EUR
2023-01-20,INST009,78.9739,80.7454,79.1565,79.293,4270543.0,EUR
2023-01-23,INST009,80.7039,80.6231,80.233,80.4694,2152031.0,EUR
2023-01-24,INST009,80.7558,81.8626,80.7279,81.5093,1072997.0,EUR
2023-01-25,INST009,78.8107,81.5716,79.1938,79.5461,4789375.0,EUR
2023-01-26,INST009,79.3826,81.035,77.2705,79.4395,1603077.0,EUR
2023-01-27,INST009,81.0057,81.2083,78.8823,80.3954,1426553.0,EUR
2023-01-30,INST009,80.0962,82.0442,79.792,80.3739,2499527.0,EUR
2023-01-31,INST009,81.8288,81.7516,79.8171,81.5537,3326126.0,EUR
2023-02-01,INST009,79.3592,82.0595,79.2023,79.8703,1120113.0,EUR
2023-02-02,INST009,81.3273,81.141,79.7003,80.6329,577608.0,EUR
2023-02-03,INST009,79.1651,80.3126,77.7008,79.8893,3234178.0,EUR
2023-02-06,INST009,77.8232,79.2133,76.3299,78.3078,4017863.0,EUR
2023-02-07,INST009,77.1459,76.7152,76.3544,76.6293,3768486.0,EUR
2023-02-08,INST009,77.0889,79.0208,76.3607,76.9388,3345336.0,EUR
2023-02-09,INST009,76.5899,77.0806,75.716,76.0643,4364094.0,EUR
2023-02-10,INST009,75.9029,78.3758,74.5779,76.3937,3065777.0,EUR
2023-02-13,INST009,75.4305,77.9862,74.4415,76.1391,3040233.0,EUR
2023-02-14,INST009,77.7496,79.2868,76.6296,77.4621,3862150.0,EUR
2023-02-15,INST009,79.3925,80.8065,77.07,78.9771,4885346.0,EUR
2023-02-16,INST009,79.4873,80.3149,79.4437,80.258,1863144.0,EUR
2023-02-17,INST009,82.013,82.5395,80.1146,81.6947,1328089.0,EUR
2023-02-20,INST009,79.2693,80.9899,78.416,79.8478,4892323.0,EUR
2023-02-21,INST009,80.7117,81.1161,78.4513,79.9658,2237955.0,EUR
2023-02-22,INST009,80.301,81.7609,78.577,79.5105,4656620.0,EUR
2023-02-23,INST009,80.9673,82.3825,79.5387,81.2928,2086233.0,EUR
2023-02-24,INST009,78.574,80.5661,78.5851,79.2887,2035213.0,EUR
2023-02-27,INST009,78.0621,79.9952,77.3476,77.899,2590951.0,EUR
2023-02-28,INST009,76.2418,77.79,74.7985,76.034,1621054.0,EUR
2023-03-01,INST009,77.1406,79.5351,76.5091,77.4399,615887.0,EUR
2023-03-02,INST009,78.76,79.7484,78.8796,78.9864,4142727.0,EUR
2023-03-03,INST009,80.2698,81.4119,78.3145,80.6664,1733346.0,EUR
2023-03-06,INST009,82.3175,83.9519,80.3928,81.9444,807990.0,EUR
2023-03-07,INST009,83.5412,85.4996,82.1644,83.8032,4674628.0,EUR
2023-03-08,INST009,84.098,84.8516,81.565,83.6869,4453975.0,EUR
2023-03-09,INST009,83.112,84.9061,81.3787,83.7332,4299038.0,EUR
2023-03-10,INST009,85.5171,86.5299,83.5099,85.0592,3686663.0,EUR
2023-03-13,INST009,86.5127,88.5554,86.4888,86.5989,4819478.0,EUR
2023-03-14,INST009,87.0194,88.7857,84.7116,87.175,1516821.0,EUR
2023-03-15,INST009,86.232,88.8941,85.8026,87.0084,3733969.0,EUR
2023-03-16,INST009,85.653,87.9004,85.6235,85.7237,692859.0,EUR
2023-03-17,INST009,83.7277,85.848,81.4074,83.775,381842.0,EUR
2023-03-20,INST009,84.1071,85.4648,83.3371,84.0409,3123101.0,EUR
2023-03-21,INST009,84.6115,84.924,82.2737,83.9006,1986584.0,EUR
2023-03-22,INST009,81.4364,83.9403,79.9696,81.8519,412257.0,EUR
2023-03-23,INST009,81.0029,82.8565,80.9295,81.1393,1470820.0,EUR
2023-03-24,INST009,80.6093,81.8502,79.1092,81.3992,4857687.0,EUR
2023-03-27,INST009,81.5588,81.2877,79.0234,80.99,2059162.0,EUR
2023-03-28,INST009,82.3369,83.2149,80.0529,81.6351,463796.0,EUR
2023-03-29,INST009,83.5642,84.4498,81.2276,82.9203,1231989.0,EUR
2023-03-30,INST009,81.6332,84.1554,80.8336,81.8318,1790153.0,EUR
2023-03-31,INST009,81.9448,84.3576,81.7399,82.6799,1232052.0,EUR
2023-04-03,INST009,80.9271,82.096,79.7249,81.5261,1210441.0,EUR
2023-04-04,INST009,82.7949,85.0375,82.4909,82.6064,3621597.0,EUR
2023-04-05,INST009,83.2852,84.0739,80.6796,82.9148,2663239.0,EUR
2023-04-06,INST009,81.5449,83.6496,79.3464,81.4725,1538559.0,EUR
2023-04-07,INST009,82.3938,84.4806,82.2746,83.1649,2900116.0,EUR
2023-04-10,INST009,82.2966,83.0937,82.1847,82.6675,3522887.0,EUR
2023-04-11,INST009,83.6129,84.8528,81.7025,82.8653,535152.0,EUR
2023-04-12,INST009,82.3843,83.9221,80.675,82.6658,2111753.0,EUR
2023-04-13,INST009,82.1565,84.9616,82.0749,82.5073,4513442.0,EUR
2023-04-14,INST009,81.1843,83.8001,80.0568,81.3787,1771109.0,EUR
2023-04-17,INST009,80.7329,81.8578,80.943,81.1065,885816.0,EUR
2023-04-18,INST009,80.5852,81.1065,79.7139,80.4173,4878816.0,EUR
2023-04-19,INST009,79.579,81.3077,79.0019,80.3586,1801541.0,EUR
2023-04-20,INST009,78.4503,80.0487,77.1743,78.7701,4051222.0,EUR
2023-04-21,INST009,76.151,78.8627,75.2842,76.8134,4202212.0,EUR
2023-04-24,INST009,75.8943,77.6813,75.1396,75.7557,313645.0,EUR
2023-04-25,INST009,77.2539,78.281,75.495,76.6854,4418592.0,EUR
2023-04-26,INST009,74.2062,77.0451,74.234,74.8279,1913222.0,EUR
2023-04-27,INST009,73.186,73.0474,71.3003,73.0026,2725652.0,EUR
2023-04-28,INST009,73.7085,75.238,71.8612,73.7033,2408500.0,EUR
2023-05-01,INST009,74.7773,75.399,73.8119,75.3452,218447.0,EUR
2023-05-02,INST009,74.6661,74.6338,74.2863,74.4228,3251029.0,EUR
2023-05-03,INST009,73.0513,75.1527,72.8257,73.5636,4196170.0,EUR
2023-05-04,INST009,73.3896,74.2559,73.2019,74.0573,2820041.0,EUR
2023-05-05,INST009,74.4563,75.2157,73.9356,74.588,914761.0,EUR
2023-05-08,INST009,75.6936,77.288,75.6976,76.3301,2841978.0,EUR
2023-05-09,INST009,76.5385,76.9068,75.4936,76.2109,254211.0,EUR
2023-05-10,INST009,76.1911,78.3421,74.9337,76.8189,181562.0,EUR
2023-05-11,INST009,78.4481,79.2614,77.0066,78.231,2266904.0,EUR
2023-05-12,INST009,79.4415,80.2152,76.9654,79.1494,3079576.0,EUR
2023-05-15,INST009,81.2144,82.5508,79.0884,81.0838,2904898.0,EUR
2023-05-16,INST009,83.28,84.6402,81.6848,82.5163,1066103.0,EUR
2023-05-17,INST009,83.8467,84.2215,82.8021,84.1858,4804684.0,EUR
2023-05-18,INST009,84.021,85.9718,81.731,84.0589,3969484.0,EUR
2023-05-19,INST009,86.4291,88.1781,84.2116,85.8282,2603412.0,EUR
2023-05-22,INST009,85.481,87.0483,83.1524,85.5006,1119116.0,EUR
2023-05-23,INST009,85.1743,87.574,84.2514,85.1143,2211605.0,EUR
2023-05-24,INST009,85.8586,87.161,83.5746,85.7104,1879451.0,EUR
2023-05-25,INST009,85.3078,86.3927,84.129,85.9994,1298400.0,EUR
2023-05-26,INST009,87.4426,89.4673,87.5391,87.5574,2786639.0,EUR
2023-05-29,INST009,87.7783,90.6764,85.6252,88.1863,2395070.0,EUR
2023-05-30,INST009,85.6695,88.7963,86.067,86.3483,1932965.0,EUR
2023-05-31,INST009,88.6764,90.1219,86.6083,87.9254,2745618.0,EUR
2023-06-01,INST009,89.8961,91.3763,87.302,89.6556,2831796.0,EUR
2023-06-02,INST009,91.0765,91.9007,88.6265,91.224,308222.0,EUR
2023-06-05,INST009,91.209,92.6849,90.4209,90.6954,4921279.0,EUR
2023-06-06,INST009,92.0962,93.6657,90.0177,92.4611,4001598.0,EUR
2023-06-07,INST009,91.1074,92.2725,89.5817,91.8638,4567827.0,EUR
2023-06-08,INST009,93.078,92.5659,89.623,92.3717,3664513.0,EUR
2023-06-09,INST009,90.8682,91.236,89.5662,90.5586,2849924.0,EUR
2023-06-12,INST009,90.1872,90.8453,89.9728,90.2469,1546535.0,EUR
2023-06-13,INST009,89.7343,90.8284,90.4793,90.6137,3303569.0,EUR
2023-06-14,INST009,88.3942,89.5575,88.1946,89.1258,2664577.0,EUR
2023-06-15,INST009,88.756,90.1632,86.7804,89.2291,3341147.0,EUR
2023-06-16,INST009,88.164,90.363,88.6031,88.6738,4134015.0,EUR
2023-06-19,INST009,86.7474,88.9146,86.2257,87.438,1237485.0,EUR
2023-06-20,INST009,88.7349,89.2064,86.17,88.517,2879320.0,EUR
2023-06-21,INST009,88.6393,91.1236,86.3633,88.5792,1428327.0,EUR
2023-06-22,INST009,87.2504,87.5985,85.1641,86.711,4111450.0,EUR
2023-06-23,INST009,84.2874,86.6943,83.4818,85.0654,1505854.0,EUR
2023-06-26,INST009,85.5398,87.4534,83.3341,85.5287,657382.0,EUR
2023-06-27,INST009,85.2206,84.6667,84.0304,84.6184,3038467.0,EUR
2023-06-28,INST009,85.6015,85.7216,83.8354,85.3584,444522.0,EUR
2023-06-29,INST009,83.471,84.7534,82.137,83.4033,877846.0,EUR
2023-06-30,INST009,84.3424,84.8177,83.4762,83.9984,3151995.0,EUR
2023-07-03,INST009,84.5336,85.9253,84.5539,84.8693,3798575.0,EUR
2023-07-04,INST009,85.47,86.361,83.8596,84.965,244007.0,EUR
2023-07-05,INST009,86.2541,87.3535,84.9647,85.5811,3807068.0,EUR
2023-07-06,INST009,86.38,88.3008,85.9092,86.6561,3825342.0,EUR
2023-07-07,INST009,86.2953,86.7845,85.2967,85.9055,982363.0,EUR
2023-07-10,INST009,86.3344,87.7533,84.4413,86.6076,4679656.0,EUR
2023-07-11,INST009,87.4439,90.0104,87.5111,87.8159,2467455.0,EUR
2023-07-12,INST009,87.7433,88.1534,87.227,88.1297,738551.0,EUR
2023-07-13,INST009,90.4133,91.6869,87.4189,89.9324,1120735.0,EUR
2023-07-14,INST009,89.2891,90.1754,87.2788,89.2668,3818857.0,EUR
2023-07-17,INST009,90.894,91.4848,90.1223,90.2769,1601433.0,EUR
2023-07-18,INST009,91.6884,94.0605,90.8988,92.2756,4303935.0,EUR
2023-07-19,INST009,91.9584,93.9345,90.9711,91.7992,180879.0,EUR
2023-07-20,INST009,89.5588,91.3921,88.3019,90.3837,2202107.0,EUR
2023-07-21,INST009,88.8216,88.9603,87.6008,88.6368,3511962.0,EUR
2023-07-24,INST009,87.4633,89.3802,85.7611,86.9388,3451013.0,EUR
2023-07-25,INST009,88.3506,88.4736,87.644,88.255,4963336.0,EUR
2023-07-26,INST009,90.3122,92.0983,87.4572,89.7575,3110224.0,EUR
2023-07-27,INST009,91.0194,93.1228,90.1674,91.0248,708174.0,EUR
2023-07-28,INST009,90.2457,90.7699,87.8066,89.5394,698488.0,EUR
2023-07-31,INST009,91.4548,93.5939,91.2941,91.5625,2389466.0,EUR
2023-08-01,INST009,93.0062,93.7043,91.1164,92.399,3421106.0,EUR
2023-08-02,INST009,94.6148,94.9712,92.1573,94.3929,4293487.0,EUR
2023-08-03,INST009,92.1843,94.8352,90.4988,92.8649,4998110.0,EUR
2023-08-04,INST009,93.6948,94.5602,93.0352,93.4431,1247271.0,EUR
2023-08-07,INST009,93.2833,94.6361,90.124,92.6211,3737629.0,EUR
2023-08-08,INST009,94.6162,97.0472,93.9183,94.3203,4844490.0,EUR
2023-08-09,INST009,95.7634,98.422,94.8811,95.8096,2055807.0,EUR
2023-08-10,INST009,96.8969,97.7499,95.5638,97.5313,3684244.0,EUR
2023-08-11,INST009,95.5954,95.5455,93.1551,95.526,4752787.0,EUR
2023-08-14,INST009,97.9835,97.0327,96.2895,97.0293,3693539.0,EUR
2023-08-15,INST009,99.4875,101.6572,98.3103,98.7615,993739.0,EUR
2023-08-16,INST009,99.4242,99.9938,99.3187,99.7051,3374803.0,EUR
2023-08-17,INST009,98.8631,101.5254,96.2163,98.6235,3695637.0,EUR
2023-08-18,INST009,101.8112,101.6174,98.2151,100.8633,4571986.0,EUR
2023-08-21,INST009,102.369,103.0103,100.8555,101.8321,1463223.0,EUR
2023-08-22,INST009,101.2077,101.9813,100.177,101.1679,3705525.0,EUR
2023-08-23,INST009,99.6049,101.5311,98.6488,100.6021,4762336.0,EUR
2023-08-24,INST009,100.9822,102.2052,100.1295,100.7297,3414350.0,EUR
2023-08-25,INST009,99.9934,101.8418,98.3113,100.1343,4421747.0,EUR
2023-08-28,INST009,98.7606,100.3493,98.4353,98.5914,3771457.0,EUR
2023-08-29,INST009,99.1343,101.9846,99.9493,100.1238,4594243.0,EUR
2023-08-30,INST009,99.7129,100.4428,98.4914,99.7472,618543.0,EUR
2023-08-31,INST009,97.9256,97.4367,94.6439,97.3459,1222048.0,EUR
2023-09-01,INST009,94.6303,96.3089,92.8422,95.4384,403207.0,EUR
2023-09-04,INST009,94.2478,96.6618,94.0908,94.2488,3357581.0,EUR
2023-09-05,INST009,92.7814,95.8724,91.6005,93.6338,2092835.0,EUR
2023-09-06,INST009,91.3834,93.8156,90.5769,91.7768,1618830.0,EUR
2023-09-07,INST009,91.8953,92.0276,90.1933,91.0947,848990.0,EUR
2023-09-08,INST009,92.1973,94.2547,92.0123,93.009,245779.0,EUR
2023-09-11,INST009,93.287,94.5509,91.6203,94.0334,187292.0,EUR
2023-09-12,INST009,95.0626,94.9022,92.5879,94.7055,1175785.0,EUR
2023-09-13,INST009,95.608,98.9126,95.5392,96.2392,2223722.0,EUR
2023-09-14,INST009,94.6124,94.6724,91.2624,94.0803,310804.0,EUR
2023-09-15,INST009,91.6019,92.9517,91.2695,91.8498,3308344.0,EUR
2023-09-18,INST009,91.9514,93.7953,89.9319,91.4741,1023122.0,EUR
2023-09-19,INST009,90.9188,92.4099,88.4837,91.1417,3141352.0,EUR
2023-09-20,INST009,92.816,94.545,91.3805,93.3688,3180443.0,EUR
2023-09-21,INST009,91.6017,94.5787,89.5413,91.8368,4004851.0,EUR
2023-09-22,INST009,92.4824,92.8663,92.3332,92.7341,2816063.0,EUR
2023-09-25,INST009,91.5854,92.3165,91.4725,91.8461,2974270.0,EUR
2023-09-26,INST009,93.9476,96.3916,92.0183,94.0127,1481937.0,EUR
2023-09-27,INST009,92.4043,93.6774,90.3551,92.6505,2400294.0,EUR
2023-09-28,INST009,93.2413,95.8757,92.6406,93.8108,3134706.0,EUR
2023-09-29,INST009,92.5881,92.706,91.3927,91.9094,3123244.0,EUR
2023-10-02,INST009,92.5593,92.9498,91.4441,92.919,1364771.0,EUR
2023-10-03,INST009,91.4118,94.9721,90.3891,92.3042,1710193.0,EUR
2023-10-04,INST009,91.5657,92.4915,89.6008,91.2491,1485975.0,EUR
2023-10-05,INST009,90.2024,93.082,90.0417,90.5712,4910106.0,EUR
2023-10-06,INST009,88.9671,91.3238,89.0587,89.4019,2995090.0,EUR
2023-10-09,INST009,90.7638,90.8955,89.9838,90.3389,3751772.0,EUR
2023-10-10,INST009,91.2513,93.1632,89.9761,91.3428,4651908.0,EUR
2023-10-11,INST009,89.5768,91.7515,89.8192,90.4429,2290173.0,EUR
2023-10-12,INST009,91.3411,94.2141,89.924,91.7378,2823506.0,EUR
2023-10-13,INST009,92.0623,94.7458,92.1391,92.4105,1891667.0,EUR
2023-10-16,INST009,93.0688,94.7772,89.9869,92.742,4845293.0,EUR
2023-10-17,INST009,91.4348,91.5673,88.8179,91.3206,2026748.0,EUR
2023-10-18,INST009,90.0547,91.3493,88.6612,90.0871,3331652.0,EUR
2023-10-19,INST009,89.6609,89.8831,89.0976,89.1794,1002089.0,EUR
2023-10-20,INST009,87.9282,88.692,87.5946,88.0005,4876735.0,EUR
2023-10-23,INST009,87.6653,88.2474,85.3145,86.8886,3546189.0,EUR
2023-10-24,INST009,88.8333,90.688,86.2524,88.7055,2652244.0,EUR
2023-10-25,INST009,86.3473,87.4062,86.4796,86.7647,3493524.0,EUR
2023-10-26,INST009,87.6533,89.3589,85.9322,86.958,1026564.0,EUR
2023-10-27,INST009,87.8937,89.3326,85.946,87.4973,277530.0,EUR
2023-10-30,INST009,86.9261,87.6274,85.7222,86.7348,4579090.0,EUR
2023-10-31,INST009,84.9373,85.2015,83.7873,85.0106,4276172.0,EUR
2023-11-01,INST009,86.0706,87.4192,86.2863,86.554,3126149.0,EUR
2023-11-02,INST009,86.7485,87.6874,86.2293,86.6974,1782187.0,EUR
2023-11-03,INST009,87.6001,89.9034,85.4521,87.6956,2345799.0,EUR
2023-11-06,INST009,88.9404,90.7592,88.6241,89.2298,2382011.0,EUR
2023-11-07,INST009,90.1097,90.9968,88.5686,89.4944,651403.0,EUR
2023-11-08,INST009,89.6566,91.8617,88.2023,89.6365,2350877.0,EUR
2023-11-09,INST009,90.7325,93.7494,90.5302,91.3614,1795701.0,EUR
2023-11-10,INST009,91.533,92.6993,91.3432,91.8893,1307104.0,EUR
2023-11-13,INST009,91.721,93.1414,92.1572,92.3413,500386.0,EUR
2023-11-14,INST009,90.3734,92.7442,89.8852,91.2625,2040062.0,EUR
2023-11-15,INST009,93.5495,94.1243,93.0731,93.5196,3544543.0,EUR
2023-11-16,INST009,92.431,96.0167,92.0526,93.2835,1885118.0,EUR
2023-11-17,INST009,91.6472,92.1473,89.1349,91.8587,1664163.0,EUR
2023-11-20,INST009,89.7587,91.3499,89.446,90.4363,3929202.0,EUR
2023-11-21,INST009,88.9002,89.2648,86.37,88.7552,1033000.0,EUR
2023-11-22,INST009,89.0111,90.9065,87.0917,88.6482,495737.0,EUR
2023-11-23,INST009,87.8716,89.4142,86.6669,87.9887,3784864.0,EUR
2023-11-24,INST009,86.8654,88.3947,86.8427,87.0557,1301943.0,EUR
2023-11-27,INST009,84.2824,87.233,83.819,84.9888,1461010.0,EUR
2023-11-28,INST009,86.4695,86.618,85.5751,86.5322,4669144.0,EUR
2023-11-29,INST009,86.1677,87.6762,85.401,86.9603,197992.0,EUR
2023-11-30,INST009,86.1231,87.6227,86.3186,86.5871,1240674.0,EUR
2023-12-01,INST009,84.7081,86.8504,82.0844,84.557,2351209.0,EUR
2023-12-04,INST009,84.7388,86.6777,84.0193,84.489,2105967.0,EUR
2023-12-05,INST009,83.2377,84.885,80.6406,83.0481,1395969.0,EUR
2023-12-06,INST009,85.3186,85.8551,83.1555,84.7312,1320533.0,EUR
2023-12-07,INST009,85.6191,87.3796,84.8479,85.4298,1147450.0,EUR
2023-12-08,INST009,85.3405,85.7879,83.6105,85.5147,2133888.0,EUR
2023-12-11,INST009,87.0043,89.5967,85.0523,87.3956,3774175.0,EUR
2023-12-12,INST009,86.0167,88.2706,85.1689,85.852,1366383.0,EUR
2023-12-13,INST009,85.1784,86.2061,84.2558,85.3506,4920302.0,EUR
2023-12-14,INST009,85.3472,86.1229,82.8592,84.9622,3029875.0,EUR
2023-12-15,INST009,86.2751,87.7619,86.1736,86.5797,3452775.0,EUR
2023-12-18,INST009,85.9724,87.9837,84.1182,85.8213,417880.0,EUR
2023-12-19,INST009,88.4919,87.804,85.6149,87.7046,3938724.0,EUR
2023-12-20,INST009,85.9406,88.1256,83.9692,85.6683,718973.0,EUR
2023-12-21,INST009,85.3238,87.2697,84.0331,85.2046,451566.0,EUR
2023-12-22,INST009,86.7479,86.596,84.585,86.1205,1068074.0,EUR
2023-12-25,INST009,84.6455,87.3667,82.445,84.8886,3956793.0,EUR
2023-12-26,INST009,83.7822,85.5151,83.3537,84.2389,531788.0,EUR
2023-12-27,INST009,84.4737,86.0432,83.4253,83.7244,518668.0,EUR
2023-12-28,INST009,82.1398,83.9321,80.5708,82.2837,1081544.0,EUR
2023-12-29,INST009,84.0915,84.6121,82.9711,84.0819,2990956.0,EUR
2024-01-01,INST009,81.4837,82.945,80.7316,82.0304,308374.0,EUR
2024-01-02,INST009,81.6691,83.0515,79.5308,81.1111,3335267.0,EUR
2024-01-03,INST009,79.5173,79.8413,76.9688,79.2985,4149799.0,EUR
2024-01-04,INST009,79.5258,80.7263,79.2375,79.7969,3998811.0,EUR
2024-01-05,INST009,80.9136,83.542,80.2003,81.4357,2665838.0,EUR
2024-01-08,INST009,81.372,81.5923,81.3937,81.587,4912880.0,EUR
2024-01-09,INST009,82.2721,82.2334,81.1063,81.6345,2897853.0,EUR
2024-01-10,INST009,80.0711,81.8397,78.4626,80.0051,298723.0,EUR
2024-01-11,INST009,81.0777,81.9459,81.2724,81.4258,3284232.0,EUR
2024-01-12,INST009,82.7815,83.5048,81.4912,82.0538,1137999.0,EUR
2024-01-15,INST009,82.8752,83.1928,80.4828,82.5585,2463654.0,EUR
2024-01-16,INST009,83.5313,84.4559,81.4947,82.8048,2251358.0,EUR
2024-01-17,INST009,83.2423,86.2908,82.1826,84.0706,239593.0,EUR
2024-01-18,INST009,85.275,86.7993,83.4633,84.6983,343245.0,EUR
2024-01-19,INST009,84.1229,86.1693,83.9061,84.0551,3667312.0,EUR
2024-01-22,INST009,82.3401,84.9629,81.1263,82.8898,274170.0,EUR
2024-01-23,INST009,82.4027,84.4273,81.2554,82.6028,4480629.0,EUR
2024-01-24,INST009,82.0562,84.4695,80.3842,82.1892,1134258.0,EUR
2024-01-25,INST009,81.2765,83.2956,79.3373,81.5807,3133151.0,EUR
2024-01-26,INST009,80.9712,80.5695,79.0075,80.3209,826714.0,EUR
2024-01-29,INST009,81.9503,83.3096,82.1222,82.2535,2059490.0,EUR
2024-01-30,INST009,81.8918,82.2672,79.2954,81.6322,1345127.0,EUR
2024-01-31,INST009,81.7399,83.6611,80.6424,81.7052,1127080.0,EUR
2024-02-01,INST009,80.6046,82.4934,79.8885,80.3882,3380655.0,EUR
2024-02-02,INST009,78.1388,79.7432,77.6279,78.7003,868010.0,EUR
2024-02-05,INST009,80.6075,80.563,79.3314,80.4356,1268732.0,EUR
2024-02-06,INST009,80.804,81.1831,80.4873,81.0554,597226.0,EUR
2024-02-07,INST009,80.3117,81.3302,78.912,80.5655,773875.0,EUR
2024-02-08,INST009,81.0883,81.7725,80.1175,81.6133,1986895.0,EUR
2024-02-09,INST009,82.3161,83.9787,79.6677,81.7087,3352440.0,EUR
2024-02-12,INST009,81.33,82.2845,78.5094,80.8299,1990696.0,EUR
2024-02-13,INST009,81.8889,82.0042,80.8305,81.7867,3174564.0,EUR
2024-02-14,INST009,81.4322,82.8766,78.6016,81.0099,3249113.0,EUR
2024-02-15,INST009,80.8617,80.639,80.2072,80.6182,3414909.0,EUR
2024-02-16,INST009,80.381,80.9463,79.4985,80.3222,2476807.0,EUR
2024-02-19,INST009,79.6933,79.4975,78.1736,79.1382,2224778.0,EUR
2024-02-20,INST009,80.3167,81.1594,77.565,79.7491,3312016.0,EUR
2024-02-21,INST009,79.8589,81.773,77.7716,79.9987,3718735.0,EUR
2024-02-22,INST009,80.3699,81.9352,79.2511,80.6562,792019.0,EUR
2024-02-23,INST009,83.0572,82.757,80.8415,82.6189,1308315.0,EUR
2024-02-26,INST009,82.9399,83.9996,81.735,82.1831,2070853.0,EUR
2024-02-27,INST009,84.4958,85.4624,81.2051,83.681,1117436.0,EUR
2024-02-28,INST009,83.8575,85.9129,83.361,84.0907,3674242.0,EUR
2024-02-29,INST009,86.1356,87.0809,84.1791,85.7262,4416604.0,EUR
2024-03-01,INST009,86.5403,88.1367,85.7872,86.7264,4563183.0,EUR
2024-03-04,INST009,87.4586,89.5489,86.4596,87.4,2940223.0,EUR
2024-03-05,INST009,88.3794,91.3216,88.6019,89.0504,1813356.0,EUR
2024-03-06,INST009,88.2629,90.4482,86.2552,87.8711,4890556.0,EUR
2024-03-07,INST009,86.8737,88.4007,85.8882,87.1781,3773522.0,EUR
2024-03-08,INST009,87.0115,88.9225,86.9673,87.1219,778911.0,EUR
2024-03-11,INST009,87.1783,88.4648,86.7856,86.9958,2779720.0,EUR
2024-03-12,INST009,88.5095,90.9211,86.3249,88.8288,1377975.0,EUR
2024-03-13,INST009,88.4666,89.2958,87.1068,87.9098,4220507.0,EUR
2024-03-14,INST009,87.5815,90.5467,85.5878,87.9685,897585.0,EUR
2024-03-15,INST009,87.0066,88.6403,84.4474,86.4818,821945.0,EUR
2024-03-18,INST009,86.0541,86.898,85.4036,85.7754,2726807.0,EUR
2024-03-19,INST009,87.0223,87.7793,85.8131,86.8663,428474.0,EUR
2024-03-20,INST009,88.3051,90.2364,87.2888,88.3414,898993.0,EUR
2024-03-21,INST009,87.2801,87.3633,85.309,86.6713,4369619.0,EUR
2024-03-22,INST009,87.2412,87.8324,86.4168,87.6777,4434285.0,EUR
2024-03-25,INST009,85.7846,87.1948,86.2375,86.5727,2499906.0,EUR
2024-03-26,INST009,84.4365,86.4198,82.6796,84.9502,3927680.0,EUR
2024-03-27,INST009,85.6336,85.9616,83.9385,85.6582,4234933.0,EUR
2024-03-28,INST009,84.5214,87.1907,84.3158,84.6723,2755544.0,EUR
2024-03-29,INST009,86.4034,87.8905,85.7951,86.2769,2494928.0,EUR
2024-04-01,INST009,85.5873,85.3776,83.584,85.2919,587255.0,EUR
2024-04-02,INST009,86.2372,86.2536,85.4276,85.8593,2579953.0,EUR
2024-04-03,INST009,84.8583,87.5318,84.9845,85.4529,865961.0,EUR
2024-04-04,INST009,86.3933,88.1689,85.302,86.9166,2910078.0,EUR
2024-04-05,INST009,84.8486,85.3543,84.2883,85.0039,697509.0,EUR
2024-04-08,INST009,83.6289,84.0107,81.6431,83.4711,3031662.0,EUR
2024-04-09,INST009,83.5155,85.9282,82.3913,83.8917,4642437.0,EUR
2024-04-10,INST009,82.1419,82.4362,80.6891,81.9504,309626.0,EUR
2024-04-11,INST009,81.4829,83.2056,80.8865,81.9637,1771536.0,EUR
2024-04-12,INST009,80.0601,80.5891,78.2594,80.0694,1877814.0,EUR
2024-04-15,INST009,78.547,79.3973,77.8812,79.0491,4470042.0,EUR
2024-04-16,INST009,79.8968,80.7115,78.137,79.4727,2624549.0,EUR
2024-04-17,INST009,77.9215,79.4706,76.5566,78.6761,1372730.0,EUR
2024-04-18,INST009,79.8338,81.5944,79.0998,80.3346,2275374.0,EUR
2024-04-19,INST009,79.1217,81.541,77.8019,79.6667,3142909.0,EUR
2024-04-22,INST009,80.0333,80.5272,79.8415,80.1043,244748.0,EUR
2024-04-23,INST009,80.5871,81.4526,78.1236,80.3153,1037092.0,EUR
2024-04-24,INST009,79.4986,81.8685,77.4568,79.6424,3828389.0,EUR
2024-04-25,INST009,80.3609,81.2742,77.8912,80.0709,2421204.0,EUR
2024-04-26,INST009,78.2826,80.1075,77.4513,78.3761,181964.0,EUR
2024-04-29,INST009,77.8427,79.3003,77.8467,78.2654,4875612.0,EUR
2024-04-30,INST009,77.1613,78.7156,74.8441,76.7154,2881398.0,EUR
2024-05-01,INST009,74.5972,76.2828,75.1083,75.1166,497413.0,EUR
2024-05-02,INST009,76.9649,78.2436,74.9947,76.5476,3879798.0,EUR
2024-05-03,INST009,77.2635,77.5848,74.8673,76.9241,1406679.0,EUR
2024-05-06,INST009,75.7992,77.9285,75.8839,76.1006,1963023.0,EUR
2024-05-07,INST009,75.9712,76.956,74.8319,76.6323,4056307.0,EUR
2024-05-08,INST009,75.798,76.2332,74.1972,75.2776,4111220.0,EUR
2024-05-09,INST009,75.051,76.3064,73.5987,74.3395,3443867.0,EUR
2024-05-10,INST009,72.9601,74.4237,71.7372,72.7524,4486937.0,EUR
2024-05-13,INST009,73.6826,75.1967,72.4198,73.6327,773907.0,EUR
2024-05-14,INST009,72.761,73.1606,71.7664,72.9476,1648981.0,EUR
2024-05-15,INST009,73.4461,74.4113,72.0559,73.4267,2516307.0,EUR
2024-05-16,INST009,73.9834,76.0292,72.6511,73.9912,668879.0,EUR
2024-05-17,INST009,73.7236,75.3831,72.5748,73.5358,4630321.0,EUR
2024-05-20,INST009,73.1982,75.6108,73.0202,73.4949,1569246.0,EUR
2024-05-21,INST009,72.8072,73.9312,72.1124,72.6978,4394441.0,EUR
2024-05-22,INST009,72.1066,72.5127,71.3593,72.2401,3587236.0,EUR
2024-05-23,INST009,72.4844,73.8507,71.2254,72.5912,569628.0,EUR
2024-05-24,INST009,73.9231,73.9073,72.564,73.2991,4333226.0,EUR
2024-05-27,INST009,73.584,73.8749,72.6561,73.705,4694121.0,EUR
2024-05-28,INST009,74.0015,76.1612,73.3066,74.7099,2842193.0,EUR
2024-05-29,INST009,75.3345,77.638,75.5482,75.8504,2636199.0,EUR
2024-05-30,INST009,74.3156,74.9703,73.8465,74.1261,379548.0,EUR
2024-05-31,INST009,72.8111,74.6233,72.5304,72.6847,1896603.0,EUR
2024-06-03,INST009,73.0542,73.9042,71.1185,73.1313,3891466.0,EUR
2024-06-04,INST009,71.7261,73.1502,71.1715,71.7011,4831521.0,EUR
2024-06-05,INST009,72.6791,74.0361,70.733,72.2185,2763902.0,EUR
2024-06-06,INST009,71.0239,72.3938,68.6996,70.8086,2959153.0,EUR
2024-06-07,INST009,69.3423,70.714,67.3675,69.24,4592975.0,EUR
2024-06-10,INST009,68.2477,70.1845,67.9799,68.7811,2426513.0,EUR
2024-06-11,INST009,68.9305,70.694,67.2148,68.8381,4033488.0,EUR
2024-06-12,INST009,67.2492,68.7938,66.3246,67.825,956979.0,EUR
2024-06-13,INST009,67.566,68.2592,65.7742,67.6341,1458728.0,EUR
2024-06-14,INST009,68.6587,68.9183,66.9984,68.6842,228916.0,EUR
2024-06-17,INST009,68.9822,70.2913,68.4613,69.3674,4347689.0,EUR
2024-06-18,INST009,70.1819,70.9968,69.0574,70.7275,4989356.0,EUR
2024-06-19,INST009,69.7884,71.5377,68.3688,70.0305,2793468.0,EUR
2024-06-20,INST009,68.6383,71.1276,67.3381,69.1665,1044196.0,EUR
2024-06-21,INST009,67.8973,70.0519,67.0372,68.0137,1268762.0,EUR
2024-06-24,INST009,67.8433,69.88,67.659,67.8663,1446842.0,EUR
2024-06-25,INST009,68.392,69.1892,67.9356,69.0745,2718278.0,EUR
2024-06-26,INST009,71.1447,72.1381,69.4584,70.4455,2635344.0,EUR
2024-06-27,INST009,71.3565,73.0725,68.9905,71.0756,3688462.0,EUR
2024-06-28,INST009,70.1604,69.7206,68.3093,69.5243,1649728.0,EUR
2024-07-01,INST009,68.3197,70.0788,66.543,68.2062,4336030.0,EUR
2024-07-02,INST009,70.4137,70.2207,67.9226,69.8778,3434831.0,EUR
2024-07-03,INST009,69.361,70.597,67.0228,69.0613,3678720.0,EUR
2024-07-04,INST009,67.6674,69.9541,68.0306,68.2214,3296615.0,EUR
2024-07-05,INST009,67.0796,67.3897,65.2591,66.6411,1200388.0,EUR
2024-07-08,INST009,66.0137,66.7697,64.823,66.4807,4879204.0,EUR
2024-07-09,INST009,67.9292,69.1442,66.5784,67.5502,2018951.0,EUR
2024-07-10,INST009,67.4802,69.5378,65.8248,67.6036,3255039.0,EUR
2024-07-11,INST009,68.9005,69.4779,68.8683,69.021,2950189.0,EUR
2024-07-12,INST009,68.7217,69.2365,67.995,68.5315,1019073.0,EUR
2024-07-15,INST009,67.2889,69.7056,67.5622,67.8408,3499016.0,EUR
2024-07-16,INST009,66.8132,69.3622,67.2365,67.3426,3840758.0,EUR
2024-07-17,INST009,67.163,67.4035,66.3069,67.2311,883761.0,EUR
2024-07-18,INST009,67.176,67.7908,67.0527,67.3638,2419777.0,EUR
2024-07-19,INST009,67.5527,69.5228,66.5832,67.9488,3945004.0,EUR
2024-07-22,INST009,67.2747,67.0062,65.8309,66.978,174407.0,EUR
2024-07-23,INST009,66.2779,67.7808,64.1537,66.0677,1801907.0,EUR
2024-07-24,INST009,65.2642,65.5606,65.1049,65.5037,3744125.0,EUR
2024-07-25,INST009,65.7088,66.9117,63.8786,65.6522,3633980.0,EUR
2024-07-26,INST009,67.2557,67.2523,66.3548,67.0072,3979069.0,EUR
2024-07-29,INST009,68.3831,69.3287,66.7433,68.1766,639324.0,EUR
2024-07-30,INST009,69.7034,70.7337,68.0532,69.1364,1055626.0,EUR
2024-07-31,INST009,69.9847,70.7475,68.1267,70.0092,2534466.0,EUR
2024-08-01,INST009,68.4169,69.4324,67.9178,68.6979,3171253.0,EUR
2024-08-02,INST009,68.4499,68.8493,67.1674,68.684,220311.0,EUR
2024-08-05,INST009,69.1185,69.3321,67.2826,68.9584,3322968.0,EUR
2024-08-06,INST009,70.493,70.2238,69.4682,70.0504,4082331.0,EUR
2024-08-07,INST009,69.8543,70.5885,68.1363,69.194,978609.0,EUR
2024-08-08,INST009,69.6955,71.5585,68.3861,70.2999,2956321.0,EUR
2024-08-09,INST009,71.9555,72.53,71.7101,71.7488,1012706.0,EUR
2024-08-12,INST009,72.0183,73.2647,71.4444,71.7703,4181076.0,EUR
2024-08-13,INST009,71.9956,72.4351,69.7057,71.6395,4804257.0,EUR
2024-08-14,INST009,70.658,71.8289,69.0302,70.0622,3789332.0,EUR
2024-08-15,INST009,71.5673,71.2283,69.2997,71.2247,1381275.0,EUR
2024-08-16,INST009,69.8447,71.0499,67.6969,69.6808,1184122.0,EUR
2024-08-19,INST009,70.6919,71.7213,69.2733,70.0001,2839034.0,EUR
2024-08-20,INST009,70.492,70.2513,69.3981,70.246,2564077.0,EUR
2024-08-21,INST009,69.3755,69.9316,69.2574,69.8686,3891937.0,EUR
2024-08-22,INST009,69.0829,68.5217,68.4218,68.4991,1435755.0,EUR
2024-08-23,INST009,68.9394,70.9693,68.7767,69.633,1329450.0,EUR
2024-08-26,INST009,68.8032,69.8541,68.1922,68.625,3518329.0,EUR
2024-08-27,INST009,67.559,69.63,68.0018,68.1088,1562885.0,EUR
2024-08-28,INST009,67.1254,67.5129,65.9823,67.0548,2290570.0,EUR
2024-08-29,INST009,67.6008,69.031,66.4363,67.3977,2525195.0,EUR
2024-08-30,INST009,69.0669,69.0679,68.2439,68.5125,2093690.0,EUR
2024-09-02,INST009,68.8373,70.4666,67.2108,69.0705,2817090.0,EUR
2024-09-03,INST009,70.3633,69.7279,68.2176,69.7013,285374.0,EUR
2024-09-04,INST009,68.2229,69.8552,67.5376,68.6318,4945449.0,EUR
2024-09-05,INST009,69.3978,71.4298,67.6349,69.5843,1574812.0,EUR
2024-09-06,INST009,68.6951,70.8063,67.664,69.1553,2735410.0,EUR
2024-09-09,INST009,70.0838,70.0486,69.0412,70.0482,3830201.0,EUR
2024-09-10,INST009,71.6039,72.5048,69.1752,70.9338,844744.0,EUR
2024-09-11,INST009,70.9218,72.8694,70.2839,71.4563,3787631.0,EUR
2024-09-12,INST009,72.6744,72.9581,70.2741,72.1881,3921698.0,EUR
2024-09-13,INST009,73.5841,75.2498,72.3914,73.6679,3554937.0,EUR
2024-09-16,INST009,75.6729,77.2933,74.573,75.1966,4813319.0,EUR
2024-09-17,INST009,74.178,75.9088,72.5365,74.2839,4706595.0,EUR
2024-09-18,INST009,73.7345,75.0676,72.4579,74.1177,1734210.0,EUR
2024-09-19,INST009,74.2405,76.4987,73.7406,74.4893,2948569.0,EUR
2024-09-20,INST009,75.2943,76.308,73.3409,74.5671,517160.0,EUR
2024-09-23,INST009,73.8394,75.7546,72.3492,74.538,3669301.0,EUR
2024-09-24,INST009,75.4205,76.7291,74.251,75.4581,4883523.0,EUR
2024-09-25,INST009,76.2398,77.3635,75.6683,76.1656,4202619.0,EUR
2024-09-26,INST009,76.791,78.6327,74.7004,76.3538,519014.0,EUR
2024-09-27,INST009,77.3235,78.151,75.0614,76.7104,2594724.0,EUR
2024-09-30,INST009,75.3876,77.4976,75.663,75.9498,2412699.0,EUR
2024-10-01,INST009,76.4651,77.5534,74.5188,76.3731,3692492.0,EUR
2024-10-02,INST009,77.0771,78.2091,75.8561,77.7338,4583148.0,EUR
2024-10-03,INST009,78.0371,79.1523,77.5206,78.8223,4950372.0,EUR
2024-10-04,INST009,81.4963,82.5617,78.4766,80.7505,1071260.0,EUR
2024-10-07,INST009,80.0568,82.6665,78.4193,80.7583,234630.0,EUR
2024-10-08,INST009,81.7933,82.8394,79.7743,81.5477,3443605.0,EUR
2024-10-09,INST009,81.1386,82.8939,78.6924,80.9085,1485214.0,EUR
2024-10-10,INST009,79.2624,80.1689,78.4617,78.8873,3404543.0,EUR
2024-10-11,INST009,78.6334,79.1189,77.4862,78.7278,1029778.0,EUR
2024-10-14,INST009,78.5027,80.1457,77.351,78.7278,1349714.0,EUR
2024-10-15,INST009,79.0034,78.7078,76.2665,78.2675,2118147.0,EUR
2024-10-16,INST009,77.3065,77.9139,77.2284,77.297,2455685.0,EUR
2024-10-17,INST009,78.6938,81.457,78.8873,79.1316,3991636.0,EUR
2024-10-18,INST009,79.1542,80.1625,78.9463,79.6524,2741822.0,EUR
2024-10-21,INST009,78.2771,79.0876,77.6815,78.4171,4281997.0,EUR
2024-10-22,INST009,76.8403,79.6347,76.7635,77.42,742003.0,EUR
2024-10-23,INST009,76.6521,76.9164,74.5975,76.1259,4122506.0,EUR
2024-10-24,INST009,76.3772,76.7355,73.6006,75.8157,3733503.0,EUR
2024-10-25,INST009,74.8546,75.0277,72.6789,74.3729,4696162.0,EUR
2024-10-28,INST009,74.0102,75.6034,73.0528,74.2281,4522470.0,EUR
2024-10-29,INST009,72.9884,74.7226,72.8122,73.1963,3196570.0,EUR
2024-10-30,INST009,72.7032,73.5512,72.0799,72.3712,4676793.0,EUR
2024-10-31,INST009,71.4965,71.562,70.3059,71.2676,2363362.0,EUR
2024-11-01,INST009,70.9375,71.6685,70.6229,71.3252,131587.0,EUR
2024-11-04,INST009,72.5746,72.1736,71.2722,72.1313,755587.0,EUR
2024-11-05,INST009,72.7409,73.762,71.0663,73.0702,2675087.0,EUR
2024-11-06,INST009,75.2239,76.4211,72.7132,74.6593,1730552.0,EUR
2024-11-07,INST009,74.5066,75.7025,72.2993,74.4967,2931430.0,EUR
2024-11-08,INST009,76.3301,77.5073,76.1821,76.1846,1803232.0,EUR
2024-11-11,INST009,74.6063,76.3037,74.3749,75.1593,4454939.0,EUR
2024-11-12,INST009,73.8997,74.2242,73.2575,73.507,3482884.0,EUR
2024-11-13,INST009,71.9503,73.1663,71.4247,72.572,566553.0,EUR
2024-11-14,INST009,72.8756,73.5969,71.6145,73.5802,1992159.0,EUR
2024-11-15,INST009,75.0174,75.5601,74.2828,74.6104,861863.0,EUR
2024-11-18,INST009,76.4179,78.0489,75.0082,76.063,2117748.0,EUR
2024-11-19,INST009,74.9885,75.4277,73.4283,75.1316,3732781.0,EUR
2024-11-20,INST009,75.2376,77.3374,74.8375,75.2812,2482806.0,EUR
2024-11-21,INST009,75.4199,75.8108,73.7969,75.5893,987960.0,EUR
2024-11-22,INST009,77.244,79.1408,75.5037,76.9514,2456787.0,EUR
2024-11-25,INST009,77.9312,77.5324,75.5471,77.3016,3719816.0,EUR
2024-11-26,INST009,78.0575,78.9377,76.7819,77.7025,962013.0,EUR
2024-11-27,INST009,77.6692,79.2714,75.6239,77.3145,2630678.0,EUR
2024-11-28,INST009,78.3687,79.646,76.7077,78.2088,2760283.0,EUR
2024-11-29,INST009,77.8234,78.4021,77.1055,77.1264,473847.0,EUR
2024-12-02,INST009,75.2917,76.9785,73.7207,75.2605,2538506.0,EUR
2024-12-03,INST009,75.1578,75.146,74.1487,74.5227,126892.0,EUR
2024-12-04,INST009,75.7701,77.134,73.3893,75.5255,3668217.0,EUR
2024-12-05,INST009,74.4772,74.8307,73.4633,74.4641,4169441.0,EUR
2024-12-06,INST009,72.404,74.1571,72.9274,73.11,1422392.0,EUR
2024-12-09,INST009,72.7751,73.5112,71.3397,72.3657,4991220.0,EUR
2024-12-10,INST009,70.2107,71.1822,70.1709,70.6624,2611762.0,EUR
2024-12-11,INST009,69.5823,71.2817,68.2584,70.0449,2495865.0,EUR
2024-12-12,INST009,70.2577,72.3372,69.3794,70.964,2713779.0,EUR
2024-12-13,INST009,70.6054,71.7273,69.501,70.9645,229359.0,EUR
2024-12-16,INST009,72.6143,73.98,72.1592,72.6025,4903140.0,EUR
2024-12-17,INST009,71.3837,71.7539,68.8423,70.953,819871.0,EUR
2024-12-18,INST009,70.213,71.4312,69.4398,70.4773,956629.0,EUR
2024-12-19,INST009,69.5986,71.0211,69.8575,70.0438,2069297.0,EUR
2024-12-20,INST009,68.5784,70.792,68.4393,69.118,2890795.0,EUR
2024-12-23,INST009,68.1645,69.8641,66.9419,68.4494,2465688.0,EUR
2024-12-24,INST009,67.9816,67.4158,65.6746,67.3751,1036813.0,EUR
2024-12-25,INST009,68.1875,69.2498,68.4993,68.7099,1073468.0,EUR
2024-12-26,INST009,67.4514,69.2289,65.7269,67.7361,160345.0,EUR
2024-12-27,INST009,68.2237,70.0312,66.9128,68.6111,4844575.0,EUR
2024-12-30,INST009,67.1666,69.0962,67.2406,67.8058,4886451.0,EUR
2024-12-31,INST009,67.5711,68.7874,65.3083,67.1614,2034543.0,EUR
2022-01-03,INST010,228.3321,227.8507,221.58,227.3908,599467.0,EUR
2022-01-04,INST010,222.5622,225.6852,220.0606,222.2765,2713710.0,EUR
2022-01-05,INST010,219.8724,219.0908,217.1729,218.1637,3411643.0,EUR
2022-01-06,INST010,213.892,219.0611,214.1999,215.8419,4728129.0,EUR
2022-01-07,INST010,218.9504,224.6528,217.5406,218.4932,4314245.0,EUR
2022-01-10,INST010,222.1965,222.0033,219.529,220.5564,1759090.0,EUR
2022-01-11,INST010,216.3902,220.7713,214.1381,217.668,279966.0,EUR
2022-01-12,INST010,216.0279,216.6573,212.309,215.2367,2846168.0,EUR
2022-01-13,INST010,217.538,219.1139,215.7353,217.5667,2127082.0,EUR
2022-01-14,INST010,218.0314,223.4425,212.2718,217.8357,2709530.0,EUR
2022-01-17,INST010,215.1163,218.0281,214.679,215.2478,2276096.0,EUR
2022-01-18,INST010,212.5954,213.5588,209.7314,212.5161,4589795.0,EUR
2022-01-19,INST010,217.0537,217.4035,214.9469,217.0151,2954114.0,EUR
2022-01-20,INST010,216.1251,219.473,213.5844,216.8139,3186959.0,EUR
2022-01-21,INST010,219.7523,223.4742,213.7826,220.2384,247874.0,EUR
2022-01-24,INST010,221.4099,221.2031,215.6539,221.0653,109649.0,EUR
2022-01-25,INST010,216.8968,218.0817,214.5571,215.9415,2727846.0,EUR
2022-01-26,INST010,219.0653,224.1839,218.9733,220.1716,2785244.0,EUR
2022-01-27,INST010,218.9833,218.8502,215.4175,217.4334,2187227.0,EUR
2022-01-28,INST010,219.8752,220.2425,217.0541,219.1687,1013269.0,EUR
2022-01-31,INST010,224.9731,228.3021,219.7845,223.7701,4890883.0,EUR
2022-02-01,INST010,217.2353,218.7271,212.4723,218.5166,1896743.0,EUR
2022-02-02,INST010,215.3161,216.9938,208.9203,213.7423,1105952.0,EUR
2022-02-03,INST010,213.668,215.7491,210.2157,214.806,2991335.0,EUR
2022-02-04,INST010,212.929,215.1893,211.4937,213.1679,282254.0,EUR
2022-02-07,INST010,209.8813,214.1806,209.9242,211.0492,2681958.0,EUR
2022-02-08,INST010,205.9138,207.776,202.9795,207.6662,2334110.0,EUR
2022-02-09,INST010,204.6028,203.7276,202.7772,202.91,4037678.0,EUR
2022-02-10,INST010,198.0573,200.9896,198.5933,199.527,2946344.0,EUR
2022-02-11,INST010,203.1095,209.0376,200.5995,203.6512,4821882.0,EUR
2022-02-14,INST010,207.6786,212.2607,203.1929,207.9352,1328901.0,EUR
2022-02-15,INST010,212.9681,217.5581,205.277,211.5264,892611.0,EUR
2022-02-16,INST010,207.1115,210.6591,205.7166,206.9827,1157751.0,EUR
2022-02-17,INST010,203.7393,205.8017,201.3894,204.7059,466200.0,EUR
2022-02-18,INST010,209.3952,211.1838,207.7188,208.8667,1148741.0,EUR
2022-02-21,INST010,205.2193,204.4892,202.981,203.7449,3890529.0,EUR
2022-02-22,INST010,200.1283,204.5286,197.3436,199.4979,922549.0,EUR
2022-02-23,INST010,200.6956,206.1202,198.8212,200.5115,2881151.0,EUR
2022-02-24,INST010,205.0804,207.2275,200.6405,205.1019,2394899.0,EUR
2022-02-25,INST010,204.4889,208.699,199.3149,203.3143,3860817.0,EUR
2022-02-28,INST010,201.2732,205.0487,199.0861,199.6592,2095924.0,EUR
2022-03-01,INST010,199.4429,205.354,198.0792,201.2998,2216360.0,EUR
2022-03-02,INST010,203.4714,208.7789,199.8537,204.5884,4358119.0,EUR
2022-03-03,INST010,200.7248,202.6768,199.6392,202.6318,232319.0,EUR
2022-03-04,INST010,201.7029,206.2225,198.7916,200.3107,1503156.0,EUR
2022-03-07,INST010,197.8374,200.6061,196.0542,197.1763,1174170.0,EUR
2022-03-08,INST010,198.0778,200.6828,194.8971,197.8611,3232628.0,EUR
2022-03-09,INST010,200.4266,206.8626,197.1305,201.7902,1469450.0,EUR
2022-03-10,INST010,208.4822,211.2482,201.8702,206.6486,3618749.0,EUR
2022-03-11,INST010,205.6233,205.3166,201.685,204.6887,1248989.0,EUR
2022-03-14,INST010,202.0923,209.5667,198.2587,203.6614,3303450.0,EUR
2022-03-15,INST010,199.4758,206.3533,196.9117,201.0946,3959493.0,EUR
2022-03-16,INST010,198.7684,203.3102,194.3226,199.5293,2890363.0,EUR
2022-03-17,INST010,202.0819,203.0514,195.4426,201.2574,1827617.0,EUR
2022-03-18,INST010,205.3754,207.3578,198.1996,204.0085,4101531.0,EUR
2022-03-21,INST010,200.9957,207.6524,202.4894,202.6795,3350732.0,EUR
2022-03-22,INST010,208.5346,208.4916,207.0257,207.475,516381.0,EUR
2022-03-23,INST010,205.6783,210.2222,204.2673,205.0069,3339085.0,EUR
2022-03-24,INST010,205.8711,209.163,204.1754,207.6771,1177272.0,EUR
2022-03-25,INST010,206.0227,211.5587,199.9122,205.5586,4776930.0,EUR
2022-03-28,INST010,210.4648,209.4965,207.3186,208.5055,1841224.0,EUR
2022-03-29,INST010,209.5237,211.3085,204.9611,208.5782,2357472.0,EUR
2022-03-30,INST010,204.986,207.2802,203.7019,205.3864,1895541.0,EUR
2022-03-31,INST010,205.9675,210.5686,202.0275,206.1619,1838844.0,EUR
2022-04-01,INST010,203.0797,203.1205,201.7609,201.9187,528310.0,EUR
2022-04-04,INST010,198.4643,200.336,191.1955,197.0427,185041.0,EUR
2022-04-05,INST010,195.2874,201.3958,190.3159,196.0684,1637768.0,EUR
2022-04-06,INST010,195.0711,196.5947,190.6187,194.2826,2760489.0,EUR
2022-04-07,INST010,198.1924,203.4945,197.0865,198.2244,1306928.0,EUR
2022-04-08,INST010,200.781,206.836,196.3266,202.2543,4236075.0,EUR
2022-04-11,INST010,204.6289,209.8509,201.4367,206.6533,1133186.0,EUR
2022-04-12,INST010,209.4591,212.1305,208.117,208.3757,1401515.0,EUR
2022-04-13,INST010,201.4842,208.8445,202.0406,203.3426,3247083.0,EUR
2022-04-14,INST010,200.6046,205.0272,200.1198,202.4632,4642583.0,EUR
2022-04-15,INST010,201.2704,201.4273,197.5747,201.2535,668212.0,EUR
2022-04-18,INST010,199.0392,198.8563,193.637,198.0263,1164858.0,EUR
2022-04-19,INST010,193.6582,199.2936,191.3462,194.7169,3400079.0,EUR
2022-04-20,INST010,195.6396,200.3435,190.5071,195.15,658199.0,EUR
2022-04-21,INST010,200.4455,201.2451,193.9098,199.1297,749150.0,EUR
2022-04-22,INST010,202.9863,204.6765,202.1408,202.7265,1325131.0,EUR
2022-04-25,INST010,204.6194,208.6917,200.4553,205.1343,2991852.0,EUR
2022-04-26,INST010,210.4781,210.86,206.0733,209.8029,411495.0,EUR
2022-04-27,INST010,213.0266,214.7432,205.0264,211.3275,652039.0,EUR
2022-04-28,INST010,212.4712,218.2044,211.4611,211.8529,4750549.0,EUR
2022-04-29,INST010,209.6436,217.2523,207.4749,211.3419,4400477.0,EUR
2022-05-02,INST010,205.336,206.7913,200.9824,206.1677,4823227.0,EUR
2022-05-03,INST010,202.6129,208.2762,203.4359,204.4914,1684504.0,EUR
2022-05-04,INST010,202.3341,206.0633,199.4361,201.0313,464432.0,EUR
2022-05-05,INST010,196.5642,197.0506,196.8079,196.916,1998279.0,EUR
2022-05-06,INST010,192.1776,195.3914,188.4489,192.264,1022140.0,EUR
2022-05-09,INST010,195.6913,198.3366,191.1654,196.1723,473853.0,EUR
2022-05-10,INST010,199.2427,204.1726,198.1318,199.078,4378658.0,EUR
2022-05-11,INST010,194.3242,197.6912,192.4985,195.1921,808713.0,EUR
2022-05-12,INST010,193.2864,195.5245,190.3396,195.1987,4652944.0,EUR
2022-05-13,INST010,189.9463,194.8589,188.6486,191.6255,363062.0,EUR
2022-05-16,INST010,194.3491,194.3087,189.0495,193.7944,4428337.0,EUR
2022-05-17,INST010,193.2995,195.4533,189.2856,192.6826,3830801.0,EUR
2022-05-18,INST010,190.3668,192.1659,186.1874,190.1454,1404562.0,EUR
2022-05-19,INST010,195.5924,199.8155,191.1346,194.4116,350756.0,EUR
2022-05-20,INST010,198.3166,201.8945,193.1844,197.4201,4563750.0,EUR
2022-05-23,INST010,199.5435,202.9228,195.5498,198.0118,2122538.0,EUR
2022-05-24,INST010,194.6882,195.9141,190.0802,195.51,4868575.0,EUR
2022-05-25,INST010,199.0106,201.5541,198.9918,199.4908,1486709.0,EUR
2022-05-26,INST010,198.3796,200.1626,195.487,196.4477,3563777.0,EUR
2022-05-27,INST010,202.1043,202.844,196.7406,200.3264,2604276.0,EUR
2022-05-30,INST010,202.3154,203.753,199.2348,202.7385,3490135.0,EUR
2022-05-31,INST010,209.0683,209.1525,203.8901,207.1081,4883065.0,EUR
2022-06-01,INST010,210.8009,217.1976,210.3225,210.9269,4440545.0,EUR
2022-06-02,INST010,209.7399,218.0547,209.3351,211.8484,4466117.0,EUR
2022-06-03,INST010,214.1194,217.3632,208.7651,212.9508,4077633.0,EUR
2022-06-06,INST010,215.9173,222.4179,216.6679,217.4213,1116492.0,EUR
2022-06-07,INST010,217.3006,221.0436,216.0055,218.7605,3282819.0,EUR
2022-06-08,INST010,216.9665,219.4289,212.6683,219.1205,478264.0,EUR
2022-06-09,INST010,220.5305,223.3715,219.5223,220.7196,4008456.0,EUR
2022-06-10,INST010,220.1907,221.9732,217.526,219.3459,2309921.0,EUR
2022-06-13,INST010,221.8051,227.7054,216.186,221.3187,1209677.0,EUR
2022-06-14,INST010,215.5048,218.7479,211.6672,216.5021,4931103.0,EUR
2022-06-15,INST010,219.509,220.8712,215.9711,217.7884,942780.0,EUR
2022-06-16,INST010,221.4223,221.5868,217.3506,221.5189,4516752.0,EUR
2022-06-17,INST010,227.9195,230.0193,224.2818,225.8036,2208711.0,EUR
2022-06-20,INST010,228.2101,228.4449,222.5648,228.1452,4339898.0,EUR
2022-06-21,INST010,225.1038,232.7666,223.6914,226.2949,4350189.0,EUR
2022-06-22,INST010,226.0041,225.901,220.2558,224.7815,4438428.0,EUR
2022-06-23,INST010,220.4877,222.2312,216.8368,219.6106,2108981.0,EUR
2022-06-24,INST010,223.4191,229.9391,222.5166,223.989,4858640.0,EUR
2022-06-27,INST010,223.1308,228.0286,219.4542,224.0676,3537103.0,EUR
2022-06-28,INST010,229.2364,230.2573,225.8259,229.308,973028.0,EUR
2022-06-29,INST010,229.0225,235.4015,226.2137,229.6251,1334996.0,EUR
2022-06-30,INST010,224.7039,233.0245,224.3526,226.5656,1476764.0,EUR
2022-07-01,INST010,225.4719,233.8368,223.9161,227.5011,3367239.0,EUR
2022-07-04,INST010,226.6143,229.9311,224.733,226.7994,4910663.0,EUR
2022-07-05,INST010,225.7218,226.9293,225.1558,226.1091,3856837.0,EUR
2022-07-06,INST010,222.6189,225.7194,218.8412,224.5772,268851.0,EUR
2022-07-07,INST010,225.7148,228.0113,221.9528,225.9795,3095203.0,EUR
2022-07-08,INST010,222.4339,222.0825,220.7883,221.4407,4573609.0,EUR
2022-07-11,INST010,215.0289,219.852,215.2902,216.7174,707875.0,EUR
2022-07-12,INST010,212.9404,220.3749,211.4664,214.5129,3887463.0,EUR
2022-07-13,INST010,215.5087,216.5878,210.1255,214.4368,2911276.0,EUR
2022-07-14,INST010,214.6263,220.9598,212.9019,216.7803,3792963.0,EUR
2022-07-15,INST010,219.6816,221.0872,219.3437,220.9118,4503888.0,EUR
2022-07-18,INST010,221.4124,228.0009,218.4005,222.5267,2818625.0,EUR
2022-07-19,INST010,221.6682,227.3251,219.9101,223.0655,1214402.0,EUR
2022-07-20,INST010,218.1508,222.5418,212.1218,218.1551,4971403.0,EUR
2022-07-21,INST010,216.3546,219.9531,213.5873,218.0607,3385614.0,EUR
2022-07-22,INST010,222.1363,227.3445,220.1181,220.8438,3426842.0,EUR
2022-07-25,INST010,226.9391,227.1358,220.3984,225.6147,213048.0,EUR
2022-07-26,INST010,219.4452,225.0297,214.9524,221.0303,4972697.0,EUR
2022-07-27,INST010,217.8921,218.936,216.8458,216.9151,1734371.0,EUR
2022-07-28,INST010,218.6154,221.5318,219.7004,220.4424,4369864.0,EUR
2022-07-29,INST010,226.4775,228.6631,221.6775,224.5631,2112074.0,EUR
2022-08-01,INST010,221.1066,222.2679,219.8765,220.1189,1783398.0,EUR
2022-08-02,INST010,213.3828,216.678,212.398,215.06,3433301.0,EUR
2022-08-03,INST010,220.2447,223.2415,217.2664,220.3404,3659269.0,EUR
2022-08-04,INST010,216.6669,219.2392,212.334,216.0593,721954.0,EUR
2022-08-05,INST010,212.9175,216.9321,212.9235,214.8788,3608257.0,EUR
2022-08-08,INST010,211.2068,216.5204,204.3246,210.6392,4177263.0,EUR
2022-08-09,INST010,214.7158,219.3662,207.947,214.3729,4138080.0,EUR
2022-08-10,INST010,218.1983,220.068,218.2067,219.3077,3765052.0,EUR
2022-08-11,INST010,218.9102,227.5214,216.9461,221.0756,3728841.0,EUR
2022-08-12,INST010,219.9617,221.8585,216.8361,217.9692,2149027.0,EUR
2022-08-15,INST010,218.317,220.3874,214.2003,217.4522,608437.0,EUR
2022-08-16,INST010,221.9417,224.723,214.7198,219.9477,4184629.0,EUR
2022-08-17,INST010,223.0347,228.2322,220.3682,224.4708,2925318.0,EUR
2022-08-18,INST010,229.0756,229.3985,220.7627,227.1874,226098.0,EUR
2022-08-19,INST010,223.6083,227.3123,221.2577,222.6576,2282052.0,EUR
2022-08-22,INST010,225.4152,225.4585,217.8283,223.5597,4507273.0,EUR
2022-08-23,INST010,224.2681,229.0399,224.4315,225.8707,1901452.0,EUR
2022-08-24,INST010,229.8733,230.7885,226.9213,228.0312,2539083.0,EUR
2022-08-25,INST010,227.0278,230.5694,223.4532,228.7093,1925769.0,EUR
2022-08-26,INST010,229.1671,230.4537,230.2733,230.3896,704751.0,EUR
2022-08-29,INST010,227.4575,232.5012,226.9132,227.5934,2204396.0,EUR
2022-08-30,INST010,225.6363,229.8184,224.1776,225.967,733607.0,EUR
2022-08-31,INST010,221.0418,223.9544,214.7689,220.6658,2823229.0,EUR
2022-09-01,INST010,223.3695,225.6831,221.8945,224.3225,2845756.0,EUR
2022-09-02,INST010,223.803,222.7397,219.3774,222.6524,2806727.0,EUR
2022-09-05,INST010,220.4005,221.8093,215.1991,220.9954,4157847.0,EUR
2022-09-06,INST010,220.5638,227.6195,222.0867,222.6877,2560628.0,EUR
2022-09-07,INST010,217.5607,225.0904,213.9332,218.9728,801520.0,EUR
2022-09-08,INST010,221.2218,222.4188,217.3257,220.3539,4265405.0,EUR
2022-09-09,INST010,223.4563,224.14,221.8026,221.9699,4124285.0,EUR
2022-09-12,INST010,218.8973,222.2835,215.1038,220.6655,4600786.0,EUR
2022-09-13,INST010,224.5805,229.9995,223.6674,224.7448,2115733.0,EUR
2022-09-14,INST010,226.2258,229.2628,219.9291,225.8391,1163257.0,EUR
2022-09-15,INST010,221.0207,224.37,219.3506,220.2688,3523597.0,EUR
2022-09-16,INST010,222.3567,224.9932,222.3138,222.9358,1431079.0,EUR
2022-09-19,INST010,220.5704,224.0423,214.2987,220.7917,689631.0,EUR
2022-09-20,INST010,215.7734,222.8401,214.9973,216.9374,4102651.0,EUR
2022-09-21,INST010,212.6569,215.4103,210.8677,213.9953,276826.0,EUR
2022-09-22,INST010,219.4242,223.8104,214.8204,219.0109,2355629.0,EUR
2022-09-23,INST010,220.9388,222.8795,219.7281,219.9173,2521232.0,EUR
2022-09-26,INST010,221.3772,225.3711,222.1616,223.2908,636962.0,EUR
2022-09-27,INST010,226.014,233.332,227.7754,227.9309,4487241.0,EUR
2022-09-28,INST010,233.215,234.4351,226.6466,231.0163,1342802.0,EUR
2022-09-29,INST010,234.2257,234.1202,226.4247,232.253,4023359.0,EUR
2022-09-30,INST010,231.1487,231.9079,223.2664,229.4773,3982705.0,EUR
2022-10-03,INST010,229.9184,229.4542,226.2518,229.0388,1632844.0,EUR
2022-10-04,INST010,229.8382,237.0766,228.2026,230.5337,506574.0,EUR
2022-10-05,INST010,236.2671,239.2962,232.8161,235.113,3227227.0,EUR
2022-10-06,INST010,238.1388,242.5762,238.1734,239.906,4757487.0,EUR
2022-10-07,INST010,240.4451,248.8634,237.7464,241.9008,2549146.0,EUR
2022-10-10,INST010,244.3889,250.3084,239.5361,244.3894,772993.0,EUR
2022-10-11,INST010,242.7452,249.9576,237.7059,243.7642,2407738.0,EUR
2022-10-12,INST010,243.9355,244.5834,244.2704,244.2965,4554741.0,EUR
2022-10-13,INST010,243.2299,246.5476,241.8422,243.1553,3446055.0,EUR
2022-10-14,INST010,239.3187,240.5689,233.6029,237.8772,223861.0,EUR
2022-10-17,INST010,237.5595,241.014,239.613,239.8402,4828348.0,EUR
2022-10-18,INST010,236.3581,240.5722,236.463,237.9669,4166773.0,EUR
2022-10-19,INST010,232.848,237.3238,231.6261,233.0895,1609158.0,EUR
2022-10-20,INST010,234.1429,240.6689,229.0533,234.0114,4562726.0,EUR
2022-10-21,INST010,231.4168,238.7462,227.4317,232.4044,3538755.0,EUR
2022-10-24,INST010,235.7343,241.5433,236.746,237.4004,405213.0,EUR
2022-10-25,INST010,244.7929,249.2077,236.9039,243.0507,2177038.0,EUR
2022-10-26,INST010,236.6814,241.6634,234.1949,237.8517,1012155.0,EUR
2022-10-27,INST010,238.5417,242.4362,234.8,238.8727,1075803.0,EUR
2022-10-28,INST010,232.6923,233.4845,232.4225,233.1317,3758599.0,EUR
2022-10-31,INST010,234.6311,239.034,233.0867,234.5892,3075314.0,EUR
2022-11-01,INST010,231.8448,236.5907,230.4334,232.9239,361307.0,EUR
2022-11-02,INST010,228.2786,230.7346,228.8504,229.5002,3073266.0,EUR
2022-11-03,INST010,222.9973,228.8689,222.7919,224.2289,3073602.0,EUR
2022-11-04,INST010,222.7603,226.2916,221.5086,224.1406,627881.0,EUR
2022-11-07,INST010,226.6055,230.7967,220.2386,224.48,2225207.0,EUR
2022-11-08,INST010,223.6695,225.2441,219.0918,224.3963,1401038.0,EUR
2022-11-09,INST010,220.5677,225.5377,217.2836,221.3429,3404003.0,EUR
2022-11-10,INST010,218.9793,221.7205,217.8291,219.5809,2407282.0,EUR
2022-11-11,INST010,216.684,221.6856,212.3148,217.1717,3645087.0,EUR
2022-11-14,INST010,214.0261,214.8026,207.7107,213.2352,4176959.0,EUR
2022-11-15,INST010,208.1316,209.5234,206.8858,208.0368,142547.0,EUR
2022-11-16,INST010,213.9673,216.6794,210.9788,213.1284,1473160.0,EUR
2022-11-17,INST010,216.5253,215.9039,214.308,214.812,3844920.0,EUR
2022-11-18,INST010,215.346,218.7549,210.3952,215.5991,4569030.0,EUR
2022-11-21,INST010,214.2929,215.7815,214.5855,214.6878,3048573.0,EUR
2022-11-22,INST010,213.0514,212.3837,208.9823,212.3534,2824809.0,EUR
2022-11-23,INST010,210.5156,215.2184,207.0653,210.4118,3987988.0,EUR
2022-11-24,INST010,207.9544,209.1895,205.9246,206.075,3169026.0,EUR
2022-11-25,INST010,204.215,205.6743,201.9613,205.3069,1776800.0,EUR
2022-11-28,INST010,202.4653,201.8707,198.6854,200.9384,3651258.0,EUR
2022-11-29,INST010,197.1916,198.6615,196.9165,198.3173,3609510.0,EUR
2022-11-30,INST010,197.4001,200.4681,192.4854,195.9839,1415676.0,EUR
2022-12-01,INST010,198.9469,202.164,192.7881,197.7342,2459850.0,EUR
2022-12-02,INST010,202.7494,206.6339,201.7704,202.5883,812109.0,EUR
2022-12-05,INST010,200.5509,206.1878,201.2551,201.577,570837.0,EUR
2022-12-06,INST010,199.8144,203.0837,199.2389,201.2349,2267591.0,EUR
2022-12-07,INST010,199.0619,198.7224,193.8315,198.6457,3284181.0,EUR
2022-12-08,INST010,199.4121,205.0027,195.7774,199.9463,4729265.0,EUR
2022-12-09,INST010,199.404,200.0679,197.557,198.9833,3706095.0,EUR
2022-12-12,INST010,204.6142,203.8804,198.8759,203.0089,178989.0,EUR
2022-12-13,INST010,198.4689,204.0166,194.7959,199.0815,3345298.0,EUR
2022-12-14,INST010,197.5417,199.7589,193.6435,197.8448,4279243.0,EUR
2022-12-15,INST010,197.0561,197.206,194.6339,195.809,602704.0,EUR
2022-12-16,INST010,198.7619,201.805,193.6473,199.4303,2740148.0,EUR
2022-12-19,INST010,201.59,202.562,200.2571,200.8672,3415483.0,EUR
2022-12-20,INST010,205.5628,211.5559,200.6644,205.4291,4624730.0,EUR
2022-12-21,INST010,206.3478,213.2484,204.9329,208.1151,1417073.0,EUR
2022-12-22,INST010,206.2062,212.2267,204.1672,207.441,2487082.0,EUR
2022-12-23,INST010,208.7222,213.5253,204.2612,208.442,3106253.0,EUR
2022-12-26,INST010,206.052,210.8853,205.8092,206.8239,3492893.0,EUR
2022-12-27,INST010,204.3147,211.2526,201.5674,205.8378,1040368.0,EUR
2022-12-28,INST010,199.4819,202.419,200.4143,201.2607,1212607.0,EUR
2022-12-29,INST010,204.8018,211.103,205.7356,206.2675,2163562.0,EUR
2022-12-30,INST010,208.781,212.2086,207.3015,210.0985,183086.0,EUR
2023-01-02,INST010,205.5956,207.3978,200.5216,206.3532,477628.0,EUR
2023-01-03,INST010,200.8587,203.5815,200.0424,201.3791,494649.0,EUR
2023-01-04,INST010,201.601,202.4335,196.2712,200.5557,1573377.0,EUR
2023-01-05,INST010,199.4101,201.0375,192.7968,198.5304,4609471.0,EUR
2023-01-06,INST010,194.8829,198.1658,194.3523,196.2093,4862810.0,EUR
2023-01-09,INST010,192.41,197.7783,187.773,192.2533,118029.0,EUR
2023-01-10,INST010,193.6157,197.2405,190.1109,194.045,3740610.0,EUR
2023-01-11,INST010,190.1101,193.2182,187.9055,191.363,2751651.0,EUR
2023-01-12,INST010,196.1587,199.8207,192.4525,195.8325,2827260.0,EUR
2023-01-13,INST010,196.5335,199.7366,196.1972,197.4701,4802333.0,EUR
2023-01-16,INST010,193.8129,197.6109,190.4202,193.8666,419891.0,EUR
2023-01-17,INST010,195.0031,200.2186,189.4489,194.9513,4554155.0,EUR
2023-01-18,INST010,192.6912,192.6557,187.6052,192.4347,3765352.0,EUR
2023-01-19,INST010,195.2161,195.9268,194.9705,195.6004,4113155.0,EUR
2023-01-20,INST010,198.2489,199.7284,193.7967,196.9314,2641877.0,EUR
2023-01-23,INST010,200.4071,205.1513,199.0838,200.4792,2270629.0,EUR
2023-01-24,INST010,205.7721,206.2868,199.0555,203.8038,1785027.0,EUR
2023-01-25,INST010,203.7349,207.2384,200.6468,201.7572,153376.0,EUR
2023-01-26,INST010,200.0048,202.323,196.8243,199.1319,695451.0,EUR
2023-01-27,INST010,192.7158,196.5312,193.089,194.1762,2920688.0,EUR
2023-01-30,INST010,190.481,195.5361,186.018,191.1137,4633696.0,EUR
2023-01-31,INST010,189.9138,193.3121,188.9968,189.0613,1318031.0,EUR
2023-02-01,INST010,193.9504,196.393,190.692,193.5051,2748886.0,EUR
2023-02-02,INST010,197.2421,199.7686,190.8417,195.3756,1851896.0,EUR
2023-02-03,INST010,199.4616,204.6575,196.2066,200.2583,2492653.0,EUR
2023-02-06,INST010,195.013,198.0124,191.2366,196.9235,3584690.0,EUR
2023-02-07,INST010,201.3343,206.4586,195.2435,201.0615,480439.0,EUR
2023-02-08,INST010,197.5135,196.8145,194.9019,196.3626,3662027.0,EUR
2023-02-09,INST010,200.5277,204.9008,195.4975,200.4063,836593.0,EUR
2023-02-10,INST010,199.4936,201.2908,193.7264,199.6795,641081.0,EUR
2023-02-13,INST010,201.5559,203.994,196.2399,200.4762,3305171.0,EUR
2023-02-14,INST010,198.5808,203.538,196.7498,199.981,301929.0,EUR
2023-02-15,INST010,195.7017,202.8879,194.0753,197.144,2019871.0,EUR
2023-02-16,INST010,200.1395,204.3953,199.5868,199.7601,2758421.0,EUR
2023-02-17,INST010,198.3464,200.8367,197.1672,199.8142,663131.0,EUR
2023-02-20,INST010,201.3625,207.7007,200.2821,202.5364,3736390.0,EUR
2023-02-21,INST010,205.5946,209.4522,202.2613,206.194,4890514.0,EUR
2023-02-22,INST010,202.8226,208.9745,200.6918,204.6653,2804529.0,EUR
2023-02-23,INST010,203.427,205.0289,199.3537,204.9648,1474276.0,EUR
2023-02-24,INST010,204.0045,203.4126,201.595,202.0263,866910.0,EUR
2023-02-27,INST010,206.9459,206.8409,200.6319,206.2454,4067774.0,EUR
2023-02-28,INST010,209.3308,211.7963,207.8382,209.2278,2340898.0,EUR
2023-03-01,INST010,211.9424,216.1584,205.3202,210.9992,1331889.0,EUR
2023-03-02,INST010,209.1491,211.2639,204.9818,209.0934,611961.0,EUR
2023-03-03,INST010,209.6312,212.7581,205.6745,208.5666,2142754.0,EUR
2023-03-06,INST010,213.0863,214.9574,209.3953,213.0529,1665222.0,EUR
2023-03-07,INST010,218.0916,219.2653,212.7615,216.0767,895567.0,EUR
2023-03-08,INST010,219.3386,221.0296,216.7965,220.9094,3718057.0,EUR
2023-03-09,INST010,217.5307,224.0035,218.8804,219.6745,4300484.0,EUR
2023-03-10,INST010,216.8498,216.7664,213.6767,216.6737,2332012.0,EUR
2023-03-13,INST010,213.6038,218.1385,210.8236,215.3085,306472.0,EUR
2023-03-14,INST010,217.5285,221.5206,215.543,217.1683,497967.0,EUR
2023-03-15,INST010,220.0089,221.2481,218.4373,219.4696,918207.0,EUR
2023-03-16,INST010,225.3566,230.4709,220.4248,224.0734,2783293.0,EUR
2023-03-17,INST010,226.387,231.7336,227.7066,228.0103,786242.0,EUR
2023-03-20,INST010,227.6931,230.0024,219.9712,226.2313,4908919.0,EUR
2023-03-21,INST010,222.4899,224.5013,218.8169,221.9262,3314493.0,EUR
2023-03-22,INST010,224.0174,228.0439,222.1789,223.2772,1826299.0,EUR
2023-03-23,INST010,225.3838,227.5047,226.438,226.7945,4177881.0,EUR
2023-03-24,INST010,225.232,231.6087,222.6979,227.2028,2966895.0,EUR
2023-03-27,INST010,227.7573,229.5809,226.7374,227.5006,3283442.0,EUR
2023-03-28,INST010,226.9679,235.1373,224.8192,228.4711,3758012.0,EUR
2023-03-29,INST010,230.2348,231.4209,227.7625,231.3953,549299.0,EUR
2023-03-30,INST010,228.3625,230.8607,223.9824,226.2986,1204994.0,EUR
2023-03-31,INST010,228.7218,228.7355,222.4266,226.6543,609977.0,EUR
2023-04-03,INST010,225.2259,229.4118,221.3486,224.0155,2113257.0,EUR
2023-04-04,INST010,230.8794,231.3297,223.5316,228.7849,4787766.0,EUR
2023-04-05,INST010,224.4835,228.0137,223.6365,224.8232,421394.0,EUR
2023-04-06,INST010,223.5298,230.5696,222.8848,225.0892,1937798.0,EUR
2023-04-07,INST010,223.3057,225.4623,216.3733,222.3766,755299.0,EUR
2023-04-10,INST010,225.7982,228.0327,218.2562,224.9156,3280591.0,EUR
2023-04-11,INST010,227.2162,231.5825,222.0289,226.3138,2667373.0,EUR
2023-04-12,INST010,231.886,235.2973,224.7303,231.1173,4387122.0,EUR
2023-04-13,INST010,229.5073,235.1874,226.2041,229.2625,2208715.0,EUR
2023-04-14,INST010,232.6114,236.7249,229.7517,231.9234,2360697.0,EUR
2023-04-17,INST010,236.5916,239.1204,230.7772,235.9304,2174785.0,EUR
2023-04-18,INST010,232.1177,238.3434,231.4617,232.7414,3342032.0,EUR
2023-04-19,INST010,238.0798,245.1517,234.9143,238.0393,4724583.0,EUR
2023-04-20,INST010,242.7611,247.3825,235.6797,240.7302,4464311.0,EUR
2023-04-21,INST010,235.9292,241.9113,232.6063,236.4983,3505270.0,EUR
2023-04-24,INST010,233.6475,235.6684,228.6876,232.4994,4249123.0,EUR
2023-04-25,INST010,233.4982,237.7491,228.8707,232.8739,4529009.0,EUR
2023-04-26,INST010,233.6525,235.814,226.033,232.629,4227045.0,EUR
2023-04-27,INST010,231.3351,232.351,224.1893,229.4098,2511816.0,EUR
2023-04-28,INST010,229.8469,237.0436,226.8219,231.6608,1672468.0,EUR
2023-05-01,INST010,226.283,227.2298,224.9345,226.1888,3954254.0,EUR
2023-05-02,INST010,224.3831,227.6281,223.7944,226.1191,2948114.0,EUR
2023-05-03,INST010,232.4526,232.2408,226.5119,230.6446,2050160.0,EUR
2023-05-04,INST010,232.3534,238.3823,226.689,232.2834,437443.0,EUR
2023-05-05,INST010,234.7035,240.4079,235.6479,236.8006,919401.0,EUR
2023-05-08,INST010,240.8618,243.3779,239.2429,239.6005,2540410.0,EUR
2023-05-09,INST010,233.0125,235.1863,233.7143,234.6202,763771.0,EUR
2023-05-10,INST010,228.9628,233.5649,229.3674,230.1579,633281.0,EUR
2023-05-11,INST010,231.0576,235.921,227.5607,230.8159,4212309.0,EUR
2023-05-12,INST010,230.0341,228.7648,227.371,228.0967,4881259.0,EUR
2023-05-15,INST010,223.8571,226.5199,217.56,222.5326,2075440.0,EUR
2023-05-16,INST010,225.0713,230.2355,224.6916,224.9887,1960865.0,EUR
2023-05-17,INST010,232.0827,235.3961,228.11,230.4986,1793079.0,EUR
2023-05-18,INST010,235.192,235.9165,231.5092,233.7409,4513649.0,EUR
2023-05-19,INST010,228.4237,231.3325,223.7349,228.1231,2941143.0,EUR
2023-05-22,INST010,224.4351,227.8684,223.3495,223.8029,4771804.0,EUR
2023-05-23,INST010,227.516,227.8985,221.9733,225.6084,2627894.0,EUR
2023-05-24,INST010,223.4425,225.7329,223.5793,224.617,2266141.0,EUR
2023-05-25,INST010,223.4203,225.7886,223.2542,224.0915,2015534.0,EUR
2023-05-26,INST010,226.809,233.1114,221.7414,226.7065,4004390.0,EUR
2023-05-29,INST010,229.0956,230.7398,224.5533,229.7091,4329492.0,EUR
2023-05-30,INST010,235.1951,239.1178,229.1771,235.2135,612573.0,EUR
2023-05-31,INST010,234.6003,239.3478,234.2475,235.9507,270842.0,EUR
2023-06-01,INST010,235.3296,235.9168,231.8405,235.495,3114760.0,EUR
2023-06-02,INST010,233.3611,236.5737,228.4209,231.2974,1780678.0,EUR
2023-06-05,INST010,230.2127,233.2839,231.6404,231.8792,1064871.0,EUR
2023-06-06,INST010,237.0088,236.0414,230.2311,235.6547,1878015.0,EUR
2023-06-07,INST010,232.0795,240.7323,229.1512,234.1295,2650378.0,EUR
2023-06-08,INST010,236.3383,239.9366,228.2933,234.9416,1281654.0,EUR
2023-06-09,INST010,239.4546,245.6588,234.0919,239.6027,478514.0,EUR
2023-06-12,INST010,236.312,240.2313,232.1628,238.284,3430611.0,EUR
2023-06-13,INST010,239.8056,244.3481,234.7638,239.6776,2882807.0,EUR
2023-06-14,INST010,237.8672,242.7577,236.8146,239.572,1916711.0,EUR
2023-06-15,INST010,235.7883,240.3986,232.9714,237.2159,4208264.0,EUR
2023-06-16,INST010,236.7772,236.6749,230.9878,235.4694,1500189.0,EUR
2023-06-19,INST010,237.268,243.3288,233.9283,236.8585,334367.0,EUR
2023-06-20,INST010,234.1131,240.633,235.311,235.5329,4073066.0,EUR
2023-06-21,INST010,233.0695,238.1029,227.503,231.8798,3845405.0,EUR
2023-06-22,INST010,233.1438,238.4016,226.993,233.6683,4771331.0,EUR
2023-06-23,INST010,238.931,237.9053,232.4876,236.6247,411856.0,EUR
2023-06-26,INST010,241.0742,242.8966,234.5784,239.7867,3329187.0,EUR
2023-06-27,INST010,235.4251,242.5369,236.1654,237.6446,135105.0,EUR
2023-06-28,INST010,236.1363,240.2487,231.2739,236.6098,3134460.0,EUR
2023-06-29,INST010,236.1394,239.9277,234.6429,237.9838,2918719.0,EUR
2023-06-30,INST010,237.8438,245.8914,239.3958,239.9748,4264844.0,EUR
2023-07-03,INST010,237.1905,239.2887,232.2693,238.3334,4307485.0,EUR
2023-07-04,INST010,243.9231,247.8479,236.9014,243.5434,3980178.0,EUR
2023-07-05,INST010,236.1321,240.5755,235.8428,238.1802,1430072.0,EUR
2023-07-06,INST010,241.7467,242.637,234.5173,241.4585,2861113.0,EUR
2023-07-07,INST010,244.9065,251.3319,246.2746,246.6917,3369509.0,EUR
2023-07-10,INST010,241.9162,246.0296,235.7641,241.7581,3125728.0,EUR
2023-07-11,INST010,234.9914,240.8256,233.7524,236.4333,1109630.0,EUR
2023-07-12,INST010,236.3273,235.4459,231.1815,234.2796,3662704.0,EUR
2023-07-13,INST010,234.2351,237.4367,227.572,233.2345,3340117.0,EUR
2023-07-14,INST010,226.7072,234.4777,223.625,228.5573,1617387.0,EUR
2023-07-17,INST010,228.6938,232.5571,225.2851,228.5673,4846555.0,EUR
2023-07-18,INST010,235.6052,234.2959,232.1775,233.5041,1151338.0,EUR
2023-07-19,INST010,231.6205,238.7025,229.3836,232.742,1124206.0,EUR
2023-07-20,INST010,235.2681,240.6328,231.6812,234.4683,4933665.0,EUR
2023-07-21,INST010,239.0438,239.9803,236.0844,237.6209,3389097.0,EUR
2023-07-24,INST010,236.6894,238.6427,230.0477,235.5183,523794.0,EUR
2023-07-25,INST010,232.3258,233.6983,226.7906,230.1174,2830329.0,EUR
2023-07-26,INST010,227.5644,230.3442,225.4533,229.0744,3066993.0,EUR
2023-07-27,INST010,222.167,228.2682,217.1639,223.4554,3245963.0,EUR
2023-07-28,INST010,223.9329,228.2241,220.1198,222.7884,727877.0,EUR
2023-07-31,INST010,223.6517,226.0177,218.1176,221.9844,4165851.0,EUR
2023-08-01,INST010,229.2175,233.9113,225.2035,227.3219,3424849.0,EUR
2023-08-02,INST010,223.633,228.1707,224.8654,225.2673,3359903.0,EUR
2023-08-03,INST010,229.0391,229.7461,223.356,227.7953,3614312.0,EUR
2023-08-04,INST010,224.4568,227.6154,224.1467,226.6392,4654900.0,EUR
2023-08-07,INST010,223.4255,226.7394,218.0792,222.1829,3828377.0,EUR
2023-08-08,INST010,223.189,228.4168,220.5006,225.0416,2963762.0,EUR
2023-08-09,INST010,232.4128,236.2512,228.6777,230.6452,3925685.0,EUR
2023-08-10,INST010,226.1637,233.3955,221.7849,227.3466,4005175.0,EUR
2023-08-11,INST010,226.6395,235.1153,222.009,228.7727,3780131.0,EUR
2023-08-14,INST010,227.127,234.5195,226.8596,228.2068,3909604.0,EUR
2023-08-15,INST010,230.6044,236.4048,223.9526,229.6703,2705206.0,EUR
2023-08-16,INST010,235.1254,239.3568,232.4588,233.3062,337906.0,EUR
2023-08-17,INST010,236.0444,241.676,236.2911,236.4206,3385102.0,EUR
2023-08-18,INST010,233.7141,235.4712,228.0592,231.8774,1071615.0,EUR
2023-08-21,INST010,228.6141,232.2187,227.2913,230.4531,4860077.0,EUR
2023-08-22,INST010,235.9248,235.1339,234.1213,234.1577,1847597.0,EUR
2023-08-23,INST010,238.3633,242.5499,237.1554,239.3556,3793077.0,EUR
2023-08-24,INST010,237.9627,239.9256,237.661,237.8796,539374.0,EUR
2023-08-25,INST010,238.8631,242.7711,233.0121,239.5891,2761089.0,EUR
2023-08-28,INST010,239.2375,244.0124,236.2427,239.3512,3694277.0,EUR
2023-08-29,INST010,236.7871,242.6512,231.595,236.5766,617007.0,EUR
2023-08-30,INST010,229.0664,237.7946,228.579,231.2898,4152074.0,EUR
2023-08-31,INST010,227.4189,229.1265,222.5842,228.1906,3819245.0,EUR
2023-09-01,INST010,224.637,227.4838,222.7969,225.2779,4377718.0,EUR
2023-09-04,INST010,220.9571,221.6421,216.8465,220.7119,1119315.0,EUR
2023-09-05,INST010,221.5591,221.1533,216.4589,219.5249,4962246.0,EUR
2023-09-06,INST010,216.5251,218.6466,216.0441,217.1055,3847814.0,EUR
2023-09-07,INST010,218.6448,221.2825,219.0463,219.871,2919092.0,EUR
2023-09-08,INST010,220.4931,222.1332,217.0279,218.8767,2950696.0,EUR
2023-09-11,INST010,217.8699,223.4366,214.4276,218.36,2794690.0,EUR
2023-09-12,INST010,217.947,219.8188,214.7334,215.9787,1810405.0,EUR
2023-09-13,INST010,211.9824,214.5557,206.9971,212.5649,421870.0,EUR
2023-09-14,INST010,211.9134,215.2554,207.2381,211.3226,2643225.0,EUR
2023-09-15,INST010,205.8498,210.613,202.0869,207.4239,3180012.0,EUR
2023-09-18,INST010,205.0073,206.0351,202.3726,203.9774,1477129.0,EUR
2023-09-19,INST010,206.9526,211.5613,208.1733,208.6753,2301375.0,EUR
2023-09-20,INST010,206.8402,210.6751,200.7588,205.9241,3701132.0,EUR
2023-09-21,INST010,208.4548,211.5619,206.1686,206.451,3524645.0,EUR
2023-09-22,INST010,210.3837,216.1268,209.6732,210.574,3502724.0,EUR
2023-09-25,INST010,212.0914,218.0553,206.0451,211.8984,238942.0,EUR
2023-09-26,INST010,210.3878,210.9754,209.0513,209.9586,3945455.0,EUR
2023-09-27,INST010,206.104,211.2074,200.7346,205.0842,4299112.0,EUR
2023-09-28,INST010,199.043,202.8994,200.8505,201.0464,4497583.0,EUR
2023-09-29,INST010,196.5851,197.0089,193.0097,196.8089,4656487.0,EUR
2023-10-02,INST010,194.6132,195.4803,191.1366,194.7562,989362.0,EUR
2023-10-03,INST010,201.255,202.1021,197.5474,199.3724,1905664.0,EUR
2023-10-04,INST010,195.8252,195.2895,190.3215,194.3893,2692542.0,EUR
2023-10-05,INST010,197.6814,201.0558,196.6645,199.11,623668.0,EUR
2023-10-06,INST010,202.2209,208.5468,197.6345,203.6199,429366.0,EUR
2023-10-09,INST010,205.8243,206.9088,203.129,206.8557,2370377.0,EUR
2023-10-10,INST010,205.1943,212.1198,205.505,205.9689,4262379.0,EUR
2023-10-11,INST010,208.3709,214.3748,208.9563,209.4209,3609761.0,EUR
2023-10-12,INST010,212.3661,215.6689,210.8398,211.2285,239395.0,EUR
2023-10-13,INST010,207.4006,213.9669,203.7115,207.8369,673529.0,EUR
2023-10-16,INST010,208.9888,210.8291,206.0004,207.6701,1689710.0,EUR
2023-10-17,INST010,201.0378,206.2577,201.6113,202.7677,1182294.0,EUR
2023-10-18,INST010,202.4044,205.5791,198.9957,200.8196,4241124.0,EUR
2023-10-19,INST010,199.2553,205.0063,200.1549,201.0409,518126.0,EUR
2023-10-20,INST010,203.1751,207.1171,201.8974,204.8061,2330361.0,EUR
2023-10-23,INST010,209.2637,213.854,206.6747,208.1371,4975701.0,EUR
2023-10-24,INST010,207.4224,210.7199,203.7367,206.8836,2200621.0,EUR
2023-10-25,INST010,208.2387,211.3303,200.3753,206.4554,2506048.0,EUR
2023-10-26,INST010,210.8127,214.4798,209.6615,210.1449,1192052.0,EUR
2023-10-27,INST010,209.7039,208.5834,204.0447,207.8297,3119466.0,EUR
2023-10-30,INST010,213.5689,216.5392,208.289,212.0387,868755.0,EUR
2023-10-31,INST010,212.1549,218.7156,208.0243,212.8403,355885.0,EUR
2023-11-01,INST010,217.3926,218.8274,210.2002,216.6829,2489886.0,EUR
2023-11-02,INST010,216.3734,221.8397,209.8368,215.4156,1536140.0,EUR
2023-11-03,INST010,219.8314,220.8117,215.966,219.1904,1938117.0,EUR
2023-11-06,INST010,221.231,224.2084,216.435,221.7901,2546947.0,EUR
2023-11-07,INST010,218.5676,217.624,217.0327,217.1333,950118.0,EUR
2023-11-08,INST010,212.3408,215.6331,209.0557,212.2323,710200.0,EUR
2023-11-09,INST010,206.6575,213.0701,202.3229,208.3205,3774145.0,EUR
2023-11-10,INST010,205.1795,210.821,202.5552,206.4389,3535400.0,EUR
2023-11-13,INST010,205.2929,210.5713,201.0602,206.5936,4142018.0,EUR
2023-11-14,INST010,203.0654,208.127,200.2854,204.3695,4420757.0,EUR
2023-11-15,INST010,200.4822,207.5211,197.8749,201.9053,1600004.0,EUR
2023-11-16,INST010,203.0503,206.0776,197.7242,201.9013,289532.0,EUR
2023-11-17,INST010,200.1859,204.0405,196.3123,201.1045,1680722.0,EUR
2023-11-20,INST010,200.9872,207.3573,198.8888,201.6358,3454870.0,EUR
2023-11-21,INST010,201.4671,204.9118,196.1138,200.5893,4920230.0,EUR
2023-11-22,INST010,199.0825,200.4609,194.8282,199.4477,4622172.0,EUR
2023-11-23,INST010,201.35,203.3848,197.6361,202.3166,3987483.0,EUR
2023-11-24,INST010,196.6086,202.2659,195.1709,198.4086,865289.0,EUR
2023-11-27,INST010,197.7026,200.0544,197.6952,199.0461,2300025.0,EUR
2023-11-28,INST010,202.0739,204.1989,201.8697,203.0947,555785.0,EUR
2023-11-29,INST010,199.9321,199.7094,195.8064,198.782,1111508.0,EUR
2023-11-30,INST010,197.0309,200.5174,197.0972,198.9699,2145319.0,EUR
2023-12-01,INST010,197.2379,201.341,195.4263,198.6258,722720.0,EUR
2023-12-04,INST010,194.4004,196.2611,194.2327,195.2234,1943540.0,EUR
2023-12-05,INST010,197.0286,200.2735,193.5029,195.0899,4658361.0,EUR
2023-12-06,INST010,200.1761,203.4671,198.5852,199.6889,1432345.0,EUR
2023-12-07,INST010,203.7604,204.9287,200.6057,204.3007,3548826.0,EUR
2023-12-08,INST010,202.058,204.7182,200.5216,201.3845,1397968.0,EUR
2023-12-11,INST010,204.9034,208.2636,203.6945,205.5088,3155926.0,EUR
2023-12-12,INST010,198.7517,203.746,197.3241,200.4364,1104426.0,EUR
2023-12-13,INST010,197.3577,201.0443,193.4422,197.6305,4614298.0,EUR
2023-12-14,INST010,196.7398,199.7844,195.5849,198.4681,4931749.0,EUR
2023-12-15,INST010,198.5175,202.4942,196.469,200.113,1557353.0,EUR
2023-12-18,INST010,201.3644,204.8799,194.942,200.2184,314579.0,EUR
2023-12-19,INST010,199.5994,198.9172,193.377,198.2122,4200886.0,EUR
2023-12-20,INST010,195.4132,202.9411,194.6414,197.1008,2221651.0,EUR
2023-12-21,INST010,195.279,201.4009,189.8049,195.6308,1427243.0,EUR
2023-12-22,INST010,198.3605,204.2853,195.5213,199.5252,3614428.0,EUR
2023-12-25,INST010,195.7317,198.8215,194.5915,197.1728,4477568.0,EUR
2023-12-26,INST010,192.8736,196.3842,191.7401,192.5516,169884.0,EUR
2023-12-27,INST010,186.976,191.8816,183.239,188.3249,336728.0,EUR
2023-12-28,INST010,185.9961,184.7779,183.6053,184.5591,4887149.0,EUR
2023-12-29,INST010,185.132,188.989,186.2533,186.6592,3382737.0,EUR
2024-01-01,INST010,189.1068,195.6801,190.6544,190.682,3585163.0,EUR
2024-01-02,INST010,196.2854,200.1603,192.6381,194.7962,3165672.0,EUR
2024-01-03,INST010,196.2121,201.618,195.683,197.2793,849704.0,EUR
2024-01-04,INST010,200.2223,200.9074,198.1821,199.9691,2900748.0,EUR
2024-01-05,INST010,200.1644,205.1755,196.1875,201.6188,2465974.0,EUR
2024-01-08,INST010,201.6436,203.7179,198.4462,200.8256,2747226.0,EUR
2024-01-09,INST010,204.083,203.7664,197.7685,202.4723,4036173.0,EUR
2024-01-10,INST010,202.5696,208.1637,202.7981,202.9497,2364704.0,EUR
2024-01-11,INST010,201.2875,207.654,200.5853,202.6394,4492162.0,EUR
2024-01-12,INST010,206.9515,207.749,205.2956,207.4166,4500344.0,EUR
2024-01-15,INST010,206.1463,208.4556,200.5849,204.2961,177826.0,EUR
2024-01-16,INST010,202.2277,206.6901,198.7383,204.1024,4334747.0,EUR
2024-01-17,INST010,197.6864,204.2072,197.0675,199.4921,4100705.0,EUR
2024-01-18,INST010,199.303,199.1215,197.455,198.1588,1077848.0,EUR
2024-01-19,INST010,200.3911,199.5811,194.1382,199.0014,1524806.0,EUR
2024-01-22,INST010,197.4652,199.1744,195.0593,195.8059,2344798.0,EUR
2024-01-23,INST010,198.9466,200.269,197.2123,197.6732,3627361.0,EUR
2024-01-24,INST010,194.6799,196.9455,190.6974,195.2583,3201873.0,EUR
2024-01-25,INST010,192.5657,195.2271,191.5481,193.1107,535976.0,EUR
2024-01-26,INST010,196.5054,197.9011,194.7354,196.4869,1331651.0,EUR
2024-01-29,INST010,192.9553,196.0437,191.2147,194.4034,1675407.0,EUR
2024-01-30,INST010,192.4541,195.8792,186.7219,191.3944,3130491.0,EUR
2024-01-31,INST010,194.5802,196.4866,190.8446,195.9493,2794867.0,EUR
2024-02-01,INST010,199.4095,200.6646,192.5191,198.4095,1087975.0,EUR
2024-02-02,INST010,197.587,202.0492,194.0804,198.7588,3623224.0,EUR
2024-02-05,INST010,197.306,200.6741,198.3837,199.061,1712532.0,EUR
2024-02-06,INST010,199.9147,205.9394,195.8636,200.4388,217953.0,EUR
2024-02-07,INST010,200.6236,202.3434,198.8848,199.5757,3603175.0,EUR
2024-02-08,INST010,205.5957,208.8169,201.4137,204.0698,4946197.0,EUR
2024-02-09,INST010,205.7716,210.227,199.8207,204.454,886171.0,EUR
2024-02-12,INST010,200.5932,200.0323,194.6816,199.7775,3191041.0,EUR
2024-02-13,INST010,202.6636,203.3742,201.1882,202.3754,1207939.0,EUR
2024-02-14,INST010,201.7204,204.0505,197.4938,201.6498,4463751.0,EUR
2024-02-15,INST010,200.9906,201.2047,194.8221,200.7867,1317866.0,EUR
2024-02-16,INST010,204.6053,207.4644,200.1589,203.8447,859765.0,EUR
2024-02-19,INST010,205.1231,208.3501,200.8838,204.8616,4445980.0,EUR
2024-02-20,INST010,202.0498,205.1945,200.7563,203.9541,2962463.0,EUR
2024-02-21,INST010,199.9405,205.3344,200.4326,200.7109,2765559.0,EUR
2024-02-22,INST010,202.6308,209.4768,201.3712,204.4003,4912121.0,EUR
2024-02-23,INST010,201.6435,204.1585,200.1165,201.2919,2532070.0,EUR
2024-02-26,INST010,198.6704,201.8747,198.7886,199.5986,147601.0,EUR
2024-02-27,INST010,202.6824,206.5528,198.7952,203.3617,2049145.0,EUR
2024-02-28,INST010,205.7947,210.3404,206.1468,207.3493,3745673.0,EUR
2024-02-29,INST010,205.9235,209.6749,203.2382,205.1341,1397133.0,EUR
2024-03-01,INST010,207.6405,211.6432,205.6633,209.5857,206983.0,EUR
2024-03-04,INST010,207.6103,210.4153,202.5281,207.7512,4277120.0,EUR
2024-03-05,INST010,210.3173,213.2784,203.5012,208.3692,2220525.0,EUR
2024-03-06,INST010,203.3083,206.8717,198.9644,204.1716,807700.0,EUR
2024-03-07,INST010,201.4503,205.2231,199.7072,199.8017,4476540.0,EUR
2024-03-08,INST010,204.389,208.4736,198.9365,203.1185,4665989.0,EUR
2024-03-11,INST010,205.535,207.0014,203.1531,206.8021,1794715.0,EUR
2024-03-12,INST010,204.716,208.9286,204.1453,204.4231,483324.0,EUR
2024-03-13,INST010,202.6118,206.347,199.1865,202.6042,2137215.0,EUR
2024-03-14,INST010,205.4102,207.3739,203.1075,204.2118,1242316.0,EUR
2024-03-15,INST010,199.8203,204.9745,194.602,199.4428,4388021.0,EUR
2024-03-18,INST010,200.2544,201.2164,193.8837,198.7579,4719304.0,EUR
2024-03-19,INST010,199.8033,204.3389,199.4401,199.5945,1698687.0,EUR
2024-03-20,INST010,200.2016,203.3714,197.7826,198.8749,2815880.0,EUR
2024-03-21,INST010,195.1524,198.4532,190.5097,194.3493,2844807.0,EUR
2024-03-22,INST010,193.1662,194.2612,191.2123,191.7131,2476421.0,EUR
2024-03-25,INST010,190.3253,194.5104,186.3637,189.3955,3215370.0,EUR
2024-03-26,INST010,186.7526,189.6072,181.4699,185.8309,2129381.0,EUR
2024-03-27,INST010,187.8204,189.9076,181.7796,187.3051,3682122.0,EUR
2024-03-28,INST010,184.2778,187.625,182.6496,186.1373,4240063.0,EUR
2024-03-29,INST010,185.402,186.1115,180.2132,185.6986,4903427.0,EUR
2024-04-01,INST010,180.2138,183.6743,178.8945,181.8259,1432841.0,EUR
2024-04-02,INST010,178.7258,183.4222,178.2927,180.2224,2561586.0,EUR
2024-04-03,INST010,181.623,182.9389,175.3304,179.9061,1470713.0,EUR
2024-04-04,INST010,183.8078,183.9108,180.6102,182.5533,4213705.0,EUR
2024-04-05,INST010,186.2103,189.8249,184.949,185.9038,3940366.0,EUR
2024-04-08,INST010,183.8185,184.5534,181.9851,183.8772,1319631.0,EUR
2024-04-09,INST010,187.8362,190.5071,183.3411,186.4467,2312310.0,EUR
2024-04-10,INST010,188.0983,193.9606,186.0272,189.7147,871698.0,EUR
2024-04-11,INST010,188.1838,188.1422,183.7049,186.9714,295228.0,EUR
2024-04-12,INST010,188.9613,188.4648,182.2604,187.2847,3283884.0,EUR
2024-04-15,INST010,193.3137,196.006,189.9706,191.6129,284690.0,EUR
2024-04-16,INST010,195.5573,197.4608,193.1207,194.6589,320452.0,EUR
2024-04-17,INST010,193.1901,195.9377,194.4855,195.1017,955516.0,EUR
2024-04-18,INST010,191.696,195.9889,191.1176,191.5697,4373187.0,EUR
2024-04-19,INST010,191.0243,193.3705,186.2497,190.0213,1281192.0,EUR
2024-04-22,INST010,187.1882,187.9688,181.1934,186.184,2180875.0,EUR
2024-04-23,INST010,188.0178,189.1454,185.8354,187.3333,4071504.0,EUR
2024-04-24,INST010,186.0646,192.3653,186.0799,187.1465,924873.0,EUR
2024-04-25,INST010,181.9675,185.6272,179.725,182.6116,1906422.0,EUR
2024-04-26,INST010,184.6027,190.6655,181.362,186.3527,3190923.0,EUR
2024-04-29,INST010,187.5332,186.9037,182.5543,186.3652,3426249.0,EUR
2024-04-30,INST010,185.2739,188.1939,183.2105,185.9797,4194184.0,EUR
2024-05-01,INST010,189.7275,192.4263,183.8805,188.0665,3500950.0,EUR
2024-05-02,INST010,192.9365,194.4283,189.1746,191.4989,2568600.0,EUR
2024-05-03,INST010,196.8201,200.6668,195.4258,195.8429,4786001.0,EUR
2024-05-06,INST010,191.1316,192.877,190.206,191.0323,3031568.0,EUR
2024-05-07,INST010,190.5898,195.5601,187.2543,189.9521,3827984.0,EUR
2024-05-08,INST010,193.8373,195.7669,193.19,193.7985,3745913.0,EUR
2024-05-09,INST010,196.3976,197.9475,194.7258,197.1977,1877482.0,EUR
2024-05-10,INST010,202.5488,205.2437,197.083,201.4678,3376010.0,EUR
2024-05-13,INST010,202.5241,204.6187,198.6289,203.6021,2450125.0,EUR
2024-05-14,INST010,200.7612,203.8462,197.974,200.8888,3182610.0,EUR
2024-05-15,INST010,202.3084,207.5243,199.25,203.2823,1779058.0,EUR
2024-05-16,INST010,203.3651,209.6879,200.9382,204.3961,2098156.0,EUR
2024-05-17,INST010,201.2577,201.8141,200.7658,201.2018,787579.0,EUR
2024-05-20,INST010,198.2266,200.5823,192.6474,198.0212,781233.0,EUR
2024-05-21,INST010,191.3855,195.6341,190.029,193.1116,1419924.0,EUR
2024-05-22,INST010,191.8598,196.004,189.8473,191.9993,1021730.0,EUR
2024-05-23,INST010,190.6691,192.6377,187.5709,191.4614,2441823.0,EUR
2024-05-24,INST010,192.9402,198.0664,192.8736,194.2608,2220391.0,EUR
2024-05-27,INST010,188.127,190.3653,188.4696,189.977,4374109.0,EUR
2024-05-28,INST010,191.2703,192.6355,185.1824,190.4064,2391655.0,EUR
2024-05-29,INST010,189.6945,192.207,186.8723,188.1871,179648.0,EUR
2024-05-30,INST010,193.6427,193.5187,191.6081,192.7586,3208158.0,EUR
2024-05-31,INST010,191.7618,195.4307,187.1959,192.4741,1410013.0,EUR
2024-06-03,INST010,187.1791,194.3724,187.2973,188.9763,439082.0,EUR
2024-06-04,INST010,182.7472,186.3398,180.395,184.533,1210106.0,EUR
2024-06-05,INST010,183.3425,188.9448,183.0962,183.9404,4259751.0,EUR
2024-06-06,INST010,179.5358,182.9419,181.1785,181.3003,3278508.0,EUR
2024-06-07,INST010,177.7337,183.5647,175.8528,179.1332,653510.0,EUR
2024-06-10,INST010,178.8505,184.2149,180.2755,180.5322,3317719.0,EUR
2024-06-11,INST010,182.6063,186.5903,178.798,181.3738,1767652.0,EUR
2024-06-12,INST010,177.2296,178.4163,174.799,177.4863,100986.0,EUR
2024-06-13,INST010,176.3452,176.261,170.8639,174.9246,2238141.0,EUR
2024-06-14,INST010,169.9371,174.7534,167.0533,171.3612,1488038.0,EUR
2024-06-17,INST010,168.9038,169.6698,166.5817,169.2262,3120697.0,EUR
2024-06-18,INST010,167.9511,170.8259,168.0111,169.4705,2000541.0,EUR
2024-06-19,INST010,166.5184,167.5551,165.3086,165.6518,784168.0,EUR
2024-06-20,INST010,165.6007,169.6922,162.0322,164.972,4243233.0,EUR
2024-06-21,INST010,168.2383,173.5835,165.5844,168.7971,622627.0,EUR
2024-06-24,INST010,168.8743,171.9278,164.5741,168.6313,2306309.0,EUR
2024-06-25,INST010,166.5319,169.3167,167.7171,167.9826,760513.0,EUR
2024-06-26,INST010,168.549,168.9362,165.4571,167.6608,1599433.0,EUR
2024-06-27,INST010,171.0277,173.4609,168.4714,171.7044,1431767.0,EUR
2024-06-28,INST010,170.1099,171.1004,169.3282,171.0827,2353817.0,EUR
2024-07-01,INST010,175.2015,174.6939,172.0391,173.9875,1624353.0,EUR
2024-07-02,INST010,172.2542,175.9084,168.8208,172.2072,3732048.0,EUR
2024-07-03,INST010,171.0237,170.342,167.6748,169.9519,2710309.0,EUR
2024-07-04,INST010,170.1455,172.0169,166.5713,169.6672,1794734.0,EUR
2024-07-05,INST010,169.7917,172.6278,167.1438,169.481,4976423.0,EUR
2024-07-08,INST010,172.3988,173.8544,166.2006,171.0189,1740991.0,EUR
2024-07-09,INST010,169.071,171.1778,168.4159,168.486,2868039.0,EUR
2024-07-10,INST010,166.2551,168.512,165.2776,167.7548,2185802.0,EUR
2024-07-11,INST010,166.1262,167.0599,165.2638,166.0135,1411536.0,EUR
2024-07-12,INST010,166.1412,168.3568,162.1171,164.7823,2084241.0,EUR
2024-07-15,INST010,166.5593,165.812,161.6899,165.5077,1677275.0,EUR
2024-07-16,INST010,167.8543,171.283,165.3622,168.0312,2937292.0,EUR
2024-07-17,INST010,167.1283,173.1176,164.7061,168.6706,1000857.0,EUR
2024-07-18,INST010,165.4896,170.8987,165.7811,166.5863,1348121.0,EUR
2024-07-19,INST010,161.4674,163.8036,158.243,162.7238,599239.0,EUR
2024-07-22,INST010,166.5062,166.0567,161.723,165.0401,434744.0,EUR
2024-07-23,INST010,165.569,168.776,164.1339,166.7134,3874534.0,EUR
2024-07-24,INST010,168.8261,170.0685,166.9813,169.5011,1788830.0,EUR
2024-07-25,INST010,167.8781,169.0743,167.1257,167.9766,3448666.0,EUR
2024-07-26,INST010,166.7681,172.752,165.3844,168.1879,1020555.0,EUR
2024-07-29,INST010,163.8152,168.4347,161.6549,165.4523,2120264.0,EUR
2024-07-30,INST010,167.1915,169.2376,164.8272,168.1457,151376.0,EUR
2024-07-31,INST010,173.4814,174.6448,170.875,171.781,4979429.0,EUR
2024-08-01,INST010,172.1548,177.6068,168.1404,173.2608,1925285.0,EUR
2024-08-02,INST010,178.3344,178.5418,175.9499,176.8935,1386804.0,EUR
2024-08-05,INST010,174.3569,174.5667,169.5108,172.7589,2777438.0,EUR
2024-08-06,INST010,169.3306,173.7707,169.5419,169.6479,3675625.0,EUR
2024-08-07,INST010,174.6845,173.3227,172.1252,173.0662,3100495.0,EUR
2024-08-08,INST010,174.6453,179.4642,169.5469,174.6728,4903645.0,EUR
2024-08-09,INST010,175.1591,176.7849,173.6778,175.2463,1535890.0,EUR
2024-08-12,INST010,171.6538,176.2785,167.2662,171.7736,653297.0,EUR
2024-08-13,INST010,169.7032,172.258,168.3298,170.6518,4717734.0,EUR
2024-08-14,INST010,171.0038,174.484,168.5997,170.0722,1342098.0,EUR
2024-08-15,INST010,170.9511,172.007,165.4755,169.4894,4389831.0,EUR
2024-08-16,INST010,169.075,173.8494,166.9895,169.6671,1961964.0,EUR
2024-08-19,INST010,170.2496,171.4131,169.0496,169.1251,3930565.0,EUR
2024-08-20,INST010,171.712,175.2012,171.805,172.0406,875482.0,EUR
2024-08-21,INST010,173.1336,174.4438,171.2256,173.2606,933721.0,EUR
2024-08-22,INST010,172.5202,173.7763,168.584,172.6737,2250528.0,EUR
2024-08-23,INST010,168.8766,170.5643,166.8409,169.9855,1522596.0,EUR
2024-08-26,INST010,169.709,172.7566,167.72,169.4327,3888681.0,EUR
2024-08-27,INST010,168.6989,173.6222,169.074,170.2554,2049524.0,EUR
2024-08-28,INST010,174.5239,177.6726,172.7652,172.9111,4548491.0,EUR
2024-08-29,INST010,174.9605,178.0681,173.7554,176.7181,724065.0,EUR
2024-08-30,INST010,178.9897,184.0199,175.9628,180.5653,488924.0,EUR
2024-09-02,INST010,181.8892,187.4555,181.3724,183.6493,623561.0,EUR
2024-09-03,INST010,182.4254,185.3204,180.5089,183.7588,693212.0,EUR
2024-09-04,INST010,181.2665,181.3217,179.2118,180.1061,3303682.0,EUR
2024-09-05,INST010,185.4908,186.2375,180.8447,184.523,2353319.0,EUR
2024-09-06,INST010,185.0797,188.02,183.2362,186.2536,1904143.0,EUR
2024-09-09,INST010,190.7785,195.9112,187.2254,190.6975,2519878.0,EUR
2024-09-10,INST010,190.0983,191.7719,188.7194,188.9816,2873239.0,EUR
2024-09-11,INST010,184.7972,185.3435,180.0834,184.5021,4953392.0,EUR
2024-09-12,INST010,188.1249,190.6058,186.7086,187.242,1225795.0,EUR
2024-09-13,INST010,190.8087,190.7621,188.2195,189.6137,862375.0,EUR
2024-09-16,INST010,186.4661,188.6292,181.8656,185.7466,3783244.0,EUR
2024-09-17,INST010,188.9202,189.6813,185.5385,187.8614,210521.0,EUR
2024-09-18,INST010,185.814,185.4614,181.6081,184.8221,612994.0,EUR
2024-09-19,INST010,186.91,193.3457,187.5056,187.7677,4992414.0,EUR
2024-09-20,INST010,191.7129,193.3898,187.718,190.5714,3676390.0,EUR
2024-09-23,INST010,186.8509,192.1503,184.8487,187.8792,2850906.0,EUR
2024-09-24,INST010,184.0566,185.8046,182.1613,185.5741,3966944.0,EUR
2024-09-25,INST010,188.9836,190.3424,184.9872,189.1663,599584.0,EUR
2024-09-26,INST010,191.9083,195.64,192.0657,193.8027,527275.0,EUR
2024-09-27,INST010,199.3422,202.0049,194.3845,197.6022,4695137.0,EUR
2024-09-30,INST010,199.7714,204.0627,198.5518,199.5565,2388251.0,EUR
2024-10-01,INST010,202.5301,204.5072,197.5071,203.1418,748629.0,EUR
2024-10-02,INST010,201.8157,206.5511,196.8897,202.5881,3692647.0,EUR
2024-10-03,INST010,201.2942,203.2106,201.3255,201.9376,3958941.0,EUR
2024-10-04,INST010,203.8184,207.5769,199.8674,204.8185,255253.0,EUR
2024-10-07,INST010,204.6908,207.6569,203.9355,204.4239,3680336.0,EUR
2024-10-08,INST010,209.1223,209.6848,205.3064,209.2013,3446868.0,EUR
2024-10-09,INST010,202.4852,206.8849,199.9701,204.0631,4204363.0,EUR
2024-10-10,INST010,202.5039,202.5694,198.7391,202.1217,311062.0,EUR
2024-10-11,INST010,196.6664,200.7415,194.4595,197.2217,4918965.0,EUR
2024-10-14,INST010,202.5208,205.6699,199.548,200.6278,3520009.0,EUR
2024-10-15,INST010,203.5752,204.3525,197.2589,203.312,2625534.0,EUR
2024-10-16,INST010,206.4779,208.4325,204.4707,207.7696,2194738.0,EUR
2024-10-17,INST010,210.1186,217.2058,210.8113,210.8831,4937925.0,EUR
2024-10-18,INST010,208.1133,209.6084,204.022,207.5583,4690470.0,EUR
2024-10-21,INST010,203.9162,206.0314,204.1899,204.6564,117914.0,EUR
2024-10-22,INST010,206.4532,205.5094,203.6761,205.1313,1212814.0,EUR
2024-10-23,INST010,204.5148,209.3539,199.4638,204.8895,4885582.0,EUR
2024-10-24,INST010,203.1713,206.5087,202.1077,203.2441,4214678.0,EUR
2024-10-25,INST010,201.3457,204.1799,196.7806,202.257,2094491.0,EUR
2024-10-28,INST010,205.031,207.4707,199.7497,205.7943,276502.0,EUR
2024-10-29,INST010,207.3925,207.4795,202.5425,205.8422,3624273.0,EUR
2024-10-30,INST010,204.8102,208.7805,201.4463,203.9137,2373616.0,EUR
2024-10-31,INST010,209.2086,208.4164,206.4803,207.5616,3538658.0,EUR
2024-11-01,INST010,202.9682,203.7101,201.0275,203.6198,1609653.0,EUR
2024-11-04,INST010,204.4193,210.4838,204.0162,205.0308,2516131.0,EUR
2024-11-05,INST010,208.8913,209.0496,203.8959,208.9311,3180093.0,EUR
2024-11-06,INST010,214.2185,217.6271,211.0463,212.6614,1666451.0,EUR
2024-11-07,INST010,209.1424,212.6039,206.9604,208.9428,4448236.0,EUR
2024-11-08,INST010,210.9808,214.2116,208.5408,208.9174,962889.0,EUR
2024-11-11,INST010,204.7472,207.4211,203.1723,205.7873,1813812.0,EUR
2024-11-12,INST010,208.5117,213.0481,207.1793,208.2712,4375938.0,EUR
2024-11-13,INST010,209.6878,217.9691,211.6228,211.7164,1849448.0,EUR
2024-11-14,INST010,214.546,215.8141,215.1434,215.7853,928335.0,EUR
2024-11-15,INST010,209.4403,215.7243,206.8793,211.3447,100255.0,EUR
2024-11-18,INST010,214.3702,218.832,212.5692,215.6136,3488615.0,EUR
2024-11-19,INST010,211.9831,219.4984,212.0692,214.0258,4928868.0,EUR
2024-11-20,INST010,211.945,214.6214,210.2121,211.1941,4924987.0,EUR
2024-11-21,INST010,212.8634,215.1638,206.4118,211.2307,4849327.0,EUR
2024-11-22,INST010,215.2301,219.7205,213.058,214.3127,437034.0,EUR
2024-11-25,INST010,211.7028,215.5925,212.6045,212.9513,271125.0,EUR
2024-11-26,INST010,211.1303,210.2461,204.5281,209.067,3590313.0,EUR
2024-11-27,INST010,211.9686,216.5586,208.1349,211.1299,763498.0,EUR
2024-11-28,INST010,213.2222,214.6126,206.6635,211.302,1710191.0,EUR
2024-11-29,INST010,217.0078,220.0236,212.5506,215.4714,4758623.0,EUR
2024-12-02,INST010,211.471,218.0587,207.7517,213.5445,815123.0,EUR
2024-12-03,INST010,209.9727,213.3707,207.2702,209.7417,1183880.0,EUR
2024-12-04,INST010,208.953,214.8766,205.7583,210.1628,679019.0,EUR
2024-12-05,INST010,210.6479,212.3817,207.0749,209.0324,2608206.0,EUR
2024-12-06,INST010,210.7297,216.0146,205.6422,209.9734,2239606.0,EUR
2024-12-09,INST010,211.4802,210.343,203.8876,209.5207,4406038.0,EUR
2024-12-10,INST010,207.1,210.422,203.5925,205.9578,996746.0,EUR
2024-12-11,INST010,209.2584,210.7684,208.0315,209.1481,4366022.0,EUR
2024-12-12,INST010,204.5021,207.2395,203.7275,206.1294,1383153.0,EUR
2024-12-13,INST010,202.8638,210.0449,204.1521,204.7895,4517602.0,EUR
2024-12-16,INST010,205.4967,208.3781,200.5566,204.1067,1457974.0,EUR
2024-12-17,INST010,203.0384,207.3481,199.8191,202.3817,3597137.0,EUR
2024-12-18,INST010,198.1665,202.4553,194.8223,198.0028,638442.0,EUR
2024-12-19,INST010,197.259,200.8531,192.7432,197.0285,431991.0,EUR
2024-12-20,INST010,199.1422,205.5376,197.3636,200.8279,4066814.0,EUR
2024-12-23,INST010,203.1554,208.7499,198.0875,203.3076,1998639.0,EUR
2024-12-24,INST010,206.8904,206.659,199.6762,205.4785,780602.0,EUR
2024-12-25,INST010,204.1174,208.2892,200.0897,202.2605,1042193.0,EUR
2024-12-26,INST010,203.0421,205.5909,201.1301,201.8509,1428032.0,EUR
2024-12-27,INST010,201.1151,203.885,197.5199,199.3729,4845123.0,EUR
2024-12-30,INST010,201.2498,206.139,195.0449,200.5227,1945616.0,EUR
2024-12-31,INST010,197.7097,199.0961,191.3237,196.5778,4547954.0,EUR
2022-01-03,INST011,211.8182,211.6239,208.2021,210.7452,4664714.0,EUR
2022-01-04,INST011,212.6926,213.5719,209.1078,212.4248,2907547.0,EUR
2022-01-05,INST011,214.8084,218.3222,211.9865,213.5991,180092.0,EUR
2022-01-06,INST011,219.5663,223.9048,212.763,218.164,611490.0,EUR
2022-01-07,INST011,215.4499,214.8118,208.3853,214.2058,3969669.0,EUR
2022-01-10,INST011,217.2128,216.7545,211.4142,216.4704,1250169.0,EUR
2022-01-11,INST011,215.1154,213.7545,212.7539,213.6564,1253529.0,EUR
2022-01-12,INST011,212.5778,216.7398,213.8631,214.0929,2509912.0,EUR
2022-01-13,INST011,217.5737,221.4375,217.7232,218.7702,3270904.0,EUR
2022-01-14,INST011,219.6104,222.07,220.3534,220.9978,1628651.0,EUR
2022-01-17,INST011,220.7965,223.5401,215.6803,221.6817,1809359.0,EUR
2022-01-18,INST011,218.1339,221.071,216.8055,218.8739,2460542.0,EUR
2022-01-19,INST011,221.3712,226.3355,220.0659,220.7425,261489.0,EUR
2022-01-20,INST011,226.5103,229.3554,219.2671,224.815,2507278.0,EUR
2022-01-21,INST011,224.306,225.7726,222.4203,224.4566,1920930.0,EUR
2022-01-24,INST011,222.3068,220.4587,220.1816,220.4014,1422061.0,EUR
2022-01-25,INST011,224.8806,225.8343,218.7569,224.633,642370.0,EUR
2022-01-26,INST011,218.8872,220.992,219.0913,220.9678,1214406.0,EUR
2022-01-27,INST011,226.1266,224.5409,218.8928,224.4356,2235382.0,EUR
2022-01-28,INST011,229.9033,234.4179,221.5437,228.1229,3039426.0,EUR
2022-01-31,INST011,231.2338,238.7616,225.2755,232.1857,651962.0,EUR
2022-02-01,INST011,235.5636,237.0314,230.0372,234.4211,2388003.0,EUR
2022-02-02,INST011,232.1306,234.0326,229.2287,233.8173,2946620.0,EUR
2022-02-03,INST011,228.8006,232.0473,227.8034,230.773,1131537.0,EUR
2022-02-04,INST011,236.6064,239.8355,233.2458,236.4995,4070268.0,EUR
2022-02-07,INST011,232.368,238.3703,227.5053,233.3444,1223365.0,EUR
2022-02-08,INST011,229.8049,233.4782,224.8922,229.7844,1090854.0,EUR
2022-02-09,INST011,226.3996,230.9058,224.1574,224.8351,1044428.0,EUR
2022-02-10,INST011,230.4279,235.2002,224.4561,228.4228,1387629.0,EUR
2022-02-11,INST011,228.1612,232.1445,224.9106,228.9512,1334599.0,EUR
2022-02-14,INST011,231.1289,235.3578,228.6165,231.37,4067802.0,EUR
2022-02-15,INST011,232.5282,237.0232,224.6076,231.1871,4631046.0,EUR
2022-02-16,INST011,232.7107,235.6762,229.1912,232.4736,1543206.0,EUR
2022-02-17,INST011,227.9459,233.9025,225.9738,229.1107,3461464.0,EUR
2022-02-18,INST011,225.6725,224.5157,222.1811,223.8443,542169.0,EUR
2022-02-21,INST011,221.0654,227.3355,215.8894,221.3049,4527229.0,EUR
2022-02-22,INST011,217.6621,217.846,216.3766,216.7728,2090761.0,EUR
2022-02-23,INST011,219.1904,221.1376,221.0296,221.137,1187486.0,EUR
2022-02-24,INST011,225.493,229.3141,221.5125,225.218,4327270.0,EUR
2022-02-25,INST011,226.3819,232.6572,222.0892,228.0313,658408.0,EUR
2022-02-28,INST011,227.9136,233.5721,221.7606,227.6384,141715.0,EUR
2022-03-01,INST011,222.6909,225.5271,220.712,223.9414,835177.0,EUR
2022-03-02,INST011,219.0627,221.4609,214.6184,220.1742,4724688.0,EUR
2022-03-03,INST011,218.0641,222.3647,215.0855,219.4153,3225519.0,EUR
2022-03-04,INST011,217.1375,220.9956,214.8111,215.5773,2539773.0,EUR
2022-03-07,INST011,220.9293,219.0158,215.1201,218.9526,4767353.0,EUR
2022-03-08,INST011,219.5106,223.6448,213.8094,218.6803,2803510.0,EUR
2022-03-09,INST011,216.8028,223.1704,217.618,217.6528,3173277.0,EUR
2022-03-10,INST011,212.6731,213.9962,210.9678,213.0906,4312142.0,EUR
2022-03-11,INST011,217.165,218.4523,215.103,218.0809,4500558.0,EUR
2022-03-14,INST011,224.1001,227.4072,221.8834,222.8658,196345.0,EUR
2022-03-15,INST011,224.2895,229.2806,222.4572,226.429,3711638.0,EUR
2022-03-16,INST011,226.9834,227.8322,224.8413,226.8461,3287331.0,EUR
2022-03-17,INST011,232.5503,237.8953,232.0144,232.4182,1448118.0,EUR
2022-03-18,INST011,233.4569,238.7726,234.6315,234.6638,3320760.0,EUR
2022-03-21,INST011,236.6279,237.3467,229.8309,235.6502,1256611.0,EUR
2022-03-22,INST011,240.2957,242.0731,233.6508,238.4097,1222137.0,EUR
2022-03-23,INST011,238.4521,240.6393,235.504,240.5193,4751090.0,EUR
2022-03-24,INST011,237.2766,242.9908,235.1714,238.3251,1358491.0,EUR
2022-03-25,INST011,234.3859,235.2146,233.5688,235.1249,270054.0,EUR
2022-03-28,INST011,238.9408,240.5009,235.0875,236.7946,2376889.0,EUR
2022-03-29,INST011,239.6903,245.2644,238.6164,239.3411,4593244.0,EUR
2022-03-30,INST011,231.6388,239.7256,229.3712,233.6989,3518726.0,EUR
2022-03-31,INST011,236.0989,239.2408,231.0555,237.8611,857825.0,EUR
2022-04-01,INST011,236.9424,241.2806,234.8902,237.2755,4633535.0,EUR
2022-04-04,INST011,232.6242,238.8614,228.6186,233.9402,4361447.0,EUR
2022-04-05,INST011,237.6221,243.7832,235.0857,237.3651,2858641.0,EUR
2022-04-06,INST011,233.2784,234.9284,231.7929,232.3291,521946.0,EUR
2022-04-07,INST011,235.0137,239.394,227.7258,234.7619,3100809.0,EUR
2022-04-08,INST011,232.3383,232.6554,226.5014,232.0666,3031093.0,EUR
2022-04-11,INST011,230.6235,231.2407,227.3898,228.4941,3556801.0,EUR
2022-04-12,INST011,225.0089,228.469,221.8124,223.7412,2307583.0,EUR
2022-04-13,INST011,220.9571,223.8019,215.4734,221.366,1024779.0,EUR
2022-04-14,INST011,225.2446,225.3101,219.6541,223.3683,456400.0,EUR
2022-04-15,INST011,216.6491,222.8921,213.7502,217.916,203746.0,EUR
2022-04-18,INST011,223.9445,226.2338,216.0833,222.2135,1334437.0,EUR
2022-04-19,INST011,221.4477,225.7478,214.5935,220.017,4250506.0,EUR
2022-04-20,INST011,218.1315,225.097,214.5183,218.6713,956647.0,EUR
2022-04-21,INST011,219.3699,219.887,219.3184,219.3708,1867670.0,EUR
2022-04-22,INST011,222.3816,227.9709,221.3109,224.5401,1238483.0,EUR
2022-04-25,INST011,223.8345,228.25,220.8702,222.7998,3696883.0,EUR
2022-04-26,INST011,220.4967,226.4824,220.8486,221.5386,2628806.0,EUR
2022-04-27,INST011,218.5923,223.8077,217.1164,220.4431,4901720.0,EUR
2022-04-28,INST011,215.6819,221.4609,214.3036,215.8301,4823448.0,EUR
2022-04-29,INST011,215.3606,220.3863,210.6943,214.9863,3579610.0,EUR
2022-05-02,INST011,218.5855,219.4692,217.0653,217.6658,4487773.0,EUR
2022-05-03,INST011,220.9234,221.3367,218.0074,219.3063,228825.0,EUR
2022-05-04,INST011,222.2868,226.1068,221.0249,224.29,4784734.0,EUR
2022-05-05,INST011,223.4811,230.5806,222.9836,225.562,2376658.0,EUR
2022-05-06,INST011,223.1795,224.4638,214.8019,221.3657,4002906.0,EUR
2022-05-09,INST011,223.2923,228.7726,216.7395,222.4085,1053462.0,EUR
2022-05-10,INST011,228.5836,232.4254,225.4822,226.4595,226879.0,EUR
2022-05-11,INST011,222.5218,225.6023,218.0341,221.0985,196633.0,EUR
2022-05-12,INST011,226.1839,226.2709,222.3937,224.3445,3371368.0,EUR
2022-05-13,INST011,229.198,232.5269,220.634,226.9715,1340971.0,EUR
2022-05-16,INST011,226.6283,230.2047,224.6052,228.6533,4440375.0,EUR
2022-05-17,INST011,232.2264,233.2181,224.8293,230.6975,4334538.0,EUR
2022-05-18,INST011,233.8131,235.4147,228.7714,232.0466,2935252.0,EUR
2022-05-19,INST011,228.6998,236.2418,228.4854,230.4926,856650.0,EUR
2022-05-20,INST011,234.365,241.6565,232.5695,235.2661,1501597.0,EUR
2022-05-23,INST011,237.9859,238.3898,235.1889,235.6393,4556829.0,EUR
2022-05-24,INST011,234.9975,237.3609,233.6601,234.2929,3698618.0,EUR
2022-05-25,INST011,238.2586,243.3634,231.038,237.9656,874753.0,EUR
2022-05-26,INST011,233.9521,237.0901,230.8213,235.7964,559876.0,EUR
2022-05-27,INST011,239.4455,245.6812,234.6494,239.1235,1419062.0,EUR
2022-05-30,INST011,242.5307,247.1671,237.2729,240.715,673114.0,EUR
2022-05-31,INST011,237.7857,237.2996,228.871,235.9148,3589156.0,EUR
2022-06-01,INST011,232.7881,233.241,229.5802,232.3139,2496192.0,EUR
2022-06-02,INST011,233.3676,234.1766,232.4883,234.0005,1512264.0,EUR
2022-06-03,INST011,233.3444,235.6203,229.0537,231.9565,4813697.0,EUR
2022-06-06,INST011,236.2166,238.7942,231.456,237.1853,738844.0,EUR
2022-06-07,INST011,241.7745,241.3272,235.4083,240.9537,4311069.0,EUR
2022-06-08,INST011,236.6438,241.6133,232.4528,235.3442,1067196.0,EUR
2022-06-09,INST011,230.6473,236.6976,227.4889,230.5758,229200.0,EUR
2022-06-10,INST011,233.8704,237.5016,229.4177,235.7165,2737254.0,EUR
2022-06-13,INST011,231.269,233.6633,228.9225,230.0877,2839374.0,EUR
2022-06-14,INST011,230.725,231.8751,227.9387,229.7933,1101132.0,EUR
2022-06-15,INST011,229.2354,235.3137,222.8846,229.321,3076269.0,EUR
2022-06-16,INST011,226.9941,230.814,222.3787,226.0417,2034667.0,EUR
2022-06-17,INST011,223.1838,228.414,222.9987,223.0159,4198012.0,EUR
2022-06-20,INST011,223.8968,224.9606,219.6551,222.7582,586538.0,EUR
2022-06-21,INST011,221.2763,221.9487,217.8572,219.1867,459749.0,EUR
2022-06-22,INST011,217.0751,218.4702,213.8845,216.7824,986628.0,EUR
2022-06-23,INST011,220.1427,224.7505,216.8419,219.9928,2261996.0,EUR
2022-06-24,INST011,218.3526,220.0348,217.5619,219.2332,675756.0,EUR
2022-06-27,INST011,219.0831,218.2108,212.8568,217.5768,399543.0,EUR
2022-06-28,INST011,215.0222,215.8704,210.7911,215.3565,414092.0,EUR
2022-06-29,INST011,216.6256,220.7178,215.6532,218.482,339522.0,EUR
2022-06-30,INST011,212.5825,213.9488,208.6152,213.8937,553694.0,EUR
2022-07-01,INST011,215.9989,218.6451,213.7633,217.5065,3234468.0,EUR
2022-07-04,INST011,214.2872,214.6298,211.8525,214.221,4721112.0,EUR
2022-07-05,INST011,216.3481,218.2684,216.4158,217.4502,1527297.0,EUR
2022-07-06,INST011,221.3996,227.8836,218.1295,222.5429,2633564.0,EUR
2022-07-07,INST011,229.467,228.5696,221.9518,227.6015,3612230.0,EUR
2022-07-08,INST011,224.9263,229.9743,221.4165,225.5506,3634461.0,EUR
2022-07-11,INST011,222.1432,223.6599,219.021,222.4997,4831771.0,EUR
2022-07-12,INST011,223.7312,222.7298,221.7563,222.3257,1779456.0,EUR
2022-07-13,INST011,218.6695,219.0895,217.589,218.3354,1941801.0,EUR
2022-07-14,INST011,212.6045,217.269,211.1139,214.062,3126839.0,EUR
2022-07-15,INST011,212.6029,213.1163,208.1548,212.0985,4002971.0,EUR
2022-07-18,INST011,214.4793,218.7562,212.7202,215.4926,2668549.0,EUR
2022-07-19,INST011,212.2897,216.2543,205.3519,210.7283,3207980.0,EUR
2022-07-20,INST011,216.1854,215.5264,212.2747,214.341,928653.0,EUR
2022-07-21,INST011,211.4258,213.3148,210.2929,212.1748,2448485.0,EUR
2022-07-22,INST011,211.2935,214.3446,206.7496,211.0204,1988136.0,EUR
2022-07-25,INST011,207.0721,209.6297,204.8882,206.3312,4813290.0,EUR
2022-07-26,INST011,201.5405,206.6604,198.7487,202.6211,4148435.0,EUR
2022-07-27,INST011,200.9588,200.7281,196.7296,199.0486,4009087.0,EUR
2022-07-28,INST011,195.831,198.8377,190.6021,195.6319,1390378.0,EUR
2022-07-29,INST011,199.7485,200.6318,199.2907,199.5584,916216.0,EUR
2022-08-01,INST011,198.6969,200.1355,194.0629,199.9927,2119017.0,EUR
2022-08-02,INST011,196.219,202.5919,193.4245,197.8122,4995660.0,EUR
2022-08-03,INST011,193.4296,194.5386,189.7734,193.4679,1475756.0,EUR
2022-08-04,INST011,191.078,193.0304,189.9238,190.9796,2620992.0,EUR
2022-08-05,INST011,188.1803,191.6523,183.773,188.1271,677338.0,EUR
2022-08-08,INST011,186.005,190.5724,183.2801,187.7136,1108583.0,EUR
2022-08-09,INST011,184.4875,185.687,182.1087,184.0522,2732051.0,EUR
2022-08-10,INST011,187.9896,191.3644,186.5512,188.0184,1734107.0,EUR
2022-08-11,INST011,185.7,186.3598,184.7454,184.788,1287359.0,EUR
2022-08-12,INST011,179.5728,181.8971,178.0562,180.7593,3935403.0,EUR
2022-08-15,INST011,178.3878,182.2196,175.4597,180.1053,4195423.0,EUR
2022-08-16,INST011,179.1774,179.8972,178.1946,179.5779,1719402.0,EUR
2022-08-17,INST011,183.6206,185.4588,178.3952,182.4841,4138002.0,EUR
2022-08-18,INST011,182.3404,184.661,179.9157,183.1143,3646584.0,EUR
2022-08-19,INST011,179.9265,184.4841,179.6493,181.0915,3944228.0,EUR
2022-08-22,INST011,181.0118,182.5736,176.9771,179.7918,3954061.0,EUR
2022-08-23,INST011,175.2694,178.4526,172.6688,176.744,671590.0,EUR
2022-08-24,INST011,175.5027,175.9971,171.7069,174.5866,382479.0,EUR
2022-08-25,INST011,172.5422,173.5834,170.0224,171.4021,2354115.0,EUR
2022-08-26,INST011,174.202,176.7575,172.3504,174.8324,3023533.0,EUR
2022-08-29,INST011,175.0647,178.3964,168.4877,173.3797,2206722.0,EUR
2022-08-30,INST011,176.2057,181.9021,175.0834,176.709,2145071.0,EUR
2022-08-31,INST011,178.2157,182.1651,173.1136,177.2442,2408133.0,EUR
2022-09-01,INST011,180.644,181.352,179.1372,180.8198,3703981.0,EUR
2022-09-02,INST011,184.1588,184.5622,178.8454,183.5665,427485.0,EUR
2022-09-05,INST011,186.822,186.3312,181.7123,186.2702,2264013.0,EUR
2022-09-06,INST011,181.3008,186.0054,178.3693,182.8734,4374014.0,EUR
2022-09-07,INST011,180.9078,180.5182,177.2881,179.9312,4979439.0,EUR
2022-09-08,INST011,175.3134,181.3252,174.2322,176.7843,4582801.0,EUR
2022-09-09,INST011,177.0186,178.6693,177.5525,178.4443,1906925.0,EUR
2022-09-12,INST011,182.0484,187.0328,180.986,181.9006,1145911.0,EUR
2022-09-13,INST011,181.2769,181.9551,176.1831,180.857,3147669.0,EUR
2022-09-14,INST011,177.7308,181.1211,172.6632,176.3484,2834999.0,EUR
2022-09-15,INST011,172.8227,174.9342,167.9229,171.9962,3816041.0,EUR
2022-09-16,INST011,171.3639,175.0821,170.7992,171.8895,3007331.0,EUR
2022-09-19,INST011,175.9339,179.7626,170.5498,175.5038,1531405.0,EUR
2022-09-20,INST011,176.8638,179.131,175.933,177.6345,4097618.0,EUR
2022-09-21,INST011,181.0794,185.7247,179.3284,181.0821,4018722.0,EUR
2022-09-22,INST011,176.1607,182.486,174.0744,177.5285,4028787.0,EUR
2022-09-23,INST011,182.4227,182.945,178.7852,181.6532,591976.0,EUR
2022-09-26,INST011,177.0449,181.2006,174.7706,178.2956,1825848.0,EUR
2022-09-27,INST011,176.0611,177.1689,174.1918,176.7701,4120069.0,EUR
2022-09-28,INST011,176.9931,178.2785,172.8354,176.0246,3682114.0,EUR
2022-09-29,INST011,175.4753,176.1709,172.061,175.463,4627881.0,EUR
2022-09-30,INST011,169.8964,175.5099,171.3834,171.3928,2352784.0,EUR
2022-10-03,INST011,170.3578,172.5478,166.6571,170.3115,1830005.0,EUR
2022-10-04,INST011,165.8857,167.3175,164.8047,166.6351,2099242.0,EUR
2022-10-05,INST011,164.3536,165.8489,162.986,163.0177,4398953.0,EUR
2022-10-06,INST011,162.5115,165.6328,161.0792,161.1537,401834.0,EUR
2022-10-07,INST011,158.0824,161.6158,157.5694,159.0516,2735274.0,EUR
2022-10-10,INST011,159.2354,161.2533,158.4141,159.6421,550082.0,EUR
2022-10-11,INST011,162.065,164.4881,159.2965,161.8357,3459225.0,EUR
2022-10-12,INST011,159.8345,162.9736,157.1052,159.9129,1189746.0,EUR
2022-10-13,INST011,160.0693,162.4388,157.5354,158.6786,4820227.0,EUR
2022-10-14,INST011,153.934,155.8596,155.0379,155.2503,3021614.0,EUR
2022-10-17,INST011,155.3152,159.8713,153.4739,155.7592,1029366.0,EUR
2022-10-18,INST011,153.416,155.1141,150.9938,154.199,520907.0,EUR
2022-10-19,INST011,157.308,160.0322,157.2076,157.8592,2205914.0,EUR
2022-10-20,INST011,157.7232,157.3481,152.2323,156.1997,3441796.0,EUR
2022-10-21,INST011,158.2068,159.0514,155.4003,158.1653,3632891.0,EUR
2022-10-24,INST011,159.8158,161.3418,155.2918,160.093,4595922.0,EUR
2022-10-25,INST011,160.4043,161.9418,159.1802,161.1956,1331237.0,EUR
2022-10-26,INST011,157.4076,158.5475,157.7251,158.2473,297724.0,EUR
2022-10-27,INST011,158.8785,161.1926,158.0036,158.3662,4531490.0,EUR
2022-10-28,INST011,160.4445,160.9992,155.2607,159.3621,160199.0,EUR
2022-10-31,INST011,158.6863,162.3354,157.6397,159.3846,4568300.0,EUR
2022-11-01,INST011,158.8505,162.1099,154.6622,157.7971,1649400.0,EUR
2022-11-02,INST011,155.7557,157.395,156.3248,156.8834,273233.0,EUR
2022-11-03,INST011,154.8514,154.3003,149.7564,153.7579,3310279.0,EUR
2022-11-04,INST011,157.4494,158.5059,152.9672,156.6222,2669043.0,EUR
2022-11-07,INST011,157.8202,161.2613,156.3326,157.0161,4819497.0,EUR
2022-11-08,INST011,154.7648,155.8425,151.1847,155.6942,4970252.0,EUR
2022-11-09,INST011,151.3767,152.1907,151.8595,151.9382,4461091.0,EUR
2022-11-10,INST011,155.173,157.9661,153.5805,155.0144,893862.0,EUR
2022-11-11,INST011,151.645,155.7336,149.4812,153.1753,1507270.0,EUR
2022-11-14,INST011,152.9035,155.9238,151.7327,151.7552,2529844.0,EUR
2022-11-15,INST011,150.2255,152.3108,147.4135,149.2744,279065.0,EUR
2022-11-16,INST011,150.9665,152.2049,150.1342,150.5784,2647124.0,EUR
2022-11-17,INST011,148.9117,148.7064,146.6249,147.5384,507407.0,EUR
2022-11-18,INST011,148.6327,150.2593,147.6985,148.4303,1056370.0,EUR
2022-11-21,INST011,150.5517,153.121,146.8815,149.1841,1128730.0,EUR
2022-11-22,INST011,150.8403,151.669,148.3246,150.6101,3847900.0,EUR
2022-11-23,INST011,150.3183,153.0788,150.1267,151.3589,2935325.0,EUR
2022-11-24,INST011,153.4969,156.5759,152.595,155.0321,435711.0,EUR
2022-11-25,INST011,153.4736,156.8532,152.3893,152.8132,944215.0,EUR
2022-11-28,INST011,156.5342,157.9516,152.2249,156.0936,3292357.0,EUR
2022-11-29,INST011,153.1979,155.2177,150.6916,154.4874,4198782.0,EUR
2022-11-30,INST011,157.7457,158.8599,153.6734,156.2548,353777.0,EUR
2022-12-01,INST011,160.6572,164.1213,155.1164,159.4945,4878578.0,EUR
2022-12-02,INST011,164.6093,167.5011,158.4571,163.314,1584413.0,EUR
2022-12-05,INST011,161.6119,167.0092,159.0443,162.3062,446468.0,EUR
2022-12-06,INST011,166.4939,169.9659,164.0119,166.2585,3370898.0,EUR
2022-12-07,INST011,166.4525,172.6162,165.2269,167.653,1831427.0,EUR
2022-12-08,INST011,168.8623,171.1196,166.0692,168.26,845482.0,EUR
2022-12-09,INST011,163.7402,168.5396,162.2651,164.9002,3362037.0,EUR
2022-12-12,INST011,164.6071,169.7605,164.6632,166.2069,1458058.0,EUR
2022-12-13,INST011,161.7065,165.7478,161.9994,162.581,4881092.0,EUR
2022-12-14,INST011,158.8259,161.2897,159.0023,160.1284,3087272.0,EUR
2022-12-15,INST011,163.07,166.8326,162.2346,162.8092,3572786.0,EUR
2022-12-16,INST011,162.9373,164.9979,159.5655,162.4519,4517380.0,EUR
2022-12-19,INST011,157.628,162.6998,158.8022,158.823,4730918.0,EUR
2022-12-20,INST011,156.862,159.5258,158.1886,158.2464,2677706.0,EUR
2022-12-21,INST011,159.4056,160.7691,154.6571,158.7568,1062724.0,EUR
2022-12-22,INST011,155.769,159.6669,151.8877,155.9978,2375015.0,EUR
2022-12-23,INST011,156.9302,158.1965,153.9496,156.5612,3008240.0,EUR
2022-12-26,INST011,152.665,157.8933,150.4715,153.8004,1436174.0,EUR
2022-12-27,INST011,149.0921,153.1347,148.6313,150.5578,1553510.0,EUR
2022-12-28,INST011,151.1083,150.4528,147.6343,149.8653,327267.0,EUR
2022-12-29,INST011,147.9156,150.2743,143.4615,146.5955,1759102.0,EUR
2022-12-30,INST011,145.4753,149.783,141.1317,145.424,2423303.0,EUR
2023-01-02,INST011,144.6039,147.3865,141.4594,143.7729,4162214.0,EUR
2023-01-03,INST011,143.1862,145.777,142.2377,143.5788,1647588.0,EUR
2023-01-04,INST011,141.5723,142.6205,138.4642,141.9888,2630297.0,EUR
2023-01-05,INST011,138.8619,143.19,139.8115,139.943,692992.0,EUR
2023-01-06,INST011,137.5794,138.9967,133.5909,136.786,2495488.0,EUR
2023-01-09,INST011,139.4365,140.9917,135.6927,138.9316,3993944.0,EUR
2023-01-10,INST011,140.4726,142.2932,138.6343,140.9674,1501813.0,EUR
2023-01-11,INST011,141.7767,144.6958,137.5268,140.9891,810356.0,EUR
2023-01-12,INST011,139.847,139.2906,137.5387,138.9467,2317196.0,EUR
2023-01-13,INST011,138.3574,139.806,137.9155,138.4721,3347781.0,EUR
2023-01-16,INST011,141.4917,142.3182,141.2085,141.4936,211597.0,EUR
2023-01-17,INST011,143.5271,146.6562,141.7073,143.426,2397269.0,EUR
2023-01-18,INST011,142.3962,145.0331,142.73,142.8981,2430898.0,EUR
2023-01-19,INST011,139.994,145.0159,139.4045,141.2443,1847551.0,EUR
2023-01-20,INST011,139.9052,139.9931,138.2199,139.7089,3422499.0,EUR
2023-01-23,INST011,142.7148,142.8898,140.3029,142.424,1372960.0,EUR
2023-01-24,INST011,146.7663,146.8114,143.0242,145.7298,230514.0,EUR
2023-01-25,INST011,146.6053,146.5992,143.0099,146.376,2974202.0,EUR
2023-01-26,INST011,149.1666,151.3565,148.7669,149.8648,3547146.0,EUR
2023-01-27,INST011,154.2927,156.17,152.0803,153.3616,1520556.0,EUR
2023-01-30,INST011,154.2412,155.3721,151.2925,155.3559,2740505.0,EUR
2023-01-31,INST011,154.4962,158.4407,150.0965,154.1437,4163828.0,EUR
2023-02-01,INST011,151.3478,153.3783,147.2966,151.5709,4443658.0,EUR
2023-02-02,INST011,153.6405,155.255,150.4299,152.631,886132.0,EUR
2023-02-03,INST011,152.0171,156.6751,152.2834,152.7598,132524.0,EUR
2023-02-06,INST011,149.9935,154.144,148.462,150.1537,538771.0,EUR
2023-02-07,INST011,147.4902,151.0575,145.9282,148.8916,4886937.0,EUR
2023-02-08,INST011,151.424,153.1002,147.1305,151.0005,4286830.0,EUR
2023-02-09,INST011,149.8032,152.2842,146.8425,151.1384,2089395.0,EUR
2023-02-10,INST011,154.0004,156.1102,153.6258,153.6843,3550918.0,EUR
2023-02-13,INST011,155.264,158.5912,151.9155,155.0521,1310235.0,EUR
2023-02-14,INST011,156.0053,157.8427,153.592,156.3923,3679526.0,EUR
2023-02-15,INST011,158.4395,162.0225,155.8788,157.5056,2324485.0,EUR
2023-02-16,INST011,156.7174,160.606,154.0754,157.8984,2890607.0,EUR
2023-02-17,INST011,154.0941,157.0331,149.9721,154.0095,2152159.0,EUR
2023-02-20,INST011,150.4986,154.9887,150.9299,151.094,4879363.0,EUR
2023-02-21,INST011,148.5223,148.7359,147.489,148.3017,603976.0,EUR
2023-02-22,INST011,148.3651,153.7047,146.3667,149.5551,1910357.0,EUR
2023-02-23,INST011,150.9793,151.5142,150.6079,151.0244,2238076.0,EUR
2023-02-24,INST011,148.9822,151.532,147.1204,149.1259,100793.0,EUR
2023-02-27,INST011,145.1458,146.7701,145.5784,146.5656,2451084.0,EUR
2023-02-28,INST011,149.2613,150.3492,146.5648,148.6711,4860101.0,EUR
2023-03-01,INST011,150.209,153.7405,149.5446,151.2168,2412696.0,EUR
2023-03-02,INST011,151.5349,153.2443,151.6734,152.5288,1289568.0,EUR
2023-03-03,INST011,153.4798,156.4146,151.5434,153.7899,124737.0,EUR
2023-03-06,INST011,158.2395,161.6626,156.0142,157.4931,4185369.0,EUR
2023-03-07,INST011,161.1585,161.1942,160.3232,161.0868,2025549.0,EUR
2023-03-08,INST011,162.4082,163.821,162.5403,162.9202,239977.0,EUR
2023-03-09,INST011,166.0115,170.4646,164.9539,165.9579,2998682.0,EUR
2023-03-10,INST011,166.4584,166.5386,164.0098,165.3259,1892502.0,EUR
2023-03-13,INST011,168.3778,170.2841,164.4154,166.8955,3631519.0,EUR
2023-03-14,INST011,163.8037,166.4159,162.4266,164.4462,1070467.0,EUR
2023-03-15,INST011,161.8336,164.7642,161.2112,162.9151,1138403.0,EUR
2023-03-16,INST011,164.6789,167.0583,162.4124,163.4394,648536.0,EUR
2023-03-17,INST011,165.8676,166.3902,164.5712,165.1491,509907.0,EUR
2023-03-20,INST011,162.4773,164.4463,160.8394,163.336,354995.0,EUR
2023-03-21,INST011,160.5654,164.563,161.0007,161.5699,3804934.0,EUR
2023-03-22,INST011,160.9771,163.4952,160.7784,162.3592,1017283.0,EUR
2023-03-23,INST011,162.3192,165.6925,159.7932,162.2306,2696364.0,EUR
2023-03-24,INST011,165.4764,165.8978,162.2661,165.7642,4820125.0,EUR
2023-03-27,INST011,166.508,169.2734,163.4778,167.9812,2741627.0,EUR
2023-03-28,INST011,169.5093,173.2185,166.4287,170.1697,2298227.0,EUR
2023-03-29,INST011,166.978,167.8948,162.9047,166.3361,2141829.0,EUR
2023-03-30,INST011,164.328,169.1062,164.9662,165.1159,1532143.0,EUR
2023-03-31,INST011,162.6847,165.5347,159.5381,161.7777,1179667.0,EUR
2023-04-03,INST011,160.002,162.8194,159.2426,161.434,4445648.0,EUR
2023-04-04,INST011,164.9157,166.6196,162.074,164.6951,1672576.0,EUR
2023-04-05,INST011,166.3909,170.4188,163.0331,166.9675,152340.0,EUR
2023-04-06,INST011,164.858,165.8574,164.6917,165.6731,4443282.0,EUR
2023-04-07,INST011,167.16,170.235,164.136,165.8668,4587894.0,EUR
2023-04-10,INST011,168.8311,173.6527,166.5783,170.0034,1624980.0,EUR
2023-04-11,INST011,169.3747,172.4459,165.3736,170.3855,4943351.0,EUR
2023-04-12,INST011,173.3782,179.1783,169.8827,174.254,645545.0,EUR
2023-04-13,INST011,174.225,174.1473,170.9889,173.6294,3262682.0,EUR
2023-04-14,INST011,178.3836,178.0709,176.8359,177.6629,424641.0,EUR
2023-04-17,INST011,173.6684,179.9182,172.5989,175.3879,682456.0,EUR
2023-04-18,INST011,174.6564,180.8256,175.1534,176.1518,3590052.0,EUR
2023-04-19,INST011,171.2467,173.3923,169.1243,172.7791,1633592.0,EUR
2023-04-20,INST011,168.3789,170.3177,168.8835,169.7506,3456834.0,EUR
2023-04-21,INST011,166.8651,168.4842,167.1359,167.7068,2846258.0,EUR
2023-04-24,INST011,167.6318,168.8827,165.7573,166.122,3936907.0,EUR
2023-04-25,INST011,168.1675,169.9902,169.5757,169.8135,3963632.0,EUR
2023-04-26,INST011,173.9437,174.7482,169.3718,173.9313,1693101.0,EUR
2023-04-27,INST011,172.5755,178.6058,170.9952,174.0703,4904020.0,EUR
2023-04-28,INST011,177.9804,181.9265,175.7422,177.0134,846084.0,EUR
2023-05-01,INST011,176.6502,180.7704,172.829,177.6136,1360585.0,EUR
2023-05-02,INST011,175.1452,179.921,173.7166,175.4552,4783131.0,EUR
2023-05-03,INST011,173.3267,177.7098,168.7085,172.9884,4574142.0,EUR
2023-05-04,INST011,174.1881,175.9083,171.788,174.0491,1313225.0,EUR
2023-05-05,INST011,170.0589,170.5034,170.0748,170.3263,730106.0,EUR
2023-05-08,INST011,165.7595,170.4043,163.6484,167.4007,2931341.0,EUR
2023-05-09,INST011,164.0073,166.3089,159.8093,163.4049,660637.0,EUR
2023-05-10,INST011,160.9695,161.1549,159.5527,160.4384,4613746.0,EUR
2023-05-11,INST011,157.5725,162.0078,155.7145,158.0467,4643041.0,EUR
2023-05-12,INST011,158.7575,161.0147,159.2936,160.0121,4544162.0,EUR
2023-05-15,INST011,157.5626,160.9119,157.9427,159.1079,373847.0,EUR
2023-05-16,INST011,162.4896,162.662,159.5351,160.9897,3037838.0,EUR
2023-05-17,INST011,156.9419,159.1953,153.5049,157.3176,836975.0,EUR
2023-05-18,INST011,156.0221,161.205,154.7952,157.2604,1289093.0,EUR
2023-05-19,INST011,154.6385,158.2354,152.426,155.7524,1438287.0,EUR
2023-05-22,INST011,155.7705,160.5345,152.2036,156.287,4241703.0,EUR
2023-05-23,INST011,151.7438,154.6774,151.2419,152.5802,4991578.0,EUR
2023-05-24,INST011,151.7548,155.9852,148.7011,151.9879,992054.0,EUR
2023-05-25,INST011,152.7445,157.2057,150.6996,153.3517,1315192.0,EUR
2023-05-26,INST011,151.1224,152.9417,149.4661,151.8613,2087514.0,EUR
2023-05-29,INST011,156.6738,159.4171,152.7581,155.1386,3750058.0,EUR
2023-05-30,INST011,151.6591,153.0134,149.2374,152.3859,4789019.0,EUR
2023-05-31,INST011,153.9849,156.9751,150.9003,152.9903,341821.0,EUR
2023-06-01,INST011,150.5311,153.1312,145.9889,149.6299,1004345.0,EUR
2023-06-02,INST011,151.6878,154.5703,150.7261,151.5796,2793146.0,EUR
2023-06-05,INST011,147.233,148.7,147.9735,148.1177,2005829.0,EUR
2023-06-06,INST011,150.6922,150.344,147.288,149.4104,4146198.0,EUR
2023-06-07,INST011,150.0546,150.911,148.9389,150.3019,4162055.0,EUR
2023-06-08,INST011,154.4238,156.2375,152.0068,153.504,869272.0,EUR
2023-06-09,INST011,153.8427,154.5083,153.3167,153.574,1192865.0,EUR
2023-06-12,INST011,156.6624,159.2439,155.4223,155.5152,3077097.0,EUR
2023-06-13,INST011,151.5758,157.0147,150.6768,152.7519,622471.0,EUR
2023-06-14,INST011,152.2485,154.7324,147.0412,151.3651,1655513.0,EUR
2023-06-15,INST011,153.0934,155.5558,150.7796,152.8756,2635126.0,EUR
2023-06-16,INST011,152.4451,155.4762,150.1627,151.6565,616056.0,EUR
2023-06-19,INST011,153.4852,156.9562,151.8427,152.9178,652230.0,EUR
2023-06-20,INST011,150.8313,153.9274,147.9799,152.0553,1980175.0,EUR
2023-06-21,INST011,150.9914,151.6835,148.7962,149.871,979870.0,EUR
2023-06-22,INST011,151.4131,154.0495,147.7257,151.2763,295221.0,EUR
2023-06-23,INST011,154.8332,156.5043,150.4933,154.405,3582792.0,EUR
2023-06-26,INST011,153.1403,155.5913,152.0968,153.1925,3267019.0,EUR
2023-06-27,INST011,149.3239,153.1472,146.0701,149.8186,380308.0,EUR
2023-06-28,INST011,153.4175,156.7229,150.7964,152.3305,3629196.0,EUR
2023-06-29,INST011,153.0056,152.4258,150.129,151.5422,1636774.0,EUR
2023-06-30,INST011,148.3198,148.5925,146.5418,148.1492,4000299.0,EUR
2023-07-03,INST011,148.9969,148.7498,146.9733,147.9052,3612414.0,EUR
2023-07-04,INST011,145.9594,148.2829,144.7524,145.3496,408266.0,EUR
2023-07-05,INST011,143.758,145.9903,140.0227,143.493,2589781.0,EUR
2023-07-06,INST011,142.7334,145.1298,138.893,142.6268,1101805.0,EUR
2023-07-07,INST011,144.5412,147.8612,141.6971,143.7043,1535196.0,EUR
2023-07-10,INST011,144.1455,146.198,139.7817,144.0878,1422881.0,EUR
2023-07-11,INST011,144.5574,148.2351,143.0469,145.7259,2157704.0,EUR
2023-07-12,INST011,144.4884,145.2412,141.1828,143.5353,699563.0,EUR
2023-07-13,INST011,144.1743,149.563,144.1944,145.2672,4570280.0,EUR
2023-07-14,INST011,146.4934,147.9937,145.2555,146.0738,913976.0,EUR
2023-07-17,INST011,145.3926,149.5002,142.6395,146.7874,4302025.0,EUR
2023-07-18,INST011,142.7711,144.9547,140.4747,143.8953,4890884.0,EUR
2023-07-19,INST011,140.0407,141.9043,137.6984,141.292,2612251.0,EUR
2023-07-20,INST011,139.9404,144.1315,136.4361,140.385,220978.0,EUR
2023-07-21,INST011,138.1708,139.473,135.5867,137.3599,3702206.0,EUR
2023-07-24,INST011,133.9327,135.4643,132.7834,135.0988,2688034.0,EUR
2023-07-25,INST011,135.8093,135.5461,130.8485,134.639,4072273.0,EUR
2023-07-26,INST011,134.2351,136.5301,135.1431,135.2098,3161234.0,EUR
2023-07-27,INST011,137.8633,137.5516,136.2454,136.9308,4422981.0,EUR
2023-07-28,INST011,136.8461,136.8076,134.5656,136.2406,1213261.0,EUR
2023-07-31,INST011,139.5362,142.2857,135.9516,139.1692,3716917.0,EUR
2023-08-01,INST011,142.886,144.4804,141.2975,141.9081,309903.0,EUR
2023-08-02,INST011,138.4069,138.9495,135.5192,138.3948,1244401.0,EUR
2023-08-03,INST011,137.6446,139.4436,134.6779,137.5488,3989082.0,EUR
2023-08-04,INST011,136.8375,136.4284,134.6913,135.5053,2985211.0,EUR
2023-08-07,INST011,134.0396,138.8751,131.5882,135.3031,2423009.0,EUR
2023-08-08,INST011,136.2078,140.0451,134.2719,137.4046,149469.0,EUR
2023-08-09,INST011,137.9049,141.5367,138.7152,138.7852,2740119.0,EUR
2023-08-10,INST011,135.3947,137.9588,133.5832,135.9199,1603250.0,EUR
2023-08-11,INST011,136.278,137.1924,135.5572,136.0556,4727454.0,EUR
2023-08-14,INST011,136.5532,137.8846,133.8248,136.4043,501291.0,EUR
2023-08-15,INST011,135.2246,138.277,132.0713,134.6783,3674554.0,EUR
2023-08-16,INST011,133.4103,137.1876,134.4079,134.5797,1996834.0,EUR
2023-08-17,INST011,134.4887,138.8512,132.5393,135.0257,702191.0,EUR
2023-08-18,INST011,134.5291,134.4775,131.955,133.3115,1873642.0,EUR
2023-08-21,INST011,130.401,133.1233,130.4014,130.5232,2551111.0,EUR
2023-08-22,INST011,131.2017,134.3815,129.0991,131.5369,3658393.0,EUR
2023-08-23,INST011,130.024,131.1264,126.2953,130.0614,3943405.0,EUR
2023-08-24,INST011,132.8663,134.1014,131.1087,132.5392,4694951.0,EUR
2023-08-25,INST011,133.6972,135.0998,133.0013,133.775,1422144.0,EUR
2023-08-28,INST011,130.3964,134.3651,130.6505,130.703,4775139.0,EUR
2023-08-29,INST011,133.8405,137.0875,131.4361,133.3026,4551292.0,EUR
2023-08-30,INST011,132.6644,136.4829,131.3507,133.8755,513291.0,EUR
2023-08-31,INST011,134.3959,136.1391,131.4634,134.0197,3274537.0,EUR
2023-09-01,INST011,137.4045,137.5404,133.7724,136.2293,2227004.0,EUR
2023-09-04,INST011,133.3808,136.3982,132.635,133.4363,4460663.0,EUR
2023-09-05,INST011,134.0693,134.6642,131.7201,134.358,2188782.0,EUR
2023-09-06,INST011,130.8167,134.412,129.2738,131.2228,513505.0,EUR
2023-09-07,INST011,127.959,130.8049,127.8323,129.2427,3014412.0,EUR
2023-09-08,INST011,130.7721,131.4604,128.7697,131.2287,1988971.0,EUR
2023-09-11,INST011,128.9176,130.0684,125.9244,128.5582,4699229.0,EUR
2023-09-12,INST011,128.9223,130.192,127.4031,129.4995,511093.0,EUR
2023-09-13,INST011,126.2787,128.2597,125.7714,126.8282,1420007.0,EUR
2023-09-14,INST011,129.9821,130.119,126.8304,129.6057,4166465.0,EUR
2023-09-15,INST011,128.8487,131.7907,124.7414,128.3997,1422967.0,EUR
2023-09-18,INST011,129.5473,129.166,128.0684,128.5348,3168552.0,EUR
2023-09-19,INST011,129.3722,129.0355,127.0116,128.349,3275003.0,EUR
2023-09-20,INST011,127.2005,128.521,124.6787,127.4785,1212503.0,EUR
2023-09-21,INST011,129.2707,132.6532,129.4814,130.3937,4144875.0,EUR
2023-09-22,INST011,130.6982,133.4826,127.3257,130.7673,4604342.0,EUR
2023-09-25,INST011,128.074,130.3059,126.5034,128.8275,1113441.0,EUR
2023-09-26,INST011,125.6699,128.5058,126.1594,126.8476,4001583.0,EUR
2023-09-27,INST011,129.3991,132.6348,125.654,129.2389,3036932.0,EUR
2023-09-28,INST011,126.1879,129.6098,124.8699,126.6743,1738384.0,EUR
2023-09-29,INST011,127.7144,131.726,127.1927,127.9665,4935598.0,EUR
2023-10-02,INST011,129.6793,131.9199,129.3897,130.425,1924711.0,EUR
2023-10-03,INST011,133.1995,133.1509,128.9231,132.2262,2379009.0,EUR
2023-10-04,INST011,130.1576,132.082,129.0331,129.9352,939097.0,EUR
2023-10-05,INST011,132.4375,132.1782,128.4733,131.7118,1651119.0,EUR
2023-10-06,INST011,129.5908,131.7069,128.5122,129.9961,2490343.0,EUR
2023-10-09,INST011,131.3539,131.2316,128.9426,130.4651,3897787.0,EUR
2023-10-10,INST011,131.9118,133.9973,129.9114,132.853,2743095.0,EUR
2023-10-11,INST011,135.0771,136.785,133.7854,136.1485,4480931.0,EUR
2023-10-12,INST011,136.411,138.1504,135.4576,137.6578,3398180.0,EUR
2023-10-13,INST011,141.3154,144.0812,138.648,140.5721,4204075.0,EUR
2023-10-16,INST011,142.5117,145.6218,139.0341,142.5743,2913310.0,EUR
2023-10-17,INST011,141.9698,142.7706,138.379,142.4656,1640214.0,EUR
2023-10-18,INST011,140.9046,143.0037,138.1316,140.5037,4366416.0,EUR
2023-10-19,INST011,138.9361,140.3461,136.2104,137.9674,2039297.0,EUR
2023-10-20,INST011,138.5484,140.3925,136.3923,137.8594,464287.0,EUR
2023-10-23,INST011,139.5136,141.9282,138.3638,140.2618,701402.0,EUR
2023-10-24,INST011,142.5321,143.8405,141.2764,142.5901,1928367.0,EUR
2023-10-25,INST011,145.3847,146.4492,142.8001,145.6238,2831614.0,EUR
2023-10-26,INST011,148.49,151.8143,147.7268,148.1663,3754275.0,EUR
2023-10-27,INST011,145.7301,148.7407,143.7112,145.3656,3949148.0,EUR
2023-10-30,INST011,147.5898,151.0579,145.5305,148.2413,4506574.0,EUR
2023-10-31,INST011,149.1459,153.1143,148.6835,150.1616,833157.0,EUR
2023-11-01,INST011,150.6325,151.6386,148.4676,150.3797,4645764.0,EUR
2023-11-02,INST011,148.1292,152.1492,144.0885,148.3915,4150758.0,EUR
2023-11-03,INST011,148.7331,152.6159,149.7409,150.0658,1990075.0,EUR
2023-11-06,INST011,154.9793,153.576,151.7925,153.4451,1947663.0,EUR
2023-11-07,INST011,155.3747,159.7618,151.2111,155.283,3265201.0,EUR
2023-11-08,INST011,156.8252,161.0445,155.3288,157.6213,2699713.0,EUR
2023-11-09,INST011,158.3943,161.1761,157.2245,157.2354,4459358.0,EUR
2023-11-10,INST011,156.5933,160.8826,155.4334,157.3221,1932666.0,EUR
2023-11-13,INST011,160.1847,162.8496,158.4593,160.9791,2164461.0,EUR
2023-11-14,INST011,157.6852,159.7456,153.2002,157.0375,3270009.0,EUR
2023-11-15,INST011,153.8273,156.9869,150.7613,154.2855,3582247.0,EUR
2023-11-16,INST011,157.5261,157.6654,152.9149,157.2761,429878.0,EUR
2023-11-17,INST011,158.6968,160.0588,158.0682,158.4054,4775703.0,EUR
2023-11-20,INST011,155.4087,157.6175,152.9632,155.2134,3057453.0,EUR
2023-11-21,INST011,152.955,156.3419,149.7794,152.7957,3438235.0,EUR
2023-11-22,INST011,151.8433,155.0269,149.4973,153.3623,1907045.0,EUR
2023-11-23,INST011,154.7276,155.2879,151.7911,155.1658,4796325.0,EUR
2023-11-24,INST011,153.3444,156.7804,152.1807,153.4855,3214517.0,EUR
2023-11-27,INST011,150.8271,155.4179,150.9062,152.253,2722002.0,EUR
2023-11-28,INST011,153.7849,156.1264,151.3914,154.1092,3525663.0,EUR
2023-11-29,INST011,153.4822,153.5276,150.9097,153.0741,2964270.0,EUR
2023-11-30,INST011,153.0417,153.8996,149.9759,152.8775,592012.0,EUR
2023-12-01,INST011,153.8631,158.0415,149.7399,154.1221,2247095.0,EUR
2023-12-04,INST011,157.6698,159.1817,156.2209,156.4347,3166572.0,EUR
2023-12-05,INST011,152.9752,157.3339,153.0242,154.1898,280773.0,EUR
2023-12-06,INST011,153.0976,153.4615,149.5372,152.8526,209656.0,EUR
2023-12-07,INST011,150.2719,150.8681,145.9726,150.232,1874998.0,EUR
2023-12-08,INST011,151.5242,153.8273,151.3734,152.7448,2119466.0,EUR
2023-12-11,INST011,153.336,154.3944,153.6147,153.8894,1675607.0,EUR
2023-12-12,INST011,151.0869,152.0745,148.3908,151.2004,1968681.0,EUR
2023-12-13,INST011,150.5849,154.5185,149.3773,152.0287,1191246.0,EUR
2023-12-14,INST011,154.9488,156.2787,150.6303,154.6888,3928678.0,EUR
2023-12-15,INST011,151.182,153.571,150.2053,150.8791,4412213.0,EUR
2023-12-18,INST011,147.77,149.9456,146.7209,147.2026,638122.0,EUR
2023-12-19,INST011,150.5492,152.2858,146.5523,150.7199,4956936.0,EUR
2023-12-20,INST011,151.4254,153.9274,149.9316,151.8167,2065574.0,EUR
2023-12-21,INST011,151.6469,151.0663,150.3131,150.8187,181396.0,EUR
2023-12-22,INST011,154.0737,155.9133,151.9095,154.277,2942337.0,EUR
2023-12-25,INST011,152.6746,152.0281,146.7767,151.2381,4638734.0,EUR
2023-12-26,INST011,147.3899,150.6824,146.8782,147.6638,4426443.0,EUR
2023-12-27,INST011,145.1916,148.4393,142.3922,146.1781,1668177.0,EUR
2023-12-28,INST011,143.6478,145.8131,139.9004,143.6393,3062509.0,EUR
2023-12-29,INST011,148.1046,149.0936,146.5403,146.6412,4985442.0,EUR
2024-01-01,INST011,142.4042,147.8395,142.8701,143.5567,4602283.0,EUR
2024-01-02,INST011,141.6463,141.4785,138.2298,141.0826,1600829.0,EUR
2024-01-03,INST011,140.4428,143.8213,137.8647,140.2912,625696.0,EUR
2024-01-04,INST011,139.5485,141.3875,137.8708,139.4972,4250561.0,EUR
2024-01-05,INST011,136.2976,139.4796,134.5597,136.1722,2504378.0,EUR
2024-01-08,INST011,139.0161,141.6998,133.9993,137.9344,4704704.0,EUR
2024-01-09,INST011,133.7746,135.2892,134.8269,134.8356,3201223.0,EUR
2024-01-10,INST011,132.0788,134.4339,130.6422,133.333,4828360.0,EUR
2024-01-11,INST011,135.4436,137.274,132.0631,135.214,402103.0,EUR
2024-01-12,INST011,133.437,135.1089,132.1344,133.2055,256626.0,EUR
2024-01-15,INST011,136.1241,135.1247,132.7964,134.9386,2700381.0,EUR
2024-01-16,INST011,134.3346,136.9254,132.4289,133.7357,2092638.0,EUR
2024-01-17,INST011,130.2632,132.1064,127.3791,130.5288,4893556.0,EUR
2024-01-18,INST011,130.2802,131.7875,128.6756,131.203,318582.0,EUR
2024-01-19,INST011,132.0478,135.8515,132.9831,133.0628,445344.0,EUR
2024-01-22,INST011,132.3122,133.5856,129.9134,133.4697,3655945.0,EUR
2024-01-23,INST011,136.2022,140.1972,135.1008,136.7183,1724731.0,EUR
2024-01-24,INST011,132.2768,133.7712,129.5962,133.3046,4852454.0,EUR
2024-01-25,INST011,136.285,138.9726,135.122,135.7189,2602614.0,EUR
2024-01-26,INST011,133.7561,134.9464,130.8293,133.1211,492062.0,EUR
2024-01-29,INST011,132.3738,132.9363,128.4582,131.8738,4414979.0,EUR
2024-01-30,INST011,132.09,136.5597,132.9421,133.0607,1282383.0,EUR
2024-01-31,INST011,131.2972,131.4146,130.0104,130.5782,395852.0,EUR
2024-02-01,INST011,129.5901,130.8958,128.6426,128.9708,4836871.0,EUR
2024-02-02,INST011,132.1935,133.3125,127.6274,131.0865,2236612.0,EUR
2024-02-05,INST011,129.5955,132.21,129.3138,129.9499,4088709.0,EUR
2024-02-06,INST011,131.4022,133.5106,131.2875,132.5018,2510527.0,EUR
2024-02-07,INST011,132.0563,135.1983,129.1673,131.9849,769782.0,EUR
2024-02-08,INST011,134.1486,136.6433,133.9274,134.1784,4765292.0,EUR
2024-02-09,INST011,136.3781,136.7918,135.3368,136.1352,2610228.0,EUR
2024-02-12,INST011,138.3031,139.75,136.6583,137.6231,4949975.0,EUR
2024-02-13,INST011,140.9259,143.838,137.0523,140.6304,3715384.0,EUR
2024-02-14,INST011,137.6834,139.2703,134.9444,137.6846,1029160.0,EUR
2024-02-15,INST011,137.8978,137.5073,133.4221,137.2942,4431633.0,EUR
2024-02-16,INST011,138.8114,139.8623,135.1516,139.2707,932793.0,EUR
2024-02-19,INST011,140.4349,143.2173,139.1153,141.2953,1356239.0,EUR
2024-02-20,INST011,141.318,144.6133,138.3583,140.7048,720236.0,EUR
2024-02-21,INST011,137.5968,141.2128,134.9051,138.5883,3672165.0,EUR
2024-02-22,INST011,137.7673,139.2453,134.936,138.5117,241720.0,EUR
2024-02-23,INST011,140.8419,141.9867,139.3821,139.9197,789387.0,EUR
2024-02-26,INST011,141.094,144.0794,138.2509,140.1406,1380173.0,EUR
2024-02-27,INST011,135.4719,138.7733,133.6729,136.6742,4151072.0,EUR
2024-02-28,INST011,134.989,138.5528,132.538,134.7397,4273064.0,EUR
2024-02-29,INST011,137.48,140.0927,135.105,136.8295,3806547.0,EUR
2024-03-01,INST011,133.5253,136.9125,130.3454,134.2061,4443533.0,EUR
2024-03-04,INST011,135.6381,137.8912,132.7669,136.0305,2547185.0,EUR
2024-03-05,INST011,132.5497,133.6539,130.1172,132.9074,4280980.0,EUR
2024-03-06,INST011,131.677,132.4059,129.8573,130.4271,3918590.0,EUR
2024-03-07,INST011,133.1003,135.5048,133.1981,133.6111,1309762.0,EUR
2024-03-08,INST011,131.9143,133.6164,132.4524,133.0569,4091595.0,EUR
2024-03-11,INST011,135.3665,135.4964,133.5522,135.028,1697115.0,EUR
2024-03-12,INST011,137.5819,137.8124,132.9485,136.4868,2938775.0,EUR
2024-03-13,INST011,137.3129,138.5495,136.4679,138.5476,2907273.0,EUR
2024-03-14,INST011,136.5192,138.9785,133.1264,136.3234,699462.0,EUR
2024-03-15,INST011,137.1651,137.019,135.3452,136.2751,3777663.0,EUR
2024-03-18,INST011,137.6972,138.5901,133.7374,137.6406,4920826.0,EUR
2024-03-19,INST011,140.4093,142.6368,138.5357,141.0724,4740146.0,EUR
2024-03-20,INST011,142.4919,145.2226,141.6423,142.2688,2406807.0,EUR
2024-03-21,INST011,139.8739,141.7364,138.6979,139.4715,2291177.0,EUR
2024-03-22,INST011,138.1315,141.9717,138.0103,138.5188,3976374.0,EUR
2024-03-25,INST011,135.9349,139.4539,135.275,136.8092,1426023.0,EUR
2024-03-26,INST011,136.1548,141.5892,134.2624,137.5293,193882.0,EUR
2024-03-27,INST011,135.5928,137.3268,133.262,135.1076,3687131.0,EUR
2024-03-28,INST011,135.0891,137.356,131.6644,135.6105,3778834.0,EUR
2024-03-29,INST011,136.6639,139.3603,134.6008,135.6717,3048813.0,EUR
2024-04-01,INST011,139.4521,141.517,136.3506,138.7498,670517.0,EUR
2024-04-02,INST011,142.1788,142.8109,137.5157,141.0821,648777.0,EUR
2024-04-03,INST011,144.4238,146.8056,140.0527,143.0023,1378795.0,EUR
2024-04-04,INST011,144.0735,148.2986,143.2696,144.3432,1213191.0,EUR
2024-04-05,INST011,147.9676,150.3212,145.3765,146.6734,4520333.0,EUR
2024-04-08,INST011,146.5859,148.5773,146.2249,147.2313,3036213.0,EUR
2024-04-09,INST011,146.6904,146.1481,144.465,145.7308,3658094.0,EUR
2024-04-10,INST011,144.8444,147.5089,141.1799,145.2576,3598465.0,EUR
2024-04-11,INST011,144.3441,147.8847,145.3641,145.5526,534219.0,EUR
2024-04-12,INST011,142.942,143.6745,142.2998,143.5647,2308502.0,EUR
2024-04-15,INST011,142.9222,145.8759,141.8736,142.336,4574598.0,EUR
2024-04-16,INST011,143.3383,145.1,141.4599,142.3099,3451843.0,EUR
2024-04-17,INST011,142.0467,144.7733,141.2158,141.5164,3430930.0,EUR
2024-04-18,INST011,139.7881,143.6421,137.3937,141.0961,1160290.0,EUR
2024-04-19,INST011,142.452,146.0851,138.0917,142.1987,1228732.0,EUR
2024-04-22,INST011,143.5341,146.4827,139.2508,142.31,290283.0,EUR
2024-04-23,INST011,144.5224,147.3511,141.0177,144.4917,4805875.0,EUR
2024-04-24,INST011,145.7412,146.2545,142.8792,145.8954,4385148.0,EUR
2024-04-25,INST011,145.2122,147.3318,141.3458,144.7073,884479.0,EUR
2024-04-26,INST011,142.1567,145.967,142.8821,143.3523,4971422.0,EUR
2024-04-29,INST011,146.952,149.7361,142.1461,146.149,697351.0,EUR
2024-04-30,INST011,143.4521,148.1788,142.4435,143.9171,871984.0,EUR
2024-05-01,INST011,144.5913,147.3629,140.3261,144.4535,4199313.0,EUR
2024-05-02,INST011,141.1591,143.8164,141.4019,141.6043,4928202.0,EUR
2024-05-03,INST011,141.9939,141.7314,140.5286,140.7534,2704135.0,EUR
2024-05-06,INST011,137.5131,139.1382,134.0514,137.9109,4653005.0,EUR
2024-05-07,INST011,141.8203,142.2288,140.9383,141.2099,3317167.0,EUR
2024-05-08,INST011,140.1467,141.932,136.2135,139.3389,1450161.0,EUR
2024-05-09,INST011,136.0112,139.4322,136.1402,137.1454,2637019.0,EUR
2024-05-10,INST011,136.9151,137.8704,135.6067,137.497,3609766.0,EUR
2024-05-13,INST011,136.2842,138.4145,135.1648,137.6361,3013984.0,EUR
2024-05-14,INST011,136.4147,136.8295,132.9263,135.0728,3893989.0,EUR
2024-05-15,INST011,134.8282,137.1309,133.1282,135.6678,165675.0,EUR
2024-05-16,INST011,133.8503,137.6617,130.2811,133.7456,4711701.0,EUR
2024-05-17,INST011,134.2593,138.0165,133.3461,134.8022,1071055.0,EUR
2024-05-20,INST011,131.6153,133.6066,130.6629,132.8346,4560596.0,EUR
2024-05-21,INST011,131.1305,134.3962,128.7577,131.0222,129595.0,EUR
2024-05-22,INST011,134.4871,136.229,131.4077,134.1335,3541474.0,EUR
2024-05-23,INST011,137.7047,138.6395,133.9101,136.7541,198601.0,EUR
2024-05-24,INST011,134.2041,135.6963,134.3779,135.3797,1925292.0,EUR
2024-05-27,INST011,135.8258,137.3414,133.2881,136.4078,3681165.0,EUR
2024-05-28,INST011,132.3046,133.4174,130.3298,133.1536,966289.0,EUR
2024-05-29,INST011,136.1441,137.7185,132.1021,135.3639,4849624.0,EUR
2024-05-30,INST011,138.6308,140.9501,135.3963,138.6073,3574615.0,EUR
2024-05-31,INST011,136.5949,138.5964,135.5271,136.3283,3769842.0,EUR
2024-06-03,INST011,133.4626,133.5082,132.143,133.2076,2303225.0,EUR
2024-06-04,INST011,134.9256,134.4973,132.9242,133.8123,4836770.0,EUR
2024-06-05,INST011,133.6613,137.3313,131.3684,133.4207,515475.0,EUR
2024-06-06,INST011,136.0858,137.1032,133.1155,134.917,3370554.0,EUR
2024-06-07,INST011,132.695,134.814,130.9266,131.8695,1940166.0,EUR
2024-06-10,INST011,134.1914,137.6477,131.3638,133.7396,3948480.0,EUR
2024-06-11,INST011,133.6384,135.9098,131.2493,132.6566,3807263.0,EUR
2024-06-12,INST011,131.7052,131.6749,129.2796,131.2067,1857195.0,EUR
2024-06-13,INST011,130.4467,132.8318,129.5481,131.4434,109167.0,EUR
2024-06-14,INST011,129.4796,133.0257,130.356,130.4034,1591381.0,EUR
2024-06-17,INST011,133.3054,133.7485,129.6686,133.0696,1949633.0,EUR
2024-06-18,INST011,134.237,135.6483,134.3939,134.9217,3708840.0,EUR
2024-06-19,INST011,137.1196,138.5883,132.0878,135.8098,716110.0,EUR
2024-06-20,INST011,132.4154,134.8488,130.0776,133.4367,4942460.0,EUR
2024-06-21,INST011,131.3284,133.6665,130.2148,131.1643,1046416.0,EUR
2024-06-24,INST011,134.4768,134.4565,132.7762,134.1266,2582144.0,EUR
2024-06-25,INST011,135.3814,135.863,130.9715,134.1653,2293492.0,EUR
2024-06-26,INST011,133.5653,134.7712,130.8923,132.9802,539380.0,EUR
2024-06-27,INST011,128.6746,132.8107,127.8392,129.9442,1955656.0,EUR
2024-06-28,INST011,129.8384,132.1411,127.5031,130.381,2406475.0,EUR
2024-07-01,INST011,128.2388,129.3411,126.7556,129.1785,3373938.0,EUR
2024-07-02,INST011,126.2762,129.1066,124.9757,126.3548,360651.0,EUR
2024-07-03,INST011,125.3334,128.1961,123.1999,125.8234,672662.0,EUR
2024-07-04,INST011,124.688,123.8747,120.537,123.7581,3266910.0,EUR
2024-07-05,INST011,126.1181,129.9702,123.49,126.5293,250626.0,EUR
2024-07-08,INST011,122.5828,126.6018,123.1863,123.7872,2047290.0,EUR
2024-07-09,INST011,123.7831,126.8273,122.9303,123.4059,902211.0,EUR
2024-07-10,INST011,120.6156,123.5815,118.5639,120.4198,1014122.0,EUR
2024-07-11,INST011,117.9618,117.9638,117.5779,117.9629,1589576.0,EUR
2024-07-12,INST011,120.5565,122.3274,117.9313,120.8125,3794618.0,EUR
2024-07-15,INST011,117.54,121.9325,116.6478,118.6388,4610160.0,EUR
2024-07-16,INST011,119.847,120.1077,118.3042,119.7268,3652683.0,EUR
2024-07-17,INST011,121.0008,120.7652,116.7139,120.0972,3102864.0,EUR
2024-07-18,INST011,123.518,126.1033,122.9309,123.0258,4262178.0,EUR
2024-07-19,INST011,122.4471,125.6251,121.0157,122.242,3990300.0,EUR
2024-07-22,INST011,121.2414,121.6596,119.4506,120.2068,3036753.0,EUR
2024-07-23,INST011,120.4335,123.0885,118.1058,119.6927,2899730.0,EUR
2024-07-24,INST011,123.1686,126.2075,121.9083,122.5704,476690.0,EUR
2024-07-25,INST011,124.2126,126.7162,123.6752,125.1506,548275.0,EUR
2024-07-26,INST011,126.3572,130.6787,123.6341,127.1663,3183128.0,EUR
2024-07-29,INST011,128.7802,128.3305,125.9501,127.9367,3160622.0,EUR
2024-07-30,INST011,127.8602,129.0639,124.5395,126.6408,2976796.0,EUR
2024-07-31,INST011,128.585,129.2241,126.0535,128.0402,2547886.0,EUR
2024-08-01,INST011,129.1882,131.0773,127.9132,128.4954,2439595.0,EUR
2024-08-02,INST011,132.196,131.7929,129.0571,131.3903,457937.0,EUR
2024-08-05,INST011,134.2694,134.7855,132.6238,134.4701,4175167.0,EUR
2024-08-06,INST011,135.9738,137.7747,131.4648,135.1364,2989156.0,EUR
2024-08-07,INST011,132.2041,136.1178,132.5747,132.8947,1163307.0,EUR
2024-08-08,INST011,135.3031,138.1737,131.4238,134.2884,4872078.0,EUR
2024-08-09,INST011,132.9334,136.3527,131.9022,133.0131,1392384.0,EUR
2024-08-12,INST011,134.7088,138.544,131.2485,134.9376,1124862.0,EUR
2024-08-13,INST011,138.4991,137.5752,136.7694,137.377,1782334.0,EUR
2024-08-14,INST011,138.2189,140.6951,135.8685,138.1696,1058029.0,EUR
2024-08-15,INST011,136.4764,137.7649,134.7953,136.0809,183526.0,EUR
2024-08-16,INST011,138.6198,137.972,135.4658,137.4985,1809632.0,EUR
2024-08-19,INST011,139.6125,142.4812,135.894,139.6543,2140644.0,EUR
2024-08-20,INST011,137.3191,139.7633,136.0589,136.1798,2608052.0,EUR
2024-08-21,INST011,134.156,133.9049,132.5006,133.0311,921211.0,EUR
2024-08-22,INST011,136.8689,136.2899,132.7216,135.776,1812943.0,EUR
2024-08-23,INST011,134.0274,135.1962,131.3414,132.8263,4365111.0,EUR
2024-08-26,INST011,130.8587,132.9493,128.5841,129.9601,1749404.0,EUR
2024-08-27,INST011,130.1421,132.1903,127.7984,130.1837,268381.0,EUR
2024-08-28,INST011,131.7257,132.3885,128.5454,131.4421,1229814.0,EUR
2024-08-29,INST011,132.9826,134.3341,131.4937,133.5642,784954.0,EUR
2024-08-30,INST011,136.16,138.0755,136.2226,136.5587,2548781.0,EUR
2024-09-02,INST011,137.1288,137.5573,133.903,137.5527,2168546.0,EUR
2024-09-03,INST011,138.4907,140.2924,134.5525,138.3926,4201676.0,EUR
2024-09-04,INST011,137.2719,140.6849,134.4645,138.3374,3558744.0,EUR
2024-09-05,INST011,138.3995,142.2782,136.0956,138.6131,2350947.0,EUR
2024-09-06,INST011,138.0628,140.8198,137.9617,138.144,2991804.0,EUR
2024-09-09,INST011,136.005,138.7326,132.8041,136.1838,3455365.0,EUR
2024-09-10,INST011,134.1111,135.0564,131.9404,134.1925,3310335.0,EUR
2024-09-11,INST011,132.9004,136.7948,131.5759,133.3711,3243677.0,EUR
2024-09-12,INST011,135.1437,136.9307,133.7309,134.9388,1816834.0,EUR
2024-09-13,INST011,136.408,138.6511,137.4817,137.6516,2545142.0,EUR
2024-09-16,INST011,137.2323,138.7479,137.6349,138.16,1185576.0,EUR
2024-09-17,INST011,139.8029,143.8212,136.7383,140.419,122750.0,EUR
2024-09-18,INST011,137.9777,138.4406,134.1528,137.4814,3316949.0,EUR
2024-09-19,INST011,137.616,138.5571,136.195,136.8631,3903689.0,EUR
2024-09-20,INST011,137.952,140.9139,134.6249,138.2594,3256842.0,EUR
2024-09-23,INST011,139.8105,141.4786,139.5806,139.8204,1915034.0,EUR
2024-09-24,INST011,142.8553,144.5442,140.365,141.687,1270762.0,EUR
2024-09-25,INST011,146.4427,147.6881,143.7671,145.0549,2134194.0,EUR
2024-09-26,INST011,146.4178,147.8741,143.1097,146.0205,1017389.0,EUR
2024-09-27,INST011,146.0527,147.7227,143.5555,145.9331,3248037.0,EUR
2024-09-30,INST011,147.4321,150.9149,144.6341,148.844,4251356.0,EUR
2024-10-01,INST011,152.5536,152.8233,151.5889,151.9491,2031374.0,EUR
2024-10-02,INST011,148.8092,151.7474,148.2239,148.5581,241741.0,EUR
2024-10-03,INST011,153.3567,156.2493,149.6639,152.0131,3949592.0,EUR
2024-10-04,INST011,157.3291,159.5891,151.8474,155.7721,4697173.0,EUR
2024-10-07,INST011,157.5734,160.0324,154.2899,158.0228,1240888.0,EUR
2024-10-08,INST011,157.9939,162.5974,156.6574,159.027,826363.0,EUR
2024-10-09,INST011,154.0805,156.4162,154.041,155.616,4642210.0,EUR
2024-10-10,INST011,158.3193,160.9566,157.2455,157.6907,1127235.0,EUR
2024-10-11,INST011,154.8908,158.6421,151.6081,155.0838,2182620.0,EUR
2024-10-14,INST011,157.4392,158.3744,155.7317,155.964,3060238.0,EUR
2024-10-15,INST011,156.5449,160.9774,154.8707,157.8456,1813057.0,EUR
2024-10-16,INST011,156.4935,158.3943,154.4177,157.802,3832267.0,EUR
2024-10-17,INST011,159.7158,161.4073,158.5141,159.582,2361995.0,EUR
2024-10-18,INST011,160.7916,162.5402,158.0612,160.0856,3838960.0,EUR
2024-10-21,INST011,161.6427,163.5931,159.6376,161.6592,643141.0,EUR
2024-10-22,INST011,164.9963,164.2254,163.891,164.0338,2006529.0,EUR
2024-10-23,INST011,161.2524,165.3559,158.3333,162.3467,2950193.0,EUR
2024-10-24,INST011,158.2086,162.6119,159.2577,159.597,2235963.0,EUR
2024-10-25,INST011,155.8514,160.2138,154.1597,157.347,1617550.0,EUR
2024-10-28,INST011,154.0679,158.0932,151.143,153.9018,4740453.0,EUR
2024-10-29,INST011,154.587,156.1396,154.2322,155.763,909763.0,EUR
2024-10-30,INST011,158.5845,160.4329,154.9901,158.0208,3408320.0,EUR
2024-10-31,INST011,156.3056,158.3952,151.4898,156.0779,3976381.0,EUR
2024-11-01,INST011,156.2681,157.1904,152.3864,157.0781,4661460.0,EUR
2024-11-04,INST011,161.8632,161.1537,158.3432,160.35,3447688.0,EUR
2024-11-05,INST011,158.7799,160.2443,154.4671,157.4826,4007167.0,EUR
2024-11-06,INST011,157.8641,161.123,158.5999,159.2329,584201.0,EUR
2024-11-07,INST011,156.5693,159.6067,152.1231,156.3451,2380671.0,EUR
2024-11-08,INST011,157.7062,160.5985,153.9651,158.7034,4554089.0,EUR
2024-11-11,INST011,158.1177,163.2204,155.5345,158.8325,1392209.0,EUR
2024-11-12,INST011,155.9521,156.257,154.8954,155.0796,3166082.0,EUR
2024-11-13,INST011,152.0376,153.7893,148.4719,153.0391,4113261.0,EUR
2024-11-14,INST011,151.4719,155.0548,151.8162,152.879,3596371.0,EUR
2024-11-15,INST011,150.3899,149.3552,147.4055,149.0839,2512420.0,EUR
2024-11-18,INST011,152.4797,155.7406,149.2168,151.7661,3654405.0,EUR
2024-11-19,INST011,151.8168,153.7789,148.4047,152.9014,3265569.0,EUR
2024-11-20,INST011,149.5774,153.5531,146.9295,149.0924,2224742.0,EUR
2024-11-21,INST011,149.0604,153.15,147.839,148.969,3394570.0,EUR
2024-11-22,INST011,148.8867,148.3291,147.1443,147.6489,1012210.0,EUR
2024-11-25,INST011,147.4317,148.8711,142.5571,146.0777,1895354.0,EUR
2024-11-26,INST011,145.2563,147.5336,143.4294,144.8439,3736163.0,EUR
2024-11-27,INST011,147.0102,148.1217,142.9801,146.4587,1675558.0,EUR
2024-11-28,INST011,149.8913,149.426,145.6663,148.8915,963762.0,EUR
2024-11-29,INST011,150.7012,155.1696,149.0913,152.1034,2556526.0,EUR
2024-12-02,INST011,156.3372,158.0362,152.3745,155.6943,4784955.0,EUR
2024-12-03,INST011,157.5612,160.2523,157.7359,158.2248,2223138.0,EUR
2024-12-04,INST011,158.3226,162.4469,157.4881,158.882,190101.0,EUR
2024-12-05,INST011,158.2282,160.8628,154.8937,157.7584,1161947.0,EUR
2024-12-06,INST011,158.6963,164.4286,159.7335,160.1959,1271212.0,EUR
2024-12-09,INST011,162.6331,164.6178,160.7436,162.2323,244209.0,EUR
2024-12-10,INST011,163.6711,166.1347,163.575,165.2103,4905074.0,EUR
2024-12-11,INST011,162.478,165.0219,160.6133,161.5213,4252662.0,EUR
2024-12-12,INST011,159.3816,163.5148,157.4371,160.3718,2106022.0,EUR
2024-12-13,INST011,156.6841,159.7576,155.5802,156.5221,3431664.0,EUR
2024-12-16,INST011,154.5283,159.2752,151.3238,155.5221,1388364.0,EUR
2024-12-17,INST011,151.5016,153.0872,148.7484,152.6429,4718988.0,EUR
2024-12-18,INST011,150.8306,152.0026,145.4957,149.7541,2316217.0,EUR
2024-12-19,INST011,151.3837,150.4494,148.5256,150.2733,4062593.0,EUR
2024-12-20,INST011,153.6454,158.1492,153.2054,153.9316,3933229.0,EUR
2024-12-23,INST011,155.6242,159.1608,153.7129,155.5112,344217.0,EUR
2024-12-24,INST011,158.1477,162.432,156.4148,158.0405,197900.0,EUR
2024-12-25,INST011,153.582,154.9763,151.6037,154.7736,212104.0,EUR
2024-12-26,INST011,156.9234,161.0295,156.9449,157.2605,581036.0,EUR
2024-12-27,INST011,157.6945,159.844,156.8144,159.2743,4120730.0,EUR
2024-12-30,INST011,158.904,163.3488,157.5386,158.6363,346346.0,EUR
2024-12-31,INST011,159.7734,160.7715,157.5498,159.2648,1144928.0,EUR
2022-01-03,INST012,306.8262,307.9849,304.1827,304.6933,3253224.0,EUR
2022-01-04,INST012,300.5005,301.4831,298.9142,300.7725,1799857.0,EUR
2022-01-05,INST012,303.042,311.7328,298.027,305.66,4560586.0,EUR
2022-01-06,INST012,299.8942,309.2705,292.4757,300.7409,751554.0,EUR
2022-01-07,INST012,297.9584,306.6126,293.8053,297.9154,228519.0,EUR
2022-01-10,INST012,301.3952,307.7817,300.5447,300.7994,4205120.0,EUR
2022-01-11,INST012,301.176,301.757,292.1234,300.3221,4819483.0,EUR
2022-01-12,INST012,306.6275,313.5144,300.0143,304.9432,755221.0,EUR
2022-01-13,INST012,303.7727,306.5242,297.629,303.8633,4604084.0,EUR
2022-01-14,INST012,307.1453,316.6143,304.1612,309.6774,4073608.0,EUR
2022-01-17,INST012,301.7978,311.6456,298.257,302.5746,3696047.0,EUR
2022-01-18,INST012,308.3228,309.352,306.1147,309.1842,2438170.0,EUR
2022-01-19,INST012,313.3869,317.4576,306.6783,312.2397,1404263.0,EUR
2022-01-20,INST012,311.5457,315.7,312.2029,312.2098,496333.0,EUR
2022-01-21,INST012,313.8398,313.6811,311.4862,311.7486,4176325.0,EUR
2022-01-24,INST012,307.0848,311.7331,298.3959,304.3693,1375246.0,EUR
2022-01-25,INST012,308.6679,316.1762,301.5896,309.9539,687328.0,EUR
2022-01-26,INST012,304.2452,305.6018,299.3436,303.4591,2725485.0,EUR
2022-01-27,INST012,298.7638,302.5372,293.3614,300.8862,1970062.0,EUR
2022-01-28,INST012,301.6034,303.3234,299.3911,299.7444,2738446.0,EUR
2022-01-31,INST012,296.1298,297.1341,287.7947,294.5763,3621121.0,EUR
2022-02-01,INST012,296.1958,298.336,289.8453,298.2139,642913.0,EUR
2022-02-02,INST012,300.723,299.0648,290.8943,299.0197,3257765.0,EUR
2022-02-03,INST012,297.9741,300.0819,295.8958,298.8916,2784012.0,EUR
2022-02-04,INST012,303.9606,312.6052,304.8575,305.0365,812968.0,EUR
2022-02-07,INST012,307.3553,310.5627,303.1407,308.4303,838169.0,EUR
2022-02-08,INST012,310.6146,309.9945,306.6941,308.9037,144121.0,EUR
2022-02-09,INST012,305.8091,312.8039,298.6774,305.8091,1943130.0,EUR
2022-02-10,INST012,306.6752,314.3141,298.9772,305.305,1911742.0,EUR
2022-02-11,INST012,301.7411,308.702,297.2775,300.2502,3627241.0,EUR
2022-02-14,INST012,299.4963,306.1132,298.9104,302.1958,221909.0,EUR
2022-02-15,INST012,306.6045,313.0502,301.3281,304.0036,2887206.0,EUR
2022-02-16,INST012,307.5947,315.0485,302.6347,309.46,309784.0,EUR
2022-02-17,INST012,300.096,307.5844,298.2754,302.2524,4158928.0,EUR
2022-02-18,INST012,310.5209,318.2284,300.671,309.7063,4032225.0,EUR
2022-02-21,INST012,301.3062,307.4783,298.2579,302.8719,4930039.0,EUR
2022-02-22,INST012,312.0663,313.1222,304.5431,309.3291,4926376.0,EUR
2022-02-23,INST012,309.9969,308.5173,302.3407,308.2223,652312.0,EUR
2022-02-24,INST012,301.5917,306.3449,300.9505,301.9647,3458436.0,EUR
2022-02-25,INST012,303.9627,308.6263,300.7898,301.7468,3290276.0,EUR
2022-02-28,INST012,309.0639,307.911,302.2771,307.8257,1718239.0,EUR
2022-03-01,INST012,310.3585,315.5519,309.8205,310.6278,2830608.0,EUR
2022-03-02,INST012,312.9015,316.8262,313.142,316.0584,4524902.0,EUR
2022-03-03,INST012,319.2217,325.4303,310.6065,318.774,3788509.0,EUR
2022-03-04,INST012,321.1882,332.1292,319.5473,323.4022,4205648.0,EUR
2022-03-07,INST012,318.4425,324.3504,317.8469,320.3925,3514814.0,EUR
2022-03-08,INST012,328.1115,328.7087,316.203,325.8328,3842811.0,EUR
2022-03-09,INST012,327.3932,327.8958,324.4958,327.4795,630768.0,EUR
2022-03-10,INST012,320.3421,326.0718,322.3236,322.3637,377969.0,EUR
2022-03-11,INST012,324.598,329.1028,318.3812,322.9186,1485258.0,EUR
2022-03-14,INST012,320.9509,332.716,314.0495,323.3251,2605114.0,EUR
2022-03-15,INST012,320.2554,321.3187,316.5719,319.4132,4516468.0,EUR
2022-03-16,INST012,328.168,329.5743,317.4209,326.4717,3790258.0,EUR
2022-03-17,INST012,320.082,324.268,314.1617,321.3251,1515553.0,EUR
2022-03-18,INST012,325.6345,328.912,327.7003,327.7731,3171794.0,EUR
2022-03-21,INST012,334.191,342.3637,334.0434,335.3807,705202.0,EUR
2022-03-22,INST012,330.5861,339.7117,329.8229,332.1821,1422785.0,EUR
2022-03-23,INST012,333.2009,337.7555,326.8461,333.2245,538796.0,EUR
2022-03-24,INST012,338.2659,345.9891,337.6951,340.4102,1369730.0,EUR
2022-03-25,INST012,336.1531,339.4424,327.492,336.1648,2655847.0,EUR
2022-03-28,INST012,336.4177,343.1064,329.7187,338.834,1345605.0,EUR
2022-03-29,INST012,342.8117,353.017,336.2765,343.1681,3630605.0,EUR
2022-03-30,INST012,336.7806,337.3564,325.9158,335.1853,3580362.0,EUR
2022-03-31,INST012,330.8299,332.8021,323.1792,332.5427,3953444.0,EUR
2022-04-01,INST012,325.3538,331.4387,315.5121,324.7148,1326036.0,EUR
2022-04-04,INST012,319.7362,322.4325,319.6472,320.1832,3425659.0,EUR
2022-04-05,INST012,313.015,322.5861,305.6337,313.8535,4214002.0,EUR
2022-04-06,INST012,310.8347,311.7474,301.9847,308.2971,4110401.0,EUR
2022-04-07,INST012,304.1877,305.3098,301.4107,304.9397,2278765.0,EUR
2022-04-08,INST012,305.1122,312.6152,301.5283,308.1667,582665.0,EUR
2022-04-11,INST012,307.0524,308.9188,302.2553,304.9526,2546516.0,EUR
2022-04-12,INST012,302.6911,308.4196,300.7188,303.7125,477474.0,EUR
2022-04-13,INST012,295.6875,301.7087,291.1587,297.8579,1137827.0,EUR
2022-04-14,INST012,305.7384,311.7999,299.9733,304.9796,1407078.0,EUR
2022-04-15,INST012,297.7922,302.2878,294.1354,300.1489,4201684.0,EUR
2022-04-18,INST012,305.7127,314.6207,305.6488,307.0936,1846338.0,EUR
2022-04-19,INST012,299.8297,303.1037,299.3235,300.8451,2979204.0,EUR
2022-04-20,INST012,303.8627,307.3379,300.7973,302.9604,3225887.0,EUR
2022-04-21,INST012,310.1188,316.3942,306.4011,307.2965,3293825.0,EUR
2022-04-22,INST012,300.9737,304.3882,293.535,300.8015,262785.0,EUR
2022-04-25,INST012,298.7785,301.5895,297.4157,297.4653,2212086.0,EUR
2022-04-26,INST012,299.3901,306.8431,291.0211,298.7544,2559544.0,EUR
2022-04-27,INST012,291.3262,300.3973,290.345,292.106,773482.0,EUR
2022-04-28,INST012,285.7774,293.3028,285.0955,286.2284,3708872.0,EUR
2022-04-29,INST012,288.6938,292.6867,288.1258,290.0755,3195892.0,EUR
2022-05-02,INST012,292.3979,298.8966,287.3384,293.2103,4602482.0,EUR
2022-05-03,INST012,297.1286,305.085,292.5566,298.0018,1363853.0,EUR
2022-05-04,INST012,298.7241,298.7157,289.8288,296.6784,1623623.0,EUR
2022-05-05,INST012,294.2403,301.5568,295.2342,297.0559,2272507.0,EUR
2022-05-06,INST012,294.6612,297.6751,289.4351,291.937,2366479.0,EUR
2022-05-09,INST012,290.9243,295.0597,288.2639,291.3152,3848078.0,EUR
2022-05-10,INST012,299.2738,300.7606,289.989,297.6166,1850403.0,EUR
2022-05-11,INST012,293.5089,296.2911,291.3227,295.5085,2279741.0,EUR
2022-05-12,INST012,295.8103,298.4992,296.4063,298.2495,4614807.0,EUR
2022-05-13,INST012,300.5231,310.1022,292.9764,301.7117,2058085.0,EUR
2022-05-16,INST012,299.079,307.815,297.5185,299.6071,1883977.0,EUR
2022-05-17,INST012,297.504,307.4201,298.7222,300.2697,4697761.0,EUR
2022-05-18,INST012,305.7159,307.1992,301.5972,305.1002,136123.0,EUR
2022-05-19,INST012,300.8966,303.8707,298.7321,300.7739,2334645.0,EUR
2022-05-20,INST012,304.8665,310.6542,301.095,304.3373,1557806.0,EUR
2022-05-23,INST012,304.896,307.5412,298.2286,304.7186,4147520.0,EUR
2022-05-24,INST012,307.9943,315.6461,301.5045,310.3782,1368550.0,EUR
2022-05-25,INST012,312.5722,313.5722,306.2482,311.643,1064233.0,EUR
2022-05-26,INST012,305.4864,311.9325,298.9524,307.0355,1080147.0,EUR
2022-05-27,INST012,315.002,322.7283,313.2619,313.499,2588545.0,EUR
2022-05-30,INST012,318.146,324.71,309.9536,316.1467,2435050.0,EUR
2022-05-31,INST012,315.7991,322.0051,308.8418,313.2048,359279.0,EUR
2022-06-01,INST012,313.7478,318.6044,310.1446,312.2321,2438421.0,EUR
2022-06-02,INST012,307.8672,306.7246,298.6689,306.5676,1463298.0,EUR
2022-06-03,INST012,300.8319,304.3809,300.4901,303.1764,104064.0,EUR
2022-06-06,INST012,307.4591,312.9265,306.0147,309.4809,4837206.0,EUR
2022-06-07,INST012,308.267,307.6273,304.8765,305.6723,879562.0,EUR
2022-06-08,INST012,310.2136,317.7169,304.7138,310.1928,4435877.0,EUR
2022-06-09,INST012,312.2254,312.1627,301.7388,309.5938,1945391.0,EUR
2022-06-10,INST012,303.4628,306.6576,302.2452,303.4379,3870491.0,EUR
2022-06-13,INST012,297.738,297.9357,297.6929,297.7828,3539561.0,EUR
2022-06-14,INST012,303.5792,304.7877,298.0978,303.7018,3116458.0,EUR
2022-06-15,INST012,295.9114,305.6343,290.8884,296.8826,1354985.0,EUR
2022-06-16,INST012,302.0438,303.7589,291.6238,300.6334,2388636.0,EUR
2022-06-17,INST012,292.9008,302.5449,292.2749,293.8834,2218157.0,EUR
2022-06-20,INST012,298.5513,303.6731,297.2335,299.2301,4667005.0,EUR
2022-06-21,INST012,294.6888,301.8575,290.0087,294.2015,3199038.0,EUR
2022-06-22,INST012,295.9184,296.61,287.7262,293.063,3017908.0,EUR
2022-06-23,INST012,299.2159,304.2511,291.5152,297.3027,1323106.0,EUR
2022-06-24,INST012,295.6198,300.6572,291.0488,294.8263,4798819.0,EUR
2022-06-27,INST012,291.6323,293.7063,284.2013,292.456,3886656.0,EUR
2022-06-28,INST012,289.2335,297.4699,286.5035,290.3299,2947528.0,EUR
2022-06-29,INST012,290.8741,292.3986,283.7932,292.1419,188855.0,EUR
2022-06-30,INST012,293.0961,301.685,295.5094,295.8118,1418637.0,EUR
2022-07-01,INST012,293.883,297.4111,290.099,294.5971,985314.0,EUR
2022-07-04,INST012,286.2541,289.483,284.9517,287.4061,1847884.0,EUR
2022-07-05,INST012,293.8467,296.0507,289.5917,293.3269,4042478.0,EUR
2022-07-06,INST012,294.3966,295.472,286.6485,295.1636,281431.0,EUR
2022-07-07,INST012,300.7887,304.1196,298.9723,302.1046,3180003.0,EUR
2022-07-08,INST012,297.3137,302.0253,291.2854,295.6095,656452.0,EUR
2022-07-11,INST012,288.5572,290.8229,288.991,289.7452,3490871.0,EUR
2022-07-12,INST012,286.1723,291.3486,279.9223,286.8167,2348901.0,EUR
2022-07-13,INST012,284.6672,287.0722,278.0039,282.3718,3136101.0,EUR
2022-07-14,INST012,282.3833,287.5727,274.6766,279.9543,727689.0,EUR
2022-07-15,INST012,281.4774,289.1402,280.6833,283.6049,3519634.0,EUR
2022-07-18,INST012,286.7257,294.1842,282.7002,288.5064,1603979.0,EUR
2022-07-19,INST012,289.0947,293.9786,283.3319,291.5247,3551797.0,EUR
2022-07-20,INST012,296.4773,301.2236,288.0889,296.234,2035170.0,EUR
2022-07-21,INST012,291.3071,298.0025,284.5195,289.7577,3574784.0,EUR
2022-07-22,INST012,297.108,300.3153,288.9007,296.8619,3420589.0,EUR
2022-07-25,INST012,300.7848,303.9014,297.0837,299.0405,1996199.0,EUR
2022-07-26,INST012,301.3499,302.3138,297.453,298.5798,161651.0,EUR
2022-07-27,INST012,290.4101,299.9918,289.6135,291.707,2328780.0,EUR
2022-07-28,INST012,286.0191,293.8376,279.2932,285.4028,3888560.0,EUR
2022-07-29,INST012,292.2639,297.8113,286.8515,291.5816,406277.0,EUR
2022-08-01,INST012,283.7219,288.1791,281.7141,285.172,3661682.0,EUR
2022-08-02,INST012,287.9545,293.0398,285.3237,287.4069,117827.0,EUR
2022-08-03,INST012,292.0543,298.952,285.5629,292.484,3414087.0,EUR
2022-08-04,INST012,288.0695,292.3307,285.8212,287.9302,4462166.0,EUR
2022-08-05,INST012,291.1406,294.0278,287.8112,290.9395,2680795.0,EUR
2022-08-08,INST012,290.402,296.7512,285.6089,289.3448,3133886.0,EUR
2022-08-09,INST012,297.257,298.249,290.2095,294.9005,3850943.0,EUR
2022-08-10,INST012,297.3,306.0064,293.2908,299.7824,4611021.0,EUR
2022-08-11,INST012,298.3082,309.6675,297.7379,301.2264,687201.0,EUR
2022-08-12,INST012,292.439,301.9569,292.6285,293.7583,4571720.0,EUR
2022-08-15,INST012,289.6073,289.6005,284.2736,287.2714,4962943.0,EUR
2022-08-16,INST012,286.2353,285.0325,280.5315,283.6981,3759850.0,EUR
2022-08-17,INST012,279.8897,284.0509,273.5134,279.2456,2921678.0,EUR
2022-08-18,INST012,277.5824,284.8711,277.3687,279.4095,2833963.0,EUR
2022-08-19,INST012,279.9526,284.6119,273.9485,281.0843,1106059.0,EUR
2022-08-22,INST012,286.3141,293.5383,278.6207,286.5375,1221900.0,EUR
2022-08-23,INST012,287.4483,291.8625,289.3286,290.0301,1918124.0,EUR
2022-08-24,INST012,294.6359,295.5106,293.2999,293.511,2431892.0,EUR
2022-08-25,INST012,300.0656,308.4949,294.1559,300.212,1019435.0,EUR
2022-08-26,INST012,303.7315,303.4226,293.1936,301.8613,2089145.0,EUR
2022-08-29,INST012,295.6178,302.1086,290.1022,294.808,1923338.0,EUR
2022-08-30,INST012,295.411,302.2379,289.9225,296.8209,171586.0,EUR
2022-08-31,INST012,289.1193,292.8137,286.1614,290.3376,1508020.0,EUR
2022-09-01,INST012,291.9247,298.5309,286.5158,294.8438,3703217.0,EUR
2022-09-02,INST012,291.0043,293.5332,288.7305,291.4666,2661406.0,EUR
2022-09-05,INST012,290.7397,298.5217,284.8408,291.0855,4577695.0,EUR
2022-09-06,INST012,283.4839,292.3477,285.8768,286.2439,3083691.0,EUR
2022-09-07,INST012,293.112,293.0588,283.7249,292.4902,4598146.0,EUR
2022-09-08,INST012,297.2269,300.561,293.9816,298.152,3175472.0,EUR
2022-09-09,INST012,301.3617,307.4438,291.4065,299.0374,909943.0,EUR
2022-09-12,INST012,295.9284,299.1274,292.8141,296.8833,294936.0,EUR
2022-09-13,INST012,296.992,305.3506,293.5318,297.6285,1338372.0,EUR
2022-09-14,INST012,292.2539,292.4476,286.295,292.3035,3438229.0,EUR
2022-09-15,INST012,291.5116,295.7803,289.7712,294.0016,3019446.0,EUR
2022-09-16,INST012,296.9901,302.0438,295.3069,298.7644,1685451.0,EUR
2022-09-19,INST012,308.1793,308.7415,301.9251,306.0226,1736232.0,EUR
2022-09-20,INST012,301.0104,306.9249,300.0881,303.0661,1002413.0,EUR
2022-09-21,INST012,307.0135,311.0803,300.7715,304.8017,2110427.0,EUR
2022-09-22,INST012,303.6152,309.6608,301.4026,305.7471,1796707.0,EUR
2022-09-23,INST012,307.7054,308.5233,308.2217,308.4384,324328.0,EUR
2022-09-26,INST012,311.566,313.1958,303.2456,312.4332,1824648.0,EUR
2022-09-27,INST012,305.8784,313.7153,299.4641,306.5054,2673097.0,EUR
2022-09-28,INST012,307.9006,309.9334,300.5152,309.1924,4682534.0,EUR
2022-09-29,INST012,310.5003,309.5114,300.7088,309.0988,4066433.0,EUR
2022-09-30,INST012,315.4397,314.5882,308.1786,313.1074,1873480.0,EUR
2022-10-03,INST012,311.3492,316.3562,304.3184,312.8863,3068740.0,EUR
2022-10-04,INST012,317.1255,327.6927,317.3096,320.3108,4781828.0,EUR
2022-10-05,INST012,319.5832,330.8706,320.4976,322.1864,954371.0,EUR
2022-10-06,INST012,324.2562,329.0084,317.2559,323.423,3558222.0,EUR
2022-10-07,INST012,315.2773,321.1473,315.4662,318.2662,2726393.0,EUR
2022-10-10,INST012,320.9972,327.3165,318.8493,319.1435,2011028.0,EUR
2022-10-11,INST012,315.2822,315.9361,306.9046,315.5497,4202937.0,EUR
2022-10-12,INST012,325.0615,328.834,319.4428,322.1071,2139762.0,EUR
2022-10-13,INST012,319.1443,322.3386,316.416,319.8988,4693253.0,EUR
2022-10-14,INST012,315.9428,323.3775,316.6627,318.4726,4524100.0,EUR
2022-10-17,INST012,315.5579,320.4856,315.2016,318.7403,1128899.0,EUR
2022-10-18,INST012,317.8831,322.5907,314.9642,320.8668,3292364.0,EUR
2022-10-19,INST012,313.3411,321.2569,312.301,315.573,465159.0,EUR
2022-10-20,INST012,308.9329,315.076,305.8338,310.4476,4394626.0,EUR
2022-10-21,INST012,318.0482,320.9796,314.9385,317.272,3775743.0,EUR
2022-10-24,INST012,309.909,311.9219,308.7133,311.0032,711887.0,EUR
2022-10-25,INST012,316.893,322.7265,310.9416,318.3943,3425958.0,EUR
2022-10-26,INST012,315.5613,314.8876,306.0566,314.2428,3922197.0,EUR
2022-10-27,INST012,319.4551,322.5258,314.8155,318.7031,2389815.0,EUR
2022-10-28,INST012,311.5678,316.0776,305.629,313.8411,620704.0,EUR
2022-10-31,INST012,315.9365,322.8744,314.0666,318.2832,1697679.0,EUR
2022-11-01,INST012,321.6833,325.0232,316.6881,324.4194,844470.0,EUR
2022-11-02,INST012,324.8365,332.9681,321.0026,324.3103,2973263.0,EUR
2022-11-03,INST012,328.1452,340.0984,327.314,331.154,4037277.0,EUR
2022-11-04,INST012,333.7321,336.5289,325.624,332.0655,676909.0,EUR
2022-11-07,INST012,326.815,331.5823,324.3437,327.4516,1150724.0,EUR
2022-11-08,INST012,320.872,327.5663,316.9139,319.8384,4381065.0,EUR
2022-11-09,INST012,318.7661,329.5179,320.8815,321.9442,3031746.0,EUR
2022-11-10,INST012,323.0064,328.2916,318.482,320.2192,3061208.0,EUR
2022-11-11,INST012,318.6355,320.2665,312.8919,318.7,908393.0,EUR
2022-11-14,INST012,321.0929,331.2219,316.4073,324.1685,726203.0,EUR
2022-11-15,INST012,323.4973,321.0998,316.9848,320.4661,4449611.0,EUR
2022-11-16,INST012,323.2535,327.115,319.8864,325.7024,2986404.0,EUR
2022-11-17,INST012,327.709,325.5587,320.2491,325.438,1025149.0,EUR
2022-11-18,INST012,325.2547,328.0542,320.1628,325.4918,4519791.0,EUR
2022-11-21,INST012,334.3933,341.776,328.389,332.4452,1201543.0,EUR
2022-11-22,INST012,333.9714,335.5289,333.639,334.5463,4147111.0,EUR
2022-11-23,INST012,341.7972,351.3734,339.2356,341.3744,3721529.0,EUR
2022-11-24,INST012,340.2806,342.146,335.3309,340.7601,181060.0,EUR
2022-11-25,INST012,345.442,352.7054,342.3503,342.9659,4787540.0,EUR
2022-11-28,INST012,336.1013,342.5568,329.7195,339.0569,852869.0,EUR
2022-11-29,INST012,332.8012,333.4755,327.4796,330.9984,3598549.0,EUR
2022-11-30,INST012,325.3753,329.776,322.9668,323.9395,2417387.0,EUR
2022-12-01,INST012,329.3759,332.6345,323.8591,330.4192,695401.0,EUR
2022-12-02,INST012,324.1904,336.7286,322.8594,327.0096,287560.0,EUR
2022-12-05,INST012,332.4077,335.4421,320.1582,329.3052,429918.0,EUR
2022-12-06,INST012,325.5239,326.5359,316.8449,325.2313,2393356.0,EUR
2022-12-07,INST012,333.8232,339.5815,333.3134,333.3278,1441733.0,EUR
2022-12-08,INST012,329.0486,329.0569,328.1565,328.7896,938814.0,EUR
2022-12-09,INST012,324.0014,330.3981,316.4226,323.0253,1696119.0,EUR
2022-12-12,INST012,333.9636,339.9766,321.64,330.9604,4662854.0,EUR
2022-12-13,INST012,327.6518,332.1565,317.1166,324.8334,301053.0,EUR
2022-12-14,INST012,317.905,323.3286,317.5096,317.996,4046977.0,EUR
2022-12-15,INST012,324.5642,322.5837,319.9918,321.4181,3701168.0,EUR
2022-12-16,INST012,323.1406,330.519,322.189,322.4132,4399960.0,EUR
2022-12-19,INST012,319.9088,319.7822,311.5765,318.2455,623308.0,EUR
2022-12-20,INST012,319.7559,321.2518,311.3224,317.6882,690406.0,EUR
2022-12-21,INST012,327.6167,325.768,320.9941,324.8944,3655214.0,EUR
2022-12-22,INST012,325.2878,330.5111,320.5341,322.8961,1859209.0,EUR
2022-12-23,INST012,315.5889,320.252,314.3248,315.7794,2993523.0,EUR
2022-12-26,INST012,317.4134,321.6479,309.8046,318.3945,4380282.0,EUR
2022-12-27,INST012,317.4733,318.5818,309.3087,316.6324,1744165.0,EUR
2022-12-28,INST012,315.3255,321.2806,313.5777,314.6325,2252771.0,EUR
2022-12-29,INST012,321.2248,324.4122,313.4255,321.4369,1743764.0,EUR
2022-12-30,INST012,319.3186,328.0585,309.7507,319.1402,3677904.0,EUR
2023-01-02,INST012,310.7336,313.4448,303.8387,312.4513,4026876.0,EUR
2023-01-03,INST012,319.0328,322.3575,311.2311,316.2842,4228372.0,EUR
2023-01-04,INST012,321.4193,328.5606,311.3892,320.5334,1354056.0,EUR
2023-01-05,INST012,323.47,326.814,311.6337,320.4407,1766446.0,EUR
2023-01-06,INST012,319.1017,325.4935,313.3618,321.7147,2535450.0,EUR
2023-01-09,INST012,331.5029,338.9545,323.1212,329.2109,3060615.0,EUR
2023-01-10,INST012,327.4876,329.3715,323.8705,328.0712,3590741.0,EUR
2023-01-11,INST012,328.0945,330.6536,315.7295,325.3049,2673230.0,EUR
2023-01-12,INST012,328.4992,329.4838,325.1066,326.3311,3636006.0,EUR
2023-01-13,INST012,327.1154,325.8734,323.8731,324.5297,1399809.0,EUR
2023-01-16,INST012,324.0931,332.0574,315.4233,322.6527,750506.0,EUR
2023-01-17,INST012,326.0541,330.9357,319.7337,325.0731,4073279.0,EUR
2023-01-18,INST012,321.986,324.6028,311.3575,320.6769,622120.0,EUR
2023-01-19,INST012,318.7741,320.082,309.3918,317.5356,3664781.0,EUR
2023-01-20,INST012,316.6559,321.4846,311.172,315.7145,3572804.0,EUR
2023-01-23,INST012,317.8486,323.9944,309.002,315.0798,713375.0,EUR
2023-01-24,INST012,310.4778,311.8195,305.3593,311.5222,3957009.0,EUR
2023-01-25,INST012,313.0362,319.7754,313.9695,314.0646,2722576.0,EUR
2023-01-26,INST012,310.0553,315.6382,299.8949,309.0329,3496880.0,EUR
2023-01-27,INST012,314.2294,321.4751,307.4109,315.1274,3231451.0,EUR
2023-01-30,INST012,307.8697,313.0453,304.0077,307.9723,917757.0,EUR
2023-01-31,INST012,298.9372,302.4041,299.121,301.9284,4346527.0,EUR
2023-02-01,INST012,307.2198,314.9512,300.1541,307.747,4337703.0,EUR
2023-02-02,INST012,305.9983,308.9114,299.1152,304.6704,4564678.0,EUR
2023-02-03,INST012,307.4852,306.6421,300.5949,305.8992,3372000.0,EUR
2023-02-06,INST012,297.0211,301.4606,294.0755,299.8377,3898225.0,EUR
2023-02-07,INST012,302.3364,305.9708,299.7447,301.7795,3066328.0,EUR
2023-02-08,INST012,296.2117,295.9073,288.028,295.0549,591484.0,EUR
2023-02-09,INST012,295.4814,300.5722,296.3986,296.4321,4529537.0,EUR
2023-02-10,INST012,295.8773,300.3869,293.8988,296.4411,2001200.0,EUR
2023-02-13,INST012,293.0202,296.4305,291.9174,295.0808,3190609.0,EUR
2023-02-14,INST012,298.063,305.9425,295.0877,297.372,2897896.0,EUR
2023-02-15,INST012,290.9947,296.3058,282.4419,290.043,3064441.0,EUR
2023-02-16,INST012,290.6102,290.4145,282.2424,288.2776,3167989.0,EUR
2023-02-17,INST012,285.456,293.8223,284.9631,287.2685,646857.0,EUR
2023-02-20,INST012,290.8865,292.1691,281.2835,289.5507,3331839.0,EUR
2023-02-21,INST012,289.9466,295.3263,287.0668,289.5205,1629884.0,EUR
2023-02-22,INST012,288.7883,287.425,280.1909,286.3723,3949160.0,EUR
2023-02-23,INST012,284.1005,289.0897,274.3012,282.6882,2651162.0,EUR
2023-02-24,INST012,278.4097,284.9873,273.9756,277.7648,4243086.0,EUR
2023-02-27,INST012,269.9486,279.0783,267.5513,271.2046,4850582.0,EUR
2023-02-28,INST012,275.0353,279.4031,270.8304,276.1269,4820691.0,EUR
2023-03-01,INST012,272.7987,275.1936,271.8844,273.8432,3479487.0,EUR
2023-03-02,INST012,277.7287,279.9984,274.1914,278.129,4767923.0,EUR
2023-03-03,INST012,278.3137,284.3047,270.4096,278.196,636618.0,EUR
2023-03-06,INST012,280.9213,283.0742,277.0474,278.6425,2806249.0,EUR
2023-03-07,INST012,276.9316,281.1786,269.3653,276.5782,4587847.0,EUR
2023-03-08,INST012,273.4422,274.15,269.718,271.9573,2101603.0,EUR
2023-03-09,INST012,277.2883,278.4567,273.7993,274.7584,2278086.0,EUR
2023-03-10,INST012,273.3203,280.5044,274.8298,275.3157,812857.0,EUR
2023-03-13,INST012,272.9328,278.4737,272.159,273.3023,3055846.0,EUR
2023-03-14,INST012,265.3691,268.8493,266.3419,267.0491,272455.0,EUR
2023-03-15,INST012,269.2599,276.3327,268.3606,271.1268,4691069.0,EUR
2023-03-16,INST012,276.6952,276.4963,267.8694,275.838,4303575.0,EUR
2023-03-17,INST012,276.1792,282.1637,274.3139,274.7454,1494627.0,EUR
2023-03-20,INST012,282.9939,288.8027,280.0626,281.4272,1452252.0,EUR
2023-03-21,INST012,280.3839,283.1995,271.2067,277.8207,4982493.0,EUR
2023-03-22,INST012,273.6774,275.0436,264.4122,272.1472,3407091.0,EUR
2023-03-23,INST012,278.6706,279.5386,276.4005,277.8042,721305.0,EUR
2023-03-24,INST012,270.7287,278.5739,265.7936,271.1386,2867529.0,EUR
2023-03-27,INST012,267.5241,269.6059,262.3534,265.2872,918885.0,EUR
2023-03-28,INST012,259.985,263.4696,257.5944,261.3948,2047061.0,EUR
2023-03-29,INST012,255.204,259.0916,254.3128,256.1575,3057718.0,EUR
2023-03-30,INST012,252.0066,254.6101,248.1608,254.3249,2895762.0,EUR
2023-03-31,INST012,258.3039,265.1286,249.9147,257.504,4409945.0,EUR
2023-04-03,INST012,257.6954,262.5519,253.7806,258.5778,650358.0,EUR
2023-04-04,INST012,252.1465,258.6672,250.1063,253.9495,749483.0,EUR
2023-04-05,INST012,255.1243,262.2781,255.9349,257.1201,1671228.0,EUR
2023-04-06,INST012,258.3073,261.6619,260.241,260.3504,4785597.0,EUR
2023-04-07,INST012,259.8453,261.3731,257.0986,258.0321,2509072.0,EUR
2023-04-10,INST012,266.8669,266.9326,260.5127,264.3075,2275106.0,EUR
2023-04-11,INST012,264.63,270.024,256.5814,264.4016,749441.0,EUR
2023-04-12,INST012,260.4616,268.706,261.4474,262.0753,4786993.0,EUR
2023-04-13,INST012,265.4002,265.9691,264.8784,265.4599,1769518.0,EUR
2023-04-14,INST012,272.7301,274.8593,268.0282,270.3641,174563.0,EUR
2023-04-17,INST012,272.955,276.463,264.9553,271.694,1453343.0,EUR
2023-04-18,INST012,266.6146,268.245,263.2571,267.8368,2515156.0,EUR
2023-04-19,INST012,271.2743,276.7382,273.8825,273.889,632984.0,EUR
2023-04-20,INST012,281.9992,283.0208,277.295,279.2553,3757157.0,EUR
2023-04-21,INST012,275.8651,283.5459,272.1826,277.9571,3614561.0,EUR
2023-04-24,INST012,282.5316,288.7935,278.875,280.3936,4469058.0,EUR
2023-04-25,INST012,281.4752,290.5391,282.5527,283.3279,2492335.0,EUR
2023-04-26,INST012,285.2384,283.3852,278.5383,282.911,1694701.0,EUR
2023-04-27,INST012,278.1059,278.4535,273.5515,278.4004,551836.0,EUR
2023-04-28,INST012,285.0823,292.6641,277.0669,284.5775,3078677.0,EUR
2023-05-01,INST012,281.9175,286.6526,279.984,281.4907,4458191.0,EUR
2023-05-02,INST012,279.2669,281.8786,274.3924,280.737,1730949.0,EUR
2023-05-03,INST012,285.7061,291.6904,281.4555,287.4127,4186892.0,EUR
2023-05-04,INST012,281.1723,287.9666,275.0679,280.4017,275283.0,EUR
2023-05-05,INST012,275.6382,276.3558,267.7493,275.6789,2441445.0,EUR
2023-05-08,INST012,267.9017,274.5774,264.2079,269.7807,3321090.0,EUR
2023-05-09,INST012,274.9191,281.7459,272.4961,274.6185,3298256.0,EUR
2023-05-10,INST012,269.5468,271.8194,269.4193,270.4793,303277.0,EUR
2023-05-11,INST012,277.1472,281.4685,272.4399,275.3828,3950925.0,EUR
2023-05-12,INST012,277.4897,282.2938,275.5137,276.3389,1372342.0,EUR
2023-05-15,INST012,273.4964,273.5975,265.3359,272.8121,3807170.0,EUR
2023-05-16,INST012,269.7614,267.7437,260.8014,267.2745,4996356.0,EUR
2023-05-17,INST012,265.1383,271.7165,258.821,264.3727,2498942.0,EUR
2023-05-18,INST012,271.0805,276.3284,262.4962,269.2186,2473352.0,EUR
2023-05-19,INST012,264.2395,265.6248,259.4474,263.049,4968993.0,EUR
2023-05-22,INST012,265.7268,271.1447,258.7529,264.9765,2015662.0,EUR
2023-05-23,INST012,259.817,263.8938,257.1335,262.3445,3557700.0,EUR
2023-05-24,INST012,263.3053,265.4233,264.3188,264.9849,4825019.0,EUR
2023-05-25,INST012,271.4122,278.4091,269.7046,271.4837,3625251.0,EUR
2023-05-26,INST012,265.7582,269.5015,266.8,266.928,270163.0,EUR
2023-05-29,INST012,264.1665,266.7268,261.9093,264.2863,3476314.0,EUR
2023-05-30,INST012,262.8583,264.1758,258.5228,263.4641,4827253.0,EUR
2023-05-31,INST012,266.6928,269.4628,260.0761,265.8665,4743008.0,EUR
2023-06-01,INST012,259.8761,268.1073,254.9283,260.4113,4365438.0,EUR
2023-06-02,INST012,262.8287,263.9574,258.535,260.8518,4360950.0,EUR
2023-06-05,INST012,258.1317,265.1084,253.7678,259.0274,395181.0,EUR
2023-06-06,INST012,259.8426,261.9396,254.6286,261.9308,965588.0,EUR
2023-06-07,INST012,265.2774,272.3783,259.4394,265.572,2955143.0,EUR
2023-06-08,INST012,273.9159,271.8428,264.6366,271.269,4552991.0,EUR
2023-06-09,INST012,274.8306,285.1686,272.386,277.5766,1728214.0,EUR
2023-06-12,INST012,275.0044,274.723,272.0965,273.3756,1752504.0,EUR
2023-06-13,INST012,271.5519,274.3635,266.4392,272.7777,4085909.0,EUR
2023-06-14,INST012,266.3822,272.3444,267.1425,268.2328,3166124.0,EUR
2023-06-15,INST012,266.9904,273.3489,265.144,268.0084,4829825.0,EUR
2023-06-16,INST012,270.5731,276.3675,266.4552,271.7389,112787.0,EUR
2023-06-19,INST012,266.7536,274.2672,266.0955,267.7502,1069030.0,EUR
2023-06-20,INST012,268.8893,273.5918,263.7098,269.8618,2478753.0,EUR
2023-06-21,INST012,265.666,269.7024,258.5162,263.9481,2712948.0,EUR
2023-06-22,INST012,266.3861,274.9433,261.2417,268.4471,1083043.0,EUR
2023-06-23,INST012,268.0993,270.4307,265.9317,269.6842,4143838.0,EUR
2023-06-26,INST012,275.9728,277.1604,271.6118,276.27,2017361.0,EUR
2023-06-27,INST012,275.8786,278.3405,267.0075,274.4067,816957.0,EUR
2023-06-28,INST012,277.3013,277.728,269.3988,275.714,802432.0,EUR
2023-06-29,INST012,270.7631,280.1334,266.2476,272.9942,4600595.0,EUR
2023-06-30,INST012,271.7161,277.2182,265.6458,269.5594,2134452.0,EUR
2023-07-03,INST012,276.261,276.4943,270.3666,274.4522,119396.0,EUR
2023-07-04,INST012,275.2689,280.0496,269.7548,273.7473,4436516.0,EUR
2023-07-05,INST012,269.2341,275.2719,263.284,268.2462,2484011.0,EUR
2023-07-06,INST012,273.0217,273.85,267.9745,272.1706,3441215.0,EUR
2023-07-07,INST012,265.8168,271.7494,260.576,266.1629,1758424.0,EUR
2023-07-10,INST012,264.9365,267.9386,261.8196,264.4728,3386208.0,EUR
2023-07-11,INST012,266.458,269.0027,265.7558,268.7283,1267541.0,EUR
2023-07-12,INST012,260.9256,264.1567,258.2019,262.2251,702434.0,EUR
2023-07-13,INST012,262.7686,268.6086,256.3232,260.9663,212318.0,EUR
2023-07-14,INST012,264.9721,268.1453,257.3144,263.4186,4963140.0,EUR
2023-07-17,INST012,258.461,264.9748,253.3294,259.1491,444306.0,EUR
2023-07-18,INST012,255.0369,259.6319,250.3421,253.3126,4676862.0,EUR
2023-07-19,INST012,258.1201,264.8662,255.5529,257.2637,2311999.0,EUR
2023-07-20,INST012,262.3354,260.8791,256.8635,260.1131,4510576.0,EUR
2023-07-21,INST012,254.2446,259.9836,249.0214,253.8946,115246.0,EUR
2023-07-24,INST012,255.2953,258.8962,251.845,253.0043,3453144.0,EUR
2023-07-25,INST012,253.2362,254.4364,250.6195,252.9045,2329682.0,EUR
2023-07-26,INST012,248.5201,256.9693,246.672,249.5769,2253760.0,EUR
2023-07-27,INST012,244.7622,249.3515,236.6217,243.3734,3313886.0,EUR
2023-07-28,INST012,249.0346,248.4679,245.0968,247.3101,4669691.0,EUR
2023-07-31,INST012,245.7125,250.6044,245.2627,245.8551,3840628.0,EUR
2023-08-01,INST012,254.1177,254.49,247.6404,251.7199,3491629.0,EUR
2023-08-02,INST012,250.138,252.4232,244.9127,251.7668,4377159.0,EUR
2023-08-03,INST012,248.2386,250.2283,245.8171,247.5608,1027869.0,EUR
2023-08-04,INST012,249.7184,255.4813,243.8381,248.8734,4760406.0,EUR
2023-08-07,INST012,250.0879,256.5274,244.5485,250.698,3603142.0,EUR
2023-08-08,INST012,248.8796,256.7366,244.1523,251.3634,3575124.0,EUR
2023-08-09,INST012,254.5374,257.6063,251.0054,253.3146,2166054.0,EUR
2023-08-10,INST012,256.2961,258.3275,253.5279,255.3572,434788.0,EUR
2023-08-11,INST012,254.0439,259.9879,254.6936,255.6617,3750977.0,EUR
2023-08-14,INST012,258.2137,261.0935,259.5514,260.2677,2660812.0,EUR
2023-08-15,INST012,252.6662,259.6542,247.7834,254.0643,3768485.0,EUR
2023-08-16,INST012,257.7267,261.6855,255.9415,257.8895,2315893.0,EUR
2023-08-17,INST012,256.4352,259.0339,247.4399,254.4981,3304474.0,EUR
2023-08-18,INST012,251.7165,250.455,249.2994,249.6082,4946491.0,EUR
2023-08-21,INST012,253.2134,259.4599,252.0958,253.1937,1746003.0,EUR
2023-08-22,INST012,254.3691,258.1476,251.6953,255.4924,4521699.0,EUR
2023-08-23,INST012,249.1263,258.4801,246.7705,251.2462,4816986.0,EUR
2023-08-24,INST012,253.7784,260.4262,254.9833,255.8022,1687969.0,EUR
2023-08-25,INST012,262.3329,268.8398,259.8443,261.7872,607554.0,EUR
2023-08-28,INST012,259.3376,265.8139,256.281,261.3538,3335262.0,EUR
2023-08-29,INST012,265.2158,267.7581,265.1406,266.5468,2481742.0,EUR
2023-08-30,INST012,270.1096,277.5362,265.2013,272.6126,2830182.0,EUR
2023-08-31,INST012,276.5448,282.3075,270.2909,276.5688,2581412.0,EUR
2023-09-01,INST012,269.4704,277.896,267.1379,270.2672,2882388.0,EUR
2023-09-04,INST012,272.9817,273.7601,267.858,272.5811,3828819.0,EUR
2023-09-05,INST012,272.5917,276.6486,267.8485,272.8978,3889858.0,EUR
2023-09-06,INST012,276.7659,283.8164,273.0454,277.3382,2148611.0,EUR
2023-09-07,INST012,273.2928,271.4825,270.4962,271.2253,1772585.0,EUR
2023-09-08,INST012,274.5235,282.0867,271.5626,276.1643,3072776.0,EUR
2023-09-11,INST012,275.2985,279.4033,275.306,277.9577,2561897.0,EUR
2023-09-12,INST012,282.7895,285.4755,280.7128,282.7569,4932921.0,EUR
2023-09-13,INST012,281.9479,282.9028,278.0932,280.2859,1434072.0,EUR
2023-09-14,INST012,286.144,289.5674,280.9104,283.944,899942.0,EUR
2023-09-15,INST012,282.304,281.5002,277.0064,280.3571,1309457.0,EUR
2023-09-18,INST012,286.8125,292.8893,276.7114,284.4161,3820105.0,EUR
2023-09-19,INST012,291.9786,290.2981,281.9201,289.3325,4846786.0,EUR
2023-09-20,INST012,295.8485,299.5816,289.3042,294.4369,656296.0,EUR
2023-09-21,INST012,286.0105,290.4269,281.0996,288.4876,1944894.0,EUR
2023-09-22,INST012,284.1868,290.6428,281.6575,286.6817,192478.0,EUR
2023-09-25,INST012,279.3515,280.1125,275.5642,279.7241,4452418.0,EUR
2023-09-26,INST012,281.7586,288.1907,280.783,281.1353,4808269.0,EUR
2023-09-27,INST012,276.5818,279.5089,273.2383,274.4408,2189085.0,EUR
2023-09-28,INST012,271.4385,270.593,264.1367,270.1463,3635142.0,EUR
2023-09-29,INST012,276.7826,275.4692,267.2848,275.2239,2775574.0,EUR
2023-10-02,INST012,273.0917,275.8854,273.1407,275.2073,3432110.0,EUR
2023-10-03,INST012,278.3159,283.9019,270.3904,278.3751,3498691.0,EUR
2023-10-04,INST012,278.2945,285.0071,277.5367,279.6479,4740518.0,EUR
2023-10-05,INST012,277.7478,283.1155,274.1417,278.0792,4794222.0,EUR
2023-10-06,INST012,283.3719,281.3274,276.7798,280.9027,3810993.0,EUR
2023-10-09,INST012,280.4976,284.5497,277.1375,282.2805,3798143.0,EUR
2023-10-10,INST012,284.3028,287.8602,280.4415,285.8234,4487466.0,EUR
2023-10-11,INST012,291.2831,294.5209,287.8994,289.7122,4255847.0,EUR
2023-10-12,INST012,289.7791,296.916,288.4651,289.61,4314685.0,EUR
2023-10-13,INST012,293.0851,304.6478,290.793,295.7938,1485000.0,EUR
2023-10-16,INST012,297.7277,309.0043,293.8814,300.5308,2957967.0,EUR
2023-10-17,INST012,305.9543,310.4815,300.0133,305.8216,4702839.0,EUR
2023-10-18,INST012,300.4066,300.8581,294.6797,300.4909,1857092.0,EUR
2023-10-19,INST012,291.6797,296.0765,287.5462,294.0263,4270651.0,EUR
2023-10-20,INST012,297.6155,299.6129,295.6073,295.6669,622813.0,EUR
2023-10-23,INST012,298.3393,308.6229,291.6634,299.7539,4638819.0,EUR
2023-10-24,INST012,307.137,306.8428,303.4361,305.2944,2124210.0,EUR
2023-10-25,INST012,304.2819,305.7965,301.9914,303.4239,3765535.0,EUR
2023-10-26,INST012,296.9589,303.4332,289.5422,297.4133,1418774.0,EUR
2023-10-27,INST012,295.5738,302.0299,289.9834,296.3355,4187337.0,EUR
2023-10-30,INST012,297.0334,302.6521,292.9481,297.9356,4149334.0,EUR
2023-10-31,INST012,291.2211,295.9833,288.641,291.2695,3399282.0,EUR
2023-11-01,INST012,287.1625,293.6718,286.7212,290.0222,3932133.0,EUR
2023-11-02,INST012,286.6007,291.1467,280.0774,286.6187,4751357.0,EUR
2023-11-03,INST012,286.0702,285.822,280.2484,285.1943,2672630.0,EUR
2023-11-06,INST012,291.2025,292.0198,283.5122,290.7792,312618.0,EUR
2023-11-07,INST012,290.2346,291.1148,286.3276,288.6864,1914707.0,EUR
2023-11-08,INST012,287.5376,292.5598,279.4598,287.2271,3147525.0,EUR
2023-11-09,INST012,283.2818,289.2641,279.6843,285.2295,4262149.0,EUR
2023-11-10,INST012,292.1842,296.3128,288.3512,292.2793,843658.0,EUR
2023-11-13,INST012,290.2953,287.6327,284.1472,287.5831,2323442.0,EUR
2023-11-14,INST012,281.4704,286.0491,281.3492,283.0713,3008512.0,EUR
2023-11-15,INST012,277.2767,278.0681,271.3385,276.0624,2881305.0,EUR
2023-11-16,INST012,269.7201,273.5744,265.4714,271.6526,3388843.0,EUR
2023-11-17,INST012,275.577,277.8883,267.2968,273.7726,1880356.0,EUR
2023-11-20,INST012,266.9867,275.5146,268.2326,268.5413,2059389.0,EUR
2023-11-21,INST012,272.9531,281.3471,272.1767,274.7551,3883400.0,EUR
2023-11-22,INST012,270.6614,276.6464,261.6145,269.1944,1232029.0,EUR
2023-11-23,INST012,272.597,271.4182,265.8967,270.6644,2756156.0,EUR
2023-11-24,INST012,277.0359,278.2564,271.6363,274.4623,4606460.0,EUR
2023-11-27,INST012,280.4434,282.7848,274.6949,280.2828,4006012.0,EUR
2023-11-28,INST012,279.9989,285.6817,276.7293,279.6074,2744179.0,EUR
2023-11-29,INST012,272.3382,277.3228,265.9634,272.7114,2410872.0,EUR
2023-11-30,INST012,278.6515,278.8962,277.4133,278.5773,3690301.0,EUR
2023-12-01,INST012,278.5391,284.3855,275.4819,278.2085,2022764.0,EUR
2023-12-04,INST012,270.6854,273.5292,270.2446,272.4524,622421.0,EUR
2023-12-05,INST012,268.9079,275.12,265.9717,268.0545,2925948.0,EUR
2023-12-06,INST012,265.6551,270.1599,263.875,265.9967,1805540.0,EUR
2023-12-07,INST012,267.9474,278.1861,265.5615,270.1176,368642.0,EUR
2023-12-08,INST012,274.59,279.6183,273.9266,274.0304,2704340.0,EUR
2023-12-11,INST012,269.3172,272.2339,265.0447,269.5166,2285006.0,EUR
2023-12-12,INST012,272.5077,276.507,269.6022,271.0398,4817792.0,EUR
2023-12-13,INST012,277.1535,281.7015,274.3594,276.7447,4608208.0,EUR
2023-12-14,INST012,277.0048,279.6805,268.0963,275.8056,3028050.0,EUR
2023-12-15,INST012,275.4129,280.6116,273.2125,277.9701,1632602.0,EUR
2023-12-18,INST012,277.882,277.7517,275.7325,277.3275,1516129.0,EUR
2023-12-19,INST012,275.4759,280.9116,271.8259,278.2185,884754.0,EUR
2023-12-20,INST012,272.45,275.4367,270.5778,272.4654,1720075.0,EUR
2023-12-21,INST012,280.4146,282.3952,272.9968,278.5094,1048387.0,EUR
2023-12-22,INST012,272.7093,283.5499,269.0586,275.4367,1899804.0,EUR
2023-12-25,INST012,275.0124,282.2881,274.2188,274.3649,801629.0,EUR
2023-12-26,INST012,273.6548,273.2166,266.8477,271.2369,999844.0,EUR
2023-12-27,INST012,267.0867,272.0485,263.3272,269.4019,4449005.0,EUR
2023-12-28,INST012,270.7749,276.1717,269.9439,270.6219,4587721.0,EUR
2023-12-29,INST012,269.9293,273.4776,269.4588,270.9049,2448610.0,EUR
2024-01-01,INST012,273.1985,276.2572,269.8472,271.7958,4717471.0,EUR
2024-01-02,INST012,271.1857,273.1182,267.673,269.4968,4182021.0,EUR
2024-01-03,INST012,268.8625,269.4883,259.3563,266.203,1129029.0,EUR
2024-01-04,INST012,262.0363,268.0534,256.2777,261.5151,3756683.0,EUR
2024-01-05,INST012,258.9526,262.8525,250.1598,256.7724,3103696.0,EUR
2024-01-08,INST012,258.5626,264.6078,250.099,257.2988,145878.0,EUR
2024-01-09,INST012,251.2854,256.3019,246.4192,253.5014,3220428.0,EUR
2024-01-10,INST012,255.4474,257.2501,251.7767,256.6866,1888578.0,EUR
2024-01-11,INST012,255.5752,257.7623,250.4676,256.5969,692482.0,EUR
2024-01-12,INST012,256.3492,261.4484,253.133,254.8923,3842943.0,EUR
2024-01-15,INST012,252.6301,254.8121,249.4409,254.6197,818799.0,EUR
2024-01-16,INST012,250.6817,252.8204,245.229,252.4486,3820875.0,EUR
2024-01-17,INST012,250.4755,249.8559,247.0781,248.7688,4574443.0,EUR
2024-01-18,INST012,245.8826,248.7122,243.0979,244.1431,2101854.0,EUR
2024-01-19,INST012,239.0222,247.0812,234.9461,240.5083,116714.0,EUR
2024-01-22,INST012,243.026,244.2233,239.1853,242.8032,138127.0,EUR
2024-01-23,INST012,243.9998,246.3498,243.753,245.9368,3761357.0,EUR
2024-01-24,INST012,245.7183,245.9669,244.3882,245.0924,3672582.0,EUR
2024-01-25,INST012,251.6028,250.9157,248.2896,249.6489,266802.0,EUR
2024-01-26,INST012,252.9213,261.6274,247.8073,254.6037,1091229.0,EUR
2024-01-29,INST012,251.8716,252.3462,245.2721,249.7489,1357353.0,EUR
2024-01-30,INST012,244.532,252.1816,243.083,246.4756,4435620.0,EUR
2024-01-31,INST012,250.1613,253.2168,247.9619,252.2565,3330697.0,EUR
2024-02-01,INST012,255.2562,259.1713,251.4874,256.8591,3335717.0,EUR
2024-02-02,INST012,260.2351,266.4088,258.8172,262.6367,1587707.0,EUR
2024-02-05,INST012,261.1792,262.1209,257.0058,259.5289,3939062.0,EUR
2024-02-06,INST012,256.8289,263.7587,251.3422,258.7946,3943557.0,EUR
2024-02-07,INST012,258.2953,265.1871,256.7964,258.5361,1954070.0,EUR
2024-02-08,INST012,260.5606,268.7354,257.5935,261.999,1070493.0,EUR
2024-02-09,INST012,269.2752,275.7585,266.4959,267.9571,1535603.0,EUR
2024-02-12,INST012,271.0536,275.5615,265.3473,273.4673,249785.0,EUR
2024-02-13,INST012,281.1153,287.9088,277.7155,279.7516,4828111.0,EUR
2024-02-14,INST012,274.4623,276.8482,267.7334,273.7606,765240.0,EUR
2024-02-15,INST012,269.6111,277.1384,266.2441,269.5712,668127.0,EUR
2024-02-16,INST012,265.4713,271.9577,262.9627,268.006,3529548.0,EUR
2024-02-19,INST012,268.2673,267.9882,262.5325,266.174,1122290.0,EUR
2024-02-20,INST012,265.9815,268.4596,258.7702,265.1694,1604302.0,EUR
2024-02-21,INST012,263.8509,263.2788,255.7834,262.6278,4846077.0,EUR
2024-02-22,INST012,260.2813,265.3961,256.0228,259.1258,1785234.0,EUR
2024-02-23,INST012,257.9081,258.5388,249.3945,255.8337,4103510.0,EUR
2024-02-26,INST012,252.168,253.1261,247.4528,249.8797,2916259.0,EUR
2024-02-27,INST012,253.7288,256.2729,246.5988,251.6786,617975.0,EUR
2024-02-28,INST012,250.9621,254.1253,249.3764,250.4769,2956795.0,EUR
2024-02-29,INST012,254.682,255.1364,250.2957,252.9726,4406775.0,EUR
2024-03-01,INST012,251.6545,257.2913,248.4046,250.4303,780757.0,EUR
2024-03-04,INST012,249.8271,254.0165,246.4117,251.361,3505179.0,EUR
2024-03-05,INST012,246.0301,247.0086,239.682,246.6802,1002226.0,EUR
2024-03-06,INST012,251.8096,258.8417,248.8734,252.724,4531569.0,EUR
2024-03-07,INST012,256.3589,260.3076,253.277,257.0374,3725930.0,EUR
2024-03-08,INST012,255.6906,261.9363,249.4294,255.1679,1100890.0,EUR
2024-03-11,INST012,258.601,261.4389,250.6853,256.2601,500448.0,EUR
2024-03-12,INST012,252.2994,255.0786,243.8054,250.8833,2732907.0,EUR
2024-03-13,INST012,250.8899,255.6037,248.2485,249.7537,3742380.0,EUR
2024-03-14,INST012,244.7246,249.8641,240.4036,245.7538,2219458.0,EUR
2024-03-15,INST012,239.1042,244.3222,237.9679,240.1976,4440048.0,EUR
2024-03-18,INST012,245.2141,249.4001,243.0091,243.955,2561720.0,EUR
2024-03-19,INST012,248.5243,249.9521,242.8955,247.0815,354638.0,EUR
2024-03-20,INST012,247.7808,254.5912,246.4292,250.0211,4257616.0,EUR
2024-03-21,INST012,249.5876,248.3775,240.7982,248.0426,587972.0,EUR
2024-03-22,INST012,245.0729,247.6209,242.8962,245.4498,782557.0,EUR
2024-03-25,INST012,249.5146,256.0175,247.1888,251.4876,3279475.0,EUR
2024-03-26,INST012,245.2704,249.5367,243.8476,246.9311,2699514.0,EUR
2024-03-27,INST012,254.5739,255.1204,250.3345,252.3457,4768700.0,EUR
2024-03-28,INST012,246.449,248.1564,243.2662,246.5569,168659.0,EUR
2024-03-29,INST012,251.831,251.7237,245.7051,250.7351,3387400.0,EUR
2024-04-01,INST012,246.1866,254.3347,248.4366,248.4958,4768373.0,EUR
2024-04-02,INST012,246.7594,250.0007,241.116,244.7135,988140.0,EUR
2024-04-03,INST012,241.8788,247.5113,237.2191,242.2742,3993101.0,EUR
2024-04-04,INST012,244.3529,252.7053,243.8188,246.5358,1412016.0,EUR
2024-04-05,INST012,247.9314,257.0193,246.7042,250.3378,1859893.0,EUR
2024-04-08,INST012,249.4175,248.8102,243.0819,248.4514,1493236.0,EUR
2024-04-09,INST012,246.7442,252.6635,242.9314,246.7543,1711874.0,EUR
2024-04-10,INST012,251.8959,255.2825,250.2924,252.9058,4622134.0,EUR
2024-04-11,INST012,254.2694,259.101,255.6706,256.0186,4949000.0,EUR
2024-04-12,INST012,250.7298,257.4052,249.6575,250.2505,3568669.0,EUR
2024-04-15,INST012,250.3366,255.8324,243.8356,249.7875,2613148.0,EUR
2024-04-16,INST012,254.5304,253.5167,249.9784,252.7274,3059244.0,EUR
2024-04-17,INST012,253.424,259.5687,249.588,254.1033,1155879.0,EUR
2024-04-18,INST012,248.8652,253.2737,246.344,250.0832,2307887.0,EUR
2024-04-19,INST012,250.7212,258.4259,250.5666,252.282,1203988.0,EUR
2024-04-22,INST012,253.323,261.3511,249.8909,254.5483,1678539.0,EUR
2024-04-23,INST012,257.0401,263.6501,251.6885,259.2273,1277381.0,EUR
2024-04-24,INST012,255.677,261.5023,251.1038,255.3843,2414948.0,EUR
2024-04-25,INST012,249.6346,254.8949,246.292,251.5972,145026.0,EUR
2024-04-26,INST012,258.276,259.8881,249.4091,256.6865,4143830.0,EUR
2024-04-29,INST012,250.7112,253.5215,247.0116,252.2583,3006277.0,EUR
2024-04-30,INST012,251.0284,257.7199,251.1596,253.3428,3780256.0,EUR
2024-05-01,INST012,249.8899,256.2121,249.0117,251.4382,4277420.0,EUR
2024-05-02,INST012,250.9063,257.1705,246.367,252.2819,4264619.0,EUR
2024-05-03,INST012,252.1481,253.2206,250.9558,251.8427,4850620.0,EUR
2024-05-06,INST012,251.8507,252.1264,243.5033,250.541,2681784.0,EUR
2024-05-07,INST012,248.9217,251.7072,243.1358,249.4515,2679173.0,EUR
2024-05-08,INST012,244.6645,252.8991,244.3667,246.6128,1351508.0,EUR
2024-05-09,INST012,249.4927,253.4879,247.6734,248.0,2994019.0,EUR
2024-05-10,INST012,241.6403,245.2503,235.6749,241.9046,1131994.0,EUR
2024-05-13,INST012,241.0522,244.2554,237.7522,240.9937,1014137.0,EUR
2024-05-14,INST012,242.6429,250.7422,243.8999,243.9544,4010555.0,EUR
2024-05-15,INST012,244.1868,251.5802,243.3229,245.2456,3088313.0,EUR
2024-05-16,INST012,246.5357,253.6161,245.2659,247.6169,2817910.0,EUR
2024-05-17,INST012,248.8786,255.7471,242.62,248.8446,578227.0,EUR
2024-05-20,INST012,250.1061,258.5552,250.3837,251.8732,1062036.0,EUR
2024-05-21,INST012,248.215,249.7783,244.6974,246.3619,2662684.0,EUR
2024-05-22,INST012,245.8983,246.7955,240.4943,245.2268,410297.0,EUR
2024-05-23,INST012,243.8719,248.9999,241.3398,242.2941,502537.0,EUR
2024-05-24,INST012,241.6584,240.9938,238.9915,240.486,1804145.0,EUR
2024-05-27,INST012,237.5339,246.307,234.6394,239.6172,4115540.0,EUR
2024-05-28,INST012,240.6743,247.2161,238.0471,240.3568,251395.0,EUR
2024-05-29,INST012,232.7517,238.8855,234.0229,234.9028,3884602.0,EUR
2024-05-30,INST012,232.3467,235.1569,229.9082,234.0632,3956961.0,EUR
2024-05-31,INST012,233.3008,235.1148,226.3236,231.6866,4261408.0,EUR
2024-06-03,INST012,233.3548,233.9279,228.0786,233.6113,1441500.0,EUR
2024-06-04,INST012,228.143,233.9106,227.9367,230.021,3800418.0,EUR
2024-06-05,INST012,233.5707,239.5952,230.5352,235.012,2031036.0,EUR
2024-06-06,INST012,238.9398,241.3306,237.1989,240.0958,2167891.0,EUR
2024-06-07,INST012,244.7063,248.1288,237.638,244.7636,2700669.0,EUR
2024-06-10,INST012,245.6622,248.2862,243.0676,244.8725,1826675.0,EUR
2024-06-11,INST012,237.4164,245.019,235.1185,239.1794,2787207.0,EUR
2024-06-12,INST012,242.0377,243.7874,237.6463,243.1493,3599675.0,EUR
2024-06-13,INST012,244.5949,250.2571,240.6039,245.2038,659347.0,EUR
2024-06-14,INST012,251.2459,255.2893,249.2639,250.715,1486423.0,EUR
2024-06-17,INST012,248.6625,250.6133,241.3084,247.1096,3526785.0,EUR
2024-06-18,INST012,249.2624,254.4112,243.1163,247.7721,4843936.0,EUR
2024-06-19,INST012,242.6358,249.222,239.233,244.0022,3999187.0,EUR
2024-06-20,INST012,246.7926,251.059,242.0942,246.0204,1248826.0,EUR
2024-06-21,INST012,238.3253,244.1,239.8119,240.1824,4526702.0,EUR
2024-06-24,INST012,247.5339,250.2697,242.5561,245.5204,510778.0,EUR
2024-06-25,INST012,252.5382,256.3261,244.5556,251.0361,1269400.0,EUR
2024-06-26,INST012,250.0946,252.0522,251.0324,251.1984,3018394.0,EUR
2024-06-27,INST012,256.7968,262.061,251.3487,256.3647,3553857.0,EUR
2024-06-28,INST012,256.141,261.2757,247.4055,253.7574,3555408.0,EUR
2024-07-01,INST012,259.9426,264.7776,256.5952,258.7031,2426699.0,EUR
2024-07-02,INST012,260.364,266.6591,257.3219,261.7347,4484939.0,EUR
2024-07-03,INST012,264.1116,270.8495,257.8078,264.6968,740981.0,EUR
2024-07-04,INST012,264.1166,269.8042,258.097,264.2601,3346031.0,EUR
2024-07-05,INST012,271.087,270.847,261.5607,268.6249,232628.0,EUR
2024-07-08,INST012,273.0449,273.3017,266.0556,271.3431,1106330.0,EUR
2024-07-09,INST012,277.1272,282.6493,270.7917,277.1183,3297532.0,EUR
2024-07-10,INST012,272.2013,280.1415,264.6221,272.4367,1469422.0,EUR
2024-07-11,INST012,271.051,277.6386,269.764,272.3714,4816377.0,EUR
2024-07-12,INST012,276.778,277.8884,268.6507,274.5479,1982921.0,EUR
2024-07-15,INST012,270.5576,274.9555,272.1312,273.1878,2900496.0,EUR
2024-07-16,INST012,277.1303,282.5332,274.8751,276.2516,1041156.0,EUR
2024-07-17,INST012,280.751,282.4648,280.5532,282.1101,3603662.0,EUR
2024-07-18,INST012,283.6492,283.1825,279.5836,281.0545,3168897.0,EUR
2024-07-19,INST012,281.803,284.9859,280.536,281.5775,3604715.0,EUR
2024-07-22,INST012,277.6178,282.1478,276.1831,280.0365,933193.0,EUR
2024-07-23,INST012,277.395,283.3901,272.7916,279.1819,4726621.0,EUR
2024-07-24,INST012,274.7657,282.4134,267.4843,275.7122,4777920.0,EUR
2024-07-25,INST012,271.8768,279.1016,269.9751,271.1532,642217.0,EUR
2024-07-26,INST012,265.6132,267.1555,260.9744,266.6409,3632977.0,EUR
2024-07-29,INST012,264.0726,265.3776,260.2453,264.6851,3204236.0,EUR
2024-07-30,INST012,261.995,262.7642,254.9672,260.0871,4328880.0,EUR
2024-07-31,INST012,254.3702,259.288,247.7913,254.518,451451.0,EUR
2024-08-01,INST012,259.0548,263.1271,251.2565,258.5195,2243864.0,EUR
2024-08-02,INST012,263.329,265.5906,257.0892,263.787,4580573.0,EUR
2024-08-05,INST012,272.6723,275.6882,265.9778,270.0927,4507524.0,EUR
2024-08-06,INST012,275.073,275.9076,266.7639,272.3837,1892583.0,EUR
2024-08-07,INST012,267.8691,272.7121,266.5515,267.1175,4034370.0,EUR
2024-08-08,INST012,264.3566,264.9294,258.9669,263.3842,2546317.0,EUR
2024-08-09,INST012,260.2384,266.2931,254.8894,261.009,1397387.0,EUR
2024-08-12,INST012,260.4629,264.5876,255.3506,260.5273,348195.0,EUR
2024-08-13,INST012,260.5645,260.0656,256.2904,258.54,4457812.0,EUR
2024-08-14,INST012,260.2575,263.5385,257.5402,260.9383,673546.0,EUR
2024-08-15,INST012,263.8879,271.2006,258.7308,265.1161,4970943.0,EUR
2024-08-16,INST012,266.0647,269.9958,262.8642,268.7118,3616377.0,EUR
2024-08-19,INST012,263.6721,271.7733,261.9437,265.8341,968612.0,EUR
2024-08-20,INST012,259.5151,264.028,254.131,261.8785,4693425.0,EUR
2024-08-21,INST012,258.1312,261.0727,255.9655,259.1355,1245451.0,EUR
2024-08-22,INST012,256.9694,256.9331,250.2102,256.2213,4908482.0,EUR
2024-08-23,INST012,261.9166,265.3775,259.1921,261.3259,2462698.0,EUR
2024-08-26,INST012,262.5772,269.407,258.8345,264.078,4849706.0,EUR
2024-08-27,INST012,264.8504,271.6395,262.6028,266.4767,4015826.0,EUR
2024-08-28,INST012,269.351,272.2204,260.5163,267.2527,2935031.0,EUR
2024-08-29,INST012,274.0346,276.19,271.51,271.7545,3585404.0,EUR
2024-08-30,INST012,267.2633,271.992,265.8947,266.3336,2159510.0,EUR
2024-09-02,INST012,265.1438,272.3673,259.2696,266.2575,2631645.0,EUR
2024-09-03,INST012,273.2577,276.4181,266.1249,270.6989,4520118.0,EUR
2024-09-04,INST012,270.8386,275.6529,267.3378,271.8279,3163243.0,EUR
2024-09-05,INST012,278.6242,277.9332,276.9948,277.1297,1066752.0,EUR
2024-09-06,INST012,275.6535,281.1173,276.2534,277.4344,1782780.0,EUR
2024-09-09,INST012,283.4951,289.0106,280.0842,282.3469,510646.0,EUR
2024-09-10,INST012,286.0597,288.8603,280.4073,288.7058,717058.0,EUR
2024-09-11,INST012,285.4467,283.5797,278.9293,282.903,1538995.0,EUR
2024-09-12,INST012,278.2527,281.8494,271.6681,276.8502,4317417.0,EUR
2024-09-13,INST012,281.559,288.8381,275.18,280.8069,2290568.0,EUR
2024-09-16,INST012,274.7611,284.1194,274.8836,276.3238,2178104.0,EUR
2024-09-17,INST012,270.408,277.685,266.25,270.0427,1136452.0,EUR
2024-09-18,INST012,271.2492,278.1981,269.738,271.7416,135307.0,EUR
2024-09-19,INST012,272.2643,281.0351,266.5644,274.5859,4311125.0,EUR
2024-09-20,INST012,274.238,280.9322,268.163,275.781,3835743.0,EUR
2024-09-23,INST012,270.7092,274.4248,265.643,269.4174,1946599.0,EUR
2024-09-24,INST012,269.4398,275.3929,267.4332,269.206,4862207.0,EUR
2024-09-25,INST012,276.6885,277.9358,272.9135,275.2008,3384805.0,EUR
2024-09-26,INST012,273.0693,274.7423,272.5218,272.8735,133431.0,EUR
2024-09-27,INST012,276.5188,280.9719,277.7015,278.3363,4023242.0,EUR
2024-09-30,INST012,280.9148,282.893,277.1896,280.9233,3851471.0,EUR
2024-10-01,INST012,282.9894,288.1801,281.9244,284.579,1184449.0,EUR
2024-10-02,INST012,285.5496,290.6326,282.5059,286.5785,1938859.0,EUR
2024-10-03,INST012,293.0982,292.4424,288.461,291.5941,4812911.0,EUR
2024-10-04,INST012,292.2381,300.3797,291.5738,293.6959,3783511.0,EUR
2024-10-07,INST012,294.3528,303.1018,293.2502,294.7359,4950501.0,EUR
2024-10-08,INST012,289.411,296.1485,282.9509,288.3981,1518394.0,EUR
2024-10-09,INST012,293.8572,299.1923,286.5355,294.2255,4468727.0,EUR
2024-10-10,INST012,297.7225,303.4638,292.6882,297.1256,4751853.0,EUR
2024-10-11,INST012,299.5331,305.7754,292.0561,300.6324,3073479.0,EUR
2024-10-14,INST012,304.0507,310.2245,303.9326,306.755,895075.0,EUR
2024-10-15,INST012,313.4726,318.0558,307.2174,312.7524,4193533.0,EUR
2024-10-16,INST012,313.7625,318.5124,310.8334,311.9425,897416.0,EUR
2024-10-17,INST012,317.1466,327.6872,308.9051,318.1505,778130.0,EUR
2024-10-18,INST012,314.2183,316.5953,308.5992,316.3302,4176961.0,EUR
2024-10-21,INST012,314.1994,315.7176,309.6247,312.4481,1886026.0,EUR
2024-10-22,INST012,313.1219,318.6574,305.5702,310.1543,4087454.0,EUR
2024-10-23,INST012,304.0268,308.3857,302.7101,306.181,2711169.0,EUR
2024-10-24,INST012,308.6164,318.3891,307.3673,309.3084,3615802.0,EUR
2024-10-25,INST012,315.9024,313.3805,310.7992,313.3405,1654745.0,EUR
2024-10-28,INST012,320.3218,324.6655,312.0439,319.9794,1360506.0,EUR
2024-10-29,INST012,315.7203,320.9717,307.5323,316.2982,3913571.0,EUR
2024-10-30,INST012,319.5036,327.8567,318.9338,319.5024,2857582.0,EUR
2024-10-31,INST012,322.33,326.3356,318.7392,321.7111,2603153.0,EUR
2024-11-01,INST012,323.1032,332.8686,317.2345,325.721,4903060.0,EUR
2024-11-04,INST012,323.4273,331.5074,320.6471,325.6619,4846827.0,EUR
2024-11-05,INST012,331.4348,333.4451,323.13,330.8413,829471.0,EUR
2024-11-06,INST012,331.1109,334.7113,330.1784,330.9642,3824494.0,EUR
2024-11-07,INST012,324.3588,327.2494,316.8535,325.2909,264272.0,EUR
2024-11-08,INST012,318.6722,322.9176,310.6655,319.7756,4050263.0,EUR
2024-11-11,INST012,324.0986,330.9795,322.196,324.3281,3289969.0,EUR
2024-11-12,INST012,333.4648,335.9599,330.536,331.4583,2127379.0,EUR
2024-11-13,INST012,340.14,346.5135,332.6718,336.8481,1709171.0,EUR
2024-11-14,INST012,338.2229,344.965,331.4878,337.799,1387986.0,EUR
2024-11-15,INST012,337.8379,342.7931,330.1953,337.6779,3517485.0,EUR
2024-11-18,INST012,345.5596,349.2923,337.7496,344.591,2754043.0,EUR
2024-11-19,INST012,342.3964,346.0307,334.1636,339.8247,194746.0,EUR
2024-11-20,INST012,330.5836,339.6298,331.8598,332.5642,4439638.0,EUR
2024-11-21,INST012,323.5752,327.0812,316.1632,325.6935,1019635.0,EUR
2024-11-22,INST012,323.0664,324.0989,318.6737,321.9559,3970414.0,EUR
2024-11-25,INST012,317.7916,329.424,315.3706,320.6876,3640338.0,EUR
2024-11-26,INST012,315.6634,322.6529,308.207,316.1346,1766414.0,EUR
2024-11-27,INST012,321.2871,327.4837,310.1559,318.6238,814466.0,EUR
2024-11-28,INST012,321.0914,321.5836,311.5221,319.6999,4743538.0,EUR
2024-11-29,INST012,315.9884,321.8718,312.4775,314.2761,1255856.0,EUR
2024-12-02,INST012,315.8067,314.766,307.6274,314.3034,3206063.0,EUR
2024-12-03,INST012,314.15,314.6504,307.4116,312.2011,2824237.0,EUR
2024-12-04,INST012,310.764,318.1439,309.8867,310.3118,1728047.0,EUR
2024-12-05,INST012,311.9787,311.535,305.3424,309.7199,1819930.0,EUR
2024-12-06,INST012,313.9086,317.771,310.6404,314.1804,1301001.0,EUR
2024-12-09,INST012,314.6924,318.3337,312.4966,316.9373,513980.0,EUR
2024-12-10,INST012,320.1892,325.6334,313.1357,317.4563,2380269.0,EUR
2024-12-11,INST012,325.3442,331.4437,321.6616,323.8073,1880517.0,EUR
2024-12-12,INST012,320.8028,326.0238,314.7292,318.4085,4402521.0,EUR
2024-12-13,INST012,325.7389,327.832,316.6793,326.3419,1278767.0,EUR
2024-12-16,INST012,324.6181,331.6602,317.3716,326.7976,3298733.0,EUR
2024-12-17,INST012,325.2397,330.072,319.1791,325.9072,4552081.0,EUR
2024-12-18,INST012,329.4243,334.823,323.3221,331.5095,3589147.0,EUR
2024-12-19,INST012,328.8661,340.8302,323.3894,331.4073,702953.0,EUR
2024-12-20,INST012,340.014,346.6294,334.3203,338.6898,2567361.0,EUR
2024-12-23,INST012,338.6695,341.5968,332.5594,338.5671,4881731.0,EUR
2024-12-24,INST012,331.7544,338.4371,322.2952,331.3436,757196.0,EUR
2024-12-25,INST012,329.2606,330.5028,318.9539,328.3388,1819359.0,EUR
2024-12-26,INST012,320.4009,327.1032,317.8942,320.9485,255314.0,EUR
2024-12-27,INST012,326.6186,332.379,322.6748,325.8927,1833516.0,EUR
2024-12-30,INST012,326.5698,333.2762,319.4478,328.3402,3309458.0,EUR
2024-12-31,INST012,325.839,330.6447,319.5761,326.3366,2404097.0,EUR
2022-01-03,INST013,250.5095,255.1247,248.0736,252.9222,4668574.0,USD
2022-01-04,INST013,249.0154,257.0147,243.8723,250.1085,4076798.0,USD
2022-01-05,INST013,246.5747,251.5751,240.3716,245.5761,2174359.0,USD
2022-01-06,INST013,243.0142,247.765,237.8272,244.2378,1145801.0,USD
2022-01-07,INST013,244.0714,251.855,238.9753,246.0037,1015739.0,USD
2022-01-10,INST013,250.6294,255.4736,248.1283,252.062,3478337.0,USD
2022-01-11,INST013,256.5847,259.1167,256.0494,256.9362,469487.0,USD
2022-01-12,INST013,255.8332,259.446,247.6264,253.6242,3991164.0,USD
2022-01-13,INST013,258.0523,262.6176,253.8499,256.85,3513370.0,USD
2022-01-14,INST013,252.2897,259.212,246.678,253.74,2705638.0,USD
2022-01-17,INST013,246.0447,255.1501,246.282,247.8009,4767978.0,USD
2022-01-18,INST013,254.712,255.8508,251.2899,252.5806,960752.0,USD
2022-01-19,INST013,248.7026,248.2812,245.3073,247.6859,4714630.0,USD
2022-01-20,INST013,248.006,250.582,246.9783,248.1728,2037065.0,USD
2022-01-21,INST013,243.7807,245.8707,237.319,242.9964,3552100.0,USD
2022-01-24,INST013,241.0917,245.783,238.1398,241.3072,3613622.0,USD
2022-01-25,INST013,237.9543,241.792,239.6199,239.8505,4040944.0,USD
2022-01-26,INST013,234.1906,238.4925,228.3395,234.8823,1934844.0,USD
2022-01-27,INST013,236.9664,244.0551,235.0325,238.8132,3810499.0,USD
2022-01-28,INST013,234.0784,238.2221,233.4827,234.3526,2330338.0,USD
2022-01-31,INST013,233.9416,240.6084,232.7426,235.4413,4567261.0,USD
2022-02-01,INST013,234.7951,238.1609,228.0901,232.7784,691743.0,USD
2022-02-02,INST013,228.9269,232.1009,226.9721,227.5078,2000670.0,USD
2022-02-03,INST013,227.263,230.7258,221.3837,227.2582,2184943.0,USD
2022-02-04,INST013,227.2087,231.1666,224.0947,228.2993,960706.0,USD
2022-02-07,INST013,232.2406,236.3371,229.4942,230.6246,1433482.0,USD
2022-02-08,INST013,234.3479,240.6555,230.6596,234.8294,2429217.0,USD
2022-02-09,INST013,234.5742,238.1881,230.2555,232.7639,1831768.0,USD
2022-02-10,INST013,232.9325,234.9772,231.2605,234.1917,4912103.0,USD
2022-02-11,INST013,237.3886,240.6552,237.1395,239.3818,125771.0,USD
2022-02-14,INST013,240.4499,240.5697,234.9461,239.074,2549853.0,USD
2022-02-15,INST013,243.4729,246.7651,241.7265,243.383,205481.0,USD
2022-02-16,INST013,238.7899,242.8624,238.2479,240.317,3984177.0,USD
2022-02-17,INST013,238.0135,242.742,238.0489,238.3634,152637.0,USD
2022-02-18,INST013,235.0586,238.5699,229.1358,234.5416,1356934.0,USD
2022-02-21,INST013,231.9168,239.1684,231.6776,232.3725,2168860.0,USD
2022-02-22,INST013,239.337,238.0609,233.1815,237.8633,1800056.0,USD
2022-02-23,INST013,235.9915,239.8297,231.9659,236.3879,3459585.0,USD
2022-02-24,INST013,241.6218,244.6228,241.0801,241.3209,1344885.0,USD
2022-02-25,INST013,237.3166,238.2521,232.1547,236.1041,3198047.0,USD
2022-02-28,INST013,231.5976,237.8043,232.5851,233.5849,4542794.0,USD
2022-03-01,INST013,232.8777,232.3534,229.7268,231.9346,3350960.0,USD
2022-03-02,INST013,233.4424,234.4944,229.5982,233.3489,538976.0,USD
2022-03-03,INST013,226.3573,234.4206,222.8832,228.2524,1494411.0,USD
2022-03-04,INST013,225.1869,224.1644,223.6332,223.896,592358.0,USD
2022-03-07,INST013,227.777,232.7753,220.5417,226.4867,2255397.0,USD
2022-03-08,INST013,229.264,233.8755,226.8781,231.5611,1584842.0,USD
2022-03-09,INST013,231.5848,236.3728,226.0439,232.8991,635724.0,USD
2022-03-10,INST013,230.6118,234.9958,226.8518,228.9275,275270.0,USD
2022-03-11,INST013,222.8823,226.2522,222.9739,224.7834,2055226.0,USD
2022-03-14,INST013,222.3467,227.7063,218.4181,223.9103,4546713.0,USD
2022-03-15,INST013,224.3313,229.6909,223.8249,226.2146,2936244.0,USD
2022-03-16,INST013,224.7004,228.939,225.3272,226.2237,490414.0,USD
2022-03-17,INST013,223.9417,223.9226,220.2136,223.5143,2585827.0,USD
2022-03-18,INST013,221.0472,223.6205,219.1777,220.0217,4502729.0,USD
2022-03-21,INST013,224.6187,227.0468,218.814,223.0759,2360337.0,USD
2022-03-22,INST013,225.8161,227.6757,222.9557,226.3716,2864748.0,USD
2022-03-23,INST013,229.1529,233.4464,225.7124,228.6511,3843833.0,USD
2022-03-24,INST013,232.0827,232.2727,229.376,231.2864,4705449.0,USD
2022-03-25,INST013,237.4233,236.2612,231.4957,235.0941,2152930.0,USD
2022-03-28,INST013,239.152,244.4427,233.3839,238.4724,4563259.0,USD
2022-03-29,INST013,241.3777,241.6358,235.9505,240.5514,4765400.0,USD
2022-03-30,INST013,235.5284,237.6383,228.8739,235.7665,2472738.0,USD
2022-03-31,INST013,239.9137,245.3713,232.9884,239.4786,644437.0,USD
2022-04-01,INST013,242.2574,246.8561,242.8611,244.0711,4769489.0,USD
2022-04-04,INST013,241.304,241.6515,237.3374,241.1918,1036101.0,USD
2022-04-05,INST013,246.3905,252.4608,240.585,247.0956,4570644.0,USD
2022-04-06,INST013,250.4879,256.9979,243.8617,250.4008,2726596.0,USD
2022-04-07,INST013,244.9971,249.8325,243.8138,246.2607,4662267.0,USD
2022-04-08,INST013,248.997,256.4682,248.8633,249.9468,916657.0,USD
2022-04-11,INST013,247.3693,253.43,245.4292,247.1297,2226604.0,USD
2022-04-12,INST013,249.6583,254.463,247.5556,250.7111,4467227.0,USD
2022-04-13,INST013,251.021,257.0869,250.4958,253.354,2874398.0,USD
2022-04-14,INST013,254.7042,259.1386,252.9819,254.0803,132763.0,USD
2022-04-15,INST013,246.3824,249.0607,245.7607,248.3816,1581214.0,USD
2022-04-18,INST013,243.4336,248.1627,240.1558,243.3898,493986.0,USD
2022-04-19,INST013,243.8343,242.4773,238.6487,242.392,1212764.0,USD
2022-04-20,INST013,249.5277,247.9751,242.1491,247.1125,397820.0,USD
2022-04-21,INST013,250.6301,253.6021,243.6124,250.4549,4543337.0,USD
2022-04-22,INST013,252.4265,257.7754,251.374,254.0114,2960908.0,USD
2022-04-25,INST013,252.3267,254.0468,252.0126,253.9048,385759.0,USD
2022-04-26,INST013,249.0208,248.0069,243.8736,247.9492,2173394.0,USD
2022-04-27,INST013,251.9923,253.3889,249.8768,252.8064,851774.0,USD
2022-04-28,INST013,256.1204,261.5918,255.1164,257.1858,3339462.0,USD
2022-04-29,INST013,258.6344,263.38,251.2447,258.2869,3015503.0,USD
2022-05-02,INST013,252.5847,259.0347,247.2324,253.134,1016567.0,USD
2022-05-03,INST013,251.84,256.284,245.4004,252.3681,1365285.0,USD
2022-05-04,INST013,252.5321,255.3839,244.8001,250.3975,2153949.0,USD
2022-05-05,INST013,245.7682,252.8873,243.9449,246.2403,3035910.0,USD
2022-05-06,INST013,244.3029,244.5706,238.6959,243.8213,882792.0,USD
2022-05-09,INST013,245.5317,249.167,246.6246,247.7312,451485.0,USD
2022-05-10,INST013,246.2841,248.1229,245.6252,245.7234,3164528.0,USD
2022-05-11,INST013,248.7778,250.3557,242.2454,248.8313,1874418.0,USD
2022-05-12,INST013,252.8709,256.6432,252.3711,253.5233,3083763.0,USD
2022-05-13,INST013,248.3632,250.3289,245.956,248.3585,277482.0,USD
2022-05-16,INST013,253.9196,255.8504,246.388,251.8249,808686.0,USD
2022-05-17,INST013,256.0057,259.5358,254.7813,255.7002,2133559.0,USD
2022-05-18,INST013,258.065,262.2873,250.5231,255.7496,3000631.0,USD
2022-05-19,INST013,258.792,262.8963,255.1689,258.2086,4377141.0,USD
2022-05-20,INST013,263.2455,264.1538,259.0534,263.5875,3809212.0,USD
2022-05-23,INST013,265.7343,265.2975,263.463,264.117,3638829.0,USD
2022-05-24,INST013,267.844,268.458,258.1676,265.5041,865683.0,USD
2022-05-25,INST013,269.6329,274.1104,260.1806,267.8824,2307016.0,USD
2022-05-26,INST013,263.5763,267.0833,264.2497,265.6695,4219754.0,USD
2022-05-27,INST013,265.248,273.6417,262.445,267.0628,725166.0,USD
2022-05-30,INST013,267.2623,269.424,263.3454,265.7992,4236553.0,USD
2022-05-31,INST013,265.4636,265.2505,258.5306,263.604,1104218.0,USD
2022-06-01,INST013,258.3653,261.395,251.5577,257.0413,1267781.0,USD
2022-06-02,INST013,264.093,267.95,259.895,262.2861,2542529.0,USD
2022-06-03,INST013,260.4759,261.1315,255.8552,259.0032,1305172.0,USD
2022-06-06,INST013,253.6031,256.1316,250.1096,253.9539,3004098.0,USD
2022-06-07,INST013,259.3493,261.3026,257.149,260.1633,2983065.0,USD
2022-06-08,INST013,255.9588,259.5492,251.1501,256.5407,2543161.0,USD
2022-06-09,INST013,258.9123,262.4228,255.8431,259.9881,2086250.0,USD
2022-06-10,INST013,256.3053,260.2977,253.7177,256.949,828040.0,USD
2022-06-13,INST013,261.4509,260.3586,255.4479,258.9945,4611701.0,USD
2022-06-14,INST013,266.4875,271.7777,258.6503,264.4124,128253.0,USD
2022-06-15,INST013,261.9249,261.8439,254.5642,260.4178,904502.0,USD
2022-06-16,INST013,264.7076,268.8442,261.6959,266.5338,3910333.0,USD
2022-06-17,INST013,270.3954,275.1057,261.3072,268.0273,2760326.0,USD
2022-06-20,INST013,263.3151,267.7809,259.8833,264.4447,4721923.0,USD
2022-06-21,INST013,267.4181,270.7851,263.6743,266.1046,228598.0,USD
2022-06-22,INST013,262.0368,264.1105,261.7049,263.4885,1594000.0,USD
2022-06-23,INST013,267.8452,266.7005,264.6282,266.6022,768760.0,USD
2022-06-24,INST013,270.4636,273.1714,264.3844,272.2075,3599944.0,USD
2022-06-27,INST013,275.232,278.9052,275.468,275.5761,2576732.0,USD
2022-06-28,INST013,275.8073,283.4878,269.5878,276.4535,1979748.0,USD
2022-06-29,INST013,281.3224,288.6772,279.2829,281.0646,2386609.0,USD
2022-06-30,INST013,283.7094,292.0064,277.8026,286.1162,824175.0,USD
2022-07-01,INST013,289.7273,293.1144,285.9127,290.075,2176482.0,USD
2022-07-04,INST013,290.6099,293.6068,287.5601,288.3404,4376989.0,USD
2022-07-05,INST013,293.2191,298.832,286.271,290.4418,3031587.0,USD
2022-07-06,INST013,295.726,296.7923,286.2835,294.9479,3719389.0,USD
2022-07-07,INST013,295.199,301.9876,290.257,295.3753,4690547.0,USD
2022-07-08,INST013,293.0022,299.218,292.3482,295.5205,2012632.0,USD
2022-07-11,INST013,299.5017,308.4381,296.792,300.9336,1408242.0,USD
2022-07-12,INST013,300.0651,307.1046,301.4769,302.7749,2791327.0,USD
2022-07-13,INST013,299.7827,305.0008,298.0085,300.7468,900578.0,USD
2022-07-14,INST013,305.749,314.3166,299.8262,306.3671,3433471.0,USD
2022-07-15,INST013,314.1785,316.1828,307.7832,312.7232,1785564.0,USD
2022-07-18,INST013,307.7124,314.4053,309.5991,310.6527,4766658.0,USD
2022-07-19,INST013,306.5903,314.8816,307.3647,307.7454,4628176.0,USD
2022-07-20,INST013,303.2754,311.822,295.6327,303.9764,2604164.0,USD
2022-07-21,INST013,298.8521,303.7946,291.0363,297.2782,2935325.0,USD
2022-07-22,INST013,304.138,304.4378,297.2512,302.1223,1087963.0,USD
2022-07-25,INST013,310.235,311.2347,306.7811,307.6837,1671437.0,USD
2022-07-26,INST013,306.8249,309.245,300.0827,304.2479,393612.0,USD
2022-07-27,INST013,306.2978,309.4083,298.6257,306.146,351185.0,USD
2022-07-28,INST013,310.5511,309.9185,306.2094,309.5691,128148.0,USD
2022-07-29,INST013,302.1105,308.872,298.268,303.1502,3411813.0,USD
2022-08-01,INST013,301.3712,300.9578,298.1795,300.245,4514511.0,USD
2022-08-02,INST013,298.9286,298.2303,294.5802,297.5291,4024687.0,USD
2022-08-03,INST013,297.7121,300.9601,292.7859,297.3797,1586466.0,USD
2022-08-04,INST013,288.823,296.036,288.5762,291.5731,1050251.0,USD
2022-08-05,INST013,290.8909,293.6894,283.0815,289.4523,3461415.0,USD
2022-08-08,INST013,285.3808,292.5553,283.3952,286.8723,606475.0,USD
2022-08-09,INST013,288.8352,287.7213,281.4464,287.2494,860808.0,USD
2022-08-10,INST013,286.6743,292.652,279.2675,285.1773,2459744.0,USD
2022-08-11,INST013,281.2898,287.4895,283.3629,283.4235,2689267.0,USD
2022-08-12,INST013,282.6139,290.5841,278.2141,283.3353,3169008.0,USD
2022-08-15,INST013,282.7456,283.9784,275.218,281.8801,151206.0,USD
2022-08-16,INST013,278.7695,279.7105,269.398,277.6573,4849819.0,USD
2022-08-17,INST013,277.5509,280.1611,269.5142,275.3837,4105050.0,USD
2022-08-18,INST013,270.4176,274.0034,261.1374,268.7759,956539.0,USD
2022-08-19,INST013,271.9095,278.8409,268.3539,273.4394,1177096.0,USD
2022-08-22,INST013,276.4208,276.9471,271.0794,275.5779,3197952.0,USD
2022-08-23,INST013,270.5745,273.2846,270.2135,271.6429,3786804.0,USD
2022-08-24,INST013,268.3237,274.3368,262.1276,266.5938,1274208.0,USD
2022-08-25,INST013,268.0255,271.112,262.4147,268.5671,3662089.0,USD
2022-08-26,INST013,265.7211,268.8851,264.726,266.0829,2386678.0,USD
2022-08-29,INST013,262.4107,261.4789,257.6398,259.8699,1527275.0,USD
2022-08-30,INST013,257.3946,260.6125,254.4582,258.2812,2951620.0,USD
2022-08-31,INST013,259.2484,264.1183,250.7584,256.8767,2341705.0,USD
2022-09-01,INST013,251.4231,253.3902,246.2003,251.059,3375027.0,USD
2022-09-02,INST013,252.3389,251.9734,251.0151,251.2706,2301350.0,USD
2022-09-05,INST013,245.6038,250.158,242.4508,246.6338,4951303.0,USD
2022-09-06,INST013,244.5353,244.827,242.5391,243.7077,2339207.0,USD
2022-09-07,INST013,240.7103,244.775,235.8194,238.8953,158089.0,USD
2022-09-08,INST013,240.3699,247.5386,238.1365,240.7869,372989.0,USD
2022-09-09,INST013,243.7223,247.9215,242.0712,242.7427,4620585.0,USD
2022-09-12,INST013,248.0642,248.9234,246.6228,248.1048,2586384.0,USD
2022-09-13,INST013,245.4004,246.3492,241.2636,243.0078,711561.0,USD
2022-09-14,INST013,238.7563,239.0314,236.7945,237.7809,1053374.0,USD
2022-09-15,INST013,229.8006,235.1533,231.8563,232.0733,4557478.0,USD
2022-09-16,INST013,228.996,234.1884,225.943,229.5305,3777263.0,USD
2022-09-19,INST013,227.2712,229.9861,223.1971,226.8824,2152627.0,USD
2022-09-20,INST013,231.342,234.1555,228.0719,229.644,2552242.0,USD
2022-09-21,INST013,230.0112,231.966,227.6249,229.7983,375758.0,USD
2022-09-22,INST013,226.6699,227.9082,226.0355,226.9125,528651.0,USD
2022-09-23,INST013,226.4039,230.7315,227.4579,227.9069,1830965.0,USD
2022-09-26,INST013,226.3685,229.7419,225.737,227.3179,4625728.0,USD
2022-09-27,INST013,231.1362,233.6047,231.7818,232.5013,222985.0,USD
2022-09-28,INST013,235.4806,242.8756,234.5117,235.8905,4331397.0,USD
2022-09-29,INST013,233.9825,239.2739,229.0131,234.9036,1710974.0,USD
2022-09-30,INST013,236.1753,240.0532,231.0267,237.2695,3521536.0,USD
2022-10-03,INST013,232.0615,238.9108,226.6537,232.3719,1709855.0,USD
2022-10-04,INST013,236.028,239.3422,233.6181,236.5176,1487996.0,USD
2022-10-05,INST013,232.8683,233.8491,224.6751,231.01,3536290.0,USD
2022-10-06,INST013,227.6464,231.502,227.5083,228.0666,3982321.0,USD
2022-10-07,INST013,233.5924,235.4306,229.9105,231.5032,4776383.0,USD
2022-10-10,INST013,234.8283,237.5816,230.8061,234.6219,2951444.0,USD
2022-10-11,INST013,233.4552,233.5112,228.377,231.5177,4481485.0,USD
2022-10-12,INST013,234.5278,240.4357,228.9769,235.8765,4289621.0,USD
2022-10-13,INST013,236.174,238.3777,237.6767,238.0085,4735615.0,USD
2022-10-14,INST013,233.0231,235.8263,225.8717,232.2167,1758618.0,USD
2022-10-17,INST013,234.2349,239.8435,233.603,235.9354,3446308.0,USD
2022-10-18,INST013,234.2909,235.645,228.3802,235.3767,1311450.0,USD
2022-10-19,INST013,239.7434,243.9434,236.4129,240.1419,1900563.0,USD
2022-10-20,INST013,236.9558,238.2285,234.6592,236.0479,4848259.0,USD
2022-10-21,INST013,232.4372,237.8577,228.7232,231.6053,3462058.0,USD
2022-10-24,INST013,226.0295,233.4848,222.3502,228.193,162361.0,USD
2022-10-25,INST013,228.4445,228.6881,226.4066,226.8241,2751799.0,USD
2022-10-26,INST013,229.598,229.5163,226.0135,228.5636,1882178.0,USD
2022-10-27,INST013,232.3434,239.0439,227.0025,233.0006,4145134.0,USD
2022-10-28,INST013,229.0089,230.9443,225.9807,230.4586,1246984.0,USD
2022-10-31,INST013,235.4924,235.9114,232.254,233.888,3405728.0,USD
2022-11-01,INST013,236.8219,240.0119,231.1846,236.0547,1957703.0,USD
2022-11-02,INST013,231.8613,239.1249,233.4535,233.8289,2522626.0,USD
2022-11-03,INST013,233.0442,235.5408,231.1036,232.4251,949365.0,USD
2022-11-04,INST013,228.7231,230.0947,224.7076,227.6083,4132490.0,USD
2022-11-07,INST013,229.8053,232.7034,221.2838,227.968,4026750.0,USD
2022-11-08,INST013,228.6323,229.9936,221.6222,227.9626,710877.0,USD
2022-11-09,INST013,225.8595,228.7895,219.6528,224.3657,2647134.0,USD
2022-11-10,INST013,219.743,225.8502,219.1343,220.3017,2600486.0,USD
2022-11-11,INST013,222.508,225.9533,222.8001,223.001,1649371.0,USD
2022-11-14,INST013,221.6189,225.4496,221.7146,223.4015,706781.0,USD
2022-11-15,INST013,225.5014,229.6078,221.1637,224.1131,4195111.0,USD
2022-11-16,INST013,227.6754,229.8819,221.3845,226.6301,2938533.0,USD
2022-11-17,INST013,225.4737,224.9469,223.1055,224.637,3416470.0,USD
2022-11-18,INST013,219.8909,227.5906,220.3847,222.0821,2631265.0,USD
2022-11-21,INST013,221.9837,225.9193,217.314,221.5987,543060.0,USD
2022-11-22,INST013,225.3766,228.2263,220.6229,223.354,240597.0,USD
2022-11-23,INST013,220.4261,220.6942,215.2442,218.59,1598065.0,USD
2022-11-24,INST013,221.1997,224.5241,215.8783,221.5977,1480310.0,USD
2022-11-25,INST013,218.6061,222.512,214.7748,216.5451,1832905.0,USD
2022-11-28,INST013,213.4433,216.1963,211.8167,212.7975,4750750.0,USD
2022-11-29,INST013,214.574,219.0071,212.0194,213.149,2674325.0,USD
2022-11-30,INST013,217.0076,221.9099,215.7246,217.8928,4063611.0,USD
2022-12-01,INST013,220.6935,223.5577,216.964,218.9413,3728685.0,USD
2022-12-02,INST013,216.8766,220.6494,211.3856,216.5138,2828799.0,USD
2022-12-05,INST013,212.3288,220.2242,212.8876,214.2768,3262081.0,USD
2022-12-06,INST013,211.3456,210.8993,209.378,210.0561,2256233.0,USD
2022-12-07,INST013,209.2207,212.9981,202.4313,208.6077,3582528.0,USD
2022-12-08,INST013,213.5206,214.5554,207.0777,213.0486,2865233.0,USD
2022-12-09,INST013,215.9588,215.7808,212.9879,214.628,3860675.0,USD
2022-12-12,INST013,215.4717,218.6152,215.1725,217.3855,1244196.0,USD
2022-12-13,INST013,213.1969,215.4375,210.3838,213.5767,1294033.0,USD
2022-12-14,INST013,219.1361,221.8174,216.335,217.3538,115189.0,USD
2022-12-15,INST013,215.5938,218.4133,214.4466,216.0924,1805718.0,USD
2022-12-16,INST013,211.8286,212.6761,209.699,211.0599,3378965.0,USD
2022-12-19,INST013,213.1975,215.4785,212.4143,213.6644,4407374.0,USD
2022-12-20,INST013,209.7531,212.0584,202.4263,208.4048,2551647.0,USD
2022-12-21,INST013,203.4463,204.4794,203.9134,203.9885,3565084.0,USD
2022-12-22,INST013,199.481,203.8294,194.7625,199.2006,2032918.0,USD
2022-12-23,INST013,198.334,198.4971,193.7631,197.8109,135390.0,USD
2022-12-26,INST013,195.2176,198.8366,194.6191,196.1598,4163220.0,USD
2022-12-27,INST013,199.0252,200.3969,195.994,200.3795,159390.0,USD
2022-12-28,INST013,201.5916,202.9531,200.5169,201.2065,3517977.0,USD
2022-12-29,INST013,199.3263,203.1838,196.2074,200.02,1949456.0,USD
2022-12-30,INST013,199.9926,206.5346,196.3893,200.6607,643106.0,USD
2023-01-02,INST013,203.5253,209.0088,201.6501,204.9677,2595512.0,USD
2023-01-03,INST013,204.967,211.4453,201.3956,206.3595,1555223.0,USD
2023-01-04,INST013,203.9834,206.3333,201.1039,203.5238,3717578.0,USD
2023-01-05,INST013,204.678,207.0434,200.4993,203.6663,4018315.0,USD
2023-01-06,INST013,198.7915,204.1534,199.2787,199.3593,1957591.0,USD
2023-01-09,INST013,201.6741,205.4543,199.2323,203.1629,1957327.0,USD
2023-01-10,INST013,201.1572,205.6511,197.3411,201.9647,1045719.0,USD
2023-01-11,INST013,202.4375,205.3639,200.5282,200.6281,144012.0,USD
2023-01-12,INST013,204.7558,205.8487,202.9805,204.0764,3769763.0,USD
2023-01-13,INST013,208.1357,211.1153,204.9786,206.4609,4108429.0,USD
2023-01-16,INST013,201.0512,207.6367,197.3708,202.1525,2636789.0,USD
2023-01-17,INST013,203.5614,208.8827,199.291,205.3998,2240343.0,USD
2023-01-18,INST013,203.7101,207.9627,201.9475,205.3651,2888496.0,USD
2023-01-19,INST013,209.8669,210.8404,206.2217,208.749,3375373.0,USD
2023-01-20,INST013,214.0519,218.4088,209.6954,213.8217,105871.0,USD
2023-01-23,INST013,210.5541,211.3138,202.813,208.772,3568462.0,USD
2023-01-24,INST013,211.7438,214.4755,207.1211,212.1295,4767120.0,USD
2023-01-25,INST013,209.9661,212.2225,206.4682,210.0789,4962293.0,USD
2023-01-26,INST013,210.577,213.0517,204.7886,208.9972,1603730.0,USD
2023-01-27,INST013,208.5374,207.3475,206.3405,206.9458,4021445.0,USD
2023-01-30,INST013,204.7216,206.4657,200.1574,205.3793,1880891.0,USD
2023-01-31,INST013,208.2686,210.6893,205.8495,210.1366,600512.0,USD
2023-02-01,INST013,207.1259,213.9906,203.6412,209.0689,4915394.0,USD
2023-02-02,INST013,206.2821,205.5844,199.859,205.5518,4945245.0,USD
2023-02-03,INST013,208.471,210.9599,206.1951,210.5288,255430.0,USD
2023-02-06,INST013,205.4516,205.7823,202.4189,205.6032,763990.0,USD
2023-02-07,INST013,204.0132,205.6187,198.6919,203.2121,3951106.0,USD
2023-02-08,INST013,200.5176,203.0051,199.4328,201.1248,4455948.0,USD
2023-02-09,INST013,199.8938,201.7375,194.4583,199.2246,2952517.0,USD
2023-02-10,INST013,198.7519,202.9349,193.0839,197.2167,2050194.0,USD
2023-02-13,INST013,197.3524,199.9464,197.4832,198.8783,403302.0,USD
2023-02-14,INST013,194.9333,198.2514,191.1986,193.9756,3728521.0,USD
2023-02-15,INST013,199.9165,201.2727,193.4903,198.6204,2090622.0,USD
2023-02-16,INST013,194.9376,198.6524,191.6422,193.8226,4007742.0,USD
2023-02-17,INST013,195.068,202.4898,192.1043,196.9613,4012119.0,USD
2023-02-20,INST013,194.7583,195.7887,192.0371,193.8159,598699.0,USD
2023-02-21,INST013,191.5868,198.5878,188.7455,192.9973,1459224.0,USD
2023-02-22,INST013,192.4899,197.0818,189.7065,193.5609,1938929.0,USD
2023-02-23,INST013,197.0807,201.3319,198.0764,198.1777,2605674.0,USD
2023-02-24,INST013,197.5126,198.7672,193.7606,195.6733,2304014.0,USD
2023-02-27,INST013,193.4554,194.8847,193.9071,194.6003,3938244.0,USD
2023-02-28,INST013,200.1178,203.3955,195.1128,198.8779,1626836.0,USD
2023-03-01,INST013,195.4065,195.9931,193.9746,194.1986,4598128.0,USD
2023-03-02,INST013,197.5579,200.4462,196.3282,197.3037,312996.0,USD
2023-03-03,INST013,197.4384,196.1725,190.0123,195.8821,986173.0,USD
2023-03-06,INST013,193.6308,194.7825,188.1203,193.2358,1064507.0,USD
2023-03-07,INST013,194.6842,194.1878,189.0931,192.8563,2670924.0,USD
2023-03-08,INST013,192.5268,195.2928,187.7875,191.2349,2926608.0,USD
2023-03-09,INST013,189.5946,193.206,183.1664,187.899,2709528.0,USD
2023-03-10,INST013,191.5421,194.2321,185.6094,190.4658,3595722.0,USD
2023-03-13,INST013,193.6665,195.1808,190.2529,191.849,271970.0,USD
2023-03-14,INST013,195.5909,196.1745,193.4683,193.7395,4505580.0,USD
2023-03-15,INST013,197.2998,197.476,193.1417,196.1102,465917.0,USD
2023-03-16,INST013,192.5724,195.4018,186.7386,192.0312,2990935.0,USD
2023-03-17,INST013,194.0931,197.284,190.7258,194.0372,2307449.0,USD
2023-03-20,INST013,192.9351,196.67,185.841,191.0935,1125462.0,USD
2023-03-21,INST013,187.9438,189.8479,182.9298,187.7613,348944.0,USD
2023-03-22,INST013,188.5631,191.7709,187.0182,187.4422,3061164.0,USD
2023-03-23,INST013,191.396,191.5125,188.9388,190.6123,4567335.0,USD
2023-03-24,INST013,186.9606,189.4874,185.5848,186.5755,1982060.0,USD
2023-03-27,INST013,182.0456,186.077,178.4116,183.2429,180422.0,USD
2023-03-28,INST013,181.5936,185.9197,177.1893,182.3854,3436729.0,USD
2023-03-29,INST013,177.9344,181.5454,176.25,179.0636,439173.0,USD
2023-03-30,INST013,180.1799,179.4358,177.4621,179.3807,2520979.0,USD
2023-03-31,INST013,176.1724,179.2247,174.0798,175.7102,3465361.0,USD
2023-04-03,INST013,175.1042,177.1194,176.1981,176.5825,1987039.0,USD
2023-04-04,INST013,171.7223,176.8639,168.0023,173.1843,1492107.0,USD
2023-04-05,INST013,173.7602,173.387,170.2915,172.7714,4318815.0,USD
2023-04-06,INST013,170.8998,175.4545,167.7301,170.7706,375240.0,USD
2023-04-07,INST013,170.5617,175.1969,168.946,171.6536,3735661.0,USD
2023-04-10,INST013,174.6984,176.8971,169.9104,174.8729,962246.0,USD
2023-04-11,INST013,175.1287,176.9927,174.5725,174.76,2289477.0,USD
2023-04-12,INST013,173.1704,177.1149,171.4497,173.8837,1450581.0,USD
2023-04-13,INST013,172.8212,176.7547,169.9498,174.2087,3875857.0,USD
2023-04-14,INST013,173.7075,177.8126,170.5015,173.6659,4820811.0,USD
2023-04-17,INST013,172.3737,172.4234,166.2318,171.1996,2317681.0,USD
2023-04-18,INST013,171.8258,174.842,170.1674,171.0137,1836386.0,USD
2023-04-19,INST013,171.8609,173.8337,168.2429,171.4064,3468421.0,USD
2023-04-20,INST013,167.9547,172.0886,165.1479,168.7125,1282060.0,USD
2023-04-21,INST013,165.3082,171.5787,163.1308,166.7473,3403683.0,USD
2023-04-24,INST013,166.0423,166.529,162.6829,166.0852,4694134.0,USD
2023-04-25,INST013,165.565,166.1818,160.8308,164.0463,2508999.0,USD
2023-04-26,INST013,167.2887,168.0477,167.0392,167.39,1621148.0,USD
2023-04-27,INST013,165.9139,167.8305,165.3562,167.5567,3285578.0,USD
2023-04-28,INST013,164.0865,167.2222,161.3213,163.4182,2053999.0,USD
2023-05-01,INST013,162.9066,168.0917,162.7385,163.208,1826138.0,USD
2023-05-02,INST013,160.9231,164.1973,160.3252,160.9379,4760062.0,USD
2023-05-03,INST013,165.6845,165.2192,160.3045,164.0637,1106225.0,USD
2023-05-04,INST013,158.5917,163.6028,155.9001,160.0795,4324991.0,USD
2023-05-05,INST013,163.9591,164.5221,162.3345,163.3438,4646033.0,USD
2023-05-08,INST013,161.5404,162.22,161.2054,162.1691,4980221.0,USD
2023-05-09,INST013,161.1713,162.6072,157.3835,160.8361,528972.0,USD
2023-05-10,INST013,163.6839,166.5691,162.7111,164.3488,866058.0,USD
2023-05-11,INST013,162.6871,164.3965,157.6633,161.2795,2306473.0,USD
2023-05-12,INST013,158.9375,162.4647,159.5243,160.089,1997833.0,USD
2023-05-15,INST013,156.653,158.7968,154.8216,156.2555,4272913.0,USD
2023-05-16,INST013,155.7729,156.5854,152.4244,155.8321,4400535.0,USD
2023-05-17,INST013,159.186,161.802,154.9217,159.6557,4752363.0,USD
2023-05-18,INST013,158.4234,160.1128,159.5571,159.8748,2170045.0,USD
2023-05-19,INST013,159.0057,160.7466,154.7611,157.8157,4506581.0,USD
2023-05-22,INST013,156.4226,157.538,154.6962,155.6178,4232461.0,USD
2023-05-23,INST013,151.2857,156.6657,151.9241,152.4526,946007.0,USD
2023-05-24,INST013,154.4546,153.396,152.9912,153.3329,4228038.0,USD
2023-05-25,INST013,150.2752,153.1035,148.3551,150.8946,4067308.0,USD
2023-05-26,INST013,147.3881,147.7502,144.5744,147.3926,152920.0,USD
2023-05-29,INST013,147.6583,147.6436,146.3044,147.3842,1214727.0,USD
2023-05-30,INST013,146.8404,149.8762,144.2026,146.2699,4896758.0,USD
2023-05-31,INST013,146.2298,149.0005,144.2873,144.9782,1850309.0,USD
2023-06-01,INST013,146.1074,151.1022,146.3986,146.8579,4274960.0,USD
2023-06-02,INST013,150.9079,151.0458,147.8189,149.6718,1212201.0,USD
2023-06-05,INST013,149.9346,153.1231,148.5945,151.4338,713531.0,USD
2023-06-06,INST013,155.6604,155.6976,153.2832,154.9195,1954089.0,USD
2023-06-07,INST013,154.9889,155.0522,150.1953,153.6394,1391105.0,USD
2023-06-08,INST013,152.3647,155.159,149.5582,153.2504,4250981.0,USD
2023-06-09,INST013,157.3949,159.6198,152.2406,156.3697,3608158.0,USD
2023-06-12,INST013,153.5484,156.6496,153.0475,155.0852,3685167.0,USD
2023-06-13,INST013,157.3646,157.7938,154.8383,155.9317,3182219.0,USD
2023-06-14,INST013,160.7593,164.0196,157.8825,159.2903,3188684.0,USD
2023-06-15,INST013,162.9781,162.8147,161.915,162.2054,3862853.0,USD
2023-06-16,INST013,166.9631,167.5613,161.9305,165.8472,2471078.0,USD
2023-06-19,INST013,167.7903,169.2784,164.3037,166.1604,2471102.0,USD
2023-06-20,INST013,169.0605,171.9854,168.3408,169.2939,2189132.0,USD
2023-06-21,INST013,169.7235,170.6937,167.0088,170.4664,2121438.0,USD
2023-06-22,INST013,168.5748,168.3559,164.7216,167.2972,2337309.0,USD
2023-06-23,INST013,171.1262,173.9595,168.9446,169.448,1174386.0,USD
2023-06-26,INST013,171.8351,175.7564,170.6995,170.7527,730451.0,USD
2023-06-27,INST013,176.036,175.8165,172.7644,174.9931,3243377.0,USD
2023-06-28,INST013,172.0265,171.2544,167.5876,170.7343,567095.0,USD
2023-06-29,INST013,174.0177,180.0908,173.0586,174.8962,575244.0,USD
2023-06-30,INST013,177.7295,179.5837,173.2625,178.4856,534297.0,USD
2023-07-03,INST013,176.9714,181.4014,175.2319,178.694,2830038.0,USD
2023-07-04,INST013,177.4395,181.6122,175.9562,177.9023,1779106.0,USD
2023-07-05,INST013,174.6876,180.5519,175.3409,175.804,1495544.0,USD
2023-07-06,INST013,173.8471,175.466,170.2089,174.7775,4539428.0,USD
2023-07-07,INST013,178.9028,182.1013,178.2339,178.5941,1256003.0,USD
2023-07-10,INST013,179.208,185.2412,176.245,180.071,4669120.0,USD
2023-07-11,INST013,181.6969,185.5512,180.2639,182.7039,1097323.0,USD
2023-07-12,INST013,185.7956,187.1679,185.8764,186.3393,853072.0,USD
2023-07-13,INST013,188.8693,191.3429,188.0068,188.2048,3762631.0,USD
2023-07-14,INST013,186.6261,190.5476,185.2286,188.2795,2568678.0,USD
2023-07-17,INST013,187.1246,189.3529,187.0479,188.1634,4882787.0,USD
2023-07-18,INST013,193.3365,196.3773,188.6688,192.0448,2509557.0,USD
2023-07-19,INST013,189.8209,192.9285,187.0499,191.4621,4984545.0,USD
2023-07-20,INST013,188.7638,188.9354,184.8542,187.5507,3126026.0,USD
2023-07-21,INST013,192.6694,191.7779,189.7866,191.4935,3945326.0,USD
2023-07-24,INST013,193.6439,197.7139,190.4041,194.4088,3377975.0,USD
2023-07-25,INST013,193.8096,196.75,191.4273,193.153,3172523.0,USD
2023-07-26,INST013,194.8274,200.5275,190.0364,195.5835,649254.0,USD
2023-07-27,INST013,196.3794,196.2205,192.4114,195.3029,3021236.0,USD
2023-07-28,INST013,197.1038,203.5827,194.3757,197.8287,1510512.0,USD
2023-07-31,INST013,200.1025,201.0323,198.6143,199.4303,4751380.0,USD
2023-08-01,INST013,202.5001,203.9228,201.5017,203.2447,1942303.0,USD
2023-08-02,INST013,202.2452,205.0095,194.926,200.7798,1788638.0,USD
2023-08-03,INST013,204.9248,207.3252,202.7426,203.7224,4708581.0,USD
2023-08-04,INST013,200.3064,203.6734,198.2323,200.1124,4664898.0,USD
2023-08-07,INST013,195.9629,196.7213,191.4593,195.523,994757.0,USD
2023-08-08,INST013,190.3588,193.6617,188.269,191.2371,4180964.0,USD
2023-08-09,INST013,186.8407,188.6397,182.0003,186.8981,936262.0,USD
2023-08-10,INST013,189.3691,193.5755,184.6185,189.202,240128.0,USD
2023-08-11,INST013,189.1198,191.4515,188.7204,190.2292,2042445.0,USD
2023-08-14,INST013,192.5261,194.163,190.6622,191.732,1863850.0,USD
2023-08-15,INST013,192.189,192.831,186.7202,190.8871,4071584.0,USD
2023-08-16,INST013,191.9488,198.4642,190.5495,193.5013,4816570.0,USD
2023-08-17,INST013,191.0955,191.4866,188.8767,189.4524,1051496.0,USD
2023-08-18,INST013,185.4205,189.6909,182.8625,185.6481,3625100.0,USD
2023-08-21,INST013,190.8692,190.8946,189.0311,189.4741,1729174.0,USD
2023-08-22,INST013,188.8802,193.2225,186.6326,190.3456,1603862.0,USD
2023-08-23,INST013,191.6507,195.2196,190.2305,190.4919,832761.0,USD
2023-08-24,INST013,185.5736,187.2263,183.1402,185.7853,4614602.0,USD
2023-08-25,INST013,188.5253,193.2542,188.679,190.1788,272165.0,USD
2023-08-28,INST013,187.297,192.1835,183.9861,188.9496,2060577.0,USD
2023-08-29,INST013,189.5854,190.1631,184.4498,188.1826,3333137.0,USD
2023-08-30,INST013,185.1001,186.334,180.6072,184.2449,445555.0,USD
2023-08-31,INST013,185.3546,186.8107,184.1895,184.2108,881784.0,USD
2023-09-01,INST013,182.303,182.5069,180.1263,181.0475,1952699.0,USD
2023-09-04,INST013,180.0174,181.5336,177.9213,180.2874,4813465.0,USD
2023-09-05,INST013,179.4431,181.5768,178.9051,180.2278,2109283.0,USD
2023-09-06,INST013,180.057,180.477,176.674,180.0002,1091839.0,USD
2023-09-07,INST013,177.603,177.5657,174.9029,177.0639,1776294.0,USD
2023-09-08,INST013,172.9494,178.5557,172.6871,174.2586,4689736.0,USD
2023-09-11,INST013,179.107,180.687,173.9183,178.49,2330933.0,USD
2023-09-12,INST013,174.9936,175.361,171.9074,175.1204,4588294.0,USD
2023-09-13,INST013,177.0744,181.1044,175.4113,178.5993,2509616.0,USD
2023-09-14,INST013,176.3178,180.8043,176.6546,177.9093,1903718.0,USD
2023-09-15,INST013,174.7661,175.7284,173.3555,175.1799,3855068.0,USD
2023-09-18,INST013,177.3277,181.848,172.7798,177.993,1460784.0,USD
2023-09-19,INST013,177.5477,184.0118,175.0634,178.7211,4139478.0,USD
2023-09-20,INST013,183.8924,184.2983,177.8166,182.1317,3385354.0,USD
2023-09-21,INST013,177.4174,178.4525,174.4652,178.3136,2901862.0,USD
2023-09-22,INST013,179.0931,181.5909,174.8813,179.8452,2981109.0,USD
2023-09-25,INST013,176.0041,182.6592,176.9618,177.6357,2242586.0,USD
2023-09-26,INST013,178.3937,178.7603,176.1504,176.7159,2213966.0,USD
2023-09-27,INST013,171.8688,177.457,168.7055,172.3063,138938.0,USD
2023-09-28,INST013,170.9048,173.5753,167.5745,172.4853,4125581.0,USD
2023-09-29,INST013,169.1261,169.4045,167.2824,169.2713,2844586.0,USD
2023-10-02,INST013,168.9817,175.3022,165.5512,170.3359,1494374.0,USD
2023-10-03,INST013,165.9968,171.8968,162.9761,167.6525,3091194.0,USD
2023-10-04,INST013,166.5864,169.0001,165.9203,166.2133,1528774.0,USD
2023-10-05,INST013,161.173,166.197,157.8204,162.1435,3474188.0,USD
2023-10-06,INST013,160.1517,163.6806,157.7152,160.0879,2182493.0,USD
2023-10-09,INST013,156.1915,159.4886,156.3786,157.4469,4993011.0,USD
2023-10-10,INST013,154.987,155.5759,151.1128,155.0665,1663539.0,USD
2023-10-11,INST013,152.5106,153.4799,151.0015,151.9624,1844182.0,USD
2023-10-12,INST013,155.8879,159.1511,152.6537,155.6735,1939428.0,USD
2023-10-13,INST013,157.0497,159.4603,157.9453,158.2518,1559705.0,USD
2023-10-16,INST013,153.4891,156.6443,153.9682,154.9346,779499.0,USD
2023-10-17,INST013,152.1947,154.469,152.5209,153.2171,4859231.0,USD
2023-10-18,INST013,157.059,160.2683,155.876,157.0418,2527503.0,USD
2023-10-19,INST013,157.9166,160.7352,159.1715,159.4714,625415.0,USD
2023-10-20,INST013,157.5311,160.9329,156.3536,157.3663,330633.0,USD
2023-10-23,INST013,155.6515,158.0144,155.9266,156.1838,4544048.0,USD
2023-10-24,INST013,153.4697,156.0565,153.8228,154.9101,3174757.0,USD
2023-10-25,INST013,154.7105,156.09,154.4499,154.9372,1221777.0,USD
2023-10-26,INST013,156.3718,159.5738,154.7053,157.5633,4395875.0,USD
2023-10-27,INST013,157.4454,160.1991,152.167,156.3326,1375168.0,USD
2023-10-30,INST013,157.6248,159.1534,158.1265,158.5493,2207787.0,USD
2023-10-31,INST013,153.5845,158.0781,152.2842,154.8863,1150883.0,USD
2023-11-01,INST013,156.3176,161.2405,155.6078,156.7203,3430167.0,USD
2023-11-02,INST013,156.8717,157.6574,152.2911,155.3304,3069435.0,USD
2023-11-03,INST013,153.8652,155.6664,154.1345,155.2705,697550.0,USD
2023-11-06,INST013,152.6287,157.3073,152.2163,153.247,3293429.0,USD
2023-11-07,INST013,155.3551,156.4804,154.3988,154.4424,2519547.0,USD
2023-11-08,INST013,158.6929,160.2467,153.3971,157.5938,3298423.0,USD
2023-11-09,INST013,161.1886,163.6987,160.3857,161.3194,3816755.0,USD
2023-11-10,INST013,157.4147,159.8362,156.1526,157.6,2107884.0,USD
2023-11-13,INST013,156.1282,158.767,153.4432,156.1064,3867640.0,USD
2023-11-14,INST013,157.4252,159.5535,154.097,158.5168,1251583.0,USD
2023-11-15,INST013,157.6154,157.603,157.3084,157.4986,984271.0,USD
2023-11-16,INST013,161.0865,163.6449,158.7003,160.0582,4719853.0,USD
2023-11-17,INST013,158.7037,160.3151,156.3945,159.4923,3339987.0,USD
2023-11-20,INST013,162.0449,166.6502,161.7582,162.3957,4324452.0,USD
2023-11-21,INST013,164.8617,166.7839,163.1675,164.8585,2671419.0,USD
2023-11-22,INST013,163.0413,164.5542,161.714,162.8772,1105237.0,USD
2023-11-23,INST013,165.3103,165.7825,162.0978,164.4437,1658132.0,USD
2023-11-24,INST013,166.0,169.5143,164.2678,165.3681,4890450.0,USD
2023-11-27,INST013,166.3149,169.7302,164.0257,165.4472,1094450.0,USD
2023-11-28,INST013,166.9933,166.4945,163.7376,166.3023,3114627.0,USD
2023-11-29,INST013,164.0888,169.8235,164.0048,165.2689,4449094.0,USD
2023-11-30,INST013,165.407,168.3352,164.1821,165.1244,3251917.0,USD
2023-12-01,INST013,161.3407,165.2651,160.0334,161.574,4238081.0,USD
2023-12-04,INST013,157.4885,161.8194,157.0951,158.8646,1857852.0,USD
2023-12-05,INST013,160.3141,164.7145,159.6268,160.6794,562287.0,USD
2023-12-06,INST013,156.3604,158.5127,153.5799,157.0693,4616427.0,USD
2023-12-07,INST013,155.8991,158.1022,153.9039,156.4834,3697697.0,USD
2023-12-08,INST013,155.0079,156.8186,151.8092,154.2695,1778106.0,USD
2023-12-11,INST013,152.6607,153.128,149.192,151.5331,4092428.0,USD
2023-12-12,INST013,152.5145,152.7178,150.4416,151.3315,2080098.0,USD
2023-12-13,INST013,150.0029,151.5558,147.2005,149.1026,2301676.0,USD
2023-12-14,INST013,152.1905,156.0207,148.4716,152.3598,358120.0,USD
2023-12-15,INST013,153.6066,156.5154,149.2308,152.3296,4418568.0,USD
2023-12-18,INST013,151.63,154.5415,148.4369,151.0288,2980078.0,USD
2023-12-19,INST013,148.9784,148.9226,145.569,147.6307,2469865.0,USD
2023-12-20,INST013,147.3792,150.9824,144.4004,148.8618,2427611.0,USD
2023-12-21,INST013,150.1149,152.6735,147.0268,149.1466,836726.0,USD
2023-12-22,INST013,148.5452,152.649,145.4569,149.6105,1935421.0,USD
2023-12-25,INST013,152.0527,156.1084,149.6224,152.548,1338142.0,USD
2023-12-26,INST013,154.0846,156.6323,153.3351,153.4967,2828807.0,USD
2023-12-27,INST013,156.5234,158.8441,151.8484,155.6985,3427488.0,USD
2023-12-28,INST013,151.7738,156.7452,152.4947,153.2101,4254230.0,USD
2023-12-29,INST013,155.1887,158.9643,152.0544,155.7069,1031593.0,USD
2024-01-01,INST013,152.3226,153.1489,149.4619,153.0877,3733123.0,USD
2024-01-02,INST013,155.6503,158.9869,150.7331,154.5962,4944442.0,USD
2024-01-03,INST013,151.4884,155.4569,152.8621,153.0061,1070992.0,USD
2024-01-04,INST013,156.1763,156.927,151.2748,154.6391,1413661.0,USD
2024-01-05,INST013,152.1999,153.1098,149.5342,151.8846,2724007.0,USD
2024-01-08,INST013,151.0797,154.3512,147.7386,151.6585,4272000.0,USD
2024-01-09,INST013,152.27,153.2584,150.6038,152.8305,2926900.0,USD
2024-01-10,INST013,151.417,154.5476,149.4377,152.5468,4310027.0,USD
2024-01-11,INST013,153.0292,158.6162,150.0505,154.1811,2968849.0,USD
2024-01-12,INST013,151.9064,152.0258,149.8064,151.8517,1015793.0,USD
2024-01-15,INST013,151.8359,155.7013,147.623,151.7463,1457534.0,USD
2024-01-16,INST013,150.2464,152.0637,147.5005,149.2692,3141180.0,USD
2024-01-17,INST013,150.5614,151.6689,149.2611,150.0228,311306.0,USD
2024-01-18,INST013,149.4398,149.3765,145.6872,149.2072,3605347.0,USD
2024-01-19,INST013,150.6724,152.2785,147.3089,149.7541,3544002.0,USD
2024-01-22,INST013,151.2776,151.6824,148.8126,151.4936,4425599.0,USD
2024-01-23,INST013,151.903,153.4819,147.3743,151.6117,4665772.0,USD
2024-01-24,INST013,151.5245,153.5338,151.3613,151.72,3580397.0,USD
2024-01-25,INST013,153.1184,155.4142,150.8087,152.7233,1566104.0,USD
2024-01-26,INST013,152.6209,154.4335,151.7482,152.0528,3734033.0,USD
2024-01-29,INST013,151.8592,155.5541,149.8645,153.1655,486248.0,USD
2024-01-30,INST013,153.9343,155.9568,151.2588,152.7869,2096346.0,USD
2024-01-31,INST013,151.1199,154.1633,149.5651,149.7892,3802637.0,USD
2024-02-01,INST013,150.4776,151.0348,145.9235,150.0537,1846386.0,USD
2024-02-02,INST013,147.77,150.2589,145.4387,148.6296,1438645.0,USD
2024-02-05,INST013,147.0652,151.3975,144.4192,146.9936,3351081.0,USD
2024-02-06,INST013,145.8858,146.2293,142.413,144.961,2703645.0,USD
2024-02-07,INST013,147.1836,151.1931,147.1866,148.2069,3161514.0,USD
2024-02-08,INST013,146.8378,147.3278,145.3049,147.3148,2873463.0,USD
2024-02-09,INST013,144.8291,147.7973,140.9024,144.5568,3654437.0,USD
2024-02-12,INST013,143.8194,145.2256,142.3147,143.412,3760850.0,USD
2024-02-13,INST013,145.1186,149.0069,144.0717,144.7854,914287.0,USD
2024-02-14,INST013,146.9965,149.7264,142.1523,146.3771,1221357.0,USD
2024-02-15,INST013,147.8185,150.2652,146.4857,146.9997,4766129.0,USD
2024-02-16,INST013,151.2555,153.399,147.5714,150.3655,4818089.0,USD
2024-02-19,INST013,151.7901,151.7711,146.9285,150.5245,3220829.0,USD
2024-02-20,INST013,153.9499,155.5843,149.5061,154.1055,2011337.0,USD
2024-02-21,INST013,151.3599,155.0936,148.3018,152.5433,4675419.0,USD
2024-02-22,INST013,154.1628,155.8198,152.5279,154.2099,4425175.0,USD
2024-02-23,INST013,153.2253,152.5313,150.4955,152.5311,1761683.0,USD
2024-02-26,INST013,155.1994,158.4573,153.8443,155.023,2781283.0,USD
2024-02-27,INST013,153.9758,155.9641,149.503,153.8259,985512.0,USD
2024-02-28,INST013,156.7277,157.5033,156.4924,157.182,1772878.0,USD
2024-02-29,INST013,152.2218,154.5778,152.1817,153.3955,3986888.0,USD
2024-03-01,INST013,150.6892,154.6527,149.0388,151.2413,4579354.0,USD
2024-03-04,INST013,153.3192,156.2896,149.3145,152.1135,1406710.0,USD
2024-03-05,INST013,147.6967,149.7847,144.7501,148.6124,1001070.0,USD
2024-03-06,INST013,149.6658,150.1628,147.3758,149.5725,694784.0,USD
2024-03-07,INST013,154.1474,157.3991,151.1044,153.2215,1511809.0,USD
2024-03-08,INST013,156.937,156.7736,153.7988,156.2225,2297996.0,USD
2024-03-11,INST013,160.8961,162.6677,157.7104,159.3301,2186533.0,USD
2024-03-12,INST013,162.7199,162.5147,159.1228,162.1128,3690880.0,USD
2024-03-13,INST013,158.8852,162.8334,158.2306,159.4849,4496913.0,USD
2024-03-14,INST013,156.5041,161.6896,154.3345,157.4957,1740654.0,USD
2024-03-15,INST013,156.4231,160.0126,154.4488,155.4582,2826063.0,USD
2024-03-18,INST013,157.4556,160.7363,155.3775,158.658,2702467.0,USD
2024-03-19,INST013,158.3391,158.5971,154.7502,158.0519,3719186.0,USD
2024-03-20,INST013,156.0026,157.4802,151.9365,155.4028,1385763.0,USD
2024-03-21,INST013,152.884,157.784,153.3275,154.0237,4667502.0,USD
2024-03-22,INST013,156.8225,157.8811,157.2228,157.2532,1130267.0,USD
2024-03-25,INST013,154.8897,158.7506,154.0225,154.5611,3359353.0,USD
2024-03-26,INST013,154.5692,158.6341,150.252,154.678,1269046.0,USD
2024-03-27,INST013,155.2108,156.6628,153.5925,153.7672,370384.0,USD
2024-03-28,INST013,149.8922,154.6781,149.1558,150.9252,4671364.0,USD
2024-03-29,INST013,148.7761,150.223,145.3444,147.4657,2022673.0,USD
2024-04-01,INST013,145.1062,145.7585,143.7186,145.1852,3458838.0,USD
2024-04-02,INST013,147.3606,147.8675,144.4218,147.6179,3301841.0,USD
2024-04-03,INST013,147.0884,148.4992,147.2764,147.5499,1998937.0,USD
2024-04-04,INST013,150.207,151.9494,145.7306,149.5891,1288405.0,USD
2024-04-05,INST013,153.2106,154.5164,149.4497,152.7837,300994.0,USD
2024-04-08,INST013,156.2715,156.7267,154.0832,155.5487,4610861.0,USD
2024-04-09,INST013,158.5755,162.1823,156.618,158.4694,983528.0,USD
2024-04-10,INST013,159.1835,162.0089,157.3818,157.6203,3581519.0,USD
2024-04-11,INST013,152.9323,155.3453,151.593,153.8006,4013471.0,USD
2024-04-12,INST013,149.0324,152.7993,147.8311,149.9649,4652649.0,USD
2024-04-15,INST013,147.681,148.7395,147.7831,147.9156,4090836.0,USD
2024-04-16,INST013,147.4697,151.856,148.1742,148.5501,716415.0,USD
2024-04-17,INST013,147.9614,148.5784,143.5264,147.1578,2151349.0,USD
2024-04-18,INST013,147.6032,148.2465,144.8325,146.6173,3796088.0,USD
2024-04-19,INST013,147.0858,148.9906,145.4567,147.42,4279263.0,USD
2024-04-22,INST013,148.2628,153.2827,144.6555,149.1138,1852242.0,USD
2024-04-23,INST013,153.5094,155.1403,151.2932,152.1261,3428341.0,USD
2024-04-24,INST013,153.6111,157.5659,154.0672,154.4502,358378.0,USD
2024-04-25,INST013,153.8491,154.6742,150.2007,154.4309,2857154.0,USD
2024-04-26,INST013,157.5042,159.5123,153.7893,156.303,572880.0,USD
2024-04-29,INST013,155.9805,156.8151,152.9129,155.4798,4541107.0,USD
2024-04-30,INST013,155.484,158.2231,152.8907,154.685,4014701.0,USD
2024-05-01,INST013,153.6843,153.863,151.7811,153.5421,2389180.0,USD
2024-05-02,INST013,149.3983,151.3607,145.6531,149.7298,4298594.0,USD
2024-05-03,INST013,149.7277,150.7892,145.5701,149.0906,3293595.0,USD
2024-05-06,INST013,148.7885,150.0591,146.0614,149.9439,3554817.0,USD
2024-05-07,INST013,150.9127,152.0115,147.1828,150.0687,4472249.0,USD
2024-05-08,INST013,153.5135,157.3729,153.3747,153.42,4352101.0,USD
2024-05-09,INST013,149.5251,152.6359,145.4561,149.7569,3518587.0,USD
2024-05-10,INST013,153.2805,155.7752,151.0609,152.0537,3672336.0,USD
2024-05-13,INST013,149.7568,152.6251,148.1084,148.3846,1411586.0,USD
2024-05-14,INST013,151.5519,151.8805,145.8643,150.0753,2493896.0,USD
2024-05-15,INST013,149.2093,150.6223,148.024,149.3427,2286611.0,USD
2024-05-16,INST013,147.7794,152.3411,145.6813,149.0118,4924291.0,USD
2024-05-17,INST013,152.6232,155.1228,149.6307,151.4108,1253384.0,USD
2024-05-20,INST013,151.1067,153.7209,147.3862,150.9214,1364399.0,USD
2024-05-21,INST013,148.3701,149.2599,146.5092,148.664,2464267.0,USD
2024-05-22,INST013,150.5948,152.242,147.5547,150.9198,4131427.0,USD
2024-05-23,INST013,149.4462,149.181,145.8314,148.0366,979127.0,USD
2024-05-24,INST013,151.4735,154.0224,146.7133,150.8422,1369342.0,USD
2024-05-27,INST013,153.3682,154.1159,149.7525,152.4833,2484588.0,USD
2024-05-28,INST013,154.9409,153.865,151.1111,153.6176,2280567.0,USD
2024-05-29,INST013,155.5562,156.4491,154.3303,156.0873,1631946.0,USD
2024-05-30,INST013,155.8038,155.3591,152.2914,155.3572,1680193.0,USD
2024-05-31,INST013,156.0071,157.8454,155.2904,155.943,262584.0,USD
2024-06-03,INST013,153.3414,157.0018,150.5111,153.5211,4291845.0,USD
2024-06-04,INST013,151.3132,152.4253,147.4442,150.1586,3952530.0,USD
2024-06-05,INST013,152.492,156.7223,152.4884,152.5485,2468940.0,USD
2024-06-06,INST013,152.3084,152.442,148.6008,151.577,4315155.0,USD
2024-06-07,INST013,150.661,154.1272,146.7799,151.2388,2883919.0,USD
2024-06-10,INST013,151.2854,154.3757,151.0256,152.7483,435722.0,USD
2024-06-11,INST013,148.9102,153.2229,148.1082,149.795,2518818.0,USD
2024-06-12,INST013,146.3431,150.9195,144.6009,147.6608,2337309.0,USD
2024-06-13,INST013,144.3938,144.9318,141.0235,144.0427,1239656.0,USD
2024-06-14,INST013,145.5434,146.5128,141.0297,144.3063,1142266.0,USD
2024-06-17,INST013,143.5552,149.2915,142.7521,144.9457,1323738.0,USD
2024-06-18,INST013,142.8951,144.2,142.7933,142.8096,1005517.0,USD
2024-06-19,INST013,145.183,146.4161,143.0785,144.0098,4459539.0,USD
2024-06-20,INST013,147.4511,148.1495,144.4167,146.2135,2239226.0,USD
2024-06-21,INST013,147.9451,149.91,146.0488,148.8328,1201252.0,USD
2024-06-24,INST013,150.0242,153.662,146.8695,149.3413,124177.0,USD
2024-06-25,INST013,148.6591,150.8432,145.9342,147.9649,4074027.0,USD
2024-06-26,INST013,149.003,151.3015,149.8295,150.3462,1050316.0,USD
2024-06-27,INST013,148.4087,147.5481,145.915,147.5317,774204.0,USD
2024-06-28,INST013,149.5245,153.2707,148.2797,149.2928,2313775.0,USD
2024-07-01,INST013,149.4267,151.5564,147.4964,148.4186,2214711.0,USD
2024-07-02,INST013,151.8738,155.4631,150.8562,151.1219,3057327.0,USD
2024-07-03,INST013,146.7248,150.2067,144.6348,147.4537,4657374.0,USD
2024-07-04,INST013,145.8297,149.9783,144.3779,147.2977,1160023.0,USD
2024-07-05,INST013,147.2192,151.0121,142.8875,146.7653,3448546.0,USD
2024-07-08,INST013,148.2234,147.8088,144.4303,147.6722,1547154.0,USD
2024-07-09,INST013,146.3195,145.4066,145.0639,145.2348,1231309.0,USD
2024-07-10,INST013,142.1295,144.7362,142.3454,142.7785,1049224.0,USD
2024-07-11,INST013,140.7283,143.323,138.1509,140.277,1509082.0,USD
2024-07-12,INST013,139.2638,140.1039,137.023,139.7655,1215422.0,USD
2024-07-15,INST013,142.3125,144.6202,140.3228,143.239,1576624.0,USD
2024-07-16,INST013,141.2003,141.0766,138.7668,140.2339,3096840.0,USD
2024-07-17,INST013,137.9268,137.6127,136.6659,137.2685,716757.0,USD
2024-07-18,INST013,137.4353,140.0922,134.0435,137.391,1463873.0,USD
2024-07-19,INST013,139.624,142.1608,137.6211,139.4901,1071580.0,USD
2024-07-22,INST013,138.3663,139.4733,137.9169,138.4727,1475363.0,USD
2024-07-23,INST013,142.2017,142.7659,138.275,141.7049,1953629.0,USD
2024-07-24,INST013,145.213,149.4008,142.5005,145.1227,3406407.0,USD
2024-07-25,INST013,147.9294,147.1279,143.5118,146.7628,1762854.0,USD
2024-07-26,INST013,145.2413,145.5391,143.6168,144.1333,4163702.0,USD
2024-07-29,INST013,143.8749,147.2315,139.8968,143.2111,3649339.0,USD
2024-07-30,INST013,143.2123,147.5681,142.0258,144.5322,2533012.0,USD
2024-07-31,INST013,149.071,147.7817,145.4127,147.5991,4461510.0,USD
2024-08-01,INST013,145.3573,149.0277,141.5486,145.2489,3973296.0,USD
2024-08-02,INST013,146.9316,149.0659,143.1086,146.3548,3282789.0,USD
2024-08-05,INST013,145.7171,151.1647,143.3535,146.894,170037.0,USD
2024-08-06,INST013,149.781,154.1571,149.5504,150.3657,1569084.0,USD
2024-08-07,INST013,152.0759,151.8762,148.1965,151.2539,4313358.0,USD
2024-08-08,INST013,149.9193,153.8856,149.5085,150.4896,734761.0,USD
2024-08-09,INST013,151.6104,150.7819,147.5596,150.4954,802333.0,USD
2024-08-12,INST013,151.887,154.4167,149.6259,151.6851,3755618.0,USD
2024-08-13,INST013,147.6675,149.4118,145.3554,148.2693,1904747.0,USD
2024-08-14,INST013,144.7133,145.974,144.5802,145.7704,4985824.0,USD
2024-08-15,INST013,146.8946,149.0786,146.0816,146.795,860526.0,USD
2024-08-16,INST013,147.7553,149.3523,143.2356,147.0392,1182315.0,USD
2024-08-19,INST013,148.1144,150.1115,147.0525,148.5287,3763368.0,USD
2024-08-20,INST013,144.8884,146.6853,142.4192,145.2385,318528.0,USD
2024-08-21,INST013,145.8929,146.2047,142.7019,145.327,359282.0,USD
2024-08-22,INST013,146.2891,150.8276,146.0895,147.4551,661494.0,USD
2024-08-23,INST013,145.7079,145.1867,141.8467,144.2867,4374748.0,USD
2024-08-26,INST013,145.3736,145.719,140.7882,144.9041,4482844.0,USD
2024-08-27,INST013,143.6242,146.6562,141.8712,144.1775,2843795.0,USD
2024-08-28,INST013,144.6783,146.5718,140.8883,143.6506,4725568.0,USD
2024-08-29,INST013,142.6978,145.0915,139.5371,142.7191,2023274.0,USD
2024-08-30,INST013,142.183,144.6781,142.1579,143.2043,1284803.0,USD
2024-09-02,INST013,145.4337,147.6582,144.9557,146.2795,4426187.0,USD
2024-09-03,INST013,147.5439,149.4348,143.8462,146.3182,697707.0,USD
2024-09-04,INST013,147.6481,147.4113,146.1782,146.3653,700342.0,USD
2024-09-05,INST013,149.8221,150.143,147.6979,148.7805,1678853.0,USD
2024-09-06,INST013,147.3385,151.0262,143.9184,148.3295,4759365.0,USD
2024-09-09,INST013,148.9459,151.8678,143.4997,147.8699,3674322.0,USD
2024-09-10,INST013,149.0115,152.5622,144.6821,148.2585,1115534.0,USD
2024-09-11,INST013,148.6361,150.5483,145.5571,149.9494,3846878.0,USD
2024-09-12,INST013,146.8688,146.9067,143.9548,146.4497,3720358.0,USD
2024-09-13,INST013,145.2135,148.1487,142.9266,144.7441,799150.0,USD
2024-09-16,INST013,144.7759,148.0048,143.4187,143.8098,540577.0,USD
2024-09-17,INST013,142.9907,147.6277,142.9806,143.9522,927438.0,USD
2024-09-18,INST013,146.0957,150.2325,145.9192,146.8292,1018878.0,USD
2024-09-19,INST013,146.6727,149.4897,142.9134,145.4921,1755036.0,USD
2024-09-20,INST013,148.1527,148.6396,147.8179,148.1791,4361446.0,USD
2024-09-23,INST013,150.1685,151.3377,150.4029,151.2226,4444943.0,USD
2024-09-24,INST013,151.5858,155.2256,147.0429,150.821,911620.0,USD
2024-09-25,INST013,153.9716,156.977,153.2544,153.8499,504416.0,USD
2024-09-26,INST013,152.7528,153.5448,151.1087,151.4405,3539244.0,USD
2024-09-27,INST013,149.8253,150.218,148.473,148.6679,3468859.0,USD
2024-09-30,INST013,148.6409,152.7525,147.2191,150.0173,4676054.0,USD
2024-10-01,INST013,151.4534,157.3032,151.1618,152.7402,2409289.0,USD
2024-10-02,INST013,149.8993,152.1355,146.8081,150.8221,1775024.0,USD
2024-10-03,INST013,152.8814,153.6708,151.5748,152.6588,679306.0,USD
2024-10-04,INST013,155.1208,158.1139,154.6354,156.1217,4953667.0,USD
2024-10-07,INST013,153.1869,156.2895,150.7674,153.8532,2829099.0,USD
2024-10-08,INST013,153.1388,154.1176,151.5889,154.0367,608713.0,USD
2024-10-09,INST013,152.3509,153.841,150.6838,153.6658,3399695.0,USD
2024-10-10,INST013,155.0941,159.4391,154.2413,156.6205,3497837.0,USD
2024-10-11,INST013,155.0765,155.5045,151.6221,154.7409,132280.0,USD
2024-10-14,INST013,157.131,160.7945,156.4191,157.8506,1307827.0,USD
2024-10-15,INST013,154.3146,158.4536,151.8732,154.3857,3765291.0,USD
2024-10-16,INST013,151.9977,156.9875,149.4089,153.1882,823028.0,USD
2024-10-17,INST013,154.1405,158.6595,154.1775,154.8985,4191654.0,USD
2024-10-18,INST013,159.436,161.5369,155.639,158.6789,1865825.0,USD
2024-10-21,INST013,157.5765,158.2747,156.0816,156.425,3767296.0,USD
2024-10-22,INST013,154.1206,158.5202,154.9714,155.4887,4433221.0,USD
2024-10-23,INST013,156.5745,159.4285,155.4363,157.4056,2786845.0,USD
2024-10-24,INST013,154.3814,157.5628,154.1867,155.5367,3983778.0,USD
2024-10-25,INST013,154.8126,154.8614,152.968,154.6697,3350712.0,USD
2024-10-28,INST013,156.3715,158.0998,155.1444,157.145,359651.0,USD
2024-10-29,INST013,161.4852,163.327,158.8193,160.4594,3163727.0,USD
2024-10-30,INST013,162.5216,166.3316,161.2571,162.1004,1229806.0,USD
2024-10-31,INST013,165.0975,169.2135,163.2526,166.0761,3564471.0,USD
2024-11-01,INST013,165.3794,166.1616,164.3657,166.1035,3523675.0,USD
2024-11-04,INST013,161.3953,164.4087,162.1826,162.2949,4765196.0,USD
2024-11-05,INST013,159.7782,162.4442,157.9027,159.2339,866298.0,USD
2024-11-06,INST013,159.7278,163.7837,156.9184,160.6431,3778231.0,USD
2024-11-07,INST013,161.2507,161.384,156.259,160.053,1898897.0,USD
2024-11-08,INST013,160.343,160.3243,157.5738,159.1553,2142808.0,USD
2024-11-11,INST013,161.1562,166.8691,162.4402,162.5989,1748059.0,USD
2024-11-12,INST013,158.9933,160.981,155.7528,160.0584,2091136.0,USD
2024-11-13,INST013,155.0859,160.8693,156.5067,156.585,1245082.0,USD
2024-11-14,INST013,153.9381,156.5689,152.4762,152.8961,4406773.0,USD
2024-11-15,INST013,149.9314,152.2353,146.5369,149.4085,2671567.0,USD
2024-11-18,INST013,150.3423,153.9966,150.4749,150.8002,2169668.0,USD
2024-11-19,INST013,150.9587,151.9266,146.7699,149.9252,277635.0,USD
2024-11-20,INST013,151.6548,155.2341,150.4776,153.1731,3444469.0,USD
2024-11-21,INST013,154.5703,156.604,155.1456,156.112,2826696.0,USD
2024-11-22,INST013,153.7797,156.9211,153.5245,154.8179,1665126.0,USD
2024-11-25,INST013,158.424,161.2137,156.9923,158.6117,4068152.0,USD
2024-11-26,INST013,161.5921,164.7758,160.6625,161.3451,3176777.0,USD
2024-11-27,INST013,158.3587,163.4607,156.9213,158.7932,1029833.0,USD
2024-11-28,INST013,162.1947,161.9449,156.5374,161.14,2143952.0,USD
2024-11-29,INST013,159.7129,163.8894,159.0343,159.7063,2036047.0,USD
2024-12-02,INST013,156.8936,160.0388,156.8999,157.2276,1114026.0,USD
2024-12-03,INST013,157.5284,161.661,155.475,159.0064,395057.0,USD
2024-12-04,INST013,161.9996,161.8485,160.2515,161.0234,2387780.0,USD
2024-12-05,INST013,160.0906,163.1338,159.8181,160.3051,3596279.0,USD
2024-12-06,INST013,163.1815,164.4439,161.5675,162.1056,2342583.0,USD
2024-12-09,INST013,164.7673,168.3625,160.6682,165.4738,4074070.0,USD
2024-12-10,INST013,168.5046,170.7897,163.5368,167.563,448270.0,USD
2024-12-11,INST013,172.6268,171.832,167.4975,171.1328,3851291.0,USD
2024-12-12,INST013,171.7532,173.6591,169.5205,171.0135,251816.0,USD
2024-12-13,INST013,172.2335,173.5307,167.7515,172.0173,4337500.0,USD
2024-12-16,INST013,167.3766,172.8423,164.7778,167.8927,3274850.0,USD
2024-12-17,INST013,169.0924,171.505,169.3524,169.4213,3859654.0,USD
2024-12-18,INST013,169.6247,175.7203,167.4013,170.7829,4668698.0,USD
2024-12-19,INST013,171.5446,173.552,168.6703,172.3164,3946478.0,USD
2024-12-20,INST013,173.7482,174.7468,171.6157,172.6848,1138711.0,USD
2024-12-23,INST013,175.3519,177.7936,170.4356,175.2558,2247054.0,USD
2024-12-24,INST013,170.4451,174.9891,167.0971,171.1038,4806681.0,USD
2024-12-25,INST013,172.5024,177.8362,168.7732,173.7527,441630.0,USD
2024-12-26,INST013,174.9129,177.7466,169.4022,173.2429,463174.0,USD
2024-12-27,INST013,172.5933,174.0697,169.5545,172.5065,4941121.0,USD
2024-12-30,INST013,170.4011,171.0272,166.194,170.2792,3081541.0,USD
2024-12-31,INST013,172.7901,174.0563,170.6778,173.8888,4856500.0,USD
2022-01-03,INST014,126.7662,129.2187,124.0366,126.0075,2745106.0,USD
2022-01-04,INST014,124.4692,124.4218,121.7125,124.2239,4088111.0,USD
2022-01-05,INST014,124.7135,128.5378,122.618,125.3131,522903.0,USD
2022-01-06,INST014,122.7201,123.2133,122.3051,122.5612,2688815.0,USD
2022-01-07,INST014,123.39,125.3495,121.1466,122.4302,1534865.0,USD
2022-01-10,INST014,122.9441,124.7392,118.5413,121.9321,840969.0,USD
2022-01-11,INST014,123.0672,126.5307,122.4021,122.9849,3305253.0,USD
2022-01-12,INST014,126.9748,126.1969,124.3299,125.7448,1305855.0,USD
2022-01-13,INST014,123.2118,124.2559,122.4315,122.89,2198456.0,USD
2022-01-14,INST014,121.0312,122.2094,119.2776,122.0895,1690878.0,USD
2022-01-17,INST014,124.2522,126.2005,123.6454,123.7009,399881.0,USD
2022-01-18,INST014,124.1378,124.6255,120.5379,123.6012,3930123.0,USD
2022-01-19,INST014,126.9324,127.7226,123.241,125.7458,1025105.0,USD
2022-01-20,INST014,123.8949,126.7588,122.7674,123.5158,1419554.0,USD
2022-01-21,INST014,121.2633,122.3391,120.8989,122.325,3414655.0,USD
2022-01-24,INST014,121.2452,121.8187,117.3073,120.8723,3057958.0,USD
2022-01-25,INST014,119.7395,123.128,119.9905,120.4046,2663319.0,USD
2022-01-26,INST014,122.8192,124.5903,121.3507,122.7319,2589110.0,USD
2022-01-27,INST014,121.8754,124.0905,121.2006,121.4718,1567119.0,USD
2022-01-28,INST014,121.1979,124.1003,120.937,120.9822,2777284.0,USD
2022-01-31,INST014,122.9478,124.3797,123.5783,123.6891,3985947.0,USD
2022-02-01,INST014,120.3002,124.1015,119.9839,120.7083,569709.0,USD
2022-02-02,INST014,123.607,123.5249,119.6546,122.5306,1357831.0,USD
2022-02-03,INST014,122.591,125.3799,122.5114,123.4997,4333952.0,USD
2022-02-04,INST014,125.5786,126.3534,122.3401,124.9737,3949964.0,USD
2022-02-07,INST014,121.723,122.5033,120.6015,121.989,2855177.0,USD
2022-02-08,INST014,124.3347,126.6071,123.6354,124.4943,2825664.0,USD
2022-02-09,INST014,126.2579,127.7877,125.1117,126.4452,4830992.0,USD
2022-02-10,INST014,123.0531,126.1048,120.7774,124.003,1713379.0,USD
2022-02-11,INST014,124.1322,127.4357,123.5485,125.1263,4848426.0,USD
2022-02-14,INST014,125.9122,128.2008,124.4409,125.5339,4156966.0,USD
2022-02-15,INST014,126.3459,126.1725,123.5373,125.9185,561578.0,USD
2022-02-16,INST014,123.5882,123.9865,121.1825,122.9066,3635193.0,USD
2022-02-17,INST014,119.0078,122.2765,119.0799,119.9067,3656030.0,USD
2022-02-18,INST014,120.4601,124.2966,117.2706,120.795,1323421.0,USD
2022-02-21,INST014,119.743,121.4658,117.9969,120.5603,4991121.0,USD
2022-02-22,INST014,120.6352,123.5653,120.0774,120.095,3676719.0,USD
2022-02-23,INST014,120.8511,122.8537,117.9281,121.0623,535734.0,USD
2022-02-24,INST014,120.8122,124.1879,119.0244,121.6119,460523.0,USD
2022-02-25,INST014,118.4684,119.1362,117.2452,118.6596,4717839.0,USD
2022-02-28,INST014,118.8816,122.5496,116.4492,119.733,4393364.0,USD
2022-03-01,INST014,117.1522,118.5742,115.3847,117.9218,2457860.0,USD
2022-03-02,INST014,113.9169,115.1104,112.0287,115.0341,430233.0,USD
2022-03-03,INST014,116.7883,119.6128,114.0763,117.4074,2022539.0,USD
2022-03-04,INST014,116.2256,118.0784,115.2769,117.3274,2831689.0,USD
2022-03-07,INST014,120.8234,119.8389,118.7421,119.7883,375644.0,USD
2022-03-08,INST014,120.819,121.8126,120.0171,120.166,3570359.0,USD
2022-03-09,INST014,123.6261,123.4584,121.1882,122.9707,472917.0,USD
2022-03-10,INST014,123.701,126.2454,124.4755,124.5819,236131.0,USD
2022-03-11,INST014,123.4967,125.208,122.3224,122.367,1745444.0,USD
2022-03-14,INST014,122.4229,124.3449,117.8449,121.3726,3747565.0,USD
2022-03-15,INST014,120.8661,122.7945,117.8039,120.7721,2743528.0,USD
2022-03-16,INST014,119.3952,121.4959,116.7215,119.6854,1812277.0,USD
2022-03-17,INST014,121.807,122.4575,121.8289,122.3851,369881.0,USD
2022-03-18,INST014,125.9346,125.5362,124.0098,125.051,956546.0,USD
2022-03-21,INST014,121.5621,124.2129,122.5322,122.7438,1464111.0,USD
2022-03-22,INST014,123.5037,123.2298,120.8033,123.1052,2858767.0,USD
2022-03-23,INST014,122.1997,122.3639,119.0736,121.8192,2280432.0,USD
2022-03-24,INST014,122.0947,126.6288,122.1191,122.9739,3354450.0,USD
2022-03-25,INST014,121.7353,123.0895,120.7498,120.7635,4891173.0,USD
2022-03-28,INST014,120.5116,120.608,119.0741,119.8109,2768261.0,USD
2022-03-29,INST014,122.4252,124.3115,120.6742,121.774,895518.0,USD
2022-03-30,INST014,121.7121,121.873,121.3214,121.5171,4240354.0,USD
2022-03-31,INST014,124.5408,127.1699,121.2801,123.9896,596846.0,USD
2022-04-01,INST014,125.6991,129.0999,124.0901,126.8219,641551.0,USD
2022-04-04,INST014,123.7027,127.534,122.2043,124.5731,1505291.0,USD
2022-04-05,INST014,126.9085,131.2486,127.5544,127.6458,4306181.0,USD
2022-04-06,INST014,129.9397,133.0519,127.9771,130.802,4499516.0,USD
2022-04-07,INST014,133.1543,134.2883,131.4548,133.7613,3681578.0,USD
2022-04-08,INST014,132.2718,132.8367,127.8685,131.1205,1448694.0,USD
2022-04-11,INST014,130.3418,130.5779,127.1016,129.3173,2099399.0,USD
2022-04-12,INST014,126.572,128.5054,124.0907,126.5445,3818220.0,USD
2022-04-13,INST014,124.6998,127.1438,123.3553,123.6008,3138238.0,USD
2022-04-14,INST014,126.5658,126.9693,125.0376,126.142,2143853.0,USD
2022-04-15,INST014,126.9424,129.3414,125.9345,126.2178,282802.0,USD
2022-04-18,INST014,127.8776,129.9299,125.8118,127.9673,4794754.0,USD
2022-04-19,INST014,125.599,127.9094,123.0173,126.7489,1556777.0,USD
2022-04-20,INST014,128.9453,131.9286,128.2304,128.5063,4920073.0,USD
2022-04-21,INST014,124.4724,125.7597,125.6463,125.7,2771151.0,USD
2022-04-22,INST014,124.3879,126.7358,123.8664,124.656,151822.0,USD
2022-04-25,INST014,123.2277,125.8595,121.5726,123.3327,3228138.0,USD
2022-04-26,INST014,124.779,127.5458,123.4326,124.1791,2989427.0,USD
2022-04-27,INST014,126.5063,128.0684,123.8037,125.5684,4682069.0,USD
2022-04-28,INST014,126.405,126.668,125.9359,125.9926,440003.0,USD
2022-04-29,INST014,123.9182,124.4626,120.825,124.3011,3834955.0,USD
2022-05-02,INST014,126.3849,127.6937,125.5628,126.7622,3030865.0,USD
2022-05-03,INST014,125.6941,129.9476,124.8195,126.1831,2520967.0,USD
2022-05-04,INST014,125.8188,127.2266,124.5516,126.5927,3866648.0,USD
2022-05-05,INST014,126.749,130.2826,126.0023,127.0489,2640396.0,USD
2022-05-06,INST014,126.1279,129.6969,124.6019,126.0851,3079814.0,USD
2022-05-09,INST014,124.0566,127.2914,120.3706,123.8272,2314801.0,USD
2022-05-10,INST014,125.4956,126.9945,123.0175,124.621,3736640.0,USD
2022-05-11,INST014,126.8151,127.8169,125.813,126.0032,2065054.0,USD
2022-05-12,INST014,128.2873,129.7294,128.9351,128.9802,4391446.0,USD
2022-05-13,INST014,129.9401,132.3152,125.9501,129.1382,3517081.0,USD
2022-05-16,INST014,128.6579,131.431,124.9751,127.9341,2256234.0,USD
2022-05-17,INST014,127.3745,128.5278,126.0299,128.0397,1778403.0,USD
2022-05-18,INST014,130.4486,132.7001,127.5371,130.8876,1860083.0,USD
2022-05-19,INST014,127.6847,129.5711,125.6391,128.1962,2494069.0,USD
2022-05-20,INST014,129.2462,132.1508,127.8237,130.522,3951854.0,USD
2022-05-23,INST014,129.6547,133.199,129.7037,130.9395,1765608.0,USD
2022-05-24,INST014,129.4278,129.9776,126.8291,129.1892,3752790.0,USD
2022-05-25,INST014,126.7456,130.795,127.6394,127.6814,3277385.0,USD
2022-05-26,INST014,128.8794,130.5705,127.0685,128.8054,4744990.0,USD
2022-05-27,INST014,128.789,130.7811,125.8326,128.0233,269633.0,USD
2022-05-30,INST014,129.4695,129.7615,127.9757,129.0603,2703065.0,USD
2022-05-31,INST014,129.3082,129.8327,126.5496,128.4777,454165.0,USD
2022-06-01,INST014,129.5336,131.6681,125.3115,128.762,3931081.0,USD
2022-06-02,INST014,128.4093,130.1547,126.5057,128.3694,933917.0,USD
2022-06-03,INST014,130.3422,132.7855,126.978,130.237,3646027.0,USD
2022-06-06,INST014,130.7763,129.9008,128.4105,129.5674,1529013.0,USD
2022-06-07,INST014,128.7476,132.7126,126.4954,129.7523,1691021.0,USD
2022-06-08,INST014,126.4121,127.6737,125.0667,127.1868,2109164.0,USD
2022-06-09,INST014,126.3717,127.9538,125.2694,127.3534,1440338.0,USD
2022-06-10,INST014,128.8664,128.7878,124.9759,128.6039,4092650.0,USD
2022-06-13,INST014,130.3171,132.8469,128.686,130.1523,930223.0,USD
2022-06-14,INST014,127.1442,130.9084,127.1498,128.4276,2666097.0,USD
2022-06-15,INST014,128.5615,132.0563,127.5621,128.4816,1747955.0,USD
2022-06-16,INST014,129.0012,130.8102,125.7892,128.5239,3523060.0,USD
2022-06-17,INST014,129.8305,131.1606,129.7438,130.4889,527455.0,USD
2022-06-20,INST014,129.8779,131.7062,126.6201,128.6631,1836960.0,USD
2022-06-21,INST014,128.2589,131.1622,128.1503,128.7499,323810.0,USD
2022-06-22,INST014,125.7401,128.6297,126.163,126.8258,4133348.0,USD
2022-06-23,INST014,122.8542,127.2766,122.7851,123.7589,4799406.0,USD
2022-06-24,INST014,120.9393,121.3961,120.339,120.7929,2596695.0,USD
2022-06-27,INST014,120.3612,122.9318,118.5971,120.9208,1669846.0,USD
2022-06-28,INST014,121.0177,121.5947,117.3654,119.9787,932847.0,USD
2022-06-29,INST014,119.1763,121.1512,118.4227,118.6133,3487929.0,USD
2022-06-30,INST014,120.065,124.2581,119.5505,120.8059,1569808.0,USD
2022-07-01,INST014,123.5124,126.0578,120.0132,123.3751,3901079.0,USD
2022-07-04,INST014,121.2882,122.0209,117.9268,121.0199,4613219.0,USD
2022-07-05,INST014,122.163,122.4964,119.1462,121.2003,1212524.0,USD
2022-07-06,INST014,123.2007,123.3577,122.3886,122.9497,4612385.0,USD
2022-07-07,INST014,123.145,126.0697,122.2151,124.3012,2532056.0,USD
2022-07-08,INST014,125.1238,127.2905,122.9696,126.3447,553162.0,USD
2022-07-11,INST014,124.1674,125.1446,123.8196,124.051,481987.0,USD
2022-07-12,INST014,126.2659,127.8425,123.0752,125.9626,3697414.0,USD
2022-07-13,INST014,125.8308,126.3721,122.983,126.0425,4157766.0,USD
2022-07-14,INST014,122.4766,124.2658,121.6538,123.2027,2365913.0,USD
2022-07-15,INST014,122.9519,123.7527,121.4197,121.7728,4090229.0,USD
2022-07-18,INST014,122.6167,125.8941,121.0302,123.3776,1004330.0,USD
2022-07-19,INST014,120.8231,122.2879,119.5275,120.8551,211945.0,USD
2022-07-20,INST014,121.8711,123.6161,118.1451,121.5243,2955581.0,USD
2022-07-21,INST014,124.7628,125.8838,120.5462,123.6006,4781790.0,USD
2022-07-22,INST014,122.433,123.7886,120.6683,121.4568,777280.0,USD
2022-07-25,INST014,119.2678,122.176,117.7944,118.8611,4779391.0,USD
2022-07-26,INST014,120.9516,122.3125,119.6051,120.6614,4050496.0,USD
2022-07-27,INST014,123.5608,123.8469,121.1499,123.0955,2058386.0,USD
2022-07-28,INST014,126.0685,128.4935,122.3236,124.9608,670716.0,USD
2022-07-29,INST014,125.7242,126.7747,124.1717,125.9014,1463172.0,USD
2022-08-01,INST014,123.1338,125.7651,119.9598,122.8377,3394669.0,USD
2022-08-02,INST014,122.4588,125.8254,123.0541,123.4827,4055580.0,USD
2022-08-03,INST014,126.7365,126.2537,125.0158,125.9698,2838110.0,USD
2022-08-04,INST014,125.928,127.7113,125.7453,126.1571,4074044.0,USD
2022-08-05,INST014,127.1809,127.9203,127.4531,127.6531,2395903.0,USD
2022-08-08,INST014,129.1265,130.9039,127.5719,128.2537,4976603.0,USD
2022-08-09,INST014,128.2015,130.9322,125.7108,127.1454,4888934.0,USD
2022-08-10,INST014,125.426,125.7014,121.3639,124.8258,3012586.0,USD
2022-08-11,INST014,124.4525,128.8811,122.6221,125.349,4670432.0,USD
2022-08-12,INST014,126.7101,127.9024,125.2896,126.0184,799583.0,USD
2022-08-15,INST014,125.9624,127.974,124.6451,126.8546,4066958.0,USD
2022-08-16,INST014,124.1194,125.9686,124.0175,125.1618,4567507.0,USD
2022-08-17,INST014,125.6171,127.0117,123.9992,124.9144,4259230.0,USD
2022-08-18,INST014,122.8824,124.405,120.527,123.1429,3703988.0,USD
2022-08-19,INST014,124.4767,125.4402,123.8716,123.9067,4381767.0,USD
2022-08-22,INST014,122.1634,122.6,119.3125,121.9125,2590569.0,USD
2022-08-23,INST014,119.7744,123.2486,116.6641,119.9403,2422960.0,USD
2022-08-24,INST014,121.5655,123.2829,120.3711,122.7182,852961.0,USD
2022-08-25,INST014,123.3251,124.8299,123.3032,124.392,3378661.0,USD
2022-08-26,INST014,126.5361,126.7816,122.7389,125.5651,2678213.0,USD
2022-08-29,INST014,123.9467,125.9602,121.9864,125.1179,2317716.0,USD
2022-08-30,INST014,126.0124,129.0046,124.6236,125.3565,3324717.0,USD
2022-08-31,INST014,126.0558,129.7757,123.8625,126.2144,261232.0,USD
2022-09-01,INST014,128.6618,129.1978,127.8663,129.1118,1282194.0,USD
2022-09-02,INST014,129.4449,132.981,126.0534,129.2741,2967813.0,USD
2022-09-05,INST014,125.982,128.0599,123.1573,126.8279,992687.0,USD
2022-09-06,INST014,126.7046,128.816,122.5591,125.9893,1066637.0,USD
2022-09-07,INST014,125.5825,126.7485,126.251,126.6656,4835952.0,USD
2022-09-08,INST014,128.0719,131.1809,127.7017,129.1928,4273516.0,USD
2022-09-09,INST014,131.214,134.4065,130.4438,131.6644,1521627.0,USD
2022-09-12,INST014,131.7413,135.0387,131.2549,132.9499,437709.0,USD
2022-09-13,INST014,135.6457,136.1412,133.1748,136.0194,686272.0,USD
2022-09-14,INST014,137.9365,139.3921,135.8504,138.4775,1268928.0,USD
2022-09-15,INST014,136.6589,137.5858,134.4156,136.4025,3346542.0,USD
2022-09-16,INST014,134.3546,136.6953,132.0391,134.9767,2895185.0,USD
2022-09-19,INST014,136.76,141.5855,133.9289,137.7406,126069.0,USD
2022-09-20,INST014,136.2338,141.2166,134.3044,137.2129,1660137.0,USD
2022-09-21,INST014,134.0943,135.3608,130.9673,134.5089,3220089.0,USD
2022-09-22,INST014,133.691,134.7891,130.2205,133.5943,3202138.0,USD
2022-09-23,INST014,137.1349,139.2783,133.843,136.128,2816516.0,USD
2022-09-26,INST014,134.1493,134.9817,130.0713,133.0638,141552.0,USD
2022-09-27,INST014,132.8974,133.5557,132.0642,133.2921,4333484.0,USD
2022-09-28,INST014,134.9057,138.619,131.4565,135.2624,4753730.0,USD
2022-09-29,INST014,135.5784,137.4822,131.1794,135.0341,785713.0,USD
2022-09-30,INST014,135.8771,137.8314,130.9595,134.7979,2571546.0,USD
2022-10-03,INST014,137.6686,138.9961,135.7193,137.0085,3173361.0,USD
2022-10-04,INST014,134.0489,135.5057,131.6867,134.0523,1544822.0,USD
2022-10-05,INST014,131.7794,134.4396,129.5852,130.7955,4448657.0,USD
2022-10-06,INST014,132.6398,133.0109,130.8028,131.3678,3374064.0,USD
2022-10-07,INST014,131.7236,132.9212,128.7251,130.9456,953858.0,USD
2022-10-10,INST014,129.8911,132.2167,127.8254,129.2149,4696423.0,USD
2022-10-11,INST014,128.0843,130.9995,125.4095,129.1122,2218661.0,USD
2022-10-12,INST014,131.0435,132.9192,129.8864,130.4437,3272040.0,USD
2022-10-13,INST014,132.8417,136.3494,131.6899,133.4445,4323863.0,USD
2022-10-14,INST014,134.5478,134.8748,131.0626,133.3432,937412.0,USD
2022-10-17,INST014,136.6084,139.5256,132.3598,136.3862,1471232.0,USD
2022-10-18,INST014,138.5694,142.8072,138.0963,139.3772,636505.0,USD
2022-10-19,INST014,141.2435,145.4861,138.004,142.0418,1527825.0,USD
2022-10-20,INST014,143.0913,146.8849,142.6696,142.7872,2026586.0,USD
2022-10-21,INST014,144.1572,144.3375,141.3664,143.1746,3819249.0,USD
2022-10-24,INST014,146.377,149.1805,144.8735,145.8766,672631.0,USD
2022-10-25,INST014,143.7131,147.571,140.3323,143.4093,4994212.0,USD
2022-10-26,INST014,141.4726,145.7584,140.5957,142.3978,1873628.0,USD
2022-10-27,INST014,141.4262,143.9276,142.6044,142.8293,275750.0,USD
2022-10-28,INST014,143.313,143.6404,138.166,142.4126,4199796.0,USD
2022-10-31,INST014,144.5997,146.6687,144.2923,145.6687,1648067.0,USD
2022-11-01,INST014,148.4114,147.974,146.9431,147.9524,4442629.0,USD
2022-11-02,INST014,148.1951,152.0508,147.6557,149.6379,4911505.0,USD
2022-11-03,INST014,150.167,155.1217,149.1358,150.9511,1746938.0,USD
2022-11-04,INST014,150.7541,152.7459,151.1478,152.1672,361886.0,USD
2022-11-07,INST014,154.3354,158.1147,152.6239,155.8242,1295632.0,USD
2022-11-08,INST014,154.0195,155.2794,152.707,153.6944,257883.0,USD
2022-11-09,INST014,155.3255,154.727,154.0855,154.251,1103864.0,USD
2022-11-10,INST014,150.1517,153.0864,148.5397,151.34,433998.0,USD
2022-11-11,INST014,150.5233,150.2189,147.6824,149.4019,874064.0,USD
2022-11-14,INST014,149.9222,152.7519,150.3806,150.7743,1124117.0,USD
2022-11-15,INST014,149.5085,152.4504,146.884,148.717,2901874.0,USD
2022-11-16,INST014,150.2952,149.5945,148.0895,148.8136,911935.0,USD
2022-11-17,INST014,146.1418,147.0503,144.0998,146.1664,149116.0,USD
2022-11-18,INST014,144.9533,148.1072,143.2395,145.9646,2680109.0,USD
2022-11-21,INST014,143.5961,143.9093,142.3892,142.8253,475162.0,USD
2022-11-22,INST014,147.2846,147.9916,144.2441,145.9317,1294829.0,USD
2022-11-23,INST014,143.1437,144.9593,140.2898,144.161,2218712.0,USD
2022-11-24,INST014,147.1389,151.7364,145.2101,147.7358,3800792.0,USD
2022-11-25,INST014,150.4965,153.5582,151.1231,151.1552,829174.0,USD
2022-11-28,INST014,156.068,157.5287,152.2014,154.6698,709962.0,USD
2022-11-29,INST014,157.5901,162.5305,155.9469,158.0192,1410728.0,USD
2022-11-30,INST014,155.7894,156.9476,153.9355,156.4651,4330803.0,USD
2022-12-01,INST014,160.382,159.7476,158.8921,158.8938,1216839.0,USD
2022-12-02,INST014,155.0432,159.6597,154.739,155.0662,2093090.0,USD
2022-12-05,INST014,153.0325,156.5138,151.2809,152.3725,3944638.0,USD
2022-12-06,INST014,152.0958,153.4978,148.4987,151.9368,2308168.0,USD
2022-12-07,INST014,149.7273,150.6221,145.2931,148.8544,4749574.0,USD
2022-12-08,INST014,147.1372,149.8324,144.0503,147.0952,1843497.0,USD
2022-12-09,INST014,144.6906,146.9368,141.7452,144.5476,2761951.0,USD
2022-12-12,INST014,140.6521,141.9011,137.9894,141.3818,1767254.0,USD
2022-12-13,INST014,140.0928,140.5943,135.902,139.9679,728743.0,USD
2022-12-14,INST014,140.0219,139.0229,135.8563,138.6697,220746.0,USD
2022-12-15,INST014,138.1991,140.0809,135.7146,139.5157,419222.0,USD
2022-12-16,INST014,136.5947,137.6519,135.3425,136.6603,3405947.0,USD
2022-12-19,INST014,138.7755,137.8352,133.917,137.6922,2939685.0,USD
2022-12-20,INST014,140.9554,141.3247,139.0149,140.9274,3469702.0,USD
2022-12-21,INST014,142.3827,143.6548,142.4469,142.8939,596557.0,USD
2022-12-22,INST014,145.1351,147.2627,143.1395,145.3773,4122347.0,USD
2022-12-23,INST014,145.5142,148.1236,142.2549,145.5477,3720967.0,USD
2022-12-26,INST014,143.5318,144.5708,142.6496,143.34,4099728.0,USD
2022-12-27,INST014,140.796,141.0457,137.8087,139.8789,627317.0,USD
2022-12-28,INST014,136.4383,140.3909,133.7842,136.892,3933115.0,USD
2022-12-29,INST014,140.6217,144.1448,135.9816,140.0536,3349189.0,USD
2022-12-30,INST014,143.5369,143.9531,139.6324,142.1747,3692926.0,USD
2023-01-02,INST014,140.6618,141.9659,136.6566,140.1917,3762979.0,USD
2023-01-03,INST014,137.8165,137.7301,137.0056,137.3915,3969154.0,USD
2023-01-04,INST014,138.0001,141.1332,137.4123,137.469,3454062.0,USD
2023-01-05,INST014,137.9276,139.2147,133.568,137.6292,4583553.0,USD
2023-01-06,INST014,136.17,139.1497,132.571,136.2583,4149790.0,USD
2023-01-09,INST014,132.8446,134.6306,129.6857,132.9331,1008322.0,USD
2023-01-10,INST014,129.6804,130.7503,128.5647,129.9425,1704184.0,USD
2023-01-11,INST014,131.0813,132.5298,128.15,130.9856,1524115.0,USD
2023-01-12,INST014,132.5056,136.4178,131.8154,132.5126,197249.0,USD
2023-01-13,INST014,131.0661,131.4374,127.4222,130.8733,3085520.0,USD
2023-01-16,INST014,129.4786,129.9006,127.3738,128.2907,1363364.0,USD
2023-01-17,INST014,125.2317,128.7997,126.1523,126.3192,1545775.0,USD
2023-01-18,INST014,128.5479,131.6589,127.9751,128.9898,4882344.0,USD
2023-01-19,INST014,130.377,132.3894,128.0206,130.3889,1211709.0,USD
2023-01-20,INST014,130.5456,133.6076,127.294,131.1011,748757.0,USD
2023-01-23,INST014,132.6599,135.0283,132.8163,133.562,1029192.0,USD
2023-01-24,INST014,132.723,133.9594,131.2296,131.7783,2202238.0,USD
2023-01-25,INST014,129.4516,131.6675,128.9087,130.6697,4881782.0,USD
2023-01-26,INST014,131.4363,134.2381,128.4104,131.6183,4650883.0,USD
2023-01-27,INST014,132.2593,133.531,128.8556,132.6463,2825011.0,USD
2023-01-30,INST014,132.66,136.6515,131.3375,133.7686,3926537.0,USD
2023-01-31,INST014,135.0704,137.5778,131.6635,134.2879,3866830.0,USD
2023-02-01,INST014,133.6853,134.6941,131.3156,132.757,2460745.0,USD
2023-02-02,INST014,133.9928,138.2677,133.1963,134.8886,4755880.0,USD
2023-02-03,INST014,131.5153,133.4814,131.5499,132.0808,4770369.0,USD
2023-02-06,INST014,131.5942,133.761,130.1535,132.6356,1131434.0,USD
2023-02-07,INST014,134.8611,135.9668,134.1088,134.3529,4305998.0,USD
2023-02-08,INST014,133.8771,134.747,129.3355,132.9617,1610758.0,USD
2023-02-09,INST014,131.9109,135.975,131.7797,132.9478,3199996.0,USD
2023-02-10,INST014,136.9689,136.5385,131.8718,135.8361,2283979.0,USD
2023-02-13,INST014,136.9642,138.7881,133.1348,136.1826,1300667.0,USD
2023-02-14,INST014,136.3495,137.7248,134.1806,136.2777,4693114.0,USD
2023-02-15,INST014,134.3255,138.013,131.3773,135.165,2328996.0,USD
2023-02-16,INST014,130.7409,135.0713,129.4054,131.8833,4834129.0,USD
2023-02-17,INST014,128.79,131.0739,128.5391,129.7388,2389902.0,USD
2023-02-20,INST014,130.8077,132.9585,128.2472,129.7763,4157332.0,USD
2023-02-21,INST014,132.7678,133.3798,129.7921,131.6298,255612.0,USD
2023-02-22,INST014,130.5658,130.566,126.8704,129.5721,4316047.0,USD
2023-02-23,INST014,128.5361,132.7325,129.1752,129.2374,1630290.0,USD
2023-02-24,INST014,131.0237,134.2872,128.2361,131.8143,3417383.0,USD
2023-02-27,INST014,129.9175,131.7575,127.9844,130.2266,4594735.0,USD
2023-02-28,INST014,128.7414,130.4346,125.4296,128.3909,1517238.0,USD
2023-03-01,INST014,126.4069,129.8974,125.997,126.6316,776171.0,USD
2023-03-02,INST014,125.058,129.7217,125.4801,126.0049,140218.0,USD
2023-03-03,INST014,123.9927,124.8022,122.9646,123.4704,363573.0,USD
2023-03-06,INST014,122.4446,123.2058,121.1569,121.5958,4889388.0,USD
2023-03-07,INST014,120.9162,121.5892,120.3478,120.7167,584515.0,USD
2023-03-08,INST014,122.0362,124.519,121.121,122.1891,2928361.0,USD
2023-03-09,INST014,120.568,124.0629,118.521,121.725,2851330.0,USD
2023-03-10,INST014,125.9236,124.8757,121.0892,124.7134,2231528.0,USD
2023-03-13,INST014,121.5525,123.5164,120.7093,122.3628,730808.0,USD
2023-03-14,INST014,122.0451,123.8463,118.4617,120.9792,683439.0,USD
2023-03-15,INST014,121.9188,124.8935,122.8029,123.0234,4099641.0,USD
2023-03-16,INST014,122.4898,122.2507,119.5882,121.405,3589076.0,USD
2023-03-17,INST014,121.8575,123.4745,121.1744,122.2294,4368692.0,USD
2023-03-20,INST014,119.7951,119.9828,118.7571,119.8272,873582.0,USD
2023-03-21,INST014,117.6865,118.4553,116.9378,117.1491,4821688.0,USD
2023-03-22,INST014,118.8946,123.4407,116.8025,119.9668,3490035.0,USD
2023-03-23,INST014,122.3906,125.1641,122.4053,122.9009,1665401.0,USD
2023-03-24,INST014,120.8,123.4779,120.1072,121.0491,3468608.0,USD
2023-03-27,INST014,121.6417,123.5677,118.8515,121.8408,930715.0,USD
2023-03-28,INST014,119.5785,123.0673,118.8621,120.5434,305771.0,USD
2023-03-29,INST014,120.0331,123.2842,118.4006,120.8126,2657585.0,USD
2023-03-30,INST014,117.0975,120.408,116.5023,118.0784,2488891.0,USD
2023-03-31,INST014,115.8715,117.1072,113.6749,116.6949,3911588.0,USD
2023-04-03,INST014,114.6697,114.2395,111.3821,113.9663,3981425.0,USD
2023-04-04,INST014,110.4492,114.2525,107.9481,111.2317,4831466.0,USD
2023-04-05,INST014,111.9148,112.0003,110.4076,111.0001,2260498.0,USD
2023-04-06,INST014,110.1545,113.321,107.6588,110.3684,1630591.0,USD
2023-04-07,INST014,110.0014,111.7333,107.8791,110.476,2861542.0,USD
2023-04-10,INST014,110.5284,112.3648,108.7393,110.0927,1922096.0,USD
2023-04-11,INST014,111.0178,112.1717,109.7437,110.4248,1693782.0,USD
2023-04-12,INST014,112.6847,112.8667,109.1049,111.6331,1130221.0,USD
2023-04-13,INST014,114.3872,115.8883,112.4614,114.0647,2412293.0,USD
2023-04-14,INST014,116.5041,117.8813,112.6303,115.981,1005698.0,USD
2023-04-17,INST014,117.5633,118.5704,116.2964,116.9707,498456.0,USD
2023-04-18,INST014,118.8634,122.513,116.2236,118.9926,356008.0,USD
2023-04-19,INST014,117.0195,120.407,115.3544,118.0896,3598408.0,USD
2023-04-20,INST014,117.0391,118.3554,114.2141,116.7061,605292.0,USD
2023-04-21,INST014,119.0459,118.4712,115.7639,118.3854,1145239.0,USD
2023-04-24,INST014,120.9535,121.3818,119.0343,120.2411,4519618.0,USD
2023-04-25,INST014,122.8763,124.4232,119.1785,121.7559,1100273.0,USD
2023-04-26,INST014,123.0014,126.6579,123.9923,124.0675,1108100.0,USD
2023-04-27,INST014,122.1698,122.8034,120.819,121.5595,851086.0,USD
2023-04-28,INST014,123.8501,124.3434,123.2684,123.2866,781973.0,USD
2023-05-01,INST014,124.9319,125.1261,123.0029,124.6132,2119600.0,USD
2023-05-02,INST014,121.8741,125.1111,120.9854,122.3771,1363407.0,USD
2023-05-03,INST014,125.2535,125.3705,123.2183,125.1311,1526393.0,USD
2023-05-04,INST014,124.0493,127.4753,121.0473,123.9291,3834915.0,USD
2023-05-05,INST014,125.8612,129.5339,125.5701,125.8334,2992129.0,USD
2023-05-08,INST014,123.6947,126.6011,123.0344,123.3348,3156556.0,USD
2023-05-09,INST014,125.3791,125.368,124.3546,124.8738,3296197.0,USD
2023-05-10,INST014,124.4538,127.9137,124.5595,125.0545,3704372.0,USD
2023-05-11,INST014,126.1099,127.6941,122.3185,125.8827,896777.0,USD
2023-05-12,INST014,124.0789,125.8304,124.3533,124.4153,127151.0,USD
2023-05-15,INST014,126.5259,128.7117,125.603,126.0812,3120240.0,USD
2023-05-16,INST014,125.0272,126.5,124.7294,125.6151,2926477.0,USD
2023-05-17,INST014,125.2562,125.3471,123.6831,124.869,3341802.0,USD
2023-05-18,INST014,125.5857,126.7825,126.0019,126.3419,4264505.0,USD
2023-05-19,INST014,122.8234,124.7095,123.6581,123.983,915699.0,USD
2023-05-22,INST014,122.7607,124.1107,121.5691,121.8301,3759191.0,USD
2023-05-23,INST014,125.3603,125.3417,124.1592,124.5678,3204408.0,USD
2023-05-24,INST014,126.1932,130.4375,125.376,127.3286,2265022.0,USD
2023-05-25,INST014,128.7302,132.4059,125.7167,129.0327,3854921.0,USD
2023-05-26,INST014,125.186,127.4708,123.0595,125.9494,1082383.0,USD
2023-05-29,INST014,125.4435,128.1279,124.7102,125.8205,1948331.0,USD
2023-05-30,INST014,124.5579,126.0757,121.5005,124.557,2191862.0,USD
2023-05-31,INST014,124.7993,126.1591,122.113,124.0179,1747295.0,USD
2023-06-01,INST014,125.7006,130.2769,123.4456,126.5509,3992180.0,USD
2023-06-02,INST014,125.3282,126.6216,123.1724,124.8388,4039975.0,USD
2023-06-05,INST014,122.4775,126.0524,122.6429,123.088,4358034.0,USD
2023-06-06,INST014,125.7507,127.87,123.9841,125.7394,1655920.0,USD
2023-06-07,INST014,128.9395,128.7204,126.3091,127.8951,4077083.0,USD
2023-06-08,INST014,127.5476,131.7393,124.7093,128.3401,2164639.0,USD
2023-06-09,INST014,129.4133,131.1894,125.0686,128.1969,2158905.0,USD
2023-06-12,INST014,130.8939,132.1749,127.5987,129.6734,4746783.0,USD
2023-06-13,INST014,130.2426,132.9183,130.3948,130.792,3012694.0,USD
2023-06-14,INST014,126.7072,128.8256,126.7125,127.7439,1519038.0,USD
2023-06-15,INST014,126.3739,130.5728,124.4463,127.5528,2466825.0,USD
2023-06-16,INST014,123.6507,126.6381,124.3253,124.402,2433052.0,USD
2023-06-19,INST014,125.5484,127.1614,124.889,125.3757,235055.0,USD
2023-06-20,INST014,123.5879,125.3232,121.1593,124.7235,3088603.0,USD
2023-06-21,INST014,125.4597,128.0091,124.1596,125.499,969693.0,USD
2023-06-22,INST014,125.1413,125.2979,122.2901,124.0265,4369016.0,USD
2023-06-23,INST014,122.1554,124.8296,117.9827,121.2687,443156.0,USD
2023-06-26,INST014,123.4292,123.8666,120.9904,122.8533,479863.0,USD
2023-06-27,INST014,123.3205,125.9131,119.2633,122.3193,1976261.0,USD
2023-06-28,INST014,121.1893,124.6961,120.4628,121.4905,2025133.0,USD
2023-06-29,INST014,122.7151,124.1317,118.7131,121.8337,807302.0,USD
2023-06-30,INST014,122.1358,123.3881,120.6875,121.2576,3355518.0,USD
2023-07-03,INST014,119.6168,121.5159,116.3316,119.0977,2018621.0,USD
2023-07-04,INST014,118.0889,117.6896,114.0612,117.1514,656700.0,USD
2023-07-05,INST014,115.3424,118.0349,114.0944,115.1993,3371730.0,USD
2023-07-06,INST014,113.1165,115.1288,110.7411,113.9013,1482330.0,USD
2023-07-07,INST014,111.9278,114.4808,110.8291,111.3506,723492.0,USD
2023-07-10,INST014,108.9151,111.6133,106.4859,109.4513,156015.0,USD
2023-07-11,INST014,110.2113,111.0589,108.3528,109.8731,3392675.0,USD
2023-07-12,INST014,110.9875,113.2229,107.2647,109.9541,884170.0,USD
2023-07-13,INST014,109.5818,111.1053,107.9648,110.1355,2843606.0,USD
2023-07-14,INST014,111.3188,112.8459,111.0106,111.3394,3053649.0,USD
2023-07-17,INST014,110.221,111.5209,108.1816,109.4747,2935596.0,USD
2023-07-18,INST014,108.4097,110.5965,108.5605,109.0859,3017666.0,USD
2023-07-19,INST014,106.4085,107.4416,105.2869,106.5003,1694965.0,USD
2023-07-20,INST014,103.8212,106.7208,102.8298,104.8611,2442742.0,USD
2023-07-21,INST014,102.0971,104.6215,101.2596,102.6284,1815438.0,USD
2023-07-24,INST014,99.3561,102.6469,98.074,100.2829,2617517.0,USD
2023-07-25,INST014,97.2437,100.266,97.74,97.894,4460117.0,USD
2023-07-26,INST014,98.2308,99.7923,96.8277,97.4995,829728.0,USD
2023-07-27,INST014,98.937,102.3016,99.234,99.6898,4979120.0,USD
2023-07-28,INST014,100.3993,100.8334,97.2179,99.6646,2397214.0,USD
2023-07-31,INST014,97.6732,99.5219,95.2026,97.6273,2086448.0,USD
2023-08-01,INST014,98.4934,98.0604,96.3428,97.5969,2559600.0,USD
2023-08-02,INST014,97.3368,100.4844,95.3865,97.6009,3720899.0,USD
2023-08-03,INST014,98.6929,98.7199,95.0702,97.9556,3359500.0,USD
2023-08-04,INST014,96.8686,99.1884,96.4169,97.5524,4964235.0,USD
2023-08-07,INST014,99.6508,101.0699,97.5447,99.9805,1224605.0,USD
2023-08-08,INST014,97.2657,100.0163,96.2921,97.5295,1978947.0,USD
2023-08-09,INST014,98.8937,98.4625,97.2174,98.2372,2698371.0,USD
2023-08-10,INST014,96.5728,98.3821,95.2672,95.913,1607121.0,USD
2023-08-11,INST014,93.7819,96.6901,91.2962,93.9697,400278.0,USD
2023-08-14,INST014,92.6916,95.9146,91.9839,93.4517,1552619.0,USD
2023-08-15,INST014,94.5707,94.6093,91.339,93.7432,4308369.0,USD
2023-08-16,INST014,93.5379,95.2823,90.86,93.1372,1530815.0,USD
2023-08-17,INST014,94.7615,95.3675,94.1814,94.6542,347568.0,USD
2023-08-18,INST014,97.0064,97.4554,95.2903,96.9224,2730331.0,USD
2023-08-21,INST014,94.6601,95.6671,92.494,94.8551,119098.0,USD
2023-08-22,INST014,94.8125,95.4275,92.9242,94.2975,1854568.0,USD
2023-08-23,INST014,95.9296,95.6483,94.7835,95.2325,997605.0,USD
2023-08-24,INST014,93.1682,94.8574,93.2688,93.7107,1265955.0,USD
2023-08-25,INST014,91.7295,93.8142,89.2449,91.9164,4280266.0,USD
2023-08-28,INST014,92.527,92.7962,89.6205,92.3692,4336807.0,USD
2023-08-29,INST014,91.0128,93.4938,89.1852,90.7782,3248222.0,USD
2023-08-30,INST014,91.7642,93.1287,90.8585,91.1121,1281485.0,USD
2023-08-31,INST014,92.1094,93.2401,89.9897,92.5149,2691698.0,USD
2023-09-01,INST014,93.5896,96.2475,92.504,94.2146,133604.0,USD
2023-09-04,INST014,93.5402,93.1183,91.9905,92.9749,4386884.0,USD
2023-09-05,INST014,93.751,94.9656,92.3043,93.9406,106311.0,USD
2023-09-06,INST014,91.9718,93.613,89.9832,92.0276,1267791.0,USD
2023-09-07,INST014,93.164,96.0758,93.1178,94.0539,4497896.0,USD
2023-09-08,INST014,92.7431,94.8398,90.5343,92.9495,4639308.0,USD
2023-09-11,INST014,90.4061,92.7701,89.3025,90.6265,4463463.0,USD
2023-09-12,INST014,91.8352,93.2266,89.9698,91.1177,3962813.0,USD
2023-09-13,INST014,91.082,92.2307,89.4667,91.7304,4392321.0,USD
2023-09-14,INST014,92.0398,95.0336,92.1518,92.9199,3045702.0,USD
2023-09-15,INST014,94.5579,95.7688,92.2303,94.7484,4405734.0,USD
2023-09-18,INST014,95.6321,97.5518,93.9161,95.3461,2736731.0,USD
2023-09-19,INST014,97.2661,98.0678,95.5271,96.3782,805739.0,USD
2023-09-20,INST014,97.4309,98.1015,95.7268,96.7682,1212588.0,USD
2023-09-21,INST014,97.6513,98.6817,94.6961,97.0195,3644621.0,USD
2023-09-22,INST014,98.4458,99.8456,96.96,98.7783,4734872.0,USD
2023-09-25,INST014,100.4169,103.0219,100.4351,100.9696,1921288.0,USD
2023-09-26,INST014,100.5975,101.2035,100.768,100.8486,4382723.0,USD
2023-09-27,INST014,100.9662,102.6177,99.8902,100.3927,809452.0,USD
2023-09-28,INST014,102.9332,105.1256,99.6543,102.2743,4382497.0,USD
2023-09-29,INST014,103.7625,104.834,101.8696,102.8258,1488285.0,USD
2023-10-02,INST014,104.8727,106.0624,102.1168,105.2584,2822518.0,USD
2023-10-03,INST014,105.1721,106.5984,104.4305,105.0217,4053725.0,USD
2023-10-04,INST014,106.2745,106.4381,103.3773,106.2088,2232405.0,USD
2023-10-05,INST014,105.2733,105.4887,103.8606,105.0441,4878947.0,USD
2023-10-06,INST014,103.5496,105.1289,104.2675,104.567,555786.0,USD
2023-10-09,INST014,105.5052,106.3839,105.0429,105.6531,4264398.0,USD
2023-10-10,INST014,106.3142,107.9769,105.1641,106.8507,3348502.0,USD
2023-10-11,INST014,108.983,110.1579,106.1389,108.5199,1626207.0,USD
2023-10-12,INST014,110.7161,112.8062,107.7581,110.4035,1175330.0,USD
2023-10-13,INST014,108.6748,110.5781,106.2435,108.1168,4250579.0,USD
2023-10-16,INST014,106.5684,108.6407,104.3747,106.8137,2342231.0,USD
2023-10-17,INST014,108.7194,110.7964,107.4037,108.1955,2084655.0,USD
2023-10-18,INST014,109.7518,111.3406,108.3257,109.1278,4731811.0,USD
2023-10-19,INST014,107.5451,110.175,107.2299,108.2631,4837968.0,USD
2023-10-20,INST014,109.9489,113.1567,108.9186,110.4113,3394981.0,USD
2023-10-23,INST014,109.4298,109.8054,106.4365,109.4231,474704.0,USD
2023-10-24,INST014,107.2959,110.8205,107.5854,107.6878,2089476.0,USD
2023-10-25,INST014,108.2728,109.3509,105.9941,107.778,1265267.0,USD
2023-10-26,INST014,109.4199,110.0005,108.9273,109.842,3466811.0,USD
2023-10-27,INST014,107.1488,109.9767,105.6717,107.6592,1438775.0,USD
2023-10-30,INST014,105.811,106.6535,103.3338,105.4339,4619509.0,USD
2023-10-31,INST014,102.6971,103.5133,100.4205,103.468,1489988.0,USD
2023-11-01,INST014,105.3212,106.9707,102.5851,104.5795,4593278.0,USD
2023-11-02,INST014,104.9908,107.9678,105.2319,105.827,812903.0,USD
2023-11-03,INST014,104.4334,104.8046,103.8606,104.0123,3591282.0,USD
2023-11-06,INST014,103.4044,103.9384,102.4055,102.558,782173.0,USD
2023-11-07,INST014,102.6228,105.2498,103.3001,103.5001,4288117.0,USD
2023-11-08,INST014,102.464,103.8317,100.6785,103.3623,691627.0,USD
2023-11-09,INST014,104.9108,107.5108,104.0886,105.8842,2055107.0,USD
2023-11-10,INST014,105.4034,106.5183,105.3166,106.3673,3988766.0,USD
2023-11-13,INST014,105.1494,109.23,105.0871,106.1658,4625867.0,USD
2023-11-14,INST014,105.3874,107.1964,103.9656,105.575,157942.0,USD
2023-11-15,INST014,106.8128,107.8511,104.8745,107.472,1025260.0,USD
2023-11-16,INST014,109.7811,110.683,108.5596,109.0529,762036.0,USD
2023-11-17,INST014,108.0476,108.0583,104.8469,107.0406,4102042.0,USD
2023-11-20,INST014,107.7363,107.8828,106.0588,106.8849,2850345.0,USD
2023-11-21,INST014,105.2143,107.7183,104.5691,105.2541,2674101.0,USD
2023-11-22,INST014,101.9366,103.3712,101.5503,102.8397,2856278.0,USD
2023-11-23,INST014,103.6956,104.9438,102.584,102.9036,2502471.0,USD
2023-11-24,INST014,104.7371,106.9384,103.9612,104.9982,238548.0,USD
2023-11-27,INST014,106.5779,108.3729,104.7642,107.1974,4224982.0,USD
2023-11-28,INST014,110.0293,111.2992,108.9133,109.6472,1731280.0,USD
2023-11-29,INST014,105.9903,109.4156,103.8725,106.939,3196756.0,USD
2023-11-30,INST014,106.7202,107.3468,103.7667,106.1936,4254005.0,USD
2023-12-01,INST014,103.9739,106.4079,102.3925,104.2985,2463533.0,USD
2023-12-04,INST014,102.2608,104.3808,101.9687,103.1543,4648774.0,USD
2023-12-05,INST014,102.5874,104.0386,101.8187,103.5609,3800005.0,USD
2023-12-06,INST014,101.8848,105.0402,100.4688,102.5806,962553.0,USD
2023-12-07,INST014,103.38,104.259,100.1757,102.467,2170097.0,USD
2023-12-08,INST014,103.6825,103.875,102.066,103.8281,108091.0,USD
2023-12-11,INST014,106.4033,107.1007,104.7741,106.3698,3117905.0,USD
2023-12-12,INST014,108.3742,111.6025,106.1373,108.5778,1482918.0,USD
2023-12-13,INST014,106.1146,108.4126,104.5095,106.9308,3698397.0,USD
2023-12-14,INST014,104.856,105.1137,103.2286,104.5302,3700822.0,USD
2023-12-15,INST014,105.8509,105.1672,103.289,104.8126,4249894.0,USD
2023-12-18,INST014,103.6163,105.2029,103.6016,104.0713,1123503.0,USD
2023-12-19,INST014,105.6138,108.6836,103.7251,106.5789,2116537.0,USD
2023-12-20,INST014,105.6633,105.652,105.1636,105.3854,1007020.0,USD
2023-12-21,INST014,105.5705,107.0769,104.2969,105.6593,4591399.0,USD
2023-12-22,INST014,105.7532,107.4871,102.9839,104.7784,3179592.0,USD
2023-12-25,INST014,105.8612,108.9231,103.0008,106.1461,2335047.0,USD
2023-12-26,INST014,106.3906,108.8858,106.6297,107.0125,4295429.0,USD
2023-12-27,INST014,106.6857,107.1871,104.2703,106.6277,1309869.0,USD
2023-12-28,INST014,105.1748,107.9,103.1604,105.7963,3020743.0,USD
2023-12-29,INST014,104.9591,106.7114,103.0582,105.1468,2014007.0,USD
2024-01-01,INST014,106.5991,109.5158,104.4298,107.2764,545026.0,USD
2024-01-02,INST014,109.2406,108.6612,105.3144,108.4646,2862161.0,USD
2024-01-03,INST014,108.3305,107.5891,105.0227,107.2758,1234860.0,USD
2024-01-04,INST014,107.1109,109.5298,106.1073,106.7442,4813189.0,USD
2024-01-05,INST014,107.574,109.5642,106.4803,108.5684,4846643.0,USD
2024-01-08,INST014,111.0124,114.081,109.7363,111.0073,548137.0,USD
2024-01-09,INST014,111.8931,111.7249,108.5095,110.922,1769708.0,USD
2024-01-10,INST014,108.7025,110.1129,106.2616,108.5329,3561356.0,USD
2024-01-11,INST014,107.2755,109.529,105.3106,108.2628,3061240.0,USD
2024-01-12,INST014,107.796,111.6125,107.4001,108.7771,563863.0,USD
2024-01-15,INST014,110.3303,112.4967,108.569,111.4403,1476405.0,USD
2024-01-16,INST014,109.3217,110.9638,108.4911,110.0982,4771842.0,USD
2024-01-17,INST014,111.7648,115.7819,112.2459,112.7684,2151251.0,USD
2024-01-18,INST014,114.172,116.3561,113.5282,114.6605,4640936.0,USD
2024-01-19,INST014,114.97,115.8043,115.3874,115.3983,4505765.0,USD
2024-01-22,INST014,112.0532,115.4541,111.2856,112.6463,3847826.0,USD
2024-01-23,INST014,112.5642,115.5637,109.0292,112.3885,2866519.0,USD
2024-01-24,INST014,110.3294,111.5362,109.9416,111.3764,3554639.0,USD
2024-01-25,INST014,112.989,115.4754,109.5629,112.3236,1703518.0,USD
2024-01-26,INST014,110.4114,110.7904,108.6866,110.6576,1123979.0,USD
2024-01-29,INST014,107.2064,108.0841,106.5273,107.925,2724161.0,USD
2024-01-30,INST014,105.3159,106.6811,104.4034,105.23,1864460.0,USD
2024-01-31,INST014,105.3304,107.1266,103.2248,105.2325,4696609.0,USD
2024-02-01,INST014,106.2594,106.9637,103.5758,105.2779,750590.0,USD
2024-02-02,INST014,104.2542,105.7156,102.8628,104.1384,3689400.0,USD
2024-02-05,INST014,105.6215,106.5827,104.9594,106.5752,2552025.0,USD
2024-02-06,INST014,104.661,105.7002,103.9957,104.1449,1598444.0,USD
2024-02-07,INST014,106.7522,107.0682,105.1021,105.8033,1108764.0,USD
2024-02-08,INST014,104.357,108.1756,104.4017,105.1265,1559887.0,USD
2024-02-09,INST014,102.3311,103.2474,101.8474,102.7093,1275853.0,USD
2024-02-12,INST014,101.1324,100.5191,98.0557,100.1645,1926082.0,USD
2024-02-13,INST014,99.1658,101.3094,96.7202,99.6401,2271476.0,USD
2024-02-14,INST014,97.5341,97.9319,95.4873,97.8402,746933.0,USD
2024-02-15,INST014,98.354,100.8326,98.6247,98.6624,4069119.0,USD
2024-02-16,INST014,99.4668,101.5719,96.2814,99.0459,3894896.0,USD
2024-02-19,INST014,97.0317,99.3648,96.9387,97.8566,4192436.0,USD
2024-02-20,INST014,96.9759,98.6261,96.5967,97.9364,3345476.0,USD
2024-02-21,INST014,97.3941,100.3991,95.888,97.5637,1599263.0,USD
2024-02-22,INST014,97.6268,98.246,95.9299,97.6156,3482505.0,USD
2024-02-23,INST014,100.4932,101.8195,98.4863,99.6978,4987668.0,USD
2024-02-26,INST014,99.271,102.3136,98.9944,99.8696,376513.0,USD
2024-02-27,INST014,98.0612,99.5009,97.0162,98.9835,2988260.0,USD
2024-02-28,INST014,97.1476,99.4825,94.2468,96.7365,1329679.0,USD
2024-02-29,INST014,97.9916,101.576,98.8316,98.8777,4481275.0,USD
2024-03-01,INST014,97.6289,98.1457,94.7161,96.9269,1369186.0,USD
2024-03-04,INST014,95.0441,96.3112,92.3886,94.6125,125193.0,USD
2024-03-05,INST014,95.6854,96.7967,93.7032,95.0611,1508435.0,USD
2024-03-06,INST014,94.6978,95.127,92.7405,94.428,1780434.0,USD
2024-03-07,INST014,94.0371,95.1725,91.9369,94.359,4864436.0,USD
2024-03-08,INST014,93.7725,96.0298,93.4893,93.6503,1086383.0,USD
2024-03-11,INST014,93.2133,95.3113,91.6666,93.2767,1987584.0,USD
2024-03-12,INST014,92.8635,93.9982,91.0529,92.6661,4926084.0,USD
2024-03-13,INST014,92.5129,93.147,90.4231,92.6141,3221417.0,USD
2024-03-14,INST014,94.51,96.9403,92.9267,94.2545,3399941.0,USD
2024-03-15,INST014,96.0251,97.0588,94.8149,95.4793,4888901.0,USD
2024-03-18,INST014,94.7907,96.7627,92.2568,94.8793,2876579.0,USD
2024-03-19,INST014,97.3068,99.0132,94.7651,96.6711,2033210.0,USD
2024-03-20,INST014,97.5263,98.5301,96.3004,98.2796,621748.0,USD
2024-03-21,INST014,100.7946,101.7696,100.2945,100.592,836392.0,USD
2024-03-22,INST014,102.4252,102.9465,100.0317,102.5534,2568373.0,USD
2024-03-25,INST014,101.6188,105.1045,100.8215,102.5411,2859230.0,USD
2024-03-26,INST014,104.1516,106.9031,102.2687,104.8708,4914645.0,USD
2024-03-27,INST014,107.6108,106.9801,104.6012,106.7151,4247905.0,USD
2024-03-28,INST014,108.2227,110.1398,108.0774,109.1654,1160457.0,USD
2024-03-29,INST014,107.6086,110.434,107.0151,108.2195,3000285.0,USD
2024-04-01,INST014,110.5919,110.6016,110.0527,110.3742,1489245.0,USD
2024-04-02,INST014,110.1333,110.7245,106.5549,109.5686,687307.0,USD
2024-04-03,INST014,110.3486,112.0386,108.1366,110.0968,3816187.0,USD
2024-04-04,INST014,111.3277,112.5352,109.3965,110.726,4456453.0,USD
2024-04-05,INST014,108.4348,108.4566,105.6858,108.4459,913177.0,USD
2024-04-08,INST014,109.0379,110.2307,107.8235,108.7018,827321.0,USD
2024-04-09,INST014,105.6088,108.3481,103.5002,106.4311,3952857.0,USD
2024-04-10,INST014,106.2322,109.086,104.7717,106.6206,3036213.0,USD
2024-04-11,INST014,105.8505,106.2355,103.2755,104.8901,1315849.0,USD
2024-04-12,INST014,104.0811,104.5154,101.4351,104.2241,3656727.0,USD
2024-04-15,INST014,105.0426,107.2395,105.4834,105.8134,371134.0,USD
2024-04-16,INST014,108.1697,108.3624,105.0706,107.9978,185371.0,USD
2024-04-17,INST014,109.7337,112.652,109.4753,109.8112,2030470.0,USD
2024-04-18,INST014,113.2289,115.2522,109.9417,112.4772,2731665.0,USD
2024-04-19,INST014,113.5989,117.2928,113.4689,114.1027,634313.0,USD
2024-04-22,INST014,117.2815,119.4383,113.6789,116.9514,1871993.0,USD
2024-04-23,INST014,116.9833,118.5958,112.9659,116.3658,1684164.0,USD
2024-04-24,INST014,116.1109,117.1667,112.3038,115.7665,542445.0,USD
2024-04-25,INST014,118.2488,118.9335,116.7328,117.7129,3897251.0,USD
2024-04-26,INST014,117.3354,118.9727,114.6816,118.2074,2896847.0,USD
2024-04-29,INST014,119.0873,122.5279,120.0201,120.2762,3261636.0,USD
2024-04-30,INST014,124.2412,123.6243,119.7786,123.0891,3387592.0,USD
2024-05-01,INST014,119.5673,122.795,118.2838,120.5211,1634848.0,USD
2024-05-02,INST014,121.8854,123.2848,119.3816,121.5962,1525140.0,USD
2024-05-03,INST014,123.9568,125.7505,121.8017,124.4486,4555982.0,USD
2024-05-06,INST014,124.0681,126.6237,121.1789,122.9497,371170.0,USD
2024-05-07,INST014,122.8885,124.2786,121.9337,122.9143,2026807.0,USD
2024-05-08,INST014,120.8203,122.4728,117.3089,120.5187,3540343.0,USD
2024-05-09,INST014,116.7789,121.1393,117.8351,117.8879,4017389.0,USD
2024-05-10,INST014,118.8188,122.1199,118.1981,119.664,3720586.0,USD
2024-05-13,INST014,121.7883,124.8564,121.8497,122.4786,1842559.0,USD
2024-05-14,INST014,121.6978,122.6876,118.3041,121.171,2477641.0,USD
2024-05-15,INST014,121.4722,121.8736,118.4272,121.5997,3395288.0,USD
2024-05-16,INST014,119.5973,120.1008,117.2275,118.6558,2013573.0,USD
2024-05-17,INST014,120.1951,123.09,119.3751,121.4013,1919608.0,USD
2024-05-20,INST014,119.3679,121.9686,118.2648,119.3097,1554950.0,USD
2024-05-21,INST014,118.8341,121.3932,115.9471,117.9878,4348918.0,USD
2024-05-22,INST014,118.9289,119.8875,117.6373,118.0178,1262631.0,USD
2024-05-23,INST014,117.2579,117.9672,114.5361,117.8381,442273.0,USD
2024-05-24,INST014,115.5926,118.4441,113.2687,115.7702,3180692.0,USD
2024-05-27,INST014,115.2413,115.5083,113.1713,114.2814,295519.0,USD
2024-05-28,INST014,111.4931,113.1184,110.4443,111.7649,4943182.0,USD
2024-05-29,INST014,109.5872,110.8922,107.7173,110.0936,3578407.0,USD
2024-05-30,INST014,109.2882,112.1592,107.2978,109.8147,2621727.0,USD
2024-05-31,INST014,109.0156,111.3654,108.7545,109.9337,2764963.0,USD
2024-06-03,INST014,110.7443,112.4785,110.0025,110.8513,133241.0,USD
2024-06-04,INST014,112.1006,112.8705,109.9838,111.0939,4391851.0,USD
2024-06-05,INST014,114.0193,116.4995,111.6575,113.1099,4907036.0,USD
2024-06-06,INST014,115.8619,118.6754,115.1775,115.5273,1679015.0,USD
2024-06-07,INST014,117.4259,118.8521,115.1564,118.3975,2080019.0,USD
2024-06-10,INST014,118.8389,120.0576,115.9771,117.6742,812696.0,USD
2024-06-11,INST014,115.3981,117.0141,113.4246,115.2927,4863420.0,USD
2024-06-12,INST014,114.638,115.7022,112.3235,114.8719,998734.0,USD
2024-06-13,INST014,112.0084,113.6346,111.2883,112.0377,4618761.0,USD
2024-06-14,INST014,110.32,114.0007,108.0529,111.1821,258410.0,USD
2024-06-17,INST014,110.9608,112.8752,110.8499,111.6842,1179204.0,USD
2024-06-18,INST014,111.404,113.3121,107.7371,110.4536,4536621.0,USD
2024-06-19,INST014,111.5737,112.7225,110.7747,111.8186,3791174.0,USD
2024-06-20,INST014,113.4059,116.9995,111.6096,113.7001,3838827.0,USD
2024-06-21,INST014,113.0358,116.8143,111.7381,113.4267,1675220.0,USD
2024-06-24,INST014,114.9213,115.4245,115.1993,115.4151,4649593.0,USD
2024-06-25,INST014,116.5229,117.8497,115.6849,117.1368,2956468.0,USD
2024-06-26,INST014,117.3127,121.27,117.1579,117.9853,4305468.0,USD
2024-06-27,INST014,117.7927,121.4,117.906,118.3338,3551032.0,USD
2024-06-28,INST014,117.3385,116.2242,114.1997,116.1816,4269187.0,USD
2024-07-01,INST014,117.7217,121.627,117.8633,118.2921,2142899.0,USD
2024-07-02,INST014,121.4257,121.8458,120.6401,120.7888,871193.0,USD
2024-07-03,INST014,122.2422,126.0196,122.6374,123.3086,4947778.0,USD
2024-07-04,INST014,124.5608,128.1509,124.5236,125.6052,119579.0,USD
2024-07-05,INST014,129.0168,132.1502,125.2752,128.4759,812748.0,USD
2024-07-08,INST014,130.2439,130.907,130.1969,130.3899,4253650.0,USD
2024-07-09,INST014,129.0723,130.5895,127.2358,129.7463,3838525.0,USD
2024-07-10,INST014,131.4628,133.3212,129.1992,130.8951,4607014.0,USD
2024-07-11,INST014,132.6408,134.5528,130.0329,131.5944,3599574.0,USD
2024-07-12,INST014,130.6931,134.7328,129.6793,130.8698,3136412.0,USD
2024-07-15,INST014,130.5632,132.7024,128.4429,131.6014,811794.0,USD
2024-07-16,INST014,134.0773,133.7123,131.4398,132.8272,3323577.0,USD
2024-07-17,INST014,134.6072,135.6655,134.6457,134.8058,4632585.0,USD
2024-07-18,INST014,130.8076,134.8252,131.0234,132.0941,1399825.0,USD
2024-07-19,INST014,129.4107,130.8379,127.9405,128.8979,3930745.0,USD
2024-07-22,INST014,126.4835,128.8332,125.4544,126.8146,669715.0,USD
2024-07-23,INST014,130.5936,131.6068,129.0884,129.4034,3305457.0,USD
2024-07-24,INST014,127.9718,131.623,127.797,128.4989,2690120.0,USD
2024-07-25,INST014,127.7748,130.1778,124.4968,126.916,4184029.0,USD
2024-07-26,INST014,124.9149,125.6426,123.708,124.1326,2258445.0,USD
2024-07-29,INST014,126.9519,128.19,124.6227,125.8052,4169412.0,USD
2024-07-30,INST014,124.0792,125.5626,124.5839,124.8685,1348184.0,USD
2024-07-31,INST014,124.3469,124.4444,122.357,123.1234,3301475.0,USD
2024-08-01,INST014,127.3812,128.5621,125.2049,126.129,474106.0,USD
2024-08-02,INST014,126.7745,129.493,124.499,127.2835,4312690.0,USD
2024-08-05,INST014,125.6114,126.372,122.0326,125.1111,3760850.0,USD
2024-08-06,INST014,124.8914,126.5132,125.1206,125.2635,2412269.0,USD
2024-08-07,INST014,125.4388,124.9934,123.0977,124.4222,3483295.0,USD
2024-08-08,INST014,125.3591,127.7123,125.9309,126.2281,4593404.0,USD
2024-08-09,INST014,124.2373,124.4879,122.7544,123.5009,4460029.0,USD
2024-08-12,INST014,122.6563,124.6646,120.4083,122.677,3710053.0,USD
2024-08-13,INST014,120.85,121.4117,118.4433,120.2269,444012.0,USD
2024-08-14,INST014,119.8563,121.9791,118.1555,120.1435,2812924.0,USD
2024-08-15,INST014,119.3648,120.4629,115.289,118.3305,857207.0,USD
2024-08-16,INST014,120.5384,119.9196,119.1631,119.4582,1426853.0,USD
2024-08-19,INST014,116.332,117.786,115.0635,117.4872,1913534.0,USD
2024-08-20,INST014,113.8623,116.3272,112.9697,114.7438,923839.0,USD
2024-08-21,INST014,112.3248,113.9877,111.4966,112.1107,4590828.0,USD
2024-08-22,INST014,111.8303,114.4628,109.9754,112.016,4561301.0,USD
2024-08-23,INST014,114.1574,116.9378,110.5592,113.5417,1337494.0,USD
2024-08-26,INST014,113.4319,114.5008,109.7003,112.842,3499499.0,USD
2024-08-27,INST014,116.3103,117.121,113.9679,115.3088,1026586.0,USD
2024-08-28,INST014,113.3032,113.3465,109.7701,112.4707,4331495.0,USD
2024-08-29,INST014,115.6787,115.6413,112.9277,114.7798,2149616.0,USD
2024-08-30,INST014,115.0892,116.3776,113.0404,116.1209,2689395.0,USD
2024-09-02,INST014,116.6257,120.2755,115.8551,117.3897,3213576.0,USD
2024-09-03,INST014,116.7278,120.0842,114.929,116.6902,3116582.0,USD
2024-09-04,INST014,118.1245,119.6391,114.6408,118.1723,854327.0,USD
2024-09-05,INST014,121.1241,120.7491,117.4961,120.0844,4803717.0,USD
2024-09-06,INST014,121.3868,122.6693,119.1914,122.4838,919795.0,USD
2024-09-09,INST014,122.8232,123.9584,121.2665,123.4104,1515509.0,USD
2024-09-10,INST014,122.7352,126.8569,120.3363,123.7002,2687850.0,USD
2024-09-11,INST014,125.4848,129.3134,126.1317,126.6392,923856.0,USD
2024-09-12,INST014,125.9078,129.3595,126.1543,126.8207,596598.0,USD
2024-09-13,INST014,125.6959,128.2969,124.9713,125.0116,4506036.0,USD
2024-09-16,INST014,125.8493,129.6915,124.3733,126.4309,812850.0,USD
2024-09-17,INST014,126.7481,127.6713,126.2053,127.095,3849461.0,USD
2024-09-18,INST014,124.1487,126.2845,122.2173,125.2477,4489288.0,USD
2024-09-19,INST014,122.3224,127.0601,121.0879,123.5103,373641.0,USD
2024-09-20,INST014,125.091,128.231,122.4695,124.7121,4610249.0,USD
2024-09-23,INST014,123.0187,124.7175,121.8349,123.6996,4846318.0,USD
2024-09-24,INST014,120.2128,121.5005,119.8999,121.2576,2799759.0,USD
2024-09-25,INST014,122.1787,125.2556,120.7658,123.1135,4590364.0,USD
2024-09-26,INST014,120.4778,123.2681,119.6424,120.8957,4093300.0,USD
2024-09-27,INST014,122.0994,126.2991,120.4873,122.6822,643109.0,USD
2024-09-30,INST014,121.4523,125.2993,120.2023,122.5878,1154243.0,USD
2024-10-01,INST014,119.0811,120.114,119.1004,119.8579,2054572.0,USD
2024-10-02,INST014,118.8203,121.2136,118.5961,119.1818,177972.0,USD
2024-10-03,INST014,115.883,118.8579,113.966,116.9773,3261730.0,USD
2024-10-04,INST014,119.8992,122.3035,117.9632,118.9033,2297838.0,USD
2024-10-07,INST014,119.5735,121.9777,116.8776,119.66,324120.0,USD
2024-10-08,INST014,120.8582,121.9575,119.8097,120.4697,1313119.0,USD
2024-10-09,INST014,121.1157,120.5092,117.2725,120.0622,338867.0,USD
2024-10-10,INST014,122.5189,123.9343,118.696,121.4095,4206363.0,USD
2024-10-11,INST014,119.5043,119.241,118.5897,118.6148,3847956.0,USD
2024-10-14,INST014,117.0912,120.2918,115.0453,118.1213,4874728.0,USD
2024-10-15,INST014,119.6498,120.766,116.4709,119.6573,3907016.0,USD
2024-10-16,INST014,121.3913,123.1554,118.5,120.6788,3373857.0,USD
2024-10-17,INST014,122.6306,123.4671,119.6327,122.367,4730332.0,USD
2024-10-18,INST014,122.3989,125.7405,121.2816,122.3856,4649329.0,USD
2024-10-21,INST014,124.3084,124.1145,121.9544,124.0407,3354902.0,USD
2024-10-22,INST014,127.4023,129.8922,123.8959,127.0899,4779328.0,USD
2024-10-23,INST014,125.5806,128.4768,122.3929,125.2689,1504181.0,USD
2024-10-24,INST014,124.4667,126.4805,123.9537,125.5215,1123926.0,USD
2024-10-25,INST014,125.5106,127.117,125.9635,126.0355,4006553.0,USD
2024-10-28,INST014,128.892,130.7187,125.9234,128.0162,981454.0,USD
2024-10-29,INST014,125.1899,128.0825,123.8092,125.7344,910249.0,USD
2024-10-30,INST014,127.5399,129.9274,124.0309,126.909,4574987.0,USD
2024-10-31,INST014,124.2328,126.4651,121.3033,124.9372,4538373.0,USD
2024-11-01,INST014,122.6316,125.2441,120.1251,123.2506,736279.0,USD
2024-11-04,INST014,122.4517,124.1722,119.5224,121.8528,4741781.0,USD
2024-11-05,INST014,123.9458,125.2923,123.0994,124.1327,254645.0,USD
2024-11-06,INST014,124.3332,126.7278,121.2395,123.4956,3092240.0,USD
2024-11-07,INST014,126.1927,128.2482,125.6477,126.5275,1603779.0,USD
2024-11-08,INST014,127.306,130.8458,127.1288,127.4433,4233762.0,USD
2024-11-11,INST014,125.5836,128.2677,123.8524,126.7087,223532.0,USD
2024-11-12,INST014,126.7375,129.9166,124.8327,127.9691,276665.0,USD
2024-11-13,INST014,126.1651,128.7748,125.6663,125.9099,137384.0,USD
2024-11-14,INST014,124.5833,125.961,120.9076,123.4056,3443420.0,USD
2024-11-15,INST014,121.8202,123.3319,119.9502,123.0499,4519411.0,USD
2024-11-18,INST014,125.7979,125.3273,123.4909,124.8675,3222687.0,USD
2024-11-19,INST014,124.5064,127.7196,124.7485,125.2186,1037287.0,USD
2024-11-20,INST014,128.5947,129.8723,125.3144,127.484,4822615.0,USD
2024-11-21,INST014,124.2628,127.6329,124.0748,125.1468,1478808.0,USD
2024-11-22,INST014,126.2037,126.5812,122.2903,125.3192,4761114.0,USD
2024-11-25,INST014,125.363,124.7999,122.8155,124.6335,4555741.0,USD
2024-11-26,INST014,121.9327,123.5431,118.7601,121.607,3630359.0,USD
2024-11-27,INST014,119.7715,119.2325,117.4862,118.765,607193.0,USD
2024-11-28,INST014,118.3392,120.0879,116.0291,117.4682,3080461.0,USD
2024-11-29,INST014,117.9904,120.0958,114.3387,117.5167,1460601.0,USD
2024-12-02,INST014,120.5904,122.0487,119.3756,119.4204,156196.0,USD
2024-12-03,INST014,118.2293,122.1233,117.8264,118.7631,880559.0,USD
2024-12-04,INST014,120.7333,120.451,119.8973,120.3823,3685119.0,USD
2024-12-05,INST014,123.3568,123.2267,119.5921,122.8707,1221390.0,USD
2024-12-06,INST014,120.1854,121.4061,117.5698,120.1793,2693505.0,USD
2024-12-09,INST014,120.0529,122.6511,117.9855,120.5142,638663.0,USD
2024-12-10,INST014,121.3718,122.0306,118.7477,120.943,2256655.0,USD
2024-12-11,INST014,123.2481,125.1297,120.8829,123.3024,3200680.0,USD
2024-12-12,INST014,121.0728,123.1419,120.485,121.7928,3805276.0,USD
2024-12-13,INST014,121.25,123.3988,121.1919,121.9341,4277811.0,USD
2024-12-16,INST014,124.8187,125.2589,121.7708,124.5581,659181.0,USD
2024-12-17,INST014,124.0147,125.1196,122.5499,123.2137,1432180.0,USD
2024-12-18,INST014,126.9768,128.355,124.9134,126.286,3300068.0,USD
2024-12-19,INST014,124.0097,126.7019,122.1552,124.3598,2677868.0,USD
2024-12-20,INST014,123.7186,124.7861,119.4248,122.5982,3224350.0,USD
2024-12-23,INST014,124.6495,125.5037,120.4081,123.7387,4398908.0,USD
2024-12-24,INST014,124.5357,126.4072,121.2508,123.5151,2963692.0,USD
2024-12-25,INST014,120.846,122.0053,120.2844,120.6334,2621895.0,USD
2024-12-26,INST014,117.632,119.3637,117.1913,117.9634,1418102.0,USD
2024-12-27,INST014,114.9948,119.2763,114.9009,116.147,2322667.0,USD
2024-12-30,INST014,116.2259,118.47,115.796,116.4117,650802.0,USD
2024-12-31,INST014,118.188,122.2018,118.6544,118.8652,1865559.0,USD
2022-01-03,INST015,239.4937,248.4282,237.9916,241.7842,1276071.0,EUR
2022-01-04,INST015,237.5355,238.774,235.0837,237.9299,137838.0,EUR
2022-01-05,INST015,233.9481,237.0968,232.4777,234.813,1219527.0,EUR
2022-01-06,INST015,240.9386,244.7937,239.604,240.6791,1426996.0,EUR
2022-01-07,INST015,245.0564,248.3501,243.6237,243.6266,1834199.0,EUR
2022-01-10,INST015,241.7636,241.822,233.3948,240.1753,162308.0,EUR
2022-01-11,INST015,244.1848,251.6936,241.5359,244.7911,3855403.0,EUR
2022-01-12,INST015,243.5544,251.2597,241.6004,245.5012,4951211.0,EUR
2022-01-13,INST015,243.4964,247.3846,237.4571,243.8086,1544543.0,EUR
2022-01-14,INST015,242.1731,244.2089,234.2275,240.3948,2220397.0,EUR
2022-01-17,INST015,240.6217,243.7545,238.5783,240.312,284046.0,EUR
2022-01-18,INST015,236.9376,239.686,235.6316,236.8683,4319190.0,EUR
2022-01-19,INST015,235.2333,235.2083,230.1818,234.809,837680.0,EUR
2022-01-20,INST015,237.4762,238.5585,231.0944,237.6522,1469109.0,EUR
2022-01-21,INST015,239.9887,247.9129,239.7263,241.6484,4245226.0,EUR
2022-01-24,INST015,238.8687,243.1989,235.7178,237.7227,3587192.0,EUR
2022-01-25,INST015,234.6514,238.675,226.4818,232.8725,3032670.0,EUR
2022-01-26,INST015,230.8232,239.2581,231.6067,233.0267,3582311.0,EUR
2022-01-27,INST015,230.2379,234.2356,228.8598,230.3887,1959183.0,EUR
2022-01-28,INST015,232.7934,238.5999,231.2092,234.895,2234432.0,EUR
2022-01-31,INST015,235.1452,240.7942,227.2813,233.9269,3058092.0,EUR
2022-02-01,INST015,234.5509,238.1491,233.683,233.6916,2780439.0,EUR
2022-02-02,INST015,231.4101,238.7632,226.3743,232.3675,4745225.0,EUR
2022-02-03,INST015,229.0806,231.4977,222.4398,227.6039,2762069.0,EUR
2022-02-04,INST015,228.4996,228.0289,222.3486,226.3961,4159230.0,EUR
2022-02-07,INST015,222.4322,227.7059,217.9802,223.1817,2526497.0,EUR
2022-02-08,INST015,216.9591,223.4462,211.5259,217.9938,3022458.0,EUR
2022-02-09,INST015,214.4214,217.1135,214.6715,215.4771,3559355.0,EUR
2022-02-10,INST015,217.1971,223.3987,215.1542,218.0046,728857.0,EUR
2022-02-11,INST015,215.0587,220.3927,211.6805,214.9719,2888502.0,EUR
2022-02-14,INST015,213.0247,216.6188,206.6306,212.4353,3835189.0,EUR
2022-02-15,INST015,213.116,217.8742,208.1629,212.9828,4341707.0,EUR
2022-02-16,INST015,210.8814,213.4587,206.3407,211.675,1649414.0,EUR
2022-02-17,INST015,214.761,216.4222,208.6004,213.7584,2497864.0,EUR
2022-02-18,INST015,218.4745,221.0074,213.7852,216.7182,1264515.0,EUR
2022-02-21,INST015,220.614,226.2028,219.402,220.5734,2078957.0,EUR
2022-02-22,INST015,220.7143,224.2476,221.5724,222.0795,1089395.0,EUR
2022-02-23,INST015,219.6285,224.5332,218.9859,220.2417,2953435.0,EUR
2022-02-24,INST015,222.3352,228.1514,220.6557,224.137,999776.0,EUR
2022-02-25,INST015,223.0245,223.67,217.358,221.495,3314369.0,EUR
2022-02-28,INST015,219.0973,222.4488,214.3543,217.7665,283009.0,EUR
2022-03-01,INST015,213.5004,220.8971,210.8242,215.1506,4610334.0,EUR
2022-03-02,INST015,217.9787,221.2128,217.1588,219.3765,827839.0,EUR
2022-03-03,INST015,218.2881,225.4248,216.0784,219.2254,1758632.0,EUR
2022-03-04,INST015,217.239,222.8651,216.4133,217.4904,3636235.0,EUR
2022-03-07,INST015,216.075,222.6877,216.3592,217.1411,230459.0,EUR
2022-03-08,INST015,219.6427,224.0129,219.0569,221.0591,467932.0,EUR
2022-03-09,INST015,222.6731,225.9432,218.1558,224.1773,3775746.0,EUR
2022-03-10,INST015,221.167,226.2546,216.0257,219.91,1658675.0,EUR
2022-03-11,INST015,216.0656,216.4786,213.3889,215.8969,1449139.0,EUR
2022-03-14,INST015,210.537,214.0867,205.815,211.1131,2344329.0,EUR
2022-03-15,INST015,214.3371,220.3148,208.7145,214.3129,3666770.0,EUR
2022-03-16,INST015,214.615,216.9803,212.9926,213.1696,2752748.0,EUR
2022-03-17,INST015,215.7882,219.0152,213.6553,214.6457,3249062.0,EUR
2022-03-18,INST015,217.2489,221.0202,216.5042,219.1279,4267786.0,EUR
2022-03-21,INST015,217.2707,222.6233,215.1423,219.3338,3751162.0,EUR
2022-03-22,INST015,221.9114,222.1124,218.2461,220.0087,2449886.0,EUR
2022-03-23,INST015,214.6998,222.1474,215.1413,216.6985,2583640.0,EUR
2022-03-24,INST015,215.8676,219.2984,214.7984,217.5787,420506.0,EUR
2022-03-25,INST015,217.6842,218.9626,213.9884,216.6377,3455727.0,EUR
2022-03-28,INST015,213.1961,219.6386,214.0266,214.0801,697688.0,EUR
2022-03-29,INST015,211.7382,214.1622,206.0181,212.1608,212718.0,EUR
2022-03-30,INST015,208.6751,212.3757,207.1089,208.5339,306960.0,EUR
2022-03-31,INST015,208.6308,216.7026,206.9505,210.7097,2907341.0,EUR
2022-04-01,INST015,208.102,210.2193,206.3063,207.2583,1654572.0,EUR
2022-04-04,INST015,211.3885,214.2958,207.5931,212.1673,2203712.0,EUR
2022-04-05,INST015,217.2486,216.2477,211.5365,215.7115,896278.0,EUR
2022-04-06,INST015,212.8318,214.1686,207.5931,211.7173,1566571.0,EUR
2022-04-07,INST015,213.5602,215.3222,210.3152,211.4628,4205336.0,EUR
2022-04-08,INST015,206.8441,210.4734,203.3781,206.9437,2416043.0,EUR
2022-04-11,INST015,210.0434,214.6353,205.8484,210.5546,2988821.0,EUR
2022-04-12,INST015,208.9949,214.3411,207.0286,209.8397,411231.0,EUR
2022-04-13,INST015,214.0385,219.3077,211.4924,213.7453,984567.0,EUR
2022-04-14,INST015,215.8251,220.836,209.8008,215.0548,1378648.0,EUR
2022-04-15,INST015,215.7129,221.6997,216.8668,217.7773,908857.0,EUR
2022-04-18,INST015,219.9145,223.3269,217.4957,221.1193,2607287.0,EUR
2022-04-19,INST015,225.6397,224.7146,219.2265,223.7498,2575852.0,EUR
2022-04-20,INST015,225.577,223.9379,219.8602,223.8153,1759196.0,EUR
2022-04-21,INST015,228.3447,229.5695,229.0452,229.318,2911058.0,EUR
2022-04-22,INST015,226.7083,225.9132,220.98,224.6812,182530.0,EUR
2022-04-25,INST015,219.1372,227.3307,215.5613,220.8538,2470436.0,EUR
2022-04-26,INST015,225.8538,225.5342,220.4057,224.1151,2157080.0,EUR
2022-04-27,INST015,222.0585,222.2469,216.3959,221.2292,1643310.0,EUR
2022-04-28,INST015,218.7987,221.6129,216.118,220.0231,1332621.0,EUR
2022-04-29,INST015,222.4066,221.702,216.7327,221.6461,2325030.0,EUR
2022-05-02,INST015,214.7378,218.655,211.0078,216.43,4739294.0,EUR
2022-05-03,INST015,218.07,221.2469,211.0712,217.58,1718829.0,EUR
2022-05-04,INST015,210.7328,213.6969,211.4674,212.7646,4234608.0,EUR
2022-05-05,INST015,209.3899,210.0854,205.649,209.3437,2454815.0,EUR
2022-05-06,INST015,209.594,210.6687,204.907,210.1771,3680444.0,EUR
2022-05-09,INST015,204.8083,208.7259,201.8287,204.9437,4356030.0,EUR
2022-05-10,INST015,209.2072,211.1042,204.1225,207.9974,1487532.0,EUR
2022-05-11,INST015,201.4703,207.6488,201.8229,203.351,3186594.0,EUR
2022-05-12,INST015,203.5182,207.2965,199.7155,204.1281,780017.0,EUR
2022-05-13,INST015,197.605,203.0607,194.3395,199.2052,1099391.0,EUR
2022-05-16,INST015,194.7055,199.9902,191.8007,196.2272,2977703.0,EUR
2022-05-17,INST015,193.9631,195.5198,189.035,194.2972,1465530.0,EUR
2022-05-18,INST015,192.0007,193.261,189.9513,190.5534,1627758.0,EUR
2022-05-19,INST015,194.951,195.58,189.9563,194.0349,3910341.0,EUR
2022-05-20,INST015,191.8381,198.002,187.1946,192.2739,139562.0,EUR
2022-05-23,INST015,197.4609,200.1213,193.0702,196.8649,4532564.0,EUR
2022-05-24,INST015,195.2103,197.8921,193.0544,196.5557,631667.0,EUR
2022-05-25,INST015,193.0363,195.809,190.3397,192.6105,1396184.0,EUR
2022-05-26,INST015,196.0721,197.8321,193.0944,195.2206,2377355.0,EUR
2022-05-27,INST015,195.4222,201.4856,193.1645,197.2005,4992439.0,EUR
2022-05-30,INST015,203.718,201.9647,196.6916,201.8833,4839869.0,EUR
2022-05-31,INST015,201.6945,203.3402,197.2626,201.0995,820190.0,EUR
2022-06-01,INST015,199.0944,199.992,195.6454,198.7655,2767751.0,EUR
2022-06-02,INST015,196.2016,199.2083,192.9543,197.7903,3090705.0,EUR
2022-06-03,INST015,197.5604,202.3379,195.7774,198.1256,4044128.0,EUR
2022-06-06,INST015,198.2269,202.1176,193.9454,199.4678,1419577.0,EUR
2022-06-07,INST015,194.7881,201.8137,196.3426,196.6974,4353061.0,EUR
2022-06-08,INST015,202.4027,202.3597,200.0827,201.4447,4032353.0,EUR
2022-06-09,INST015,200.8162,205.8402,197.082,200.773,3715692.0,EUR
2022-06-10,INST015,205.4797,208.6437,202.6768,205.3532,3199685.0,EUR
2022-06-13,INST015,204.912,207.3633,201.8713,205.5151,2768322.0,EUR
2022-06-14,INST015,203.7095,206.3207,202.4302,204.8234,3721141.0,EUR
2022-06-15,INST015,207.2322,213.3985,203.4312,207.3176,1564223.0,EUR
2022-06-16,INST015,206.0389,205.3937,204.1997,205.0609,1454514.0,EUR
2022-06-17,INST015,208.3127,208.7713,201.218,206.9848,2684146.0,EUR
2022-06-20,INST015,204.9503,210.1652,202.9021,206.884,4885871.0,EUR
2022-06-21,INST015,200.2745,205.7811,201.3036,202.1604,3010759.0,EUR
2022-06-22,INST015,195.7468,200.6711,194.7874,197.1256,352471.0,EUR
2022-06-23,INST015,198.4072,200.8029,193.2306,197.3238,4997146.0,EUR
2022-06-24,INST015,197.5345,201.4316,190.9108,196.4481,553225.0,EUR
2022-06-27,INST015,194.4137,200.7006,191.6628,196.3111,4580010.0,EUR
2022-06-28,INST015,197.1478,198.9169,195.7266,198.7803,2497167.0,EUR
2022-06-29,INST015,195.9074,197.2633,190.0301,195.704,879536.0,EUR
2022-06-30,INST015,195.6228,198.5062,190.1317,194.0081,2389632.0,EUR
2022-07-01,INST015,194.5106,194.9295,192.6696,194.0838,4660132.0,EUR
2022-07-04,INST015,196.7216,203.6318,197.3537,198.6985,1995291.0,EUR
2022-07-05,INST015,194.6901,197.1019,190.2632,194.6946,282152.0,EUR
2022-07-06,INST015,197.5692,201.7951,195.4674,196.3016,2145929.0,EUR
2022-07-07,INST015,191.8722,196.0318,190.0235,192.3728,2723454.0,EUR
2022-07-08,INST015,188.0521,191.958,184.3519,189.5096,873460.0,EUR
2022-07-11,INST015,187.4405,189.5945,187.067,187.7119,2231297.0,EUR
2022-07-12,INST015,187.3991,190.2997,184.0832,186.9353,1831336.0,EUR
2022-07-13,INST015,185.0608,184.4619,181.2607,183.5449,2251352.0,EUR
2022-07-14,INST015,187.8196,186.8958,185.9499,186.0692,2744329.0,EUR
2022-07-15,INST015,191.2255,194.5378,189.9502,190.2957,3068105.0,EUR
2022-07-18,INST015,193.3106,195.2061,192.4346,193.0425,2154757.0,EUR
2022-07-19,INST015,194.8792,193.3492,189.4219,193.2728,4535235.0,EUR
2022-07-20,INST015,189.0506,190.7307,187.2958,189.2607,486207.0,EUR
2022-07-21,INST015,189.1192,190.6254,184.1266,188.6895,3058885.0,EUR
2022-07-22,INST015,191.6972,192.1506,188.5057,189.8853,3807923.0,EUR
2022-07-25,INST015,193.5957,199.4931,191.9439,193.7053,274750.0,EUR
2022-07-26,INST015,195.9497,195.4548,190.947,194.0171,3465574.0,EUR
2022-07-27,INST015,198.2247,198.5675,192.3179,197.4292,222519.0,EUR
2022-07-28,INST015,197.4864,201.7542,195.8917,197.2214,3708823.0,EUR
2022-07-29,INST015,198.3017,201.8634,192.1251,196.9029,1102472.0,EUR
2022-08-01,INST015,195.2729,194.3865,190.5326,194.2944,541145.0,EUR
2022-08-02,INST015,192.3622,196.1756,190.1682,190.6486,3623914.0,EUR
2022-08-03,INST015,194.7807,195.4059,188.4974,193.348,1813081.0,EUR
2022-08-04,INST015,195.4202,199.2356,193.8935,194.3815,549611.0,EUR
2022-08-05,INST015,190.7478,194.8679,190.038,191.1043,2596496.0,EUR
2022-08-08,INST015,191.9874,193.5453,189.6608,190.3228,3525061.0,EUR
2022-08-09,INST015,187.6593,189.0921,185.9939,187.595,2901122.0,EUR
2022-08-10,INST015,186.6275,187.7285,183.6166,187.1299,4093071.0,EUR
2022-08-11,INST015,185.0796,187.6851,182.5532,186.3231,4432793.0,EUR
2022-08-12,INST015,181.4587,187.0926,180.1041,183.0489,904863.0,EUR
2022-08-15,INST015,186.7209,187.0194,183.2554,186.9994,4706533.0,EUR
2022-08-16,INST015,189.3864,192.5895,189.2946,190.2704,4054004.0,EUR
2022-08-17,INST015,185.8098,191.6405,187.1165,187.2252,772932.0,EUR
2022-08-18,INST015,183.2289,185.7423,183.1174,184.1145,1163025.0,EUR
2022-08-19,INST015,186.1367,188.6813,182.8578,187.1415,184999.0,EUR
2022-08-22,INST015,184.25,185.0843,182.4092,185.0605,3378851.0,EUR
2022-08-23,INST015,184.9609,188.7404,185.4935,186.5839,2197680.0,EUR
2022-08-24,INST015,191.1003,191.1227,188.734,189.8647,3469645.0,EUR
2022-08-25,INST015,191.859,191.924,188.7359,190.7195,2244378.0,EUR
2022-08-26,INST015,189.2027,190.3145,185.9802,189.2209,3923896.0,EUR
2022-08-29,INST015,186.5481,190.4699,183.8259,186.0281,585142.0,EUR
2022-08-30,INST015,189.4548,191.6087,188.0497,189.7954,4722799.0,EUR
2022-08-31,INST015,189.3032,192.4242,186.1515,190.5094,2271414.0,EUR
2022-09-01,INST015,186.4375,189.2563,186.9309,187.2687,1835791.0,EUR
2022-09-02,INST015,188.9361,193.684,187.2817,190.8391,270236.0,EUR
2022-09-05,INST015,186.0007,192.4599,185.3949,187.2514,2074844.0,EUR
2022-09-06,INST015,190.9791,196.8285,186.2673,191.5754,3576617.0,EUR
2022-09-07,INST015,193.5221,194.6465,189.6553,193.6858,3581125.0,EUR
2022-09-08,INST015,192.2583,194.7131,191.8947,193.8602,906639.0,EUR
2022-09-09,INST015,189.7201,190.6912,188.7767,189.3999,447323.0,EUR
2022-09-12,INST015,190.126,192.0395,186.3968,191.6184,598833.0,EUR
2022-09-13,INST015,188.3404,190.2857,186.9086,187.2249,3623961.0,EUR
2022-09-14,INST015,192.7135,192.6653,188.4164,191.3012,1935998.0,EUR
2022-09-15,INST015,194.3876,196.9309,193.9734,196.0803,1924894.0,EUR
2022-09-16,INST015,194.9573,194.2139,189.5262,194.0275,1900078.0,EUR
2022-09-19,INST015,189.1281,191.8053,185.1931,190.2463,3951722.0,EUR
2022-09-20,INST015,191.819,194.525,190.3113,193.7415,2413273.0,EUR
2022-09-21,INST015,195.0343,195.542,193.509,194.6445,3566651.0,EUR
2022-09-22,INST015,198.156,199.0298,193.4049,198.4426,137311.0,EUR
2022-09-23,INST015,199.9345,204.4155,198.7542,201.9025,2198501.0,EUR
2022-09-26,INST015,202.1434,200.8381,194.7643,200.7146,551138.0,EUR
2022-09-27,INST015,194.8679,198.8764,191.6832,196.018,4071248.0,EUR
2022-09-28,INST015,192.4683,191.7216,190.4691,191.2047,3219635.0,EUR
2022-09-29,INST015,194.3174,198.1075,192.7576,195.4909,1799661.0,EUR
2022-09-30,INST015,192.6498,193.701,189.0537,191.7121,4810247.0,EUR
2022-10-03,INST015,190.4073,194.3895,190.8133,191.5471,2401010.0,EUR
2022-10-04,INST015,193.6519,198.7122,189.7398,194.8886,1547437.0,EUR
2022-10-05,INST015,189.8761,196.3738,188.3057,191.4064,393110.0,EUR
2022-10-06,INST015,194.0867,197.4661,194.1587,195.129,2731761.0,EUR
2022-10-07,INST015,193.159,194.8442,188.6619,192.6934,3619829.0,EUR
2022-10-10,INST015,194.9995,200.4147,192.0788,195.7251,915179.0,EUR
2022-10-11,INST015,198.2531,200.4019,194.3337,197.1924,924759.0,EUR
2022-10-12,INST015,198.406,200.1117,194.3364,197.8826,1487256.0,EUR
2022-10-13,INST015,197.4448,199.8489,196.8641,197.1441,427274.0,EUR
2022-10-14,INST015,193.7426,195.084,191.2036,193.8988,4813801.0,EUR
2022-10-17,INST015,199.099,201.2629,197.2641,198.5855,1898779.0,EUR
2022-10-18,INST015,202.6019,203.6293,199.9249,202.0435,2425761.0,EUR
2022-10-19,INST015,201.9292,202.2106,194.845,199.9947,3222572.0,EUR
2022-10-20,INST015,199.1551,203.7986,197.1928,198.0716,3962944.0,EUR
2022-10-21,INST015,195.8221,194.4226,190.9127,194.1598,4614452.0,EUR
2022-10-24,INST015,196.3235,200.9615,192.3629,196.6993,315666.0,EUR
2022-10-25,INST015,190.7326,197.1544,187.1455,191.7864,4432317.0,EUR
2022-10-26,INST015,189.033,195.0285,190.7866,190.8024,2214745.0,EUR
2022-10-27,INST015,192.6917,196.8778,190.5671,191.3715,857616.0,EUR
2022-10-28,INST015,190.9911,195.9043,190.5156,191.2313,4273751.0,EUR
2022-10-31,INST015,194.2563,197.7985,192.0471,192.4875,3306597.0,EUR
2022-11-01,INST015,189.7695,194.5225,188.6088,191.0968,743349.0,EUR
2022-11-02,INST015,192.644,195.1694,186.6672,190.9125,4369043.0,EUR
2022-11-03,INST015,189.2664,192.7185,188.5359,189.1507,769089.0,EUR
2022-11-04,INST015,184.3452,189.8502,185.089,185.5234,1611817.0,EUR
2022-11-07,INST015,191.3837,192.3166,186.3714,190.1603,3347798.0,EUR
2022-11-08,INST015,190.6358,194.0523,190.3386,192.1268,548010.0,EUR
2022-11-09,INST015,189.976,193.9412,183.1263,188.5882,774602.0,EUR
2022-11-10,INST015,187.4879,189.5317,186.0148,187.6933,2541383.0,EUR
2022-11-11,INST015,191.0984,194.0651,191.5829,192.144,3315166.0,EUR
2022-11-14,INST015,192.2026,193.0813,188.5896,192.7607,1411274.0,EUR
2022-11-15,INST015,196.6415,201.1693,190.6883,196.295,1109840.0,EUR
2022-11-16,INST015,193.2754,198.6368,189.8062,194.7256,4447310.0,EUR
2022-11-17,INST015,194.462,195.7552,193.9331,195.5709,3641117.0,EUR
2022-11-18,INST015,199.9909,204.6848,196.5996,198.814,2449931.0,EUR
2022-11-21,INST015,200.4689,205.5568,198.1336,201.7903,2127323.0,EUR
2022-11-22,INST015,203.7348,204.328,201.8595,202.7377,402850.0,EUR
2022-11-23,INST015,203.6252,206.306,199.5232,202.6181,2182766.0,EUR
2022-11-24,INST015,204.4777,203.7909,202.5183,202.6952,1523984.0,EUR
2022-11-25,INST015,201.5502,203.5114,197.4311,199.6104,529354.0,EUR
2022-11-28,INST015,194.3763,196.948,195.3906,196.2448,2585031.0,EUR
2022-11-29,INST015,197.3482,201.3889,192.5069,197.9276,4118016.0,EUR
2022-11-30,INST015,197.6746,202.7725,193.1712,197.7044,1972257.0,EUR
2022-12-01,INST015,201.8306,203.407,196.829,202.2655,2872186.0,EUR
2022-12-02,INST015,202.314,204.0293,195.7836,200.5602,2394663.0,EUR
2022-12-05,INST015,203.0375,206.3601,199.5241,204.1013,2982866.0,EUR
2022-12-06,INST015,199.2607,205.3234,195.9787,200.2045,4046695.0,EUR
2022-12-07,INST015,201.0999,203.0194,200.5197,202.6784,4489086.0,EUR
2022-12-08,INST015,204.905,206.1779,203.095,204.3069,2776865.0,EUR
2022-12-09,INST015,207.8421,213.3116,203.8723,208.6283,2488194.0,EUR
2022-12-12,INST015,208.1675,211.1793,206.7768,206.8014,119239.0,EUR
2022-12-13,INST015,205.4337,210.9702,200.6614,206.3846,1098759.0,EUR
2022-12-14,INST015,206.369,211.7141,203.5921,207.8566,642518.0,EUR
2022-12-15,INST015,201.3167,207.9379,201.218,202.8738,766751.0,EUR
2022-12-16,INST015,207.0515,207.5914,202.7538,205.7275,1005714.0,EUR
2022-12-19,INST015,211.5154,212.9432,207.7396,209.4279,2439247.0,EUR
2022-12-20,INST015,214.9014,219.2566,208.4954,213.5861,1590999.0,EUR
2022-12-21,INST015,215.9464,217.1286,211.2425,215.4083,4358594.0,EUR
2022-12-22,INST015,219.7998,223.9257,217.1982,217.962,830208.0,EUR
2022-12-23,INST015,217.855,222.408,215.5288,217.3105,1335546.0,EUR
2022-12-26,INST015,220.5349,225.3179,213.4386,219.8591,729265.0,EUR
2022-12-27,INST015,224.7094,229.0392,217.7086,223.4886,2255075.0,EUR
2022-12-28,INST015,221.5018,222.291,219.8911,221.8281,4582405.0,EUR
2022-12-29,INST015,216.8145,218.5703,215.4661,217.2334,3809021.0,EUR
2022-12-30,INST015,215.6883,221.7393,214.3361,215.4362,3371956.0,EUR
2023-01-02,INST015,210.4156,216.6382,208.4806,210.466,743255.0,EUR
2023-01-03,INST015,211.4107,216.8034,206.5215,212.1496,4454710.0,EUR
2023-01-04,INST015,207.3821,213.6096,205.777,208.0017,1600538.0,EUR
2023-01-05,INST015,209.3244,215.1307,209.0018,210.6587,1088399.0,EUR
2023-01-06,INST015,205.2078,205.8944,203.7329,205.4506,4050629.0,EUR
2023-01-09,INST015,206.335,212.2445,205.71,208.0705,4696128.0,EUR
2023-01-10,INST015,206.0733,209.6359,203.5083,204.4626,3619457.0,EUR
2023-01-11,INST015,207.9056,207.5591,205.295,206.0299,472360.0,EUR
2023-01-12,INST015,208.2524,209.0364,202.7856,208.5067,4077700.0,EUR
2023-01-13,INST015,209.6802,215.1626,208.9193,210.039,1276592.0,EUR
2023-01-16,INST015,209.8411,210.4301,208.8089,208.9741,4882764.0,EUR
2023-01-17,INST015,211.9797,214.1326,210.4972,213.712,3121644.0,EUR
2023-01-18,INST015,210.6037,215.7406,208.0268,210.382,4082235.0,EUR
2023-01-19,INST015,208.1996,211.1664,205.0322,209.4846,2428442.0,EUR
2023-01-20,INST015,209.5226,216.1705,208.4036,210.8077,1064030.0,EUR
2023-01-23,INST015,210.9228,216.3317,209.9079,211.7994,3739511.0,EUR
2023-01-24,INST015,211.6292,211.8504,206.1595,211.1703,2560215.0,EUR
2023-01-25,INST015,213.7251,217.3938,211.2396,214.2467,4202402.0,EUR
2023-01-26,INST015,217.2936,219.7421,214.4649,219.4854,945232.0,EUR
2023-01-27,INST015,223.4602,226.6685,221.9275,223.5843,4702103.0,EUR
2023-01-30,INST015,227.3215,226.7953,226.138,226.7406,4195231.0,EUR
2023-01-31,INST015,225.4194,229.647,220.7813,226.156,146428.0,EUR
2023-02-01,INST015,227.4025,229.1454,222.6198,225.3289,2011861.0,EUR
2023-02-02,INST015,224.7886,228.4765,224.5204,225.3242,1610179.0,EUR
2023-02-03,INST015,224.345,225.1871,224.3964,225.1646,1001900.0,EUR
2023-02-06,INST015,225.9619,229.0162,220.4705,224.6987,628221.0,EUR
2023-02-07,INST015,224.2535,225.127,216.799,222.248,759414.0,EUR
2023-02-08,INST015,219.0926,219.8786,213.3261,218.345,3440116.0,EUR
2023-02-09,INST015,214.8181,217.3342,211.5861,214.6435,1053952.0,EUR
2023-02-10,INST015,214.7887,218.2739,214.5709,216.3405,4325799.0,EUR
2023-02-13,INST015,211.8237,217.3462,213.6075,213.8615,903333.0,EUR
2023-02-14,INST015,214.5807,218.9608,210.0865,212.9523,3219533.0,EUR
2023-02-15,INST015,211.6393,210.057,208.7794,209.6232,1013466.0,EUR
2023-02-16,INST015,208.7893,209.7324,206.0215,207.5601,3892038.0,EUR
2023-02-17,INST015,212.1319,217.4524,209.9708,211.9897,4328648.0,EUR
2023-02-20,INST015,215.0266,215.6562,213.9726,215.2959,1015575.0,EUR
2023-02-21,INST015,216.1417,215.1197,208.4889,214.1699,2243436.0,EUR
2023-02-22,INST015,211.4917,215.0583,207.0344,210.5157,4205421.0,EUR
2023-02-23,INST015,210.7539,216.3131,207.1975,210.869,3691228.0,EUR
2023-02-24,INST015,206.7868,211.0869,203.6638,206.6872,630517.0,EUR
2023-02-27,INST015,205.3489,206.0867,202.504,204.5609,616766.0,EUR
2023-02-28,INST015,203.0563,207.1962,195.9888,201.4736,3330255.0,EUR
2023-03-01,INST015,195.0042,202.127,191.9476,196.5287,121183.0,EUR
2023-03-02,INST015,199.0275,201.3245,195.3936,199.2061,4943827.0,EUR
2023-03-03,INST015,199.0673,200.0564,198.8465,199.6923,4679729.0,EUR
2023-03-06,INST015,198.1098,201.5904,197.4199,198.6138,768525.0,EUR
2023-03-07,INST015,203.8166,207.7966,200.3445,202.3752,3160771.0,EUR
2023-03-08,INST015,198.2949,199.6802,196.9603,198.2323,740462.0,EUR
2023-03-09,INST015,195.5099,196.2052,194.5758,195.9368,4592326.0,EUR
2023-03-10,INST015,192.266,199.1522,188.6918,193.9293,146812.0,EUR
2023-03-13,INST015,196.7429,200.0715,194.9853,196.6812,4405814.0,EUR
2023-03-14,INST015,192.8528,199.7983,190.5174,194.1194,831182.0,EUR
2023-03-15,INST015,194.8287,200.4587,192.2454,195.7487,2914748.0,EUR
2023-03-16,INST015,192.3887,195.2814,192.8572,194.1891,3545361.0,EUR
2023-03-17,INST015,193.985,199.4073,189.3986,194.021,4959187.0,EUR
2023-03-20,INST015,190.7481,193.7528,187.3677,190.5416,565395.0,EUR
2023-03-21,INST015,190.411,195.6389,190.2156,190.6899,1057809.0,EUR
2023-03-22,INST015,188.4391,188.8699,187.8564,188.1697,933502.0,EUR
2023-03-23,INST015,192.7925,196.1674,189.3695,191.7932,2166787.0,EUR
2023-03-24,INST015,196.2303,200.0444,189.0277,194.4274,4822927.0,EUR
2023-03-27,INST015,191.2718,196.6189,190.4267,192.7749,3223073.0,EUR
2023-03-28,INST015,189.0834,190.807,188.6045,188.6579,4492616.0,EUR
2023-03-29,INST015,193.4838,194.3008,187.5308,191.7131,611487.0,EUR
2023-03-30,INST015,191.1224,195.855,185.8222,190.3519,1437038.0,EUR
2023-03-31,INST015,193.9554,199.9529,192.9549,195.0769,4427348.0,EUR
2023-04-03,INST015,197.0122,196.8612,192.7409,196.5998,669103.0,EUR
2023-04-04,INST015,194.4146,195.3995,189.8389,194.5776,3239183.0,EUR
2023-04-05,INST015,194.0072,196.0267,192.3615,192.6323,3692497.0,EUR
2023-04-06,INST015,191.8934,195.0024,188.8745,192.2468,4765635.0,EUR
2023-04-07,INST015,187.8973,188.2212,184.0899,187.8642,4016685.0,EUR
2023-04-10,INST015,186.0773,188.745,180.122,184.2992,1118592.0,EUR
2023-04-11,INST015,185.0175,186.8895,178.9544,184.3808,475239.0,EUR
2023-04-12,INST015,188.5769,193.5792,184.0538,188.3507,3250065.0,EUR
2023-04-13,INST015,186.1953,189.6292,186.3354,187.9081,4053318.0,EUR
2023-04-14,INST015,190.9747,195.1883,187.8855,190.4024,858428.0,EUR
2023-04-17,INST015,193.7048,194.118,190.7377,193.7536,1357863.0,EUR
2023-04-18,INST015,192.2239,194.067,191.229,192.713,493309.0,EUR
2023-04-19,INST015,191.6335,197.2637,191.135,193.221,177615.0,EUR
2023-04-20,INST015,188.5496,195.422,185.4306,189.8493,1302467.0,EUR
2023-04-21,INST015,184.3133,187.3511,181.5448,185.6108,3496990.0,EUR
2023-04-24,INST015,184.9512,186.5395,181.2062,183.5104,4555433.0,EUR
2023-04-25,INST015,178.7492,180.7818,178.6545,180.4539,230499.0,EUR
2023-04-26,INST015,186.0358,186.4956,183.468,184.4249,1281454.0,EUR
2023-04-27,INST015,184.2246,187.3346,181.0467,184.835,3103151.0,EUR
2023-04-28,INST015,181.1223,183.0914,177.914,182.2717,3917464.0,EUR
2023-05-01,INST015,178.0171,184.1514,177.9032,179.3649,1864187.0,EUR
2023-05-02,INST015,181.4612,182.7245,180.2778,181.2638,570660.0,EUR
2023-05-03,INST015,180.4569,182.7365,177.1115,179.8346,3777936.0,EUR
2023-05-04,INST015,183.9298,185.5535,183.1617,184.2862,3007273.0,EUR
2023-05-05,INST015,187.1774,190.224,182.8474,188.3786,1297072.0,EUR
2023-05-08,INST015,186.4426,190.6094,181.7468,185.3581,956531.0,EUR
2023-05-09,INST015,183.7025,186.8293,177.8944,183.3155,1098366.0,EUR
2023-05-10,INST015,185.6051,187.3111,183.2719,186.866,523116.0,EUR
2023-05-11,INST015,185.3687,192.0152,186.3373,186.4551,4367402.0,EUR
2023-05-12,INST015,185.1557,184.7961,182.3241,183.5261,3412764.0,EUR
2023-05-15,INST015,182.3485,183.0651,179.9822,182.155,2358468.0,EUR
2023-05-16,INST015,180.8925,181.7523,178.6392,179.7573,1777275.0,EUR
2023-05-17,INST015,184.7349,186.6444,184.046,184.1672,1527936.0,EUR
2023-05-18,INST015,186.9366,190.5338,182.9004,186.2642,3207522.0,EUR
2023-05-19,INST015,187.2878,189.2544,181.9056,187.1225,3515160.0,EUR
2023-05-22,INST015,189.8388,194.7136,186.0349,191.0653,2996415.0,EUR
2023-05-23,INST015,194.7075,199.0484,188.3479,193.8808,1637476.0,EUR
2023-05-24,INST015,194.8782,198.9723,190.3494,193.2002,4977133.0,EUR
2023-05-25,INST015,190.9713,193.87,186.4118,189.7822,4903099.0,EUR
2023-05-26,INST015,186.4377,190.5504,186.3283,187.2753,3676466.0,EUR
2023-05-29,INST015,184.3621,189.2673,182.834,184.3227,4281061.0,EUR
2023-05-30,INST015,187.1631,186.3082,184.0208,185.6721,1165940.0,EUR
2023-05-31,INST015,186.9776,187.4763,185.2282,185.6898,487993.0,EUR
2023-06-01,INST015,188.975,191.1666,188.4139,189.6497,1814044.0,EUR
2023-06-02,INST015,187.8755,189.1631,184.782,186.8093,4910846.0,EUR
2023-06-05,INST015,190.5362,192.8631,189.5815,189.6443,284958.0,EUR
2023-06-06,INST015,188.5978,189.1405,184.7594,187.157,718399.0,EUR
2023-06-07,INST015,183.8886,188.7399,179.5365,184.224,1435666.0,EUR
2023-06-08,INST015,184.4555,191.3077,182.9575,185.7765,1575632.0,EUR
2023-06-09,INST015,180.4932,183.694,176.6363,181.995,813121.0,EUR
2023-06-12,INST015,181.5664,184.6222,176.9422,181.0503,259987.0,EUR
2023-06-13,INST015,185.4166,184.1253,179.7466,184.012,330803.0,EUR
2023-06-14,INST015,180.602,184.2051,178.6046,181.5567,2152934.0,EUR
2023-06-15,INST015,180.2841,185.1426,176.5904,180.56,1302135.0,EUR
2023-06-16,INST015,184.0371,187.5079,177.4132,182.4836,2463440.0,EUR
2023-06-19,INST015,186.8616,186.2782,180.5383,185.1744,4206646.0,EUR
2023-06-20,INST015,186.5642,187.3639,184.5244,186.2394,1113816.0,EUR
2023-06-21,INST015,184.9541,188.949,182.8401,184.5323,3246170.0,EUR
2023-06-22,INST015,189.4937,190.3444,186.9261,188.3006,3762875.0,EUR
2023-06-23,INST015,186.1289,190.3931,184.6354,185.77,2489386.0,EUR
2023-06-26,INST015,187.7276,190.8723,182.4364,187.7156,1559331.0,EUR
2023-06-27,INST015,187.3003,192.3629,185.1535,187.1055,4056712.0,EUR
2023-06-28,INST015,186.8778,186.33,183.0177,185.5385,4204043.0,EUR
2023-06-29,INST015,186.3916,190.7886,185.2299,185.4458,669030.0,EUR
2023-06-30,INST015,186.9119,191.4463,185.6826,186.9993,4304704.0,EUR
2023-07-03,INST015,187.7719,191.4082,184.0413,187.992,4049876.0,EUR
2023-07-04,INST015,190.5671,191.1586,185.7712,189.1649,1356911.0,EUR
2023-07-05,INST015,183.2261,184.7669,179.8797,184.504,547914.0,EUR
2023-07-06,INST015,180.5204,185.3611,181.1934,181.9727,3457185.0,EUR
2023-07-07,INST015,179.475,179.3285,174.4792,178.9632,3609641.0,EUR
2023-07-10,INST015,177.8295,182.9171,175.0013,177.7,4139706.0,EUR
2023-07-11,INST015,180.1752,181.1156,178.9071,179.8429,3699688.0,EUR
2023-07-12,INST015,177.7632,179.3467,172.7667,177.4859,191944.0,EUR
2023-07-13,INST015,174.2205,176.5235,169.7332,173.5494,4277915.0,EUR
2023-07-14,INST015,172.2966,174.4677,170.7209,173.0221,4960786.0,EUR
2023-07-17,INST015,172.5866,175.0816,170.5871,172.2535,2608938.0,EUR
2023-07-18,INST015,174.9212,173.2949,172.0482,173.2006,934311.0,EUR
2023-07-19,INST015,176.0891,182.1586,176.4235,176.923,2785686.0,EUR
2023-07-20,INST015,177.9109,183.8062,178.9271,179.1325,1073379.0,EUR
2023-07-21,INST015,182.5103,184.0915,178.4147,181.5337,822275.0,EUR
2023-07-24,INST015,185.3214,184.2879,182.6703,183.748,1826141.0,EUR
2023-07-25,INST015,182.0858,182.8441,179.0005,182.3361,3546473.0,EUR
2023-07-26,INST015,182.4339,181.0814,175.5576,180.749,1445607.0,EUR
2023-07-27,INST015,182.6992,185.3722,182.6571,184.4358,3220436.0,EUR
2023-07-28,INST015,184.3856,187.3816,181.2782,183.7913,144059.0,EUR
2023-07-31,INST015,178.545,183.3574,177.5729,179.8271,3792200.0,EUR
2023-08-01,INST015,179.7998,182.5175,179.7524,181.2464,1543487.0,EUR
2023-08-02,INST015,182.7675,184.3106,181.2756,184.0753,1888818.0,EUR
2023-08-03,INST015,182.2211,187.9805,182.5002,182.7546,1177923.0,EUR
2023-08-04,INST015,184.918,191.4008,180.8949,186.4668,2404711.0,EUR
2023-08-07,INST015,182.9221,184.669,182.5125,183.566,1298578.0,EUR
2023-08-08,INST015,183.6145,187.2539,182.8841,183.8573,953313.0,EUR
2023-08-09,INST015,185.3266,187.8585,180.5288,184.0915,811127.0,EUR
2023-08-10,INST015,186.4784,189.5624,182.8165,187.5019,3981096.0,EUR
2023-08-11,INST015,183.5068,190.0532,183.9473,185.0102,928550.0,EUR
2023-08-14,INST015,181.9742,182.1763,176.7688,182.0408,2291324.0,EUR
2023-08-15,INST015,183.4459,186.3382,179.4525,183.374,671852.0,EUR
2023-08-16,INST015,180.5519,180.8939,176.2892,179.2656,3325950.0,EUR
2023-08-17,INST015,175.603,179.0229,174.608,176.3993,4747860.0,EUR
2023-08-18,INST015,178.5192,182.6203,177.196,179.7251,4470363.0,EUR
2023-08-21,INST015,180.7013,183.6675,181.4552,181.8589,318829.0,EUR
2023-08-22,INST015,178.5889,178.5143,173.1324,177.9432,4267925.0,EUR
2023-08-23,INST015,173.8287,178.5715,170.3188,173.9454,3157836.0,EUR
2023-08-24,INST015,169.166,175.653,165.6743,170.6761,2080872.0,EUR
2023-08-25,INST015,169.9872,174.3759,167.7246,171.1955,1481019.0,EUR
2023-08-28,INST015,172.6661,173.4227,171.725,172.6543,3493402.0,EUR
2023-08-29,INST015,174.1946,178.1285,175.1314,175.4701,3269859.0,EUR
2023-08-30,INST015,176.5033,177.745,172.5363,176.4433,1986460.0,EUR
2023-08-31,INST015,174.8593,174.3658,171.3493,174.2299,1081098.0,EUR
2023-09-01,INST015,174.9095,179.0234,171.7053,176.054,3266538.0,EUR
2023-09-04,INST015,173.712,176.9937,172.8665,175.0289,3932906.0,EUR
2023-09-05,INST015,174.8987,179.0889,171.7919,176.6416,3107405.0,EUR
2023-09-06,INST015,175.2353,177.2106,171.2406,176.3249,3502501.0,EUR
2023-09-07,INST015,172.3032,175.905,168.7728,172.183,2801161.0,EUR
2023-09-08,INST015,169.2278,170.6608,168.9304,170.1375,659938.0,EUR
2023-09-11,INST015,169.0681,173.7808,169.2206,170.156,543811.0,EUR
2023-09-12,INST015,173.3065,177.1767,173.0842,174.0701,2466720.0,EUR
2023-09-13,INST015,169.5999,175.5372,166.8708,170.9361,1663918.0,EUR
2023-09-14,INST015,170.3478,173.4685,168.1074,169.0101,369888.0,EUR
2023-09-15,INST015,165.5631,170.8398,163.5108,166.0739,3427466.0,EUR
2023-09-18,INST015,166.5476,171.0435,163.5423,168.0673,3733459.0,EUR
2023-09-19,INST015,170.4146,175.7671,170.0296,171.6734,4499126.0,EUR
2023-09-20,INST015,174.0191,177.0797,168.8898,173.8046,715668.0,EUR
2023-09-21,INST015,174.0564,174.323,169.3762,172.565,4470323.0,EUR
2023-09-22,INST015,168.287,169.4928,164.9526,169.3027,4480787.0,EUR
2023-09-25,INST015,168.7298,171.6534,162.9739,167.6403,4836455.0,EUR
2023-09-26,INST015,169.64,174.1001,167.6262,170.092,304296.0,EUR
2023-09-27,INST015,172.6573,172.5286,171.2911,171.5272,3224984.0,EUR
2023-09-28,INST015,168.0079,168.9615,163.0547,167.3306,989839.0,EUR
2023-09-29,INST015,166.9839,166.9209,166.2869,166.7243,4272028.0,EUR
2023-10-02,INST015,165.1702,169.2597,166.2198,166.2454,4409276.0,EUR
2023-10-03,INST015,168.5992,170.3848,163.7403,167.4871,2195982.0,EUR
2023-10-04,INST015,165.0339,168.9561,160.0409,164.2061,3249296.0,EUR
2023-10-05,INST015,162.0008,165.3199,156.9949,161.8322,4989983.0,EUR
2023-10-06,INST015,161.8626,163.7583,162.9038,163.0828,419419.0,EUR
2023-10-09,INST015,166.4651,169.4515,163.3906,165.0661,3471589.0,EUR
2023-10-10,INST015,162.1379,165.1087,160.0139,161.6504,1433641.0,EUR
2023-10-11,INST015,164.2579,165.2343,164.6564,164.9438,3816649.0,EUR
2023-10-12,INST015,167.1306,168.5673,163.7092,167.8232,693717.0,EUR
2023-10-13,INST015,167.7944,168.5215,165.3476,167.1089,651327.0,EUR
2023-10-16,INST015,169.2636,173.3934,167.8542,169.6806,3157559.0,EUR
2023-10-17,INST015,166.7654,171.5465,165.1519,167.7416,3840673.0,EUR
2023-10-18,INST015,170.5562,170.5317,169.8915,169.9513,3662970.0,EUR
2023-10-19,INST015,173.4342,177.5793,170.1543,173.5082,2525706.0,EUR
2023-10-20,INST015,178.571,181.2739,176.4865,177.6001,4104237.0,EUR
2023-10-23,INST015,175.7453,178.137,171.174,175.9883,4126337.0,EUR
2023-10-24,INST015,170.5604,176.1612,168.1411,171.6486,1403655.0,EUR
2023-10-25,INST015,173.3085,178.1397,171.2436,174.4035,1951769.0,EUR
2023-10-26,INST015,174.5989,176.2887,171.2829,174.3047,3279146.0,EUR
2023-10-27,INST015,173.7027,178.9,170.9247,174.6885,2222115.0,EUR
2023-10-30,INST015,179.1619,182.9307,176.7495,178.2979,4351164.0,EUR
2023-10-31,INST015,177.1694,177.379,173.3679,176.9461,3543247.0,EUR
2023-11-01,INST015,173.7507,176.9667,169.5086,173.9583,1852147.0,EUR
2023-11-02,INST015,173.2793,173.1725,170.8694,171.6657,2613468.0,EUR
2023-11-03,INST015,168.4392,173.4513,167.727,168.7338,2799266.0,EUR
2023-11-06,INST015,169.6927,170.595,168.1529,170.305,567196.0,EUR
2023-11-07,INST015,169.0135,172.4322,164.968,168.3248,3651062.0,EUR
2023-11-08,INST015,165.8486,170.1742,165.6033,166.0186,4564537.0,EUR
2023-11-09,INST015,166.8062,168.2714,164.2804,166.9311,3753101.0,EUR
2023-11-10,INST015,163.4699,168.3921,164.4247,164.5942,4142084.0,EUR
2023-11-13,INST015,166.617,170.4596,166.1401,167.661,4840588.0,EUR
2023-11-14,INST015,167.1692,167.8646,162.9378,167.6295,117742.0,EUR
2023-11-15,INST015,166.0959,167.0019,161.6597,165.0554,4502745.0,EUR
2023-11-16,INST015,162.4344,165.2952,161.3068,163.9246,292570.0,EUR
2023-11-17,INST015,165.6063,167.6523,162.6602,166.1642,167074.0,EUR
2023-11-20,INST015,164.345,165.7047,162.1711,164.6603,3430323.0,EUR
2023-11-21,INST015,161.6878,165.5817,159.2277,161.6186,4381997.0,EUR
2023-11-22,INST015,159.6847,159.6024,154.0473,158.3044,2157938.0,EUR
2023-11-23,INST015,154.5161,157.7465,153.1812,155.1648,1896520.0,EUR
2023-11-24,INST015,151.0252,154.3222,149.0357,152.3668,343680.0,EUR
2023-11-27,INST015,154.6338,153.9423,152.507,153.1528,4560760.0,EUR
2023-11-28,INST015,151.7496,154.1257,149.7242,150.5681,4268269.0,EUR
2023-11-29,INST015,151.6279,154.8284,146.5586,150.6181,4474449.0,EUR
2023-11-30,INST015,150.1746,152.7934,147.4979,149.5364,2919935.0,EUR
2023-12-01,INST015,149.1106,154.1391,146.6989,149.9517,1992056.0,EUR
2023-12-04,INST015,149.4664,150.7132,148.2288,148.6549,4427494.0,EUR
2023-12-05,INST015,151.8022,152.8819,149.7206,150.4018,4653249.0,EUR
2023-12-06,INST015,148.4478,147.8294,144.0879,147.2605,2417500.0,EUR
2023-12-07,INST015,146.6711,147.4468,145.276,147.0331,3852414.0,EUR
2023-12-08,INST015,149.4712,153.9571,146.8997,150.4775,4520711.0,EUR
2023-12-11,INST015,154.6593,155.3603,152.0013,153.8144,975780.0,EUR
2023-12-12,INST015,153.9733,157.0992,148.9128,153.2903,3461131.0,EUR
2023-12-13,INST015,153.878,154.4776,149.3932,152.7654,4811325.0,EUR
2023-12-14,INST015,153.5638,157.4592,150.718,153.3279,3777551.0,EUR
2023-12-15,INST015,149.4306,153.8599,145.8911,150.1721,2952636.0,EUR
2023-12-18,INST015,152.2777,156.1819,150.0537,152.0215,4267614.0,EUR
2023-12-19,INST015,154.8654,156.38,150.8898,154.6675,2998690.0,EUR
2023-12-20,INST015,154.7952,155.8565,151.3339,155.0595,4748915.0,EUR
2023-12-21,INST015,156.8805,159.1827,157.5129,157.5612,4373404.0,EUR
2023-12-22,INST015,162.1138,163.1276,158.5925,161.4169,4552777.0,EUR
2023-12-25,INST015,160.336,159.6255,156.2882,158.9092,246418.0,EUR
2023-12-26,INST015,161.668,166.155,159.4596,161.8806,4926726.0,EUR
2023-12-27,INST015,161.3333,164.5794,156.8391,161.4517,967750.0,EUR
2023-12-28,INST015,162.4476,164.7341,162.2837,163.6557,4037769.0,EUR
2023-12-29,INST015,159.2272,164.0373,155.6235,160.2981,343616.0,EUR
2024-01-01,INST015,156.3624,159.1942,152.7905,156.3577,849942.0,EUR
2024-01-02,INST015,156.5898,156.6092,153.909,155.6071,1700573.0,EUR
2024-01-03,INST015,156.2705,158.4771,152.2663,155.4312,1813341.0,EUR
2024-01-04,INST015,157.4529,161.2672,154.7926,157.3823,3279097.0,EUR
2024-01-05,INST015,155.0252,158.5984,150.3709,154.5192,2484097.0,EUR
2024-01-08,INST015,154.7965,157.5025,152.1331,153.7204,1653042.0,EUR
2024-01-09,INST015,155.8284,157.0483,153.3506,156.3952,753917.0,EUR
2024-01-10,INST015,157.4492,159.4257,157.1633,158.7107,1356670.0,EUR
2024-01-11,INST015,154.2758,157.764,154.8738,155.5824,731342.0,EUR
2024-01-12,INST015,153.686,153.786,150.5759,152.7383,1614615.0,EUR
2024-01-15,INST015,156.3107,158.2517,154.26,156.2243,4632183.0,EUR
2024-01-16,INST015,158.9805,162.622,155.1677,158.6789,3832362.0,EUR
2024-01-17,INST015,156.3558,156.5013,153.1526,156.3492,1522749.0,EUR
2024-01-18,INST015,153.0552,153.9502,153.4819,153.5559,2468354.0,EUR
2024-01-19,INST015,153.0605,153.6869,149.1127,152.7349,456908.0,EUR
2024-01-22,INST015,152.194,153.4295,149.5968,152.6975,1368582.0,EUR
2024-01-23,INST015,152.242,152.7382,146.5087,150.7419,2286325.0,EUR
2024-01-24,INST015,150.2048,151.9723,151.3575,151.6353,782090.0,EUR
2024-01-25,INST015,151.6305,152.4324,148.0058,150.5069,129700.0,EUR
2024-01-26,INST015,146.7971,147.4476,146.732,147.0706,1004921.0,EUR
2024-01-29,INST015,144.3083,144.3655,142.926,143.4939,4816270.0,EUR
2024-01-30,INST015,145.3625,145.1177,141.5254,144.9993,4916472.0,EUR
2024-01-31,INST015,143.8891,145.7113,143.1691,143.2863,2004266.0,EUR
2024-02-01,INST015,140.193,142.3259,137.4389,141.0251,2134044.0,EUR
2024-02-02,INST015,140.4777,143.0824,138.4819,139.1341,4777551.0,EUR
2024-02-05,INST015,139.756,142.183,134.9621,138.9802,2188348.0,EUR
2024-02-06,INST015,138.0602,141.0576,135.4463,138.4398,4512970.0,EUR
2024-02-07,INST015,140.5672,143.5588,137.9785,139.4919,2392360.0,EUR
2024-02-08,INST015,139.3863,139.4603,137.8918,138.2688,1542131.0,EUR
2024-02-09,INST015,139.141,142.9089,135.2759,138.8058,4263353.0,EUR
2024-02-12,INST015,138.3751,139.861,137.3041,137.8454,2722593.0,EUR
2024-02-13,INST015,135.0519,137.6302,131.4996,135.3204,3981387.0,EUR
2024-02-14,INST015,134.6881,139.106,132.4966,135.8311,3098529.0,EUR
2024-02-15,INST015,132.1,136.3105,129.6018,132.9882,3954985.0,EUR
2024-02-16,INST015,128.9275,133.2274,129.0379,129.9344,1406694.0,EUR
2024-02-19,INST015,129.9419,130.3376,129.3741,130.2991,2030143.0,EUR
2024-02-20,INST015,126.5074,128.0546,125.3876,127.0998,2574826.0,EUR
2024-02-21,INST015,129.523,131.2211,125.9781,129.482,1383832.0,EUR
2024-02-22,INST015,131.3917,132.8723,130.0137,130.6844,1928502.0,EUR
2024-02-23,INST015,133.0355,135.8479,132.4942,133.6552,2216212.0,EUR
2024-02-26,INST015,134.0063,135.9093,132.4833,133.2024,2253314.0,EUR
2024-02-27,INST015,132.4829,134.7577,130.1991,132.3537,3065246.0,EUR
2024-02-28,INST015,135.4637,138.1422,133.7583,135.6453,2091177.0,EUR
2024-02-29,INST015,136.97,137.6942,135.52,135.7813,828899.0,EUR
2024-03-01,INST015,133.7638,136.0507,129.7759,133.3876,4390514.0,EUR
2024-03-04,INST015,135.689,137.353,134.8559,135.4303,2649757.0,EUR
2024-03-05,INST015,138.5166,139.3723,134.6786,137.3647,2149364.0,EUR
2024-03-06,INST015,134.1299,137.366,133.7431,134.3889,1938808.0,EUR
2024-03-07,INST015,137.5743,139.7678,134.9184,136.835,1383259.0,EUR
2024-03-08,INST015,139.9533,141.9193,137.6788,138.959,2033230.0,EUR
2024-03-11,INST015,137.5871,139.0866,134.0177,136.3421,4270888.0,EUR
2024-03-12,INST015,136.4509,138.787,134.5241,136.7044,585129.0,EUR
2024-03-13,INST015,134.8393,136.5272,133.7408,134.1861,1599985.0,EUR
2024-03-14,INST015,137.2441,137.9973,132.3046,136.19,2896029.0,EUR
2024-03-15,INST015,135.5068,136.1829,131.6091,134.415,2775020.0,EUR
2024-03-18,INST015,134.695,136.9064,133.56,135.3885,3037200.0,EUR
2024-03-19,INST015,133.5251,135.8429,133.1355,134.3439,3452416.0,EUR
2024-03-20,INST015,132.1876,133.9497,131.3911,133.3228,3566790.0,EUR
2024-03-21,INST015,136.7535,138.7705,136.0648,136.0792,3514763.0,EUR
2024-03-22,INST015,139.5134,142.6846,135.6605,139.4003,168367.0,EUR
2024-03-25,INST015,143.1056,145.2345,138.9654,142.8121,1023787.0,EUR
2024-03-26,INST015,143.7498,148.6152,143.4149,144.6907,1779060.0,EUR
2024-03-27,INST015,139.9109,141.2607,139.0829,141.1664,852112.0,EUR
2024-03-28,INST015,143.7748,145.7119,142.6699,144.4564,4414689.0,EUR
2024-03-29,INST015,144.3159,148.6213,142.6651,145.6932,811164.0,EUR
2024-04-01,INST015,145.8717,144.8916,140.7858,144.7973,1719010.0,EUR
2024-04-02,INST015,148.2552,147.6313,145.0932,147.213,330371.0,EUR
2024-04-03,INST015,151.8593,153.5724,146.8187,150.5767,3666660.0,EUR
2024-04-04,INST015,148.2503,150.6133,146.1221,147.5541,3974877.0,EUR
2024-04-05,INST015,145.0387,148.5876,142.1284,144.9051,1458096.0,EUR
2024-04-08,INST015,142.7336,144.2477,143.4527,143.7261,3175253.0,EUR
2024-04-09,INST015,147.0485,150.8006,144.0794,146.5213,2452352.0,EUR
2024-04-10,INST015,148.4848,148.0297,146.8143,147.9539,4634732.0,EUR
2024-04-11,INST015,145.6176,147.8838,142.5741,145.3611,333394.0,EUR
2024-04-12,INST015,142.7403,142.5512,138.7789,142.3858,4266174.0,EUR
2024-04-15,INST015,140.6607,142.7274,137.4023,139.2682,3465397.0,EUR
2024-04-16,INST015,142.9473,142.4696,138.8459,141.6486,695785.0,EUR
2024-04-17,INST015,143.1551,146.3526,143.6797,144.5113,398844.0,EUR
2024-04-18,INST015,146.5417,145.7568,141.1615,145.4127,1628098.0,EUR
2024-04-19,INST015,146.4144,147.2348,142.9321,145.1322,3587627.0,EUR
2024-04-22,INST015,145.3278,148.4963,143.3179,146.7034,2989427.0,EUR
2024-04-23,INST015,144.3283,148.2486,141.074,144.8119,261699.0,EUR
2024-04-24,INST015,144.4566,148.2715,141.7642,144.5575,404869.0,EUR
2024-04-25,INST015,140.7912,142.4192,139.3831,141.6113,3970414.0,EUR
2024-04-26,INST015,139.8913,142.5849,138.8763,139.6372,1407391.0,EUR
2024-04-29,INST015,141.1545,142.8561,142.4444,142.4576,872411.0,EUR
2024-04-30,INST015,144.6705,145.6494,142.9118,145.3067,2684012.0,EUR
2024-05-01,INST015,145.4359,146.5985,142.7239,145.0154,171027.0,EUR
2024-05-02,INST015,144.5584,149.8549,143.3564,145.9772,3101443.0,EUR
2024-05-03,INST015,146.681,149.2433,145.6975,147.4519,2394604.0,EUR
2024-05-06,INST015,147.0162,150.8428,144.5904,146.913,3899649.0,EUR
2024-05-07,INST015,147.309,148.8052,143.043,147.3299,2140901.0,EUR
2024-05-08,INST015,149.1791,151.1507,149.0341,150.4772,2853013.0,EUR
2024-05-09,INST015,151.0963,155.6658,148.6327,152.3715,2773538.0,EUR
2024-05-10,INST015,155.2753,154.6281,150.5997,154.0455,528542.0,EUR
2024-05-13,INST015,153.3613,156.2877,150.4994,154.7587,2430482.0,EUR
2024-05-14,INST015,151.6144,152.7464,151.127,151.8672,4866375.0,EUR
2024-05-15,INST015,154.2939,155.3063,150.5477,154.7191,797247.0,EUR
2024-05-16,INST015,154.5365,159.6986,151.1089,155.3729,713276.0,EUR
2024-05-17,INST015,155.3987,157.5099,152.9786,154.5187,4440410.0,EUR
2024-05-20,INST015,153.799,155.7793,149.4165,153.436,2247890.0,EUR
2024-05-21,INST015,154.6752,157.4409,151.5727,155.8952,967150.0,EUR
2024-05-22,INST015,159.5303,161.2142,157.8339,159.3702,4192398.0,EUR
2024-05-23,INST015,163.3028,165.261,160.0459,161.8422,4247676.0,EUR
2024-05-24,INST015,159.4055,160.7728,157.6665,160.4135,4060680.0,EUR
2024-05-27,INST015,158.227,160.8029,156.9125,157.0213,1752793.0,EUR
2024-05-28,INST015,154.2321,155.5419,154.5078,155.4948,2998973.0,EUR
2024-05-29,INST015,156.7283,160.4367,152.8028,156.5438,1457945.0,EUR
2024-05-30,INST015,154.7308,158.8381,153.0208,154.3169,4744980.0,EUR
2024-05-31,INST015,152.434,152.286,147.2483,151.6716,1126346.0,EUR
2024-06-03,INST015,150.5833,152.1849,149.0417,150.9128,1152460.0,EUR
2024-06-04,INST015,146.2994,148.1039,144.353,147.7682,4106977.0,EUR
2024-06-05,INST015,145.5843,148.2787,144.1468,145.9587,2140712.0,EUR
2024-06-06,INST015,148.6803,148.6544,146.8339,148.0831,2060526.0,EUR
2024-06-07,INST015,144.8004,146.3923,144.3679,146.1054,1092223.0,EUR
2024-06-10,INST015,145.604,145.2173,141.1694,144.3374,4087887.0,EUR
2024-06-11,INST015,146.2497,149.6384,142.4252,145.8953,492003.0,EUR
2024-06-12,INST015,143.8249,148.0705,144.5568,145.2162,2420877.0,EUR
2024-06-13,INST015,148.2435,151.3874,145.0504,148.1745,2025692.0,EUR
2024-06-14,INST015,147.4324,151.7638,146.9882,148.4672,2037855.0,EUR
2024-06-17,INST015,150.2614,152.5267,146.3669,148.8286,3500147.0,EUR
2024-06-18,INST015,151.8543,153.3892,148.7424,150.9644,3870819.0,EUR
2024-06-19,INST015,151.4891,153.5616,151.7782,152.821,546508.0,EUR
2024-06-20,INST015,150.7858,150.7636,147.4562,150.0214,1114578.0,EUR
2024-06-21,INST015,148.4316,152.0514,148.5083,148.8311,3372232.0,EUR
2024-06-24,INST015,151.3484,152.6692,148.8219,151.5207,1911787.0,EUR
2024-06-25,INST015,154.7872,155.463,149.5734,153.2827,1733758.0,EUR
2024-06-26,INST015,157.0194,160.1761,155.8022,156.0873,1968792.0,EUR
2024-06-27,INST015,153.3424,154.731,151.4834,154.2783,649591.0,EUR
2024-06-28,INST015,149.3471,153.263,149.325,150.657,137158.0,EUR
2024-07-01,INST015,148.0554,151.2754,144.3138,148.6138,756106.0,EUR
2024-07-02,INST015,149.2593,151.599,146.6068,147.9402,2061334.0,EUR
2024-07-03,INST015,146.9242,151.3152,144.2898,147.2924,4144409.0,EUR
2024-07-04,INST015,145.8422,148.7815,142.2799,146.6061,4763617.0,EUR
2024-07-05,INST015,147.5355,149.8656,145.5579,147.2987,1179141.0,EUR
2024-07-08,INST015,145.6494,147.6722,143.1102,146.8614,2032259.0,EUR
2024-07-09,INST015,144.6927,147.1903,140.1454,143.5082,2003093.0,EUR
2024-07-10,INST015,146.4311,149.9793,146.691,147.0903,2236939.0,EUR
2024-07-11,INST015,149.4559,153.6017,148.0887,149.3651,1933512.0,EUR
2024-07-12,INST015,147.4048,151.2972,145.5955,148.8503,1483135.0,EUR
2024-07-15,INST015,147.6045,150.4476,142.7467,146.8897,4694417.0,EUR
2024-07-16,INST015,144.1735,143.8733,141.2581,143.7187,4287452.0,EUR
2024-07-17,INST015,146.3772,149.0346,141.6806,145.5968,2851394.0,EUR
2024-07-18,INST015,147.4424,147.3326,145.4181,146.2512,3453754.0,EUR
2024-07-19,INST015,146.3078,147.5376,143.6972,146.1351,3626887.0,EUR
2024-07-22,INST015,144.6374,148.6345,144.9823,145.427,3485467.0,EUR
2024-07-23,INST015,149.7809,150.2264,144.6977,148.9582,2376688.0,EUR
2024-07-24,INST015,148.5526,147.473,145.5293,147.4303,3897264.0,EUR
2024-07-25,INST015,144.2463,147.5734,143.8316,145.3779,4580674.0,EUR
2024-07-26,INST015,145.4579,146.0472,143.0673,144.3135,2640756.0,EUR
2024-07-29,INST015,141.5348,145.3745,139.9598,141.8903,2629437.0,EUR
2024-07-30,INST015,144.5461,148.5128,142.8845,144.5705,4947414.0,EUR
2024-07-31,INST015,147.1544,151.264,147.0365,147.7978,866699.0,EUR
2024-08-01,INST015,148.1378,151.0882,146.5335,148.5946,161621.0,EUR
2024-08-02,INST015,146.2146,149.3581,144.7582,146.4938,3940765.0,EUR
2024-08-05,INST015,147.8961,149.334,147.9007,149.2179,653627.0,EUR
2024-08-06,INST015,151.4056,156.41,150.5423,151.9551,1391299.0,EUR
2024-08-07,INST015,152.1262,155.1504,150.7285,153.3567,2338779.0,EUR
2024-08-08,INST015,155.618,157.2274,152.4745,155.7665,3207649.0,EUR
2024-08-09,INST015,156.3656,156.1996,151.8739,156.0325,4100280.0,EUR
2024-08-12,INST015,155.2127,158.4056,151.2985,154.5375,4960046.0,EUR
2024-08-13,INST015,149.2955,152.068,150.2223,150.7927,4880597.0,EUR
2024-08-14,INST015,149.2662,150.03,148.4175,149.3686,4171597.0,EUR
2024-08-15,INST015,151.8606,153.1481,148.8548,151.7567,1054116.0,EUR
2024-08-16,INST015,150.2272,149.3763,148.41,148.9768,314586.0,EUR
2024-08-19,INST015,146.7069,149.696,143.9991,147.0412,1116157.0,EUR
2024-08-20,INST015,145.8441,151.0798,143.938,146.8759,1058293.0,EUR
2024-08-21,INST015,146.8314,150.6247,147.2854,148.0749,1399598.0,EUR
2024-08-22,INST015,147.2363,148.7122,144.0512,146.7222,2049510.0,EUR
2024-08-23,INST015,143.1688,145.4932,141.3871,143.1639,1985254.0,EUR
2024-08-26,INST015,141.4734,144.1543,138.0403,140.6527,1260632.0,EUR
2024-08-27,INST015,143.0967,145.0372,142.1228,143.6199,3560311.0,EUR
2024-08-28,INST015,141.9774,144.2914,141.3005,141.3608,1265839.0,EUR
2024-08-29,INST015,141.7789,141.2212,137.9936,141.1652,1738784.0,EUR
2024-08-30,INST015,145.211,145.7916,141.0525,144.2697,904639.0,EUR
2024-09-02,INST015,144.6765,149.705,142.8947,145.8544,4846924.0,EUR
2024-09-03,INST015,150.4565,152.7032,145.6713,149.1081,3066474.0,EUR
2024-09-04,INST015,147.7208,152.8876,147.442,149.0221,4087496.0,EUR
2024-09-05,INST015,151.1597,154.3943,147.8843,150.5323,3279217.0,EUR
2024-09-06,INST015,145.5865,148.3069,145.5003,147.0491,4685751.0,EUR
2024-09-09,INST015,147.0826,146.1441,145.3425,145.6378,3816906.0,EUR
2024-09-10,INST015,146.9465,147.5675,146.4781,146.729,3902161.0,EUR
2024-09-11,INST015,150.1892,151.0301,148.6545,149.0294,1209494.0,EUR
2024-09-12,INST015,151.739,151.0312,146.1996,150.2543,3831563.0,EUR
2024-09-13,INST015,152.3829,153.0874,151.2488,152.975,1897788.0,EUR
2024-09-16,INST015,155.8982,156.5469,151.5214,155.1429,236919.0,EUR
2024-09-17,INST015,155.9503,159.3926,156.4072,156.4463,368221.0,EUR
2024-09-18,INST015,159.114,162.1608,159.3789,159.5771,3895889.0,EUR
2024-09-19,INST015,159.6755,162.4579,157.9687,160.1345,2921557.0,EUR
2024-09-20,INST015,155.0004,158.083,152.8796,156.2423,1078688.0,EUR
2024-09-23,INST015,157.5543,163.0129,157.8134,158.4614,141372.0,EUR
2024-09-24,INST015,161.0311,163.3269,157.442,162.2203,4108684.0,EUR
2024-09-25,INST015,162.2187,165.134,161.2607,161.5658,2359389.0,EUR
2024-09-26,INST015,160.2164,162.8808,159.2735,161.3404,338960.0,EUR
2024-09-27,INST015,156.8675,162.4241,155.8867,158.0392,971917.0,EUR
2024-09-30,INST015,158.0563,160.9632,158.9892,159.2501,4242221.0,EUR
2024-10-01,INST015,159.2838,163.4445,156.8506,158.7338,1120118.0,EUR
2024-10-02,INST015,156.337,157.8531,154.218,156.1197,2325769.0,EUR
2024-10-03,INST015,159.5541,160.4831,157.9558,159.0842,677864.0,EUR
2024-10-04,INST015,156.7482,159.723,154.4348,155.8266,2601847.0,EUR
2024-10-07,INST015,151.6184,154.7112,151.6728,152.2685,2391939.0,EUR
2024-10-08,INST015,154.4342,155.2573,152.8118,153.2452,1593554.0,EUR
2024-10-09,INST015,153.3476,153.089,150.5808,152.5456,2177806.0,EUR
2024-10-10,INST015,149.4254,151.4765,149.6839,149.8891,4290553.0,EUR
2024-10-11,INST015,154.3007,155.7243,152.562,153.4182,3458845.0,EUR
2024-10-14,INST015,155.5047,157.464,153.2466,154.0947,4750141.0,EUR
2024-10-15,INST015,155.5806,155.3154,151.5992,154.1686,429271.0,EUR
2024-10-16,INST015,158.6408,161.5347,155.7473,157.5128,3184699.0,EUR
2024-10-17,INST015,158.4664,164.2851,156.3686,159.5261,156080.0,EUR
2024-10-18,INST015,158.4456,157.5226,154.4565,157.3556,2690805.0,EUR
2024-10-21,INST015,157.8028,159.5449,155.411,158.0863,870675.0,EUR
2024-10-22,INST015,160.4111,163.2965,160.2199,161.3071,3916932.0,EUR
2024-10-23,INST015,160.1026,163.7908,156.087,159.3188,1509726.0,EUR
2024-10-24,INST015,162.675,165.5522,160.9236,161.1319,4904943.0,EUR
2024-10-25,INST015,161.599,166.1626,162.968,163.19,1633091.0,EUR
2024-10-28,INST015,166.3119,167.0803,160.6993,165.3826,1978731.0,EUR
2024-10-29,INST015,166.3573,169.5106,166.7641,166.795,3099675.0,EUR
2024-10-30,INST015,164.0294,168.7089,161.1513,165.6021,1306675.0,EUR
2024-10-31,INST015,164.3434,165.6902,164.7956,165.0076,4347179.0,EUR
2024-11-01,INST015,165.1429,170.3132,166.0061,166.7307,4434853.0,EUR
2024-11-04,INST015,168.3287,166.7712,165.4376,166.7627,593347.0,EUR
2024-11-05,INST015,171.1084,174.4949,167.4781,170.5487,3453454.0,EUR
2024-11-06,INST015,169.9269,174.7195,165.4939,170.0246,747324.0,EUR
2024-11-07,INST015,165.4463,171.5766,165.8988,166.7378,410717.0,EUR
2024-11-08,INST015,166.4461,169.5741,166.4652,166.7446,1962384.0,EUR
2024-11-11,INST015,168.9598,170.0645,163.6014,167.6911,4453379.0,EUR
2024-11-12,INST015,168.8506,172.7902,163.233,167.8455,4592791.0,EUR
2024-11-13,INST015,167.0117,169.7264,164.5079,165.9789,4217469.0,EUR
2024-11-14,INST015,164.426,164.8944,159.9117,163.1087,2349531.0,EUR
2024-11-15,INST015,162.6163,167.1831,160.3286,162.6298,1907686.0,EUR
2024-11-18,INST015,165.3586,166.7555,163.9393,165.3126,1988544.0,EUR
2024-11-19,INST015,166.8506,168.3958,164.2133,166.0762,2208598.0,EUR
2024-11-20,INST015,165.8761,167.5666,159.6057,164.2805,2736559.0,EUR
2024-11-21,INST015,161.8819,163.9924,160.7568,162.2891,1954067.0,EUR
2024-11-22,INST015,165.8981,166.0421,164.0913,165.1469,3778948.0,EUR
2024-11-25,INST015,164.6291,168.1757,159.0047,163.6499,3737969.0,EUR
2024-11-26,INST015,162.6834,165.1223,160.7103,162.3766,164670.0,EUR
2024-11-27,INST015,161.3308,161.9648,157.2793,161.4945,1049862.0,EUR
2024-11-28,INST015,158.2669,160.7783,157.37,159.6952,1047603.0,EUR
2024-11-29,INST015,164.2472,165.5835,160.0643,163.3041,2608230.0,EUR
2024-12-02,INST015,161.6096,163.0514,160.338,161.7715,709380.0,EUR
2024-12-03,INST015,158.1102,158.5571,156.2257,157.8057,3821267.0,EUR
2024-12-04,INST015,155.0592,155.9259,151.3631,154.6875,3912552.0,EUR
2024-12-05,INST015,154.5243,156.1717,153.1158,155.5783,2375606.0,EUR
2024-12-06,INST015,152.4643,154.4755,151.9319,152.2641,4862992.0,EUR
2024-12-09,INST015,153.2227,156.0457,149.4629,152.9222,1575764.0,EUR
2024-12-10,INST015,151.3008,153.0194,147.5859,151.6252,1146211.0,EUR
2024-12-11,INST015,149.8747,152.8872,147.6092,150.1326,2154086.0,EUR
2024-12-12,INST015,150.5836,153.2567,148.5933,149.6603,2950648.0,EUR
2024-12-13,INST015,146.6904,148.2735,146.9245,147.4942,3322707.0,EUR
2024-12-16,INST015,149.4251,149.8416,146.947,149.8368,1580907.0,EUR
2024-12-17,INST015,150.6481,153.5009,148.4182,150.8411,4695324.0,EUR
2024-12-18,INST015,149.6047,152.7273,147.6024,149.3126,1729824.0,EUR
2024-12-19,INST015,148.5153,151.1717,144.8817,147.737,3457200.0,EUR
2024-12-20,INST015,146.7788,146.7586,142.0707,146.3431,3761785.0,EUR
2024-12-23,INST015,146.8832,150.5826,144.5739,146.615,2484883.0,EUR
2024-12-24,INST015,146.9845,147.5525,143.2597,145.8204,271459.0,EUR
2024-12-25,INST015,147.3881,150.7671,146.8262,148.2722,3282547.0,EUR
2024-12-26,INST015,146.9162,148.7608,145.013,147.5985,149336.0,EUR
2024-12-27,INST015,148.1406,151.2269,148.4151,148.7758,3865544.0,EUR
2024-12-30,INST015,150.6306,150.622,150.0594,150.2666,4858859.0,EUR
2024-12-31,INST015,149.3263,150.8595,147.8096,148.9606,4609068.0,EUR
